id,titulo,fecha_inicio,formato,estado,episodios,duracion,generos,estudios,calificacion,popularidad,favoritos
200929,Kusuriya no Hitorigoto: Bouhi no Hihou,2026-12-11,MOVIE,NOT_YET_RELEASED,1.0,,Drama|Mystery,TOHO animation STUDIO,,21089,173
205289,Norman the Snowman: Kodomo-tachi no Hitotsuboshi,,MOVIE,NOT_YET_RELEASED,1.0,,Fantasy,TECARAT,,100,2
202282,Disney Twisted-Wonderland: THE ANIMATION - Season 2: EPISODE of SAVANACLAW,,ONA,NOT_YET_RELEASED,,,Adventure|Fantasy,Yumeta Company|Graphinica,,2328,34
212539,"Takopii no Genzai: Arigatou, Mata Ashita",2026-11-27,MOVIE,NOT_YET_RELEASED,1.0,,Drama|Psychological|Sci-Fi,ENISHIYA,,4222,34
213457,Fool Night,2026-11-26,ONA,NOT_YET_RELEASED,,,Drama|Psychological|Sci-Fi|Thriller,Shaft|Sunrise,,10123,70
206163,Soukou Kihei Votoms: Haiiro no Hexe,2026-11-20,MOVIE,NOT_YET_RELEASED,,,Mecha|Sci-Fi,Production I.G|Sunrise,,1415,8
143103,Mahoutsukai no Yoru,2026-11-20,MOVIE,NOT_YET_RELEASED,1.0,,Action|Drama|Fantasy,ufotable,,32634,375
204561,"Mahou no Princess Minky Momo - Akogare no Yume he, Magokoro no Duo",2026-11-13,OVA,NOT_YET_RELEASED,1.0,,Mahou Shoujo,Ashi Productions|Studio Live,,391,3
157330,Rakuen Tsuihou: Kokoro no Resonance,2026-11-13,MOVIE,NOT_YET_RELEASED,1.0,,Action|Mecha|Sci-Fi,Toei Animation,,3608,25
214536,Cardfight!! Vanguard Divinez Unmei Seisen-hen,2026-11-07,TV,NOT_YET_RELEASED,3.0,,Action|Adventure|Fantasy,Kinema Citrus|Gift-o’-Animation|Studio JEMI,,170,2
203275,Demons' Crest,2026-11-06,TV,NOT_YET_RELEASED,,,Action|Adventure|Fantasy,Production I.G,,2215,13
178972,GROTESQQQUE,2026-11-06,MOVIE,NOT_YET_RELEASED,3.0,,Action|Comedy|Drama|Sci-Fi|Slice of Life|Supernatural,CloverWorks,,6656,28
214443,Hitori Tsuma,2026-10-30,OVA,NOT_YET_RELEASED,,,Hentai,Nur,,59,1
160275,Made in Abyss: Mezameru Shinpi,2026-10-23,MOVIE,NOT_YET_RELEASED,1.0,,Adventure|Drama|Fantasy|Horror|Mystery|Sci-Fi,Kinema Citrus,,36088,412
195539,Cyberpunk: Edgerunners 2,2026-10-20,ONA,NOT_YET_RELEASED,10.0,,Action|Drama|Sci-Fi,TRIGGER,,54598,626
199340,Seishun Buta Yarou wa Dear Friend no Yume wo Minai,2026-10-16,MOVIE,NOT_YET_RELEASED,1.0,,Drama|Psychological|Romance|Supernatural,CloverWorks,,26764,317
197543,BanG Dream! Ave Mujica: prima aurora,2026-10-16,MOVIE,NOT_YET_RELEASED,1.0,,Drama|Music,NICHICALINE,,2561,15
186742,Toaru Anbu no ITEM,2026-10-10,TV,NOT_YET_RELEASED,,,Action|Sci-Fi,J.C.STAFF,,4355,36
212503,Hyouken no Majutsushi ga Sekai wo Suberu II,2026-10-09,TV,NOT_YET_RELEASED,,,Action|Adventure|Fantasy,Zero-G,,7034,74
207327,Doko yori mo Tooi Basho ni Iru Kimi e,2026-10-09,MOVIE,NOT_YET_RELEASED,1.0,,Mystery|Romance,TMS Entertainment,,8076,69
205909,Hotaru no Yomeiri,2026-10-09,TV,NOT_YET_RELEASED,,,Drama|Romance,david production,,14195,183
202390,Girls und Panzer: Saishuushou 5,2026-10-09,MOVIE,NOT_YET_RELEASED,1.0,,Action|Sports,Actas,,3053,49
211778,"Sekai Saikyou no Majo, Hajimemashita",2026-10-07,TV,NOT_YET_RELEASED,,,Action|Comedy|Fantasy,Bridge|Aisle,,2739,23
178868,Magic Knight Rayearth (2026),2026-10-07,TV,NOT_YET_RELEASED,,,Adventure|Fantasy|Mahou Shoujo|Mecha,E&H Production,,5506,36
206949,Kyouran Reijou Nia Liston,2026-10-06,TV,NOT_YET_RELEASED,,,Fantasy,KONAMI animation,,4985,43
200294,Choujun! Choujou Senpai,2026-10-06,TV,NOT_YET_RELEASED,,,Comedy|Slice of Life,Arvo Animation,,1524,12
160803,Mahou Shoujo Ikusei Keikaku: restart,2026-10-06,TV,NOT_YET_RELEASED,,,Action|Fantasy|Mahou Shoujo|Thriller,SynergySP,,4239,33
209463,Kanata Kara,2026-10-05,TV,NOT_YET_RELEASED,,,Adventure|Fantasy|Romance,Studio DEEN,,1766,9
209872,Ranma 1/2 (2024) 3rd Season,2026-10-04,TV,NOT_YET_RELEASED,,,Action|Comedy|Romance,MAPPA,,8823,65
209499,TANK CHAIR: Sensha Isu,2026-10-04,TV,NOT_YET_RELEASED,,,Action|Sci-Fi,POLYGON PICTURES,,2149,15
202079,Oji-san wa Kawaii Mono ga Osuki.,2026-10-04,TV,NOT_YET_RELEASED,,,Comedy|Slice of Life,LIDENFILMS,,1291,7
191788,Aoashi 2nd Season,2026-10-04,TV,NOT_YET_RELEASED,24.0,,Sports,TMS Entertainment,,14131,152
191656,Seitokai ni mo Ana wa Aru!,2026-10-04,TV,NOT_YET_RELEASED,,,Comedy|Slice of Life,Passione,,8692,74
189123,Ao no Hako Season 2,2026-10-04,TV,NOT_YET_RELEASED,,,Romance|Slice of Life|Sports,Electric Circus,,30669,435
214968,Nezumi-kun no Chokki (TV) 2nd Season,2026-10-03,TV_SHORT,NOT_YET_RELEASED,,,Fantasy,Creadom8,,22,1
212799,Marronnier Oukoku no Shichinin no Kishi,2026-10-03,TV,NOT_YET_RELEASED,,,Comedy|Fantasy|Romance,J.C.STAFF,,1288,8
209562,Vertex Force,2026-10-03,TV,NOT_YET_RELEASED,,,Action|Mecha,Shogakukan Music & Digital Entertainment,,1393,8
178083,Tokyo Revengers: Santen Sensou-hen,2026-10-03,TV,NOT_YET_RELEASED,,,Action|Drama|Romance|Supernatural,LIDENFILMS,,21376,253
212888,Temppal: Item no Chikara,2026-10-02,TV,NOT_YET_RELEASED,,,Action|Adventure|Comedy|Fantasy,J.C.STAFF,,7120,89
212144,Kizu darake Seijo yori Houfuku wo Komete Season2,2026-10-02,TV_SHORT,NOT_YET_RELEASED,,,Fantasy|Romance,Imageworks Studio|Imagica Infos,,885,5
195516,Kusuriya no Hitorigoto 3rd Season,2026-10-02,TV,NOT_YET_RELEASED,,,Drama|Mystery,OLM,,62735,1086
213805,Koori no Jouheki 2nd Season,2026-10-01,TV,NOT_YET_RELEASED,,,Comedy|Drama|Romance|Slice of Life,Studio KAI,,16108,175
159042,Tensei Shitara Ken Deshita 2nd Season,2026-10-01,ONA,NOT_YET_RELEASED,,,Action|Adventure|Fantasy,C2C,,35141,544
214593,Yuusanchi! from Yuuhachi,,TV_SHORT,NOT_YET_RELEASED,,,Comedy|Slice of Life,Fanworks,,47,2
213658,Diamond no Ace act II: Second Season Part 2,,TV,NOT_YET_RELEASED,,,Sports,OLM,,1985,19
213657,Yozakura-san Chi no Daisakusen 2nd Season Part 2,,TV,NOT_YET_RELEASED,,,Action|Comedy|Romance,SILVER LINK.,,4151,38
213298,Yuruyuru Zukan,,TV_SHORT,NOT_YET_RELEASED,,,Sci-Fi,Imagica Infos|Imageworks Studio,,78,2
213068,Jyuоu Mujin Dandivine,,TV,NOT_YET_RELEASED,,,Action|Mecha,LIDENFILMS|Kayac Animation,,424,3
212667,Hitozukiai ga Nigate na Miboujin no Yukionna-san to Noroi no Yubiwa,,TV,NOT_YET_RELEASED,,,Ecchi|Supernatural,Studio Houkiboshi,,2652,49
211877,Kanojo no Tomodachi,,TV,NOT_YET_RELEASED,,,Drama|Ecchi|Romance,Quad,,3576,56
209709,Sirotan,,TV,NOT_YET_RELEASED,,,,Lesprit,,159,4
209502,Shiotaiou no Satou-san ga Ore ni dake Amai,,TV,NOT_YET_RELEASED,,,Comedy|Romance,Tezuka Productions,,4551,48
209219,Tensei Goblin Dakedo Shitsumon Aru?,,TV,NOT_YET_RELEASED,,,Action|Adventure|Comedy|Drama|Fantasy|Romance,,,1758,15
209132,Junket Bank,,TV,NOT_YET_RELEASED,,,Drama|Psychological|Thriller,CUE,,1265,6
209032,Mahou no Shimai LuluttoLilly Part 2,,TV,NOT_YET_RELEASED,,,Mahou Shoujo,Studio Pierrot,,830,6
208025,Dark Summoner to Dekiteiru,,TV_SHORT,NOT_YET_RELEASED,,,Comedy|Ecchi|Fantasy|Romance,AtoriE|Nyan Pollution-ω-,,3530,47
207329,"Tsuihou Sareta Cheat Fuyo Majutsushi wa Kimama na Second Life wo Ouka Suru.: Ore wa Buki dake ja Naku, Arayuru Mono ni ""Kyouka Point"" wo Fuyo Dekiru shi, Ore no Ishi de Itsudemo Kouka wo Kaijo Dekiru kedo, Nokotta Hitotachi Daijoubu?",,TV,NOT_YET_RELEASED,,,Adventure|Comedy|Fantasy|Slice of Life,P.A.WORKS,,3073,37
207191,"Doumo, Suki na Hito ni Horegusuri wo Irai Sareta Majo desu.",,TV,NOT_YET_RELEASED,,,Fantasy|Romance,diomedéa,,4554,44
206401,FX Senshi Kurumi-chan,,TV,NOT_YET_RELEASED,,,Drama|Slice of Life,Passione,,3289,26
205896,Shinja Zero no Megami-sama to Hajimeru Isekai Kouryaku,,TV,NOT_YET_RELEASED,,,Adventure|Fantasy,HORNETS,,1761,28
204650,Tougen Anki: Nikko・Kegon no Taki-hen,,TV,NOT_YET_RELEASED,,,Action|Mystery|Supernatural,,,9035,107
204389,Yasei no Last Boss ga Arawareta! 2nd Season,,TV,NOT_YET_RELEASED,,,Action|Adventure|Fantasy,WAO World,,7983,92
204011,PSYЯEN,,TV,NOT_YET_RELEASED,,,Action|Adventure|Sci-Fi,Satelight,,5690,61
203473,Kyoufu Collector,,TV,NOT_YET_RELEASED,,,Horror|Mystery|Supernatural,,,1942,17
202250,Kashita Maryoku wa [Revo Barai] de Kyousei Choushuu,,TV,NOT_YET_RELEASED,,,Action|Adventure|Fantasy,SynergySP,,2506,26
200455,"Yowaki MAX Reijou Nano ni, Ratsuwan Konyakusha-sama no Kake ni Notte Shimatta",,TV,NOT_YET_RELEASED,,,Comedy|Fantasy|Romance,Jumondou,,2506,21
199594,Tetsuryou! meet with Tetsudou Musume,,TV,NOT_YET_RELEASED,,,Slice of Life,East Fish Studio,,1186,4
199426,Hotel Inhumans 2nd Season,,TV,NOT_YET_RELEASED,,,Action|Drama,Bridge,,1805,12
199007,#Zombie Sagashitemasu,,TV,NOT_YET_RELEASED,,,Action|Comedy|Horror|Mystery|Supernatural,Studio Comet,,2256,17
198727,Chitose-kun wa Ramune Bin no Naka Part 2,,TV,NOT_YET_RELEASED,,,Comedy|Romance,feel.,,7631,91
195604,Black Clover 2nd Season,,TV,NOT_YET_RELEASED,,,Action|Adventure|Comedy|Fantasy,Studio Pierrot,,56131,1393
195571,Shuiro no Kamen,,,NOT_YET_RELEASED,,,Action|Drama|Supernatural,100studio,,3436,31
194207,Pan Dorobou,,TV,NOT_YET_RELEASED,,,Comedy,Shin-Ei Animation,,179,1
187402,"Tensei shita Dai Seijo wa, Seijo de Aru Koto wo Hita Kakusu",,TV,NOT_YET_RELEASED,,,Action|Adventure|Fantasy,Felix Film,,5581,46
187316,Gensou Suikoden,,TV,NOT_YET_RELEASED,,,Action|Adventure|Fantasy,KONAMI animation,,1904,18
186541,"Mezametara Saikyou Soubi to Uchuusen-mochi datta node, Ikkodate Mezashite Youhei to shite Jiyuu ni Ikitai",,TV,NOT_YET_RELEASED,,,Action|Comedy|Drama|Mecha|Romance|Sci-Fi,studio A-CAT,,5382,83
180894,Romeria Senki: Maou wo Taoshita nochi mo Jinrui Yabasou dakara Guntai Soshiki Shita,,TV,NOT_YET_RELEASED,,,Adventure|Drama|Fantasy,Atra,,1635,21
179876,DARK MACHINE: The Animation,,TV,NOT_YET_RELEASED,11.0,,Mecha|Sci-Fi,Production +h,,630,2
176314,Sasaki to Pii-chan Season 2,,TV,NOT_YET_RELEASED,,,Comedy|Fantasy|Mahou Shoujo,SILVER LINK.,,8327,80
172192,Kikansha no Mahou wa Tokubetsu desu 2nd Season,,TV,NOT_YET_RELEASED,,,Action|Adventure|Fantasy,Arvo Animation,,18044,235
169581,"Magical★Explorer: Eroge no Yuujin Chara ni Tensei Shitakedo, Game Chishiki Tsukatte Jiyuu ni Ikiru",,TV,NOT_YET_RELEASED,,,Action|Adventure|Ecchi|Fantasy|Romance,WHITE FOX,,4243,57
152677,"Tantei wa mou, Shindeiru. Season 2",,TV,NOT_YET_RELEASED,,,Comedy|Drama|Mystery|Romance|Supernatural,ENGI,,18714,247
213732,Mujikaku na Osananajimi to Kyoumi Honi de Yatte Mitara THE ANIMATION,2026-09-25,OVA,NOT_YET_RELEASED,,20.0,Hentai,Seven,,178,7
213686,NTR Kishi,2026-09-25,OVA,NOT_YET_RELEASED,,,Hentai,Majin petit,,152,4
210482,JoJo no Kimyou na Bouken: Steel Ball Run - 2nd - 3rd STAGE,2026-09-25,ONA,NOT_YET_RELEASED,11.0,,Action|Adventure|Drama|Mystery|Supernatural,david production,,21290,286
202429,Wareware wa Uchuujin,2026-09-25,MOVIE,NOT_YET_RELEASED,1.0,,Drama,NOTHING NEW|Miyu Productions,,2756,14
213067,Netorareta Bakunyuu Tsuma-tachi 2,2026-09-18,OVA,NOT_YET_RELEASED,2.0,20.0,Hentai,,,255,7
198654,Meitantei Precure! Fushigi na Niwa to Futari no Himitsu,2026-09-18,MOVIE,NOT_YET_RELEASED,,,Mahou Shoujo,Toei Animation,,609,3
213066,Muramata-san no Aijou,2026-09-11,OVA,NOT_YET_RELEASED,3.0,20.0,Hentai,,,356,11
194116,Saishuu Gakushou Hibike! Euphonium - Kouhen,2026-09-11,MOVIE,NOT_YET_RELEASED,1.0,,Drama|Music|Slice of Life,Kyoto Animation,,3010,19
214703,Ghost Meets Gal!,2026-09-05,TV_SHORT,NOT_YET_RELEASED,,2.0,Comedy|Fantasy,AtoriE,,313,4
204431,Kaijuu 8-gou: Narumi no Heijitsu,2026-09-05,SPECIAL,NOT_YET_RELEASED,4.0,,Slice of Life,Production I.G,,3379,30
215835,Umayuru: Full Gate!,,ONA,NOT_YET_RELEASED,26.0,3.0,Comedy|Slice of Life,AtoriE,,639,5
213733,Kanojo Saimin,2026-08-28,OVA,NOT_YET_RELEASED,,,Hentai,T-REX,,248,4
212575,Sare Tsuma wa Ubawaretai,2026-08-28,OVA,NOT_YET_RELEASED,,,Hentai,Nur,,169,3
212574,Pure x Holic: Junketsu Otome to Kon’in Kankei!? The Animation,2026-08-28,OVA,NOT_YET_RELEASED,2.0,20.0,Fantasy|Hentai,Seven,,343,5
205068,Wollum Jogyonim,2026-08-28,,NOT_YET_RELEASED,7.0,,Comedy|Romance|Slice of Life,,,2450,52
133007,Mahou Shoujo Madoka☆Magica: Walpurgis no Kaiten,2026-08-28,MOVIE,NOT_YET_RELEASED,1.0,,Mahou Shoujo,Shaft,,47956,648
215878,Angry Rabbit,2026-08-21,ONA,FINISHED,1.0,6.0,Horror,,,0,0
212652,Kidou Keisatsu Patlabor EZY File 2,2026-08-21,OVA,FINISHED,3.0,24.0,Mecha,J.C.STAFF,,681,4
206189,Zhu Xian Final,2026-08-21,ONA,RELEASING,26.0,20.0,Action|Adventure|Fantasy,Cloud Art,,207,8
176373,Shiranuhi,2026-08-21,MOVIE,FINISHED,1.0,,Supernatural,CoMix Wave,,1623,8
154122,Nano List,2026-08-17,TV,FINISHED,12.0,24.0,Action|Romance|Sci-Fi,Gale,,430,3
215522,Caishen Dou Zhanlong,2026-08-16,ONA,RELEASING,16.0,24.0,Action|Fantasy|Horror,CG Year,,61,3
191832,Shiguang Dailiren III,2026-08-14,ONA,RELEASING,24.0,21.0,Drama|Mystery|Supernatural|Thriller,,83.0,14583,263
215761,POKÉTOON (2026),2026-08-12,ONA,FINISHED,2.0,10.0,Adventure|Fantasy|Slice of Life,Studio Chromato|Studio Colorido|Shirogumi,56.0,286,1
214893,Kyapi,2026-08-11,MUSIC,FINISHED,1.0,3.0,,SANZIGEN,59.0,225,8
214894,We Will Rise Again,2026-08-09,SPECIAL,FINISHED,1.0,2.0,,,,98,1
214892,Astral lamp,2026-08-08,MUSIC,FINISHED,1.0,4.0,Action|Fantasy,WIT STUDIO,,52,1
211308,THE RIBBON HERO,2026-08-08,MOVIE,FINISHED,1.0,109.0,Action|Fantasy|Mahou Shoujo,OUTLINE,66.0,14787,163
214855,Fate/Grand Order: Fujimaru Ritsuka wa Wakaranai Season 4,2026-08-07,ONA,RELEASING,,2.0,Comedy,DLE,,137,2
214829,Di Ling Ai: Shui Xin Chan,2026-08-07,ONA,RELEASING,20.0,14.0,Fantasy|Romance,Motion Magic,,22,1
213958,Sarangui Heartsping: Goraeboseok-ui Jeonseol,2026-08-05,MOVIE,RELEASING,1.0,,Adventure|Fantasy|Mahou Shoujo,SAMG Animation,,65,1
213847,Star Wars: Visions - Kyuuninme no Jedi,2026-08-05,ONA,FINISHED,8.0,28.0,Action|Adventure|Sci-Fi,Production I.G,67.0,3939,42
213486,You Shou Yan 6th Season,2026-08-05,ONA,RELEASING,12.0,,Comedy|Fantasy|Slice of Life,FENZ,,119,4
211711,Boku no Hero Academia: I am a hero too,2026-08-03,SPECIAL,FINISHED,1.0,6.0,Fantasy|Music|Slice of Life,,76.0,16241,230
166444,Cheng Ye Xiao He,2026-08-03,ONA,RELEASING,16.0,,Romance|Slice of Life,,,542,9
214702,Fate/Grand Order: 11th Anniversary Movie -Cosmos in the Lostbelt-,2026-08-02,SPECIAL,FINISHED,1.0,7.0,Action|Fantasy,,64.0,196,4
141953,Jiyi Guanli Ju (2026),2026-08-02,ONA,RELEASING,7.0,,Action|Mystery|Psychological,Studio Tumble|Flint Sugar,78.0,10756,211
213908,Rusuban,2026-08-01,MOVIE,FINISHED,1.0,13.0,Slice of Life,ROCK'N ROLL MOUNTAIN,,250,2
212617,Inaka ni wa Kore Kurai Shika Goraku ga nai,2026-07-31,OVA,RELEASING,,16.0,Hentai,T-REX,64.0,572,26
212272,Deco x Deco THE ANIMATION,2026-07-31,OVA,RELEASING,,20.0,Comedy|Hentai|Romance,Seven,59.0,422,12
211338,Harem-tou e Youkoso!,2026-07-31,OVA,RELEASING,1.0,,Hentai,Collaboration Works petit,,441,18
208829,Crayon Shin-chan: Kikikaikai! Ora no Youkai Vacation,2026-07-31,MOVIE,FINISHED,,,Action|Adventure|Comedy,Shin-Ei Animation,,457,7
215526,Taigu Shen Zun,2026-07-30,ONA,RELEASING,40.0,10.0,Action|Adventure|Fantasy,Soyep,,28,1
214559,BooooM!!!,2026-07-30,MUSIC,FINISHED,1.0,3.0,,bees inc.,64.0,280,7
211220,Li Xiongmao,2026-07-29,ONA,RELEASING,,,Adventure,GARDEN,,1286,16
206273,Yi Zhan Cangqiong,2026-07-28,ONA,RELEASING,26.0,24.0,Action|Fantasy,Shenman Entertainment,,259,5
185874,BLEACH: Sennen Kessen-hen - Kashin-tan,2026-07-25,TV,RELEASING,10.0,,Action|Adventure|Supernatural,PIERROT FILMS,89.0,76464,2692
214426,Koutetsujou no Kabaneri: Mumei Ranman,2026-07-24,SPECIAL,FINISHED,1.0,6.0,Action|Fantasy,WIT STUDIO,62.0,1480,17
202717,Chiikawa: Ningyo no Shima no Himitsu,2026-07-24,MOVIE,FINISHED,1.0,99.0,Comedy|Slice of Life,Cypic,68.0,2277,43
199409,Yi Nian Yongheng 4,2026-07-22,ONA,RELEASING,46.0,,Action|Comedy|Fantasy,B.CMAY PICTURES,,580,25
206282,Wangu Zhizun: Li Yunxiao Zhuan,2026-07-20,ONA,RELEASING,,,Action|Adventure|Fantasy,Dancing CG Studio,,166,3
214070,Sazin no Nakade,2026-07-19,MOVIE,FINISHED,1.0,21.0,Action|Sci-Fi,,,340,3
214068,"Moshi, Korekara Umarerunonara",2026-07-19,MOVIE,FINISHED,1.0,20.0,Drama|Fantasy,KIKO,,257,3
214067,20001-nen Chikyuu no Tabi,2026-07-19,MOVIE,FINISHED,1.0,20.0,Action|Comedy|Sci-Fi,Salamander Pictures,,98,1
196223,Cyborg 009: Nemesis,2026-07-19,ONA,FINISHED,3.0,30.0,Action|Adventure|Sci-Fi,Arect,,914,9
194029,FOXING: Kitsuné-tsuki,2026-07-19,MOVIE,FINISHED,1.0,15.0,Fantasy,Toei Animation,,428,1
215639,Baxian!,2026-07-18,MOVIE,FINISHED,1.0,144.0,Adventure|Comedy|Fantasy,,,43,3
214260,Zeri Feisheng,2026-07-18,ONA,RELEASING,30.0,20.0,Action|Adventure|Fantasy,CG Year,,273,5
214259,Yao Shen Ji 10,2026-07-18,ONA,RELEASING,52.0,8.0,Action|Adventure|Comedy|Fantasy|Romance,Ruo Hong Culture,,122,2
215582,Fate/Grand Order Exhibition: Hoshimi no Kairo,2026-07-17,SPECIAL,FINISHED,1.0,1.0,,CloverWorks,,118,3
206819,Kimi to Hanabi to Yakusoku to,2026-07-17,MOVIE,FINISHED,1.0,,Romance,SynergySP|The Answer Studio,,5852,46
182616,Nige Jouzu no Wakagimi 2nd Season,2026-07-17,TV,RELEASING,12.0,24.0,Action|Adventure,CloverWorks,76.0,25228,223
212969,Dongda Gao Wu Xueyuan,2026-07-16,ONA,RELEASING,,,Action|Fantasy,Qingxiang,,194,8
213359,Yami Shibai 17,2026-07-13,TV_SHORT,RELEASING,,,Horror|Supernatural,ILCA,,428,7
214031,Mob Psycho 100: 10 Shuunen Kinen Tokubetsu Eizou,2026-07-12,SPECIAL,FINISHED,1.0,2.0,Comedy|Slice of Life|Supernatural,bones film,76.0,8151,70
208824,Plannosaurus Gachi Koseibutsu-bu,2026-07-12,TV_SHORT,RELEASING,,5.0,,Shogakukan Music & Digital Entertainment,,323,7
199066,Hanaori-san wa Tensei Shite mo Kenka ga Shitai,2026-07-12,TV,RELEASING,12.0,24.0,Comedy|Romance|Supernatural,LIDENFILMS,68.0,21780,246
188139,Futsutsuka na Akujo de wa Gozaimasu ga: Suuguu Chouso Torikae Den,2026-07-12,TV,RELEASING,11.0,24.0,Drama|Romance,Doga Kobo,77.0,34591,596
213750,Bananya: At-Home Party,2026-07-10,SPECIAL,FINISHED,1.0,8.0,Adventure|Comedy|Fantasy|Slice of Life,Lesprit|TMS Entertainment,61.0,513,2
213638,Xi Yangyang Yu Hui Tailang: Po Jie Shanhai Jue,2026-07-10,TV_SHORT,FINISHED,60.0,15.0,Action|Comedy,Creative Power Entertaining,,18,1
209961,Shibou Yuugi de Meshi wo Kuu. 44: CLOUDY BEACH,2026-07-10,MOVIE,FINISHED,1.0,90.0,Action|Drama|Mystery|Thriller,Studio DEEN,70.0,11105,154
208754,Unanswered//butterfly: Sword Art Online,2026-07-10,MOVIE,FINISHED,1.0,110.0,Action|Adventure,POLYGON PICTURES,58.0,8152,96
196187,Super no Ura de Yani Suu Futari,2026-07-10,TV,RELEASING,12.0,24.0,Comedy|Romance|Slice of Life,Asahi Production,82.0,109901,3273
213961,Youjo Shenki 2,2026-07-09,ONA,RELEASING,,2.0,Comedy|Fantasy,Studio PuYUKAI,,780,8
207254,Thunder 3,2026-07-09,TV,RELEASING,,24.0,Adventure|Drama|Sci-Fi,UNEND,52.0,1925,17
184356,Dogul Wang,2026-07-09,TV,RELEASING,12.0,23.0,Action|Adventure|Fantasy,STUDIO EEK,66.0,30835,407
108992,Mebius Dust,2026-07-09,TV,RELEASING,,,Action|Supernatural,Doga Kobo,48.0,7502,60
213703,Jiaonang Jihua: Qiji,2026-07-08,ONA,RELEASING,8.0,,Fantasy|Sci-Fi,,,71,1
213666,Perfect Addiction,2026-07-08,ONA,RELEASING,,5.0,Drama|Romance,Imagica Infos|Imageworks Studio,53.0,2481,24
211232,Majo no Tani no Yoru,2026-07-08,MOVIE,FINISHED,1.0,14.0,Fantasy,Studio Ghibli,,772,4
207809,Sora wa Akai Kawa no Hotori,2026-07-08,TV,RELEASING,,23.0,Action|Adventure|Drama|Fantasy|Romance,Tatsunoko Production,60.0,9960,94
198946,Clevatess II: Majuu no Ou to Itsuwari no Yuusha Denshou,2026-07-08,TV,RELEASING,13.0,24.0,Action|Drama|Fantasy,Lay-duce,75.0,41026,557
198709,Tefuda ga Oome no Victoria,2026-07-08,TV,RELEASING,9.0,24.0,Action|Drama|Fantasy|Romance,Studio DEEN,71.0,13965,156
196356,Ibitte Konai Gibo to Gishi,2026-07-08,TV,RELEASING,,24.0,Comedy|Slice of Life,NEWON,64.0,11198,102
194829,"Katainaka no Ossan, Kensei ni Naru II",2026-07-08,TV,RELEASING,12.0,23.0,Action|Adventure|Comedy|Fantasy,Hayabusa Film|Passione,71.0,40510,527
159309,Otomege Sekai wa Mob ni Kibishii Sekai desu 2,2026-07-08,TV,RELEASING,12.0,24.0,Action|Fantasy|Mecha|Romance,ENGI,68.0,49420,765
135865,Youjo Senki II,2026-07-08,TV,RELEASING,12.0,24.0,Action|Fantasy,NUT,81.0,88679,1709
213665,Migawari Reijou wo Sukutta no wa Reikoku Mujihi na Koori no Ouji no Ai deshita,2026-07-07,TV_SHORT,RELEASING,,,Fantasy|Romance,Imageworks Studio|Imagica Infos,49.0,2582,27
209800,Yoroi Shinden Samurai Troopers Part 2,2026-07-07,TV,RELEASING,12.0,24.0,Action|Adventure|Sci-Fi,Sunrise,52.0,1562,21
199111,Grand Blue Season 3,2026-07-07,TV,RELEASING,12.0,24.0,Comedy|Slice of Life|Sports,Zero-G|Saber Works,82.0,38227,621
187260,Kimi ga Shinu made Koi wo Shitai,2026-07-07,TV,RELEASING,13.0,24.0,Drama|Fantasy|Romance,ROLL2,74.0,51472,892
177699,Koukaku Kidoutai: THE GHOST IN THE SHELL,2026-07-07,TV,RELEASING,10.0,24.0,Action|Psychological|Sci-Fi,Science SARU,76.0,49339,849
128757,Tai-Ari deshita.: Ojou-sama wa Kakutou Game nante Shinai,2026-07-07,TV,RELEASING,12.0,24.0,Drama,diomedéa,74.0,26015,296
213506,Hokuto no Ken: Kenou-gun Zako-tachi no Banka Part 2,2026-07-06,TV_SHORT,RELEASING,,4.0,Comedy,Doraku,,268,3
209504,Suterare Seijo no Isekai Gohantabi: Kakure Skill de Camping Car wo Shoukan Shimashita,2026-07-06,TV,RELEASING,12.0,24.0,Action|Adventure|Comedy|Fantasy,EMT Squared,61.0,12899,132
208685,Onaji Zemi no Someya-san ga Sexy Joyuu Datta Hanashi.,2026-07-06,ONA,RELEASING,8.0,7.0,Hentai,Studio Houkiboshi,56.0,1321,32
202269,"Toumei na Yoru ni Kakeru Kimi to, Me ni Mienai Koi wo Shita.",2026-07-06,TV,RELEASING,12.0,24.0,Drama|Romance,Makaria,79.0,39338,739
199408,Buchigire Reijou wa Houfuku wo Chikaimashita.: Madousho no Chikara de Sokoku wo Tataki Tsubushimasu,2026-07-06,TV,RELEASING,12.0,24.0,Drama|Fantasy,Studio Comet,68.0,20312,192
195833,Honoo no Toukyuujyo Dodge Danko,2026-07-06,TV,RELEASING,12.0,24.0,Comedy|Sports,CUE,57.0,1875,20
177637,Sayonara Lara,2026-07-06,TV,RELEASING,12.0,24.0,Drama|Fantasy|Romance,Kinema Citrus,76.0,29070,455
169583,"Tenkousaki no Seiso Karen na Bishoujo ga, Mukashi Danshi to Omotte Issho ni Asonda Osananajimi datta Ken",2026-07-06,TV,RELEASING,12.0,24.0,Comedy|Romance,project No.9,70.0,35955,437
169582,Saikyou Degarashi Ouji no Anyaku Teii Arasoi: Munou wo Enjiru SS Rank Ouji wa Koui Keishou-sen wo Kage kara Shihai suru,2026-07-06,TV,RELEASING,12.0,24.0,Action|Comedy|Drama|Fantasy|Romance,Maho Film,59.0,22661,235
169080,Azur Lane: Bisoku Zenshin! Ni!!,2026-07-06,TV_SHORT,RELEASING,12.0,9.0,Ecchi|Slice of Life,studio CANDY BOX,62.0,3798,41
213097,TOMICA & TOM Season 2,2026-07-05,TV_SHORT,RELEASING,,,Slice of Life,Tsumupapa,,57,1
210031,Seihantai na Kimi to Boku 2nd Season,2026-07-05,TV,RELEASING,13.0,24.0,Comedy|Drama|Romance|Slice of Life,Lapin Track,82.0,53941,1024
208225,"""Kimi wo Aisuru Ki wa nai"" to Itta Jiki Koushaku-sama ga Naze ka Dekiai Shitekimasu",2026-07-05,TV,RELEASING,12.0,23.0,Fantasy|Romance,Zero-G|Grass,64.0,11105,125
205116,Aware! Meisaku-kun (2026),2026-07-05,TV_SHORT,RELEASING,,3.0,Comedy,Pie in the sky,,84,2
204060,Tetsunabe no Jan!,2026-07-05,TV,RELEASING,,23.0,Action|Comedy,TROYCA,70.0,9630,99
201514,"Saijo no Osewa: Takane no Hanadarake na Meimonkou de, Gakuin Ichi no Ojou-sama (Seikatsu Nouryoku Kaimu) wo Kagenagara Osewa suru Koto ni Narimashita",2026-07-05,TV,RELEASING,12.0,24.0,Comedy|Romance,Brain's Base,70.0,38665,574
200637,Kimi no Koto ga Dai Dai Dai Dai Daisuki na 100-nin no Kanojo 3rd Season,2026-07-05,TV,RELEASING,12.0,24.0,Comedy|Ecchi|Romance,Bibury Animation Studios,79.0,36915,756
200230,Let's Go Kaikigumi,2026-07-05,TV,RELEASING,12.0,24.0,Comedy|Horror|Supernatural,C-Station,56.0,5359,48
198409,Sekai Saikyou no Kouei: Meikyuukoku no Shinjin Tansakusha,2026-07-05,TV,RELEASING,12.0,24.0,Action|Adventure|Fantasy,Maho Film,55.0,25444,283
197178,ONE PIECE HEROINES,2026-07-05,SPECIAL,FINISHED,1.0,23.0,Action|Adventure|Drama|Fantasy,Toei Animation,78.0,15073,209
196017,Grow Up Show: Himawari no Circus-dan,2026-07-05,TV,RELEASING,,24.0,Adventure|Slice of Life|Sports,A-1 Pictures|Psyde Kick Studio,70.0,8798,93
194219,Oni no Hanayome,2026-07-05,TV,RELEASING,12.0,24.0,Drama|Fantasy|Romance,Colored Pencil Animation Japan,68.0,19395,356
185875,Mahou Shoujo Lyrical Nanoha EXCEEDS Gun Blaze Vengeance,2026-07-05,TV,RELEASING,12.0,24.0,Action|Comedy|Drama|Mahou Shoujo|Sci-Fi,Seven Arcs,65.0,9056,124
185692,Kabushiki Gaisha Magi Lumiere 2nd Season,2026-07-05,TV,RELEASING,,,Action|Comedy|Fantasy|Mahou Shoujo,J.C.STAFF,65.0,6855,68
103303,Nijusseiki Denki Mokuroku: Eureka Evrika,2026-07-05,TV,RELEASING,13.0,25.0,Adventure|Romance,Kyoto Animation,75.0,52138,572
214866,Orion,2026-07-04,MUSIC,FINISHED,1.0,4.0,,A-1 Pictures,,69,3
213831,Snack HAZAMA,2026-07-04,TV_SHORT,RELEASING,12.0,12.0,Comedy|Ecchi|Supernatural,Front Wing,52.0,1046,9
212308,Pan no Akachan (TV),2026-07-04,TV_SHORT,RELEASING,,2.0,Comedy,CHOCOLATE,,209,1
209983,Hell Mode: Yarikomi-zuki no Gamer wa Haisettei no Isekai de Musou Suru 2nd Season,2026-07-04,TV,RELEASING,13.0,25.0,Action|Adventure|Fantasy,Yokohama Animation Lab,72.0,35516,549
207674,Ushiro no Shoumen Kamui-san,2026-07-04,TV_SHORT,RELEASING,12.0,12.0,Comedy|Ecchi|Supernatural,Zero-G,57.0,17921,256
206249,Iwamoto-senpai no Suisen,2026-07-04,TV,RELEASING,,24.0,Action|Supernatural,Studio DEEN,52.0,6002,53
203490,Uchi no Otouto-domo ga Sumimasen,2026-07-04,TV,RELEASING,24.0,24.0,Comedy|Romance|Slice of Life,Lay-duce,68.0,8929,122
190569,Tenmaku no Jaadugar,2026-07-04,TV,RELEASING,,23.0,Adventure|Drama,Science SARU,82.0,39035,681
187538,BLACK TORCH,2026-07-04,TV,RELEASING,,24.0,Action|Adventure|Fantasy|Sci-Fi|Supernatural,100studio,71.0,62055,888
185542,"Gaikotsu Kishi-sama, Tadaima Isekai e Odekakechuu II",2026-07-04,TV,RELEASING,12.0,24.0,Action|Adventure|Comedy|Fantasy,Aura Studio,66.0,45400,651
178789,Mushoku Tensei III: Isekai Ittara Honki Dasu,2026-07-04,TV,RELEASING,14.0,24.0,Adventure|Drama|Ecchi|Fantasy,Studio Bind,84.0,146369,4485
168134,Hua Xianzi: Mofa Xiang Dui Lun,2026-07-04,ONA,FINISHED,26.0,,Mahou Shoujo,Wawayu Animation,,579,3
213484,Bai Ri Cheng Wang,2026-07-03,ONA,RELEASING,25.0,,Action|Adventure|Fantasy,Studio LAN,62.0,3125,44
207141,Yani Neko,2026-07-03,TV,RELEASING,,24.0,Comedy|Ecchi|Slice of Life,Bibury Animation Studios,68.0,67149,1171
204466,Otome Kaijuu Caraméliser,2026-07-03,TV,RELEASING,12.0,24.0,Comedy|Romance|Supernatural,LIDENFILMS,75.0,35750,594
202896,Cheat Item Kanrikyoku no Oshigoto EX Sanzan Yarareta Ato Dashi Douse Zenbu Wasureru kara Higaisha Tsumamigui Shitemo Ii yo ne,2026-07-03,ONA,FINISHED,1.0,20.0,Hentai,Studio SUNHAN,53.0,512,19
199748,Koko wa Ore ni Makasete Saki ni Ike to Ittekara 10-nen ga Tattara Densetsu ni Natteita.,2026-07-03,ONA,RELEASING,12.0,23.0,Action|Adventure|Fantasy,Gekkou,63.0,36529,463
198044,Juurin Oukoku: Elf Oukoku wa Kyodai Naedoko ni,2026-07-03,OVA,RELEASING,2.0,30.0,Fantasy|Hentai,Anime Antenna Iinkai,,300,12
196218,Ryoumin 0-Nin Start no Henkyou Ryoushu-sama,2026-07-03,ONA,RELEASING,12.0,25.0,Action|Comedy|Drama|Fantasy|Romance|Slice of Life,animation studio42,67.0,28860,368
188525,Kore Kaite Shine,2026-07-03,TV,RELEASING,12.0,23.0,Comedy|Slice of Life,Shin-Ei Animation,76.0,10027,118
180136,Tsuihou Sareta Tensei Juukishi wa Game Chishiki de Musou Suru,2026-07-03,TV,RELEASING,26.0,24.0,Action|Fantasy,GoHands,67.0,55839,919
213861,"Let's Roll, Cinnamoroll! 2",2026-07-02,ONA,RELEASING,,4.0,Slice of Life,qmotri,,111,1
209669,Hanazakari no Kimitachi e 2nd Season,2026-07-02,ONA,RELEASING,13.0,24.0,Comedy|Drama|Romance|Slice of Life,Signal.MD,68.0,6546,91
203880,Reiwa no Dara-san,2026-07-02,TV,RELEASING,13.0,24.0,Comedy|Horror|Supernatural,Asahi Production,65.0,12248,168
201667,Bungou Stray Dogs Wan! 2,2026-07-02,TV_SHORT,RELEASING,12.0,12.0,Comedy|Slice of Life|Supernatural,bones|Nomad,74.0,4524,96
198376,BanG Dream! Yume∞Mita,2026-07-02,TV,RELEASING,13.0,24.0,Comedy|Drama|Music|Slice of Life,NICHICALINE,74.0,6944,121
197715,LV999 no Murabito,2026-07-02,ONA,RELEASING,12.0,24.0,Action|Adventure|Comedy|Fantasy,Brain's Base,60.0,34765,454
213426,Chikyuu Daisuki! Kikkun,2026-07-01,TV_SHORT,RELEASING,52.0,2.0,Sci-Fi,Kachidoki Studio,,58,1
214865,FBKINGDOM STORY,2026-06-30,ONA,FINISHED,1.0,2.0,,A-1 Pictures,,48,3
196219,Mujikaku Seijo wa Kyou mo Muishiki ni Chikara wo Tare Nagasu,2026-06-30,TV,RELEASING,12.0,24.0,Drama|Fantasy|Romance,Magic Bus|Picante Circus,63.0,18718,204
206521,World Is Dancing,2026-06-29,ONA,RELEASING,13.0,24.0,Drama,Cypic,72.0,20762,174
186863,Neko to Ryuu,2026-06-27,ONA,RELEASING,12.0,24.0,Adventure|Fantasy,OLM,77.0,21768,356
211557,Furachi,2026-06-26,OVA,RELEASING,2.0,16.0,Hentai,T-REX,66.0,611,26
210116,Kare no Shiranai Himitsu wo Irete. The Animation,2026-06-26,OVA,RELEASING,,30.0,Hentai,Shion,51.0,425,12
209873,Hamehara,2026-06-26,OVA,RELEASING,,,Hentai,Nur,,315,11
208044,"Rakudai Kenja no Gakuin Musou: Nidome no Tensei, S-Rank Cheat Majutsushi Bouken-roku",2026-06-26,ONA,RELEASING,,24.0,Action|Adventure|Fantasy,EMT Squared,63.0,46342,690
206682,Soreike! Anpanman: Pantan to Yakusoku no Hoshi,2026-06-26,MOVIE,FINISHED,1.0,,Comedy|Fantasy,,,96,1
176636,Shin Keroro Gunsou Movie: Fukkatsushite Sokkou Chikyuu Metsubou no Kiki de Arimasu!,2026-06-26,MOVIE,FINISHED,1.0,,Comedy|Sci-Fi,Bandai Namco Pictures,,1136,8
206194,Zhan Shen: Fanchen Shen Yu 2,2026-06-25,ONA,FINISHED,15.0,,Action|Fantasy,Shenman Entertainment,67.0,918,31
192800,"Heroine? Seijo? Iie, All Works Maid desu (Ko)!",2026-06-24,ONA,RELEASING,12.0,24.0,Comedy|Fantasy,EMT Squared,70.0,20075,262
213427,Pie no Mi: Oshi no Mori e Youkoso!,2026-06-22,ONA,RELEASING,8.0,2.0,Comedy,TOHO animation STUDIO,,60,1
213356,Guangyin Zhi Wai 2,2026-06-20,ONA,RELEASING,52.0,,Action|Adventure|Fantasy,Yien Animation,65.0,337,16
199448,Guimi Zhi Zhu Specials,2026-06-20,ONA,FINISHED,3.0,25.0,Action|Drama|Fantasy|Mystery|Supernatural|Thriller,B.CMAY PICTURES,86.0,12106,281
213343,MAPPA 15th Anniversary Movie,2026-06-19,SPECIAL,FINISHED,1.0,2.0,Fantasy|Slice of Life,MAPPA,50.0,188,2
213317,Roman Jet Charisma,2026-06-18,MUSIC,FINISHED,1.0,4.0,Comedy,,,50,1
210032,BAKI-DOU Part 2,2026-06-18,ONA,FINISHED,12.0,24.0,Action|Sports,TMS Entertainment,73.0,7369,110
213297,Yun Shen Buzhi Meng Special: Zhu Ming Zhi Yi,2026-06-17,ONA,FINISHED,6.0,22.0,Action|Adventure|Fantasy,Yien Animation,,121,6
215106,Yuanshen: Zuì​hou de Yí​chan,2026-06-15,ONA,FINISHED,1.0,8.0,Fantasy,miHoYo Anime,62.0,198,7
202851,Fanren Xiu Xian Zhuan Di Wu Ji,2026-06-13,ONA,RELEASING,52.0,20.0,Action|Adventure|Fantasy,Original Force|Wonder Cat Animation,68.0,481,35
208749,Nuki Nuki ♡ Zupposism,2026-06-12,OVA,RELEASING,,20.0,Hentai,Queen Bee,55.0,551,20
168179,Biaoren 2,2026-06-11,ONA,FINISHED,8.0,,Action|Adventure|Drama,Colored Pencil Animation,66.0,2103,37
213188,Jueshi Zhan Hun 2,2026-06-09,ONA,RELEASING,100.0,10.0,Action|Adventure|Fantasy,,,98,3
199418,Wan Ren Zhi Shang,2026-06-09,ONA,FINISHED,14.0,20.0,Action|Adventure|Fantasy,BeiJing BoYiChuangWei Digital Media,59.0,1652,35
137664,Cheng Huang Lu,2026-06-09,ONA,FINISHED,6.0,13.0,Supernatural,Pai Naodai Animation,,138,2
212992,Haiiro no Shoumei,2026-06-07,MUSIC,FINISHED,1.0,3.0,,,,72,1
212994,Meitantei Conan: Hanamaru na Answer,2026-06-06,SPECIAL,FINISHED,1.0,24.0,Comedy|Mahou Shoujo|Mystery,TMS Entertainment,70.0,1387,12
215521,Zhangmen Didiao Dian,2026-06-02,ONA,RELEASING,40.0,10.0,Action|Adventure|Fantasy,,,48,1
209982,Paihame Kazoku,2026-05-29,OVA,RELEASING,,16.0,Hentai,Ryuu M's,51.0,560,15
209981,Heart Mark Oome.,2026-05-29,OVA,RELEASING,,16.0,Hentai,T-REX,67.0,899,39
208361,Seishidouin no Oshigoto The Animation,2026-05-29,OVA,RELEASING,,,Hentai,,52.0,431,13
208264,Muchuu no Tou,2026-05-29,OVA,RELEASING,,,Hentai,Majin petit,,317,10
179874,Mononoke: Hebigami,2026-05-29,MOVIE,FINISHED,1.0,87.0,Fantasy|Horror|Mystery|Psychological|Supernatural,EOTA|Studio Kafka,66.0,6709,60
212563,Isekai no Sata wa Shachiku Shidai: Omoi wo Hasemashita,2026-05-27,OVA,FINISHED,1.0,24.0,Adventure|Fantasy|Romance|Slice of Life,Studio DEEN,69.0,2574,39
212319,Nikke Nichi! Non Non Zenshou Kichi,2026-05-22,ONA,FINISHED,4.0,6.0,Comedy|Sci-Fi|Slice of Life,,67.0,1155,31
113555,Kidou Keisatsu Patlabor EZY File 1,2026-05-22,OVA,FINISHED,3.0,24.0,Mecha,J.C.STAFF,58.0,3378,22
213668,Eri,2026-05-21,MOVIE,FINISHED,1.0,12.0,Drama|Romance|Sci-Fi,Miyu Productions,,124,1
212309,Transformers: Wild King W,2026-05-20,ONA,RELEASING,,4.0,Action|Mecha|Sci-Fi,Infinity Vision|Type ZERO,,144,5
212323,Shounen to Gundam - Kidou Senshi Gundam 50-shuunen: Road to 50 - Prologue Movie,2026-05-15,ONA,FINISHED,1.0,6.0,Action|Mecha|Sci-Fi,Bandai Namco Filmworks,79.0,1414,32
212280,Bouken wa Tsuzuite iru. FINAL FANTASY XI 24th Anniversary Movie,2026-05-15,SPECIAL,FINISHED,1.0,1.0,,,,55,1
206354,Quanzhi Fashi 7,2026-05-13,ONA,FINISHED,12.0,,Action|Fantasy,Foch,61.0,1973,34
194167,Love Live! Hasunosora Jogakuin School Idol Club: Bloom Garden Party,2026-05-08,MOVIE,FINISHED,1.0,75.0,Music|Slice of Life,Sublimation,72.0,3114,67
178707,Mahouka Koukou no Rettousei: Yotsuba Keishou-hen,2026-05-08,MOVIE,FINISHED,1.0,103.0,Action|Romance|Sci-Fi|Supernatural,8-bit,72.0,17424,227
206356,Xingchen Bian Final,2026-05-07,ONA,FINISHED,12.0,,Action|Adventure|Fantasy|Romance,Foch,59.0,281,16
211270,Fei Ren Zai 3 Part 2,2026-05-05,ONA,FINISHED,12.0,7.0,Comedy|Slice of Life|Supernatural,FENZ,,78,2
204356,Boku no Hero Academia No. 170+1: More,2026-05-02,SPECIAL,FINISHED,1.0,23.0,Action|Adventure,bones film,82.0,37913,786
213516,Tunshi Xingkong Movie: Juezhan Yuanshi Xing,2026-05-01,ONA,FINISHED,,,Action|Adventure|Fantasy|Sci-Fi,Sparkly Key Animation,,169,6
211607,Jujutsu Kaisen Modulo PV,2026-05-01,SPECIAL,FINISHED,1.0,1.0,Action|Sci-Fi|Supernatural,MAPPA,79.0,3259,63
211331,Kujira wo Yumemu,2026-05-01,MOVIE,FINISHED,1.0,8.0,Drama,,61.0,924,14
212557,Looney Tunes Gokko,2026-04-30,TV_SHORT,RELEASING,,1.0,Comedy,Fanworks|Studio Nanahoshi,,142,1
208314,Kyonyuu ga Futari Inai to Bokki Shinai Otto no tame ni Tomodachi wo Tsuretekita Tsuma,2026-04-30,OVA,RELEASING,,16.0,Hentai,T-REX,70.0,1124,71
196840,Iya na Kao sare nagara Opantsu Misete Moraitai Returns,2026-04-30,ONA,FINISHED,6.0,4.0,Ecchi,UWAN Pictures,55.0,8694,158
153466,Pan Long,2026-04-30,ONA,FINISHED,20.0,,Action|Adventure|Fantasy,CG Year,59.0,569,23
202895,Otaku no Boku ga Ichigun Gal to Tsukiaeru Made no Hanashi,2026-04-29,ONA,RELEASING,,,Hentai,,58.0,661,21
211479,KIRA,2026-04-27,MUSIC,FINISHED,1.0,3.0,Sports,KIKO,66.0,396,14
211301,Kaze no Anthem,2026-04-24,MUSIC,FINISHED,1.0,4.0,Fantasy,,75.0,1448,37
206840,Todo no Tsumari,2026-04-24,OVA,RELEASING,,,Hentai,Nur,52.0,633,17
206145,Kai Pai La! Guaishou Da Dianying,2026-04-24,ONA,FINISHED,12.0,18.0,Comedy|Fantasy|Supernatural,HuaMei Animation,55.0,805,11
204349,Hyakushou Kizoku 3rd Season OVA,2026-04-24,OVA,FINISHED,2.0,5.0,Comedy|Slice of Life,Pie in the sky,,301,2
188035,Saishuu Gakushou Hibike! Euphonium - Zenpen,2026-04-24,MOVIE,FINISHED,1.0,120.0,Drama|Music|Slice of Life,Kyoto Animation,70.0,6945,63
186833,Jiang Ye,2026-04-23,ONA,FINISHED,19.0,,Action|Drama|Fantasy,Wonder Cat Animation,,367,8
211181,Mu Shen Ji 4,2026-04-19,ONA,RELEASING,26.0,,Action|Adventure|Fantasy,Sparkly Key Animation,65.0,372,27
206003,Chimimouryou,2026-04-17,OVA,FINISHED,2.0,20.0,Hentai,Queen Bee,48.0,531,16
208352,Dandelion,2026-04-16,ONA,FINISHED,7.0,29.0,Action|Comedy|Supernatural,NAZ,71.0,8437,123
184872,Nitian Xie Shen: Nian Fan,2026-04-16,ONA,RELEASING,52.0,22.0,Action|Adventure|Fantasy,Foch,,314,13
205772,Candy Caries,2026-04-15,TV_SHORT,RELEASING,24.0,3.0,Comedy,WIT STUDIO,57.0,735,7
163793,Cheongchun Blossom: Uriui Bom,2026-04-15,TV,FINISHED,12.0,15.0,Romance,Xtorm,,4084,32
194393,Aishiteru Game wo Owarasetai,2026-04-14,TV,FINISHED,12.0,24.0,Comedy|Romance|Slice of Life,Felix Film,75.0,58182,1298
210823,Petals,2026-04-12,MUSIC,FINISHED,1.0,3.0,,WIT STUDIO,63.0,343,6
206950,Kumarba Season 3,2026-04-12,TV_SHORT,RELEASING,,3.0,Action|Comedy,Akatsuki Media Studio,,111,0
204269,Odekake Kozame Season 2,2026-04-12,TV_SHORT,RELEASING,72.0,2.0,Slice of Life,ENGI,,610,7
202386,Shou 3 Ashibe QQ Goma-chan,2026-04-12,TV_SHORT,RELEASING,,,Comedy|Slice of Life,DLE,,118,0
196974,Kuroneko to Majo no Kyoushitsu,2026-04-12,TV,RELEASING,24.0,24.0,Fantasy,LIDENFILMS,62.0,23065,260
195734,Ichijouma Mankitsu-gurashi!,2026-04-12,TV,FINISHED,11.0,24.0,Comedy|Ecchi|Slice of Life,PRA,64.0,9377,126
182578,Yozakura-san Chi no Daisakusen 2nd Season,2026-04-12,TV,FINISHED,12.0,24.0,Action|Comedy|Romance,SILVER LINK.,75.0,25605,454
182300,Tsue to Tsurugi no Wistoria Season 2,2026-04-12,TV,FINISHED,12.0,24.0,Action|Adventure|Drama|Fantasy,Actas|Bandai Namco Pictures,82.0,116025,4014
198113,Kill Ao,2026-04-11,TV,FINISHED,12.0,24.0,Action|Comedy,CUE,74.0,45979,814
187869,"Kamiina Botan, Yoeru Sugata wa Yuri no Hana",2026-04-11,TV,FINISHED,12.0,24.0,Romance|Slice of Life,Soigne,82.0,35285,1663
185211,Yowa Yowa Sensei,2026-04-11,TV,FINISHED,12.0,24.0,Comedy|Ecchi|Romance,Brain's Base,64.0,24942,419
169228,Hokuto no Ken: FIST OF THE NORTH STAR,2026-04-11,TV,FINISHED,14.0,24.0,Action|Drama|Sci-Fi,TMS Entertainment,63.0,5935,90
209312,Girls und Panzer: Ribbon no Musha Pilot-ban,2026-04-10,SPECIAL,FINISHED,1.0,5.0,Action|Comedy,Actas,64.0,1043,18
206004,Love wa Gal kara Hajimaru Unmei,2026-04-10,OVA,FINISHED,2.0,,Hentai,Queen Bee,60.0,729,35
202508,Kami no Shizuku,2026-04-10,TV,RELEASING,24.0,24.0,Drama|Mystery|Slice of Life,Satelight,54.0,5722,39
198369,Meitantei Conan: Highway no Datenshi,2026-04-10,MOVIE,FINISHED,1.0,109.0,Mystery,TMS Entertainment,60.0,1888,19
177501,Awajima Hyakkei,2026-04-10,TV,FINISHED,12.0,24.0,Drama|Music|Romance,MADHOUSE,72.0,12868,159
182483,Hime Kishi wa Barbaroi no Yome,2026-04-09,TV,FINISHED,12.0,24.0,Comedy|Ecchi|Fantasy|Romance,Jumondou,69.0,53552,949
177508,Kujima Utaeba Ie Hororo,2026-04-09,TV,FINISHED,12.0,24.0,Comedy|Fantasy|Slice of Life,Studio Hibari,63.0,4693,57
210687,Re:Zero kara Hajimeru Kyuukei Jikan (Break Time) 4th Season,2026-04-08,ONA,RELEASING,,3.0,Adventure|Comedy|Fantasy,Studio PuYUKAI,67.0,2559,25
206951,"Megami ""Isekai Tensei Nani ni Naritai Desu ka"" Ore ""Yuusha no Rokkotsu de""",2026-04-08,TV,FINISHED,12.0,23.0,Comedy|Fantasy,Qzil.la|S.o.K,71.0,20359,453
202985,"Tadaima, Ojamasaremasu!",2026-04-08,TV,FINISHED,12.0,23.0,Comedy|Romance|Slice of Life,Tatsunoko Production,65.0,11031,150
199588,Otaku ni Yasashii Gal wa Inai!?,2026-04-08,TV,FINISHED,12.0,23.0,Comedy|Romance,TMS Entertainment,76.0,67641,1659
199029,"Kanojo, Okarishimasu 5th Season",2026-04-08,ONA,FINISHED,12.0,24.0,Comedy|Romance,TMS Entertainment,62.0,21809,379
189046,Re:Zero kara Hajimeru Isekai Seikatsu 4th Season,2026-04-08,TV,RELEASING,19.0,24.0,Action|Adventure|Drama|Fantasy|Psychological|Romance|Thriller,WHITE FOX,90.0,132551,6628
158036,Hidarikiki no Eren,2026-04-08,TV,FINISHED,13.0,25.0,Drama,Signal.MD|Production I.G,59.0,9386,89
207675,Hyakki Yakou Shou,2026-04-07,TV_SHORT,FINISHED,12.0,4.0,Horror|Mystery|Supernatural,Imagica Infos|Imageworks Studio,48.0,1324,7
199547,MARRIAGETOXIN,2026-04-07,TV,FINISHED,13.0,24.0,Action|Comedy|Drama|Romance,bones film,76.0,87934,1698
197754,LIAR GAME,2026-04-07,TV,RELEASING,,24.0,Drama|Psychological,MADHOUSE,61.0,41357,474
195268,Higeki no Genkyou to Naru Saikyou Gedou Last Boss Joou wa Tami no Tame ni Tsukushimasu.  Season 2,2026-04-07,TV,FINISHED,12.0,24.0,Comedy|Fantasy|Romance,OLM,69.0,22197,329
186744,"Replica Datte, Koi wo Suru.",2026-04-07,TV,FINISHED,13.0,24.0,Drama|Romance|Supernatural,Voil,69.0,16801,259
169580,Class de 2-banme ni Kawaii Onnanoko to Tomodachi ni Natta,2026-04-07,TV,FINISHED,12.0,24.0,Comedy|Romance,CONNECT,80.0,96534,3591
206166,Ingoku Danchi,2026-04-06,TV_SHORT,FINISHED,12.0,3.0,Ecchi,Elias,45.0,10150,171
204319,Ookii Onnanoko wa Suki desu ka?,2026-04-06,TV_SHORT,FINISHED,12.0,7.0,Ecchi|Romance|Sports,Studio Houkiboshi,57.0,11744,257
202523,Marika-chan no Koukando wa Bukkowareteiru,2026-04-06,TV_SHORT,FINISHED,8.0,6.0,Comedy|Drama|Ecchi|Romance|Supernatural,studio LEO,47.0,14339,177
201090,Ghost Concert: missing Songs,2026-04-06,TV,FINISHED,12.0,24.0,Action|Music|Supernatural,ENGI,50.0,4230,42
197824,Isekai Nonbiri Nouka 2,2026-04-06,TV,FINISHED,12.0,24.0,Fantasy|Slice of Life,Zero-G,73.0,50755,1119
189987,Ponkotsu Fuuki Iin to Skirt take ga Futekisetsu na JK no Hanashi,2026-04-06,TV,FINISHED,12.0,24.0,Comedy|Romance|Slice of Life,Zero-G,77.0,37074,817
156090,Da Dao Du Xing: Die Long Bian,2026-04-06,ONA,FINISHED,16.0,,Action|Fantasy,Wonder Cat Animation,,325,7
147105,Tongari Boushi no Atelier,2026-04-06,ONA,FINISHED,13.0,24.0,Adventure|Drama|Fantasy,BUG FILMS,85.0,218796,10938
206914,Nippon Sangoku,2026-04-05,ONA,FINISHED,12.0,26.0,Action|Drama|Sci-Fi,Studio Kafka,84.0,55952,1852
206523,Onegai AiPri,2026-04-05,TV,RELEASING,,,Music,OLM|Dongwoo Animation,54.0,768,10
202102,NEEDY GIRL OVERDOSE,2026-04-05,TV,FINISHED,13.0,25.0,Adventure|Drama|Psychological|Slice of Life,Yostar Pictures,68.0,39178,993
196029,Kami no Niwatsuki Kusunoki-tei,2026-04-05,TV,FINISHED,12.0,24.0,Comedy|Fantasy|Slice of Life,JUVENAGE,71.0,18591,387
190704,Kanan-sama wa Akumade Choroi,2026-04-05,TV,FINISHED,12.0,24.0,Comedy|Ecchi|Fantasy|Romance,Studio KAI,70.0,46420,799
178749,Mahou no Shimai LuluttoLilly,2026-04-05,TV,FINISHED,12.0,24.0,Mahou Shoujo,Studio Pierrot,67.0,5266,53
177634,Diamond no Ace act II: Second Season,2026-04-05,TV,FINISHED,13.0,24.0,Sports,OLM,79.0,9051,211
213664,Zhe Tian Movie: Bei Guan Zhan Wang Teng,2026-04-04,ONA,FINISHED,1.0,94.0,Action|Adventure|Fantasy,Original Force,,127,2
210932,Shiguang Dailiren: Xiao Juchang 2,2026-04-04,ONA,FINISHED,8.0,4.0,Comedy|Slice of Life,Studio LAN,65.0,942,16
201910,Oshiri Dandy the Young,2026-04-04,TV,RELEASING,,,,,,114,0
198411,Nezumi-kun no Chokki (TV),2026-04-04,TV_SHORT,FINISHED,13.0,5.0,Fantasy,Creadom8,,144,1
196935,Akane-banashi,2026-04-04,TV,FINISHED,12.0,25.0,Drama,ZEXCS,79.0,38910,793
196012,MAO,2026-04-04,TV,RELEASING,26.0,25.0,Drama|Mystery|Romance|Supernatural,Sunrise,66.0,18641,234
195600,Yomi no Tsugai,2026-04-04,TV,RELEASING,24.0,24.0,Action|Adventure|Comedy|Fantasy|Supernatural,bones film,78.0,129886,2793
184492,Mairimashita! Iruma-kun 4,2026-04-04,TV,RELEASING,24.0,25.0,Comedy|Fantasy|Supernatural,Bandai Namco Pictures,80.0,39956,881
183231,Rilakkuma,2026-04-04,TV_SHORT,RELEASING,,1.0,Fantasy|Slice of Life,Production I.G,62.0,1618,22
171110,Honzuki no Gekokujou: Ryoushu no Youjo,2026-04-04,TV,RELEASING,24.0,24.0,Drama|Fantasy|Slice of Life,WIT STUDIO,76.0,37638,643
210234,Mamonogurai no Boukensha: Ore Dake Mamono wo Kuratte Tsuyoku Naru,2026-04-03,TV_SHORT,FINISHED,12.0,13.0,Action|Adventure|Fantasy,Imagica Infos|Imageworks Studio,49.0,8959,122
209940,Komekami! Girls,2026-04-03,TV,FINISHED,12.0,23.0,Comedy,Daily Plan.net,39.0,1035,8
206270,Cang Yuan Tu 3,2026-04-03,ONA,RELEASING,,,Action|Adventure|Fantasy,Shenman Entertainment,,419,17
205054,Tensei Akujo no Kuro Rekishi OVA,2026-04-03,OVA,FINISHED,1.0,24.0,Comedy|Fantasy|Romance,Studio DEEN,69.0,2377,35
202381,"Mata Korosarete Shimatta no desu ne, Tantei-sama",2026-04-03,TV,FINISHED,12.0,24.0,Mystery|Psychological|Supernatural,LIDENFILMS,60.0,17764,190
196144,Snowball Earth,2026-04-03,TV,FINISHED,13.0,23.0,Action|Mecha|Sci-Fi,Studio KAI,67.0,14127,198
195333,Haibara-kun no Tsuyokute Seishun New Game,2026-04-03,TV,FINISHED,12.0,24.0,Romance|Slice of Life,Studio Comet,66.0,23666,363
192808,Jishou Akuyaku Reijou na Konyakusha no Kansatsu Kiroku.,2026-04-03,ONA,FINISHED,12.0,24.0,Comedy|Fantasy|Romance|Slice of Life,Ashi Productions,77.0,30876,841
182205,Tensei Shitara Slime Datta Ken 4th Season,2026-04-03,TV,RELEASING,24.0,24.0,Action|Adventure|Comedy|Fantasy,8-bit,83.0,128770,4451
181284,Kirio Fanclub,2026-04-03,TV,FINISHED,12.0,24.0,Comedy|Romance|Slice of Life,Satelight,68.0,9906,144
179950,Reincarnation no Kaben,2026-04-03,TV,FINISHED,13.0,24.0,Action|Supernatural,BENTEN Film,60.0,32873,338
170019,Otonari no Tenshi-sama ni Itsunomanika Dame Ningen ni Sareteita Ken 2nd Season,2026-04-03,TV,FINISHED,12.0,24.0,Romance|Slice of Life,project No.9,72.0,76441,2096
201817,Nigashita Sakana wa Ookikatta ga Tsuriageta Sakana ga Ookisugita Ken,2026-04-02,TV,FINISHED,12.0,24.0,Comedy|Fantasy|Romance,TROYCA,71.0,21573,373
199221,Dr. STONE: SCIENCE FUTURE Part 3,2026-04-02,TV,FINISHED,13.0,24.0,Action|Adventure|Comedy|Sci-Fi,TMS Entertainment,83.0,77520,2132
186497,Koori no Jouheki,2026-04-02,TV,FINISHED,14.0,24.0,Comedy|Drama|Romance|Slice of Life,Studio KAI,83.0,73595,2944
180228,Ganbare! Nakamura-kun!!,2026-04-02,ONA,FINISHED,13.0,24.0,Comedy|Romance|Slice of Life,Drive,81.0,32016,1568
210375,Daikenja Riddle no Jikan Gyakko,2026-04-01,TV_SHORT,FINISHED,12.0,5.0,Action|Fantasy,Imagica Infos|Imageworks Studio,45.0,4393,68
200769,Saikyou no Shokugyou wa Yuusha demo Kenja demo Naku Kanteishi (Kari) Rashii desu yo?,2026-04-01,ONA,FINISHED,12.0,24.0,Action|Adventure|Comedy|Fantasy,Studio Flad,57.0,34131,480
198939,Jidou Hanbaiki ni Umarekawatta Ore wa Meikyuu wo Samayou 3rd Season,2026-04-01,TV,FINISHED,12.0,24.0,Action|Adventure|Comedy|Fantasy,AXsiZ|Studio Gokumi,67.0,15515,197
197868,Maid-san wa Taberu dake,2026-04-01,ONA,FINISHED,12.0,24.0,Slice of Life,EMT Squared|Magic Bus,67.0,11528,167
194317,"Saikyou no Ousama, Nidome no Jinsei wa Nani wo Suru? 2nd Season",2026-04-01,TV,FINISHED,12.0,23.0,Action|Adventure|Fantasy,studio A-CAT,64.0,46364,885
180745,Youkoso Jitsuryoku Shijou Shugi no Kyoushitsu e 4th Season 2-nensei-hen Ichi Gakki,2026-04-01,TV,FINISHED,16.0,24.0,Drama|Psychological,Lerche,78.0,115261,3289
173172,Dorohedoro Season 2,2026-04-01,ONA,FINISHED,11.0,25.0,Action|Adventure|Comedy|Fantasy|Horror|Mystery,MAPPA,83.0,43289,1298
210115,Tower Dungeon Volume 6 Release Commemorative PV,2026-03-31,ONA,FINISHED,1.0,2.0,Adventure|Fantasy,studio keel,59.0,276,5
170110,"Isekai de Cheat Skill wo Te ni Shita Ore wa, Genjitsu Sekai wo mo Musou Suru: Level Up wa Jinsei wo Kaeta",2026-03-30,SPECIAL,FINISHED,1.0,47.0,Action|Adventure|Fantasy|Romance,Millepensee,68.0,28935,495
190143,Shunkashuutou Daikousha: Haru no Mai,2026-03-29,TV,FINISHED,14.0,24.0,Drama|Fantasy|Romance,WIT STUDIO,76.0,45437,1125
210072,Kanseitou Yoru,2026-03-28,MUSIC,FINISHED,1.0,3.0,,,,179,2
209962,AnimeCanvas Commercial Film,2026-03-28,ONA,FINISHED,1.0,2.0,,CloverWorks,57.0,258,5
206916,Kegareboshi Kuro,2026-03-27,OVA,FINISHED,1.0,,Hentai,T-REX,59.0,615,26
206915,Kegareboshi Murasaki,2026-03-27,OVA,FINISHED,1.0,,Hentai,T-REX,61.0,613,27
204560,Phantom Alchemia: Sylvia no Dokidoki Sakusei Toshi Keikaku,2026-03-27,OVA,RELEASING,,,Fantasy|Hentai,Majin petit,53.0,541,12
204463,Hebi to Kumo,2026-03-27,OVA,RELEASING,,,Hentai,Shion,57.0,661,23
190668,Entotsu-machi no Poupelle: Yakusoku no Tokei-dai,2026-03-27,MOVIE,FINISHED,1.0,,Fantasy,Studio 4°C,,586,3
187375,"THE IDOLM@STER Million Live!: Itsuka, Mannaka de",2026-03-27,OVA,FINISHED,1.0,29.0,Music,Shirogumi,63.0,790,7
209541,PetitCure: Precure Fairies Season 3,2026-03-26,ONA,RELEASING,,,Fantasy|Slice of Life,IKIF+,,245,4
166437,Soushen Ji,2026-03-25,ONA,FINISHED,24.0,,Action|Adventure|Fantasy,CG Year,,328,21
206889,Fukufuku no Chizu,2026-03-24,SPECIAL,FINISHED,1.0,,,Contrail,,165,0
209662,PRIMADONNA,2026-03-22,MUSIC,FINISHED,1.0,3.0,,Folium,68.0,421,11
206857,Oshirimae Man: Fukkatsu no Oshirimae Teikoku,2026-03-20,MOVIE,FINISHED,1.0,,Comedy,Studio Outrigger,,165,3
200930,Anal Mania Otaku to Ananie Daisuki na Ojou-sama: Kiseki no Matching,2026-03-20,OVA,FINISHED,2.0,20.0,Hentai,,54.0,759,25
198373,Ansatsu Kyoushitsu: Minna no Jikan,2026-03-20,MOVIE,FINISHED,1.0,87.0,Action|Comedy|Sci-Fi|Supernatural,Lerche,75.0,14303,127
210347,Wildest Flower,2026-03-19,MUSIC,FINISHED,1.0,3.0,Action|Sports,CALF,57.0,160,2
190327,JoJo no Kimyou na Bouken: Steel Ball Run - 1st STAGE,2026-03-19,ONA,FINISHED,1.0,47.0,Action|Adventure|Drama|Mystery|Sports|Supernatural,david production,88.0,75893,3439
179813,Niwatori Fighter,2026-03-14,TV,FINISHED,12.0,23.0,Action|Adventure|Comedy|Supernatural,SANZIGEN,66.0,21658,278
213663,Cang Yuan Tu Qianzhuan: Dongning Fu de Xiatian,2026-03-13,ONA,FINISHED,3.0,22.0,Action|Adventure|Fantasy,Shenman Entertainment,,116,5
203100,Himitsu no AiPri: Mankai Buzzrium Live!,2026-03-13,MOVIE,FINISHED,,,Music,OLM|Dongwoo Animation,,352,6
197097,Paris ni Saku Étoile,2026-03-13,MOVIE,FINISHED,1.0,119.0,Slice of Life|Sports,Arvo Animation,,3815,19
209018,Crossroad,2026-03-09,MUSIC,FINISHED,1.0,4.0,Adventure|Fantasy,,69.0,560,13
208517,Android wa Keiken Ninzuu ni Hairimasu ka??: 5-kakan Tsuzukete......?,2026-03-07,ONA,FINISHED,1.0,5.0,Comedy|Ecchi|Romance|Sci-Fi,Nyan Pollution-ω-,61.0,3237,27
187267,BEASTARS FINAL SEASON Part 2,2026-03-07,ONA,FINISHED,12.0,24.0,Drama|Mystery|Psychological|Slice of Life,Orange,73.0,19356,312
177132,Hanarokushou ga Akeru Hi ni,2026-03-06,MOVIE,FINISHED,1.0,75.0,Drama,Studio Outrigger,65.0,7252,48
208668,Yomosugara,2026-03-05,MUSIC,FINISHED,1.0,4.0,Adventure|Fantasy|Sci-Fi,,56.0,251,2
208551,Fashion Beat,2026-03-05,MUSIC,FINISHED,1.0,3.0,Action|Comedy|Fantasy|Sci-Fi,SANZIGEN,55.0,201,2
215891,Pure,2026-03-04,MUSIC,FINISHED,1.0,3.0,,mimoid,,0,0
208665,Chidori,2026-03-04,MUSIC,FINISHED,1.0,4.0,Fantasy,MORIE Inc.,58.0,297,4
207534,Dao Yao Xing,2026-03-03,ONA,RELEASING,60.0,,Action|Comedy|Fantasy,Soyep,,257,7
137662,Fangkai Nage Nüwu,2026-03-03,ONA,FINISHED,8.0,22.0,Action|Adventure|Fantasy|Romance,Thundray,80.0,16985,496
214071,Ninifuni no Niwa,,MOVIE,FINISHED,1.0,4.0,,,,140,3
208370,Chatter Chatter,2026-02-28,MUSIC,FINISHED,1.0,3.0,,,66.0,340,4
203367,"Mou Ichido, Shitemitai.",2026-02-27,OVA,RELEASING,,,Hentai,Seven,69.0,1034,39
202894,Kenki Virgo,2026-02-27,OVA,RELEASING,,,Hentai,Majin petit,51.0,577,19
202893,L'amour fou de l'automate,2026-02-27,OVA,RELEASING,,,Hentai,,56.0,481,12
198368,Doraemon: Shin Nobita no Kaitei Kiganjou,2026-02-27,MOVIE,FINISHED,1.0,,Fantasy,,,664,14
182206,Tensei Shitara Slime Datta Ken: Soukai no Namida-hen,2026-02-27,MOVIE,FINISHED,1.0,104.0,Action|Adventure|Comedy|Fantasy,8-bit,74.0,44936,711
199411,Yu Ling Shi,2026-02-26,ONA,FINISHED,18.0,22.0,Action|Adventure|Fantasy,,62.0,1454,22
176509,BAKI-DOU,2026-02-26,ONA,FINISHED,13.0,24.0,Action|Sports,TMS Entertainment,75.0,15546,232
206358,Xiuluo Wushen 2,2026-02-24,ONA,FINISHED,16.0,20.0,Action|Adventure|Fantasy,Tang Kirin Culture,,291,6
208105,Yani Neko Mini,2026-02-22,ONA,RELEASING,,1.0,Comedy,,53.0,717,8
204270,Evangelion: Housou 30 Shuunen Kinen Tokubetsu Kougyou,2026-02-21,SPECIAL,FINISHED,1.0,15.0,Comedy|Psychological,Studio Khara,78.0,6414,118
204394,You Shou Yan 5,2026-02-20,ONA,FINISHED,12.0,,Comedy|Fantasy|Slice of Life,FENZ,62.0,321,17
207853,Dou-Da? DOING!,2026-02-15,MUSIC,FINISHED,1.0,6.0,Fantasy|Slice of Life,Sunrise,56.0,196,4
184280,Tensui no Sakuna-hime: Kokorowa Inasaku Nisshi,2026-02-15,SPECIAL,FINISHED,2.0,24.0,Action|Fantasy,P.A.WORKS,65.0,1698,19
213928,Han ye Deng Zhu,2026-02-14,MOVIE,FINISHED,1.0,90.0,Drama|Sci-Fi,,,52,1
210376,Huhuan Shaonü Special: Xiang Zuo de Shi Daodi Shi Shenme,2026-02-14,SPECIAL,FINISHED,1.0,30.0,Comedy|Slice of Life,A4works,59.0,395,7
155304,Xiuxianzhe Dazhan Chaonengli,2026-02-14,ONA,FINISHED,40.0,,Action|Adventure|Fantasy,Ruo Hong Culture,,241,12
197474,Shin Gintama Movie: Yoshiwara Daienjou,2026-02-13,MOVIE,FINISHED,1.0,124.0,Action|Comedy|Sci-Fi,Bandai Namco Pictures,79.0,4764,68
182317,Boku no Kokoro no Yabai Yatsu Movie,2026-02-13,MOVIE,FINISHED,1.0,102.0,Comedy|Romance|Slice of Life,Shin-Ei Animation,79.0,29195,498
155331,Long Po Jiutian,2026-02-11,ONA,FINISHED,40.0,,Action|Fantasy,Dancing CG Studio,,169,0
204949,Ginga Tokkyuu Milky☆Subway: Kakueki Teisha Gekijou Yuki,2026-02-06,MOVIE,FINISHED,1.0,47.0,Adventure|Comedy|Sci-Fi,,76.0,2573,72
187508,Duel Masters LOST: Boukyaku no Taiyou,2026-02-06,ONA,FINISHED,4.0,24.0,Adventure|Supernatural,J.C.STAFF|Shogakukan Music & Digital Entertainment,,476,9
208065,Lele Bianlidian,2026-02-04,ONA,FINISHED,10.0,10.0,Fantasy|Slice of Life,Sharefun Studio,,50,0
213667,LUCA,2026-02-02,MOVIE,FINISHED,1.0,12.0,Drama|Supernatural,CALF,58.0,263,4
208064,Tang Zhi Zhi Yi,2026-02-02,ONA,FINISHED,26.0,7.0,Adventure|Fantasy,Panda Tower Studio,,111,2
207415,Kaiba Seichoutsuu × Mass Destruction -Reload- Mashup,2026-02-01,MUSIC,FINISHED,1.0,3.0,Psychological|Slice of Life|Supernatural,,72.0,897,28
207331,Manga Arabia PV,2026-02-01,ONA,FINISHED,1.0,1.0,Action,A-1 Pictures,,94,1
202957,Meitantei Precure!,2026-02-01,TV,RELEASING,51.0,24.0,Mahou Shoujo|Mystery,Toei Animation,75.0,6112,157
207084,Onee-chan Gokko,2026-01-31,ONA,RELEASING,3.0,25.0,Mystery|Psychological|Supernatural|Thriller,Studio Gohan,64.0,1489,19
207083,ray Chou Kaguya-hime! Version,2026-01-31,MUSIC,FINISHED,1.0,3.0,Fantasy|Sci-Fi,Studio Chromato|Studio Colorido,82.0,2175,66
199410,Ze Tian Ji (2026),2026-01-31,ONA,FINISHED,26.0,,Action|Adventure|Fantasy,Shenman Entertainment,69.0,685,34
201153,Seikou Senki Pony Celes,2026-01-30,OVA,RELEASING,,,Hentai,Majin petit,48.0,400,11
198511,Seifuku wa Kita mama de,2026-01-30,OVA,FINISHED,2.0,20.0,Hentai,,62.0,1061,36
189956,Kusunoki no Bannin,2026-01-30,MOVIE,FINISHED,1.0,113.0,Drama|Mystery|Supernatural,A-1 Pictures|Psyde Kick Studio,,3260,15
113971,Kidou Senshi Gundam: Senkou no Hathaway - Circe no Majo,2026-01-30,MOVIE,FINISHED,1.0,108.0,Action|Drama|Mecha|Sci-Fi,Sunrise,79.0,8187,145
207413,Medianoche,2026-01-29,MUSIC,FINISHED,1.0,4.0,Horror|Supernatural,,,201,5
166039,Terror Man,2026-01-29,ONA,FINISHED,8.0,29.0,Action|Psychological,DR Movie,57.0,2793,41
207414,Tabidachi no Uta,2026-01-28,MUSIC,FINISHED,1.0,5.0,Adventure|Fantasy,,64.0,381,8
203127,Princess Principal: Crown Handler - Chapter 4: Fabulous Platypus,2026-01-28,OVA,FINISHED,1.0,6.0,Slice of Life,Actas,58.0,1273,12
206895,Shishang Zui Qiang Lian Ti Lao Zu,2026-01-26,ONA,FINISHED,40.0,11.0,Action|Adventure|Fantasy,,,209,3
189275,Medalist 2nd Season,2026-01-25,TV,FINISHED,9.0,23.0,Drama|Psychological|Sports,ENGI,83.0,19182,465
185870,Cheng He Titong 2,2026-01-25,ONA,FINISHED,24.0,23.0,Comedy|Fantasy|Romance,Shengying Animation,63.0,804,20
207363,Xi Yangyang Yu Hui Tailang: Gu Guguai Jie You Guguai,2026-01-23,TV_SHORT,FINISHED,60.0,15.0,Action|Comedy,Creative Power Entertaining,,35,0
201903,Chou Kaguya-hime!,2026-01-22,ONA,FINISHED,1.0,140.0,Action|Comedy|Drama|Fantasy|Music|Sci-Fi,Studio Colorido|Studio Chromato,84.0,59263,4112
207324,Serenade (2026),2026-01-21,MUSIC,FINISHED,1.0,4.0,Drama|Psychological|Supernatural,,73.0,1293,36
204698,GelPiyo,2026-01-21,TV_SHORT,FINISHED,10.0,4.0,Comedy,ODDJOB|SUGARLESS FACTORY,,151,2
206425,Sousou no Frieren: ●● no Mahou Part 3,2026-01-19,ONA,RELEASING,,1.0,Comedy|Fantasy,TOHO animation STUDIO,69.0,2177,26
206250,Ittai Itsukara,2026-01-16,MUSIC,FINISHED,1.0,4.0,Psychological,,58.0,146,4
199436,Shen Kong Bian,2026-01-16,ONA,FINISHED,26.0,,Action|Adventure|Fantasy,Motion Magic,59.0,475,17
182255,Sousou no Frieren 2nd Season,2026-01-16,TV,FINISHED,10.0,24.0,Adventure|Drama|Fantasy,MADHOUSE,88.0,220037,8664
202955,Prism Rondo,2026-01-15,ONA,FINISHED,20.0,27.0,Drama|Romance,WIT STUDIO,84.0,36214,1906
206856,"Sinbi Apateu 10-junyeon Geugjangpan: Han Beon Deo, Sohwan",2026-01-14,MOVIE,FINISHED,1.0,86.0,Fantasy,,,98,1
182587,[Oshi no Ko] 3rd Season,2026-01-14,TV,FINISHED,11.0,24.0,Drama|Mystery|Psychological|Supernatural,Doga Kobo,86.0,107620,3684
207474,Ai Ai Ai Ai♡Ai Love You,2026-01-13,MUSIC,FINISHED,1.0,4.0,,Liberty Animation Studio,57.0,257,3
203939,Yami Shibai 16,2026-01-12,TV_SHORT,FINISHED,13.0,4.0,Horror|Supernatural,ILCA,53.0,1231,9
176370,"Hime-sama, ""Goumon"" no Jikan desu 2nd Season",2026-01-12,TV,FINISHED,12.0,24.0,Comedy|Fantasy,PINE JAM,76.0,12974,252
207082,Cardfight!! Vanguard 15 Shuunen Kinen PV,2026-01-11,SPECIAL,FINISHED,1.0,2.0,Action|Fantasy,MAPPA,57.0,235,1
198374,Jingai Kyoushitsu no Ningengirai Kyoushi,2026-01-11,TV,FINISHED,13.0,24.0,Comedy|Drama|Fantasy|Romance|Slice of Life,Asread,64.0,16920,195
195518,Akuyaku Reijou wa Ringoku no Outaishi ni Dekiai Sareru,2026-01-11,TV,FINISHED,12.0,24.0,Fantasy|Romance,Studio DEEN,60.0,24274,305
192507,Uruwashi no Yoi no Tsuki,2026-01-11,TV,FINISHED,12.0,24.0,Romance|Slice of Life,East Fish Studio|Atelier Peuplier,74.0,39110,927
187989,Yuusha no Kuzu,2026-01-11,TV,FINISHED,24.0,23.0,Action|Comedy|Drama|Fantasy|Sci-Fi,OLM,65.0,19241,209
187062,Hikuidori,2026-01-11,TV,FINISHED,12.0,24.0,Action|Drama,SynergySP,45.0,4732,41
184951,Seihantai na Kimi to Boku,2026-01-11,TV,FINISHED,12.0,24.0,Comedy|Romance|Slice of Life,Lapin Track,83.0,118563,5025
183660,Kaya-chan wa Kowakunai,2026-01-11,TV,FINISHED,12.0,24.0,Comedy|Horror|Slice of Life|Supernatural,East Fish Studio,72.0,23609,489
166613,Jigokuraku 2nd Season,2026-01-11,TV,FINISHED,12.0,24.0,Action|Adventure|Mystery|Supernatural,MAPPA,82.0,170296,4216
203296,Cardfight!! Vanguard: Divinez - Genma Seisen-hen,2026-01-10,TV,FINISHED,12.0,24.0,Action|Adventure|Fantasy,Gift-o’-Animation|Kinema Citrus|Studio JEMI,61.0,994,13
203148,Hoppe-chan: Sun Oukoku to Kuro Hoppe-dan no Himitsu,2026-01-10,TV,FINISHED,12.0,24.0,Adventure|Fantasy,Toon Harbor Works,,274,1
202419,Omae wa Mada Gunma wo Shiranai: Reiwa-ban,2026-01-10,TV_SHORT,FINISHED,12.0,6.0,Comedy,Imagica Infos|Imageworks Studio,43.0,1486,14
192867,Android wa Keiken Ninzuu ni Hairimasu ka??,2026-01-10,TV_SHORT,FINISHED,8.0,4.0,Comedy|Ecchi|Romance|Sci-Fi,Nyan Pollution-ω-,60.0,14425,160
187941,Tensei Shitara Dragon no Tamago Datta: Saikyou Igai Mezasa Nee,2026-01-10,TV,FINISHED,12.0,24.0,Action|Adventure|Fantasy,GA-CREW|Felix Film,63.0,25699,439
187901,Dead Account,2026-01-10,TV,FINISHED,12.0,24.0,Action|Supernatural,SynergySP,65.0,26789,342
185262,Hell Mode: Yarikomi-zuki no Gamer wa Haisettei no Isekai de Musou Suru,2026-01-10,TV,FINISHED,12.0,23.0,Action|Adventure|Fantasy,Yokohama Animation Lab,72.0,51109,971
181443,DARK MOON: Kuro no Tsuki - Tsuki no Saidan,2026-01-10,TV,FINISHED,12.0,24.0,Supernatural,TROYCA,63.0,17189,330
179062,Enen no Shouboutai: San no Shou Part 2,2026-01-10,TV,FINISHED,13.0,24.0,Action|Drama|Sci-Fi|Supernatural,david production,82.0,87353,2047
163144,TRIGUN STARGAZE,2026-01-10,TV,FINISHED,12.0,24.0,Action|Comedy|Drama|Sci-Fi,Orange,67.0,32541,431
200556,High School! Kimengumi (2026),2026-01-09,TV,FINISHED,12.0,23.0,Comedy|Romance,Seven,49.0,1946,14
198706,Da Zhu Zai 2,2026-01-09,ONA,RELEASING,52.0,18.0,Action|Adventure|Fantasy,Motion Magic,59.0,511,20
191718,"""Omae Gotoki ga Maou ni Kateru to Omou na"" to Yuusha Party wo Tsuihou Sareta node, Outo de Kimama ni Kurashitai",2026-01-09,TV,FINISHED,12.0,24.0,Action|Adventure|Drama|Fantasy|Horror,A.C.G.T.,65.0,27958,346
189137,"Douse, Koishite Shimaunda. Season 2",2026-01-09,TV,FINISHED,12.0,24.0,Drama|Romance,TYPHOON GRAPHICS,61.0,6747,90
187892,ALL YOU NEED IS KILL,2026-01-09,MOVIE,FINISHED,1.0,82.0,Action|Sci-Fi|Supernatural|Thriller,Studio 4°C,67.0,17180,126
185514,Champignon no Majo,2026-01-09,TV,FINISHED,12.0,24.0,Drama|Fantasy|Supernatural,Qzil.la|TYPHOON GRAPHICS,66.0,17159,214
172463,Jujutsu Kaisen: Shimetsu Kaiyuu - Zenpen,2026-01-09,TV,FINISHED,12.0,24.0,Action|Drama|Supernatural,MAPPA,86.0,253115,9794
205676,Black Jack Yanen,2026-01-08,ONA,FINISHED,12.0,2.0,Comedy,DLE,,170,2
185039,Toumei Otoko to Ningen Onna: Sonouchi Fuufu ni Naru Futari,2026-01-08,TV,FINISHED,12.0,24.0,Comedy|Romance|Supernatural,project No.9,76.0,26001,519
183270,Eris no Seihai,2026-01-08,TV,FINISHED,12.0,24.0,Drama|Fantasy|Mystery|Romance|Supernatural,Ashi Productions,69.0,23656,308
182771,Odayaka Kizoku no Kyuuka no Susume.,2026-01-08,TV,FINISHED,12.0,24.0,Adventure|Fantasy|Slice of Life,Ascension|SynergySP,67.0,15601,276
176276,Mato Seihei no Slave 2,2026-01-08,TV,FINISHED,12.0,24.0,Action|Adventure|Drama|Ecchi|Fantasy|Romance,Passione|Hayabusa Film,74.0,50833,1221
192261,29-sai Dokushin Chuuken Boukensha no Nichijou,2026-01-07,TV,FINISHED,12.0,24.0,Adventure|Fantasy|Slice of Life,HORNETS,64.0,22521,282
191967,Jigoku Sensei Nube (2025) Part 2,2026-01-07,TV,FINISHED,13.0,23.0,Action|Comedy|Horror|Supernatural,Studio KAI,68.0,4014,59
191205,Okiraku Ryoushu no Tanoshii Ryouchi Bouei: Seisan-kei Majutsu de Na mo na Kimura wo Saikyou no Jousai Toshi ni,2026-01-07,ONA,FINISHED,12.0,24.0,Adventure|Fantasy,NAZ,68.0,37820,719
183984,Arne no Jikenbo,2026-01-07,TV,FINISHED,12.0,23.0,Mystery,SILVER LINK.,60.0,11094,95
180746,Shibou Yuugi de Meshi wo Kuu.,2026-01-07,TV,FINISHED,11.0,24.0,Action|Drama|Mystery|Psychological|Thriller,Studio DEEN,71.0,50301,1111
177679,Darwin Jihen,2026-01-07,TV,FINISHED,13.0,24.0,Sci-Fi|Thriller,BELLNOX FILMS,69.0,25703,373
203472,Himitsu Kessha Taka no Tsume XX,2026-01-06,ONA,FINISHED,12.0,5.0,Comedy,DLE,,107,2
195515,"Yuusha Party ni Kawaii Ko ga Ita no de, Kokuhaku Shitemita.",2026-01-06,TV,FINISHED,13.0,24.0,Adventure|Comedy|Fantasy|Romance,Gekkou,62.0,48563,690
194742,Maou no Musume wa Yasashi Sugiru!!,2026-01-06,ONA,FINISHED,12.0,24.0,Comedy|Fantasy|Slice of Life,EMT Squared,71.0,21739,394
194318,Yoroi Shinden Samurai Troopers,2026-01-06,TV,FINISHED,12.0,24.0,Action|Adventure|Sci-Fi,Sunrise,57.0,4393,60
189565,Osananajimi to wa Love Comedy ni Naranai,2026-01-06,TV,FINISHED,12.0,24.0,Comedy|Romance,Tezuka Productions,63.0,27595,365
187942,Mayonaka Heart Tune,2026-01-06,TV,FINISHED,12.0,24.0,Comedy|Romance,Gekkou,73.0,49523,1199
183661,Isekai no Sata wa Shachiku Shidai,2026-01-06,TV,FINISHED,12.0,25.0,Adventure|Fantasy|Romance|Slice of Life,Studio DEEN,69.0,24046,580
204432,CHOPPER's,2026-01-05,TV_SHORT,FINISHED,12.0,1.0,Slice of Life,STUDIO EIGHTCOLORS|Dandelion Animation Studio,55.0,1228,10
198767,Ichigo Aika: Zatsu de Namaiki na Imouto to Warikirenai Ani,2026-01-05,ONA,FINISHED,12.0,7.0,Comedy|Ecchi|Romance,Studio Houkiboshi,57.0,3046,64
198720,Hokuto no Ken: Kenou-gun Zako-tachi no Banka,2026-01-05,TV_SHORT,FINISHED,12.0,4.0,Comedy,Doraku,48.0,1015,15
197731,Goumon Baito-kun no Nichijou,2026-01-05,TV,FINISHED,12.0,24.0,Comedy|Slice of Life,diomedéa,63.0,11463,146
195322,Vigilante: Boku no Hero Academia ILLEGALS 2nd Season,2026-01-05,TV,FINISHED,13.0,24.0,Action|Adventure|Drama|Fantasy,bones film,74.0,39149,495
194028,Kirei ni Shitemoraemasu ka.,2026-01-05,TV,FINISHED,12.0,24.0,Comedy|Romance|Slice of Life,Okuruto Noboru,67.0,22706,428
189259,Arisugawa Ren tte Honto wa Onna Nanda yo ne.,2026-01-05,ONA,FINISHED,8.0,7.0,Comedy|Drama|Hentai,studio LEO,53.0,806,21
185993,Kizoku Tensei: Megumareta Umare kara Saikyou no Chikara wo Eru,2026-01-05,ONA,FINISHED,12.0,24.0,Action|Adventure|Fantasy,CompTown,66.0,41098,699
177385,Ikoku Nikki,2026-01-05,TV,FINISHED,13.0,24.0,Drama|Slice of Life,Shuka,87.0,49451,3103
166521,Golden Kamuy: Saishuushou,2026-01-05,TV,FINISHED,13.0,24.0,Action|Adventure|Comedy,Brain's Base,82.0,21387,349
186333,Majutsushi Kunon wa Mieteiru,2026-01-04,ONA,FINISHED,13.0,24.0,Action|Adventure|Fantasy,Platinum Vision,65.0,36101,484
177580,Hanazakari no Kimitachi e,2026-01-04,ONA,FINISHED,12.0,24.0,Comedy|Drama|Romance|Slice of Life,Signal.MD,69.0,18538,327
205307,Shirube,2026-01-03,MUSIC,FINISHED,1.0,,,GRAPH77,61.0,395,5
199446,"Saioshi no Gikei wo Mederu Tame, Nagaikishimasu!",2026-01-03,ONA,FINISHED,12.0,4.0,Fantasy|Romance,Imageworks Studio|Imagica Infos,51.0,2550,33
167152,Yuusha Kei ni Shosu: Choubatsu Yuusha 9004-tai Keimu Kiroku,2026-01-03,TV,FINISHED,12.0,25.0,Action|Drama|Fantasy,Studio KAI,81.0,158018,4642
166617,Fate/strange Fake,2026-01-03,TV,FINISHED,13.0,25.0,Action|Adventure|Fantasy|Mystery|Supernatural,A-1 Pictures,82.0,81045,2365
198749,Yi Ren Zhi Xia 6,2026-01-02,ONA,FINISHED,26.0,,Action|Supernatural,Qiyuan Yinghua,59.0,1348,16
205154,Noto Hantou Fukkou Ouen Kikaku,2026-01-01,ONA,FINISHED,2.0,2.0,Slice of Life,ROLL2|EVOLROAR,,203,1
199366,Zhongguo Qitan 2,2026-01-01,ONA,FINISHED,9.0,15.0,Fantasy,Shanghai Animation Film Studio,,174,2
199112,"Watashi ga Koibito ni Nareru Wake Nai jan, Muri Muri! (※Muri ja Nakatta!?): Next Shine!",2026-01-01,TV,FINISHED,5.0,24.0,Comedy|Romance,studio MOTHER,79.0,22493,648
195384,Meikyuu no Shiori,2026-01-01,MOVIE,FINISHED,1.0,125.0,Horror|Sci-Fi,SANZIGEN,52.0,2448,23
187264,Yuusha Party wo Oidasareta Kiyou Binbou,2026-01-01,ONA,FINISHED,12.0,24.0,Action|Adventure|Fantasy,animation studio42,67.0,68563,1264
185753,MF Ghost 3rd Season,2026-01-01,ONA,FINISHED,13.0,24.0,Sports,Felix Film,76.0,13459,312
178005,Tamon-kun Ima Docchi!?,2026-01-01,ONA,FINISHED,13.0,24.0,Comedy|Music|Romance,J.C.STAFF,78.0,45199,1847
215527,Kajitsu,,OVA,NOT_YET_RELEASED,,,Hentai,,,61,0
214872,Liang Yao,,ONA,NOT_YET_RELEASED,,,Action,,,25,1
214551,Oushun Jogakuen no Danyuu,,ONA,NOT_YET_RELEASED,,,Hentai,,,73,0
213362,Zhan Shen: Fanchen Shen Yu Movie - Cangnan Zhi Shang,,ONA,NOT_YET_RELEASED,,,Action|Fantasy|Supernatural,Shenman Entertainment,,152,6
211189,Xiaozhu Peppa Pig Wanmei Jiaqi,,MOVIE,NOT_YET_RELEASED,1.0,,Adventure,,,67,0
210465,Sheng Xu,,ONA,NOT_YET_RELEASED,,,Action|Fantasy,Build Dream,,143,3
209642,Maebashi Witches: Majo Minarai no Emoemories,,MOVIE,NOT_YET_RELEASED,1.0,,Drama|Mahou Shoujo|Music|Supernatural,Sunrise,,421,3
207217,Koneko no Haitatsuin Uunyan New Series (Provisional Title),,ONA,NOT_YET_RELEASED,3.0,1.0,Slice of Life,Studio Nanahoshi,,53,0
206814,Dragon Ball Super: Beerus,,TV,NOT_YET_RELEASED,,,Action|Adventure,Toei Animation,,8475,145
206599,Lun Hui Leyuan,,ONA,NOT_YET_RELEASED,,,Action|Adventure|Fantasy,DC Impression Vision,,92,1
206596,Heiye Qishi,,ONA,NOT_YET_RELEASED,26.0,,Action|Fantasy|Sci-Fi,,,79,2
206287,Wuzhuang Fengbao,,ONA,NOT_YET_RELEASED,,,Action|Adventure|Sci-Fi,Qingxiang,,90,2
206276,Kai,,ONA,NOT_YET_RELEASED,,,Action|Fantasy,Shenman Entertainment,,76,1
206275,Wo Zai Feitu Shijie Sao Laji,,ONA,NOT_YET_RELEASED,16.0,,Action|Adventure|Fantasy,Shenman Entertainment,,178,4
206272,Wan Xiang Zhi Wang,,ONA,NOT_YET_RELEASED,36.0,,Action|Adventure|Fantasy,CG Year,,106,3
206244,Luo Xiaohei Zhan Ji: Xue Qian Pian,,ONA,NOT_YET_RELEASED,,,Action|Adventure|Comedy|Supernatural,HMCH,,185,1
206215,Wu Dong Qiankun 7,,ONA,NOT_YET_RELEASED,,,Action|Adventure|Fantasy,Motion Magic,,244,15
206195,Fan Ying,,ONA,NOT_YET_RELEASED,,,Action|Drama|Fantasy|Sci-Fi,YHKT Entertainment,,119,1
206192,Zuoshou Shanglan 3,,ONA,NOT_YET_RELEASED,,,Sports,Heart & Soul Animation,,301,2
206160,Yun Shen Buzhi Meng 2,,ONA,NOT_YET_RELEASED,26.0,22.0,Action|Adventure|Fantasy,Yien Animation,,137,9
206140,Yu Shen Ji,,MOVIE,NOT_YET_RELEASED,,,Action,,,87,1
205907,Huo Wang,,ONA,NOT_YET_RELEASED,,,Adventure|Drama|Horror|Psychological|Supernatural,D.ROCK-ART,,282,6
205906,Emo Faze 2,,ONA,NOT_YET_RELEASED,30.0,19.0,Action|Adventure|Fantasy,CG Year,,167,7
205374,Chu Wu,,ONA,NOT_YET_RELEASED,,,Action|Fantasy,,,203,3
205372,Mang Huang Ji (2026),,ONA,NOT_YET_RELEASED,26.0,,Action|Adventure,Shenman Entertainment,,153,5
203368,Onegai☆Teacher Shinsaku Animation (Provisional Title),,OVA,NOT_YET_RELEASED,,,Comedy|Drama|Romance|Sci-Fi,Studio M2,,275,5
202846,Zhen Hun Jie 5,,ONA,NOT_YET_RELEASED,30.0,,Action|Fantasy|Supernatural,L² Studio,,169,2
199437,Chao Neng Fu Ke Jing,,ONA,NOT_YET_RELEASED,18.0,,Action|Adventure|Fantasy,Oriental Creative Color,,82,2
199434,Tianyuan,,ONA,NOT_YET_RELEASED,52.0,,Action|Adventure|Fantasy,,,132,2
199359,Shen Hai Yu Jin,,ONA,NOT_YET_RELEASED,,,Action|Adventure|Comedy|Horror|Psychological,,,138,2
199357,Qing Jiao Wo Gui Chai Da Ren,,ONA,NOT_YET_RELEASED,,,Action|Horror|Mystery|Supernatural,Big Firebird Cultural Media,,3488,37
199088,Shenguo Zhi Shang 2,,ONA,NOT_YET_RELEASED,24.0,,Action|Adventure|Fantasy,CG Year,,122,5
199068,Shin Tennis no Ouji-sama: U-17 WORLD CUP Kesshou Member Ketteisen,,TV,NOT_YET_RELEASED,,,Action|Comedy|Sports,,,747,5
198705,Quanzhi Gaoshou 4,,ONA,NOT_YET_RELEASED,,,Action,Lingsanwu Animation,,2114,16
197620,SEKIRO: NO DEFEAT,,TV,NOT_YET_RELEASED,,,Action|Adventure|Fantasy|Supernatural,Qzil.la,,15141,126
195448,Monogatari Series: Off & Monster Season Shin Episode,,,NOT_YET_RELEASED,,,Drama|Mystery|Supernatural,Shaft,,10010,51
191979,Dang Shen Bu Rang,,ONA,NOT_YET_RELEASED,,,Action|Adventure|Fantasy,,,253,1
190574,Hinagiku no Jinsei,,MOVIE,NOT_YET_RELEASED,1.0,,Drama|Fantasy,ame pippin,,685,0
190054,Watashi no Shiawase na Kekkon (Shinsaku Anime),,SPECIAL,NOT_YET_RELEASED,3.0,,Drama|Romance|Supernatural,,,6973,60
187990,Battle Spirits [Re] Zekkai No Ku,,TV,NOT_YET_RELEASED,,,Action,Bandai Namco Pictures,,535,8
185756,"Tensei Kizoku, Kantei Skill de Nariagaru 3rd Season",,TV,NOT_YET_RELEASED,,,Adventure|Fantasy,studio MOTHER,,12425,129
177128,Miyabi na Senpai ❤,,OVA,NOT_YET_RELEASED,,,Hentai,,,434,9
176910,KILLTUBE,,MOVIE,NOT_YET_RELEASED,1.0,,Action|Fantasy,STUDIO DOTOU,,3394,17
168245,Nian Fanchen,,ONA,NOT_YET_RELEASED,,,Action|Adventure|Fantasy,Chongzhuo Animation,,274,9
164194,Hina,,MOVIE,NOT_YET_RELEASED,1.0,,Action|Drama,,,1645,3
194884,Kaguya-sama wa Kokurasetai: Otona e no Kaidan,2025-12-31,SPECIAL,FINISHED,2.0,26.0,Comedy|Psychological|Romance|Slice of Life,A-1 Pictures,84.0,49535,1015
153467,Xian Jian Qi Xia Zhuan 3,2025-12-30,ONA,FINISHED,26.0,,Action|Adventure|Fantasy,Year Young Culture,,170,0
214074,Zeztz Anime: Dream Arbeiter Baku,2025-12-28,ONA,RELEASING,,7.0,Comedy,,,25,0
205905,Guangyin Zhi Wai,2025-12-28,ONA,FINISHED,26.0,,Action|Adventure|Fantasy,Pure Arts|Passion Paint Animation,76.0,1037,59
155311,Shanhai Jing Mima,2025-12-27,ONA,FINISHED,13.0,,Action|Adventure|Fantasy,,,286,5
206727,Remember,2025-12-26,MUSIC,FINISHED,1.0,4.0,Slice of Life,,68.0,686,14
204742,Tomo ni Kagayaku Ashita no Tame ni.,2025-12-26,ONA,FINISHED,1.0,5.0,Slice of Life,Qzil.la,,132,1
201975,Kegareboshi Aka,2025-12-26,OVA,FINISHED,1.0,16.0,Hentai,T-REX,63.0,830,29
201974,Kegareboshi Ao,2025-12-26,OVA,FINISHED,1.0,16.0,Hentai,T-REX,63.0,763,27
199164,Seihou Shouka Saint Lime VN: VeasTube Eroero Haishin Edition♪,2025-12-26,OVA,RELEASING,,,Hentai,Majin petit,48.0,436,15
199162,Cool de M,2025-12-26,OVA,RELEASING,,,Hentai,Nur,56.0,535,19
193923,Kono Hon wo Nusumu Mono wa,2025-12-26,MOVIE,FINISHED,1.0,85.0,Adventure|Fantasy|Mystery,Kagome Company,,2525,9
188034,Girls und Panzer: Motto Love Love Sakusen desu!,2025-12-26,MOVIE,FINISHED,4.0,72.0,Comedy,P.A.WORKS|Actas,72.0,3644,62
179930,Undead Unluck: Winter-hen,2025-12-26,SPECIAL,FINISHED,1.0,48.0,Action|Comedy|Sci-Fi|Supernatural,E&H Production,76.0,19442,247
205290,Jian Lai 2,2025-12-25,ONA,FINISHED,27.0,31.0,Action|Adventure|Fantasy,Cloud Art,69.0,534,30
213642,Juequling: Ruo Neng Huazuo Guangmang,2025-12-24,ONA,FINISHED,1.0,9.0,Action|Fantasy,Fantasier Animation,59.0,201,4
204696,Little Twin Stars: Hajimari no Monogatari,2025-12-24,ONA,FINISHED,1.0,9.0,Fantasy,Nippon Animation,,107,2
168252,Chaofan Jinhua,2025-12-23,ONA,FINISHED,14.0,18.0,Action|Fantasy,Joicy Studio,,415,7
214873,Wang You Guo,2025-12-22,ONA,FINISHED,3.0,17.0,Action|Fantasy,,,20,1
204656,mofusand,2025-12-22,ONA,RELEASING,,1.0,Slice of Life,Monster's Egg,60.0,832,21
168195,Kaiju Jiu You Wang Zhe Zhanghao,2025-12-21,ONA,FINISHED,12.0,12.0,Action|Fantasy|Mystery|Sci-Fi,Liliyabi,,479,13
189258,Ao no Miburo: Serizawa Ansatsu-hen,2025-12-20,TV,FINISHED,14.0,24.0,Drama,Maho Film,67.0,3722,53
186834,Yong Sheng 5,2025-12-20,ONA,FINISHED,26.0,20.0,Action|Adventure|Fantasy,,59.0,361,12
208055,LOCA!,2025-12-19,MOVIE,FINISHED,1.0,21.0,Slice of Life,,64.0,560,12
204654,"Hachigatsu, Bou, Tsukiakari",2025-12-15,MUSIC,FINISHED,1.0,5.0,Psychological,OTOIRO,60.0,333,4
185857,Xian Wang de Richang Shenghuo 5,2025-12-14,ONA,FINISHED,12.0,18.0,Action|Comedy|Fantasy,Liyu Culture,76.0,14416,278
213509,Underdog Short Animations,2025-12-12,ONA,FINISHED,2.0,1.0,Psychological|Sci-Fi|Slice of Life|Supernatural,,,33,1
208074,DIGITAL LOVE feat. Hoshimachi Suisei,2025-12-12,MUSIC,FINISHED,1.0,2.0,,,55.0,179,1
207081,"Watashi wa, Watashi no Koto ga Suki.",2025-12-12,MUSIC,FINISHED,1.0,2.0,,Studio Colorido,68.0,772,10
204080,IRIS OUT,2025-12-12,ONA,FINISHED,1.0,1.0,,MAPPA,83.0,4815,170
187921,Shuumatsu no Valkyrie III,2025-12-10,ONA,FINISHED,15.0,25.0,Action|Drama|Fantasy|Supernatural,Yumeta Company|MARU animation,77.0,27304,551
195877,Bai Lian Cheng Shen 3,2025-12-09,ONA,FINISHED,26.0,,Action|Adventure|Fantasy,Qingxiang,61.0,377,18
191893,IDOLiSH7: First BEAT! Gekijou Soushuuhen - Kouhen,2025-12-05,MOVIE,FINISHED,1.0,,Comedy|Drama|Music|Slice of Life,TROYCA,,263,2
188928,Natsu to Hako,2025-12-05,OVA,RELEASING,,,Hentai,NewGeneration,66.0,1091,64
153458,San Xian Lun Hui,2025-12-05,ONA,FINISHED,18.0,18.0,Action|Adventure,ASK Animation Studio,,487,5
132776,Peleliu: Rakuen no Guernica,2025-12-05,MOVIE,FINISHED,,,Drama,Fugaku|Shin-Ei Animation,54.0,2228,10
204626,Metal Cardbot W,2025-12-04,TV_SHORT,RELEASING,26.0,12.0,,SAMG Animation,,43,2
199005,#Kanagawa ni Sunderu Elf,2025-12-04,TV_SHORT,FINISHED,12.0,4.0,Comedy|Fantasy|Slice of Life,Imagica Infos|Imageworks Studio,,718,7
166443,Zi Jin: Yu Miao Fang,2025-12-03,ONA,FINISHED,16.0,20.0,Action|Adventure|Fantasy,Colored Pencil Animation,,420,4
199432,Aoshi Dan Shen,2025-12-02,ONA,FINISHED,12.0,20.0,Action|Adventure|Fantasy,Ruo Hong Culture,61.0,371,13
213095,Nihyaku-nen no Yume wo Mita.,2025-12-01,ONA,FINISHED,3.0,10.0,,Aquastar,,71,1
204396,Long Hun,2025-12-01,ONA,FINISHED,8.0,17.0,Action|Adventure|Fantasy,BYMENT,,140,5
200228,Oshikake! Bakunyuu Gal Harem Seikatsu,2025-11-28,OVA,RELEASING,,16.0,Hentai,T-REX,69.0,1214,69
198046,Do S na Pet,2025-11-28,OVA,RELEASING,,,Hentai,Nur,53.0,528,16
196116,Nagachichi Nagai-san THE ANIMATION,2025-11-28,OVA,RELEASING,,20.0,Hentai,Seven,57.0,819,39
199414,Xuan Jie Zhi Men,2025-11-26,ONA,FINISHED,26.0,20.0,Action|Adventure|Fantasy,BYMENT,58.0,423,11
194712,Nukitashi THE ANIMATION OVAs,2025-11-26,OVA,FINISHED,4.0,5.0,Ecchi,Passione,63.0,4117,65
214834,Path of Progress,2025-11-24,ONA,FINISHED,1.0,2.0,,A-1 Pictures,,85,1
166421,Jiu Yang Wushen,2025-11-22,ONA,FINISHED,20.0,18.0,Fantasy,Xing Yi Kai Chen,58.0,422,12
207855,Maru-neun Gangjwi,2025-11-21,ONA,FINISHED,8.0,18.0,Comedy|Slice of Life,Studio Shelter,,124,2
185773,Hateshinaki Scarlet,2025-11-21,MOVIE,FINISHED,1.0,113.0,Action|Adventure|Drama|Fantasy|Psychological,Studio Chizu,61.0,11720,116
203146,Atashin'chi NEXT 2,2025-11-20,ONA,FINISHED,5.0,10.0,Comedy,Shin-Ei Animation,,70,0
202660,Wu Dong Qiankun 6,2025-11-20,ONA,FINISHED,12.0,24.0,Action|Adventure|Fantasy,Motion Magic,68.0,462,20
212518,Muteki☆Honki da Survivor!,2025-11-15,MUSIC,FINISHED,1.0,4.0,Action,,,122,3
199154,"GIRLS BAND CRY: Naa, Mirai.",2025-11-14,MOVIE,FINISHED,1.0,110.0,Drama|Music|Slice of Life,Toei Animation,72.0,2577,26
198344,Mesu wo Karu Mura,2025-11-14,OVA,FINISHED,2.0,20.0,Hentai,,52.0,532,14
202281,BLUE GALE XABUNGLE SIDE R,2025-11-12,ONA,FINISHED,1.0,3.0,Action|Mecha|Sci-Fi,Sunrise|Kamikaze Douga,60.0,253,2
203710,Wei Miao Rensheng,2025-11-11,ONA,FINISHED,36.0,10.0,Romance|Supernatural,Paper Plane Animation Studio,62.0,1829,23
199439,Jian Wang 3: Shen Jianxin de 365 Tian,2025-11-08,ONA,FINISHED,35.0,,,,,155,1
204066,Jujutsu Kaisen: Shibuya Jihen Tokubetsu Henshuu-ban x Shimetsu Kaiyuu Senkou Jouei,2025-11-07,MOVIE,FINISHED,1.0,88.0,Action|Drama|Supernatural,MAPPA,76.0,20478,390
193294,Toritsukare Otoko,2025-11-07,MOVIE,FINISHED,1.0,,Music,Shin-Ei Animation,,853,3
183384,Love Live! Nijigasaki Gakuen School Idol Doukoukai: Kanketsu-hen 2,2025-11-07,MOVIE,FINISHED,1.0,75.0,Music|Slice of Life,Sunrise,77.0,2646,49
213460,Sorotani no Keibacchi Season 3,2025-11-05,TV_SHORT,FINISHED,4.0,3.0,Comedy|Sports,DLE,,15,1
137711,Shen Qian: Qiangzhi Daodai,2025-11-05,ONA,FINISHED,8.0,20.0,Action|Sci-Fi,Nice Boat Animation,,86,0
201808,LET'S JUST CRASH,2025-11-03,MUSIC,FINISHED,1.0,3.0,,Kanaban Graphics,59.0,672,24
120406,Gu Xiong,2025-11-02,ONA,FINISHED,9.0,19.0,Action,Aisi Animation Studio|Nice Boat Animation,,554,5
212517,Iolite,2025-11-01,MUSIC,FINISHED,1.0,4.0,Slice of Life|Supernatural,,56.0,229,3
206277,Quanneng Gaoshou,2025-11-01,ONA,FINISHED,20.0,12.0,Action|Adventure|Fantasy,,,48,1
204628,Oshi ga Buka ni Narimashita,2025-10-31,ONA,FINISHED,30.0,2.0,Romance,,,265,3
201151,THE LENTICULARS,2025-10-31,ONA,FINISHED,8.0,6.0,Comedy|Romance|Slice of Life,TRIGGER,60.0,1233,11
199430,Cengjing You Yongshi,2025-10-31,ONA,FINISHED,12.0,19.0,Comedy|Fantasy,Pb Animation,60.0,905,20
198048,Natsuzuma,2025-10-31,OVA,RELEASING,,16.0,Hentai,T-REX,66.0,1034,60
196547,H na Gishi Series The Animation,2025-10-31,OVA,FINISHED,2.0,20.0,Hentai,,62.0,813,29
196540,Seikon no Aria,2025-10-31,OVA,RELEASING,,,Hentai,Majin petit,56.0,641,19
188522,Sumikko Gurashi: Sora no Ookoku to Futari no Ko,2025-10-31,MOVIE,FINISHED,1.0,,Comedy,Fanworks,,204,0
199603,Princess Catch! Tiniping,2025-10-30,TV_SHORT,RELEASING,26.0,11.0,Drama|Fantasy|Mahou Shoujo,SAMG Animation,,68,0
184642,Star Wars: Visions Volume 3,2025-10-29,ONA,FINISHED,9.0,19.0,Action|Adventure|Sci-Fi,david production|Kamikaze Douga|Studio Anima|Kinema Citrus|POLYGON PICTURES|Production I.G|Project Studio Q|TRIGGER|WIT STUDIO,69.0,6083,48
184351,Shi Wai,2025-10-29,MOVIE,FINISHED,1.0,111.0,Action|Drama|Fantasy,Point Five Creations,68.0,1057,24
140291,Disney Twisted-Wonderland: THE ANIMATION - Season 1: EPISODE of HEARTSLABYUL,2025-10-29,ONA,FINISHED,8.0,27.0,Adventure|Fantasy,Yumeta Company|Graphinica,68.0,23210,600
185858,Xian Di Guilai,2025-10-27,ONA,FINISHED,16.0,,Action|Adventure|Fantasy,,64.0,398,5
196722,Reika wa Karei na Boku no Joou THE ANIMATION,2025-10-24,OVA,RELEASING,,20.0,Hentai,Seven,72.0,1586,71
195360,Honey Blonde 2,2025-10-24,OVA,RELEASING,,20.0,Hentai,,61.0,669,27
140337,Zombie Land Saga: Yume Ginga Paradise,2025-10-24,MOVIE,FINISHED,1.0,122.0,Comedy|Music|Supernatural,MAPPA,82.0,18531,247
196230,Monster Strike: Deadverse Reloaded,2025-10-21,TV,FINISHED,10.0,24.0,Action|Fantasy,Yumeta Company,51.0,2202,17
207886,Run Run Lantern,2025-10-19,SPECIAL,FINISHED,1.0,6.0,,P.A.WORKS,63.0,2286,15
203953,Mu Shen Ji 3,2025-10-19,ONA,FINISHED,26.0,20.0,Action|Adventure|Fantasy,Sparkly Key Animation,74.0,547,35
200560,Kasukana Yuuhi,2025-10-17,MUSIC,FINISHED,1.0,4.0,Mahou Shoujo,CloverWorks,62.0,295,5
198188,Fujimoto Tatsuki 17-26,2025-10-17,MOVIE,FINISHED,8.0,18.0,Action|Comedy|Drama|Romance|Sci-Fi|Slice of Life|Supernatural,ZEXCS|Lapin Track|100studio|Studio Kafka|P.A.WORKS|GRAPH77,79.0,48604,1081
194872,Golden Kamuy: Inazuma Goutou to Mamushi no Ogin/Shimaenaga,2025-10-17,OVA,FINISHED,1.0,,Action|Adventure|Comedy,Brain's Base,65.0,3603,17
194353,Choro Mesu Days,2025-10-17,OVA,RELEASING,,,Hentai,NewGeneration,66.0,1301,75
211271,Odekake Kozame Kurashiki-shi Collab Movie,2025-10-16,ONA,FINISHED,1.0,2.0,Slice of Life,ENGI,,179,1
188529,Ugoku! Neko Mukashi Banashi,2025-10-15,ONA,RELEASING,50.0,3.0,Comedy,Studio Comet,54.0,581,10
155303,Tian Xiang,2025-10-15,ONA,FINISHED,26.0,,Action|Adventure|Fantasy,Honglu Technology,,291,8
186161,Kimi to Koete Koi ni Naru,2025-10-14,TV,FINISHED,12.0,24.0,Drama|Fantasy|Romance,Millepensee,69.0,15522,305
207848,Digimon Story Time Stranger: Prelude,2025-10-13,SPECIAL,FINISHED,1.0,4.0,Action|Sci-Fi,MUSUHI,57.0,264,3
194447,Isekai Quartet 3,2025-10-13,TV_SHORT,FINISHED,11.0,12.0,Comedy|Fantasy|Slice of Life,Studio PuYUKAI,74.0,16481,201
186524,Chanto Suenai Kyuuketsuki-chan,2025-10-12,TV,FINISHED,12.0,24.0,Comedy|Slice of Life|Supernatural,feel.,68.0,19352,279
185116,Gnosia,2025-10-12,TV,FINISHED,21.0,25.0,Drama|Mystery|Sci-Fi|Thriller,domerica,77.0,26476,868
153800,One Punch Man 3,2025-10-12,TV,FINISHED,12.0,24.0,Action|Comedy|Sci-Fi|Supernatural,J.C.STAFF,50.0,150270,2147
213646,Yuanshen: Baoshi de Pianju,2025-10-10,ONA,FINISHED,1.0,1.0,Action|Fantasy,miHoYo Anime,,150,2
200642,Wadachi wo Koete Yuke,2025-10-10,MOVIE,FINISHED,1.0,30.0,Drama|Sci-Fi,studioDOT,,529,2
196115,Golden Kamuy: Sapporo Beer Koujou-hen,2025-10-10,MOVIE,FINISHED,2.0,68.0,Action|Adventure|Comedy,Brain's Base,67.0,3240,27
191403,Aikatsu! x PriPara THE MOVIE -Deai no Kiseki-,2025-10-10,MOVIE,FINISHED,1.0,75.0,Music,Bandai Namco Pictures,74.0,1020,25
177686,Housenka,2025-10-10,MOVIE,FINISHED,1.0,90.0,Drama,CLAP,69.0,2871,10
200046,SO BAD,2025-10-09,MUSIC,FINISHED,1.0,4.0,Action,A-1 Pictures,,125,2
199635,PetitCure: Precure Fairies Season 2,2025-10-09,ONA,FINISHED,23.0,1.0,Fantasy|Slice of Life,IKIF+,55.0,327,4
174914,Tensei Akujo no Kuro Rekishi,2025-10-09,TV,FINISHED,12.0,24.0,Comedy|Fantasy|Romance,Studio DEEN,66.0,20826,336
199931,Dokodemo Makibao: World Tour,2025-10-08,ONA,FINISHED,24.0,4.0,Comedy|Sports,DLE,,71,2
186914,Ninja to Gokudou,2025-10-08,TV,FINISHED,12.0,23.0,Action|Drama,Studio DEEN,61.0,7249,88
180436,WanDance,2025-10-08,TV,FINISHED,12.0,23.0,Drama|Sports,MADHOUSE|Cyclone Graphics,66.0,23611,310
170577,Tondemo Skill de Isekai Hourou Meshi 2,2025-10-08,TV,FINISHED,12.0,24.0,Adventure|Comedy|Fantasy,MAPPA,76.0,58142,1379
204732,Saishinwa,2025-10-07,MUSIC,FINISHED,1.0,3.0,Romance,,59.0,285,3
199009,2200-nen Neko no Kuni Nippon,2025-10-07,TV_SHORT,FINISHED,12.0,3.0,Comedy|Sci-Fi|Slice of Life,Imageworks Studio|Imagica Infos,50.0,1079,10
198312,Heika Watashi wo Wasurete Kudasai,2025-10-07,TV_SHORT,FINISHED,12.0,5.0,Fantasy|Romance,Imagica Infos|Imageworks Studio,51.0,4034,37
186794,Ansatsusha de Aru Ore no Status ga Yuusha yori mo Akiraka ni Tsuyoi no da ga,2025-10-07,TV,FINISHED,12.0,24.0,Action|Adventure|Fantasy,Sunrise,66.0,82798,1444
180082,Chitose-kun wa Ramune Bin no Naka,2025-10-07,TV,FINISHED,13.0,24.0,Comedy|Romance,feel.,73.0,46475,920
162890,3-nen Z-gumi Ginpachi-sensei,2025-10-07,TV,FINISHED,12.0,24.0,Comedy,Bandai Namco Pictures,75.0,14809,226
199812,Sawaranaide Kotesashi-kun Mini Anime Gekijou,2025-10-06,TV_SHORT,FINISHED,12.0,12.0,Comedy|Ecchi|Romance|Sports,Front Wing,47.0,407,6
199008,Uso Tantei Tomanto,2025-10-06,TV_SHORT,FINISHED,26.0,1.0,Mystery,Fanworks,,143,0
187331,Sawaranaide Kotesashi-kun,2025-10-06,TV_SHORT,FINISHED,12.0,12.0,Comedy|Ecchi|Romance|Sports,Quad,58.0,19309,263
182531,Guilty Hole,2025-10-06,ONA,FINISHED,8.0,7.0,Hentai,Studio Houkiboshi,63.0,1878,69
173523,Egao no Taenai Shokuba desu.,2025-10-06,TV,FINISHED,13.0,24.0,Comedy|Slice of Life,Voil,73.0,13914,232
170936,Debu to Love to Ayamachi to!,2025-10-06,TV,FINISHED,12.0,25.0,Comedy|Drama|Romance,Marvy Jack,62.0,6326,83
196553,SI-VIS: The Sound of Heroes,2025-10-05,TV,FINISHED,24.0,24.0,Action|Drama|Music|Romance|Sci-Fi,Studio VOLN,59.0,5207,56
195240,Uma Musume: Cinderella Gray Part 2,2025-10-05,TV,FINISHED,10.0,24.0,Drama|Sports,CygamesPictures,86.0,28902,1303
190840,Kingdom 6th Season,2025-10-05,TV,FINISHED,13.0,25.0,Action,Studio Pierrot|Studio Signpost,84.0,10217,297
188388,DIGIMON BEATBREAK,2025-10-05,TV,RELEASING,,24.0,Action|Adventure|Fantasy|Sci-Fi,Toei Animation,69.0,14442,270
187464,Toujima Tanzaburou wa Kamen Rider ni Naritai,2025-10-05,TV,FINISHED,24.0,24.0,Action|Comedy|Ecchi,LIDENFILMS,75.0,26099,598
186190,Alma-chan wa Kazoku ni Naritai,2025-10-05,TV,FINISHED,11.0,24.0,Comedy|Romance|Sci-Fi|Slice of Life,Studio Flad,69.0,14097,220
185731,Ranma 1/2 (2024) 2nd Season,2025-10-05,TV,FINISHED,12.0,23.0,Action|Comedy|Romance,MAPPA,77.0,31634,565
179992,Kikaijikake no Marie,2025-10-05,TV,FINISHED,12.0,24.0,Action|Comedy|Romance|Sci-Fi,Zero-G|Liber,67.0,20383,267
173692,"Chichi wa Eiyuu, Haha wa Seirei, Musume no Watashi wa Tenseisha.",2025-10-05,TV,FINISHED,12.0,24.0,Fantasy|Romance,J.C.STAFF,66.0,28545,395
170018,Ao no Orchestra Season 2,2025-10-05,TV,FINISHED,21.0,25.0,Drama|Music,Nippon Animation,74.0,6663,97
129195,Tomodachi no Imouto ga Ore ni dake Uzai,2025-10-05,TV,FINISHED,12.0,23.0,Comedy|Romance|Slice of Life,BLADE,64.0,49702,704
206154,Qiyun Dantian: Kaiju Qiandao Zhizun Dantian,2025-10-04,ONA,RELEASING,60.0,9.0,Action|Adventure|Fantasy,,,72,2
198413,JOCHUM Season 2,2025-10-04,TV_SHORT,FINISHED,24.0,2.0,Slice of Life,Fanworks,,120,0
195173,SHIBUYA♡HACHI Part 4,2025-10-04,TV_SHORT,FINISHED,12.0,3.0,Slice of Life,Nippon Animation,,118,0
194832,Oshiri Tantei 9 Part 2,2025-10-04,TV,FINISHED,7.0,20.0,Comedy,Toei Animation,,83,0
188487,"Mikata ga Yowasugite Hojo Mahou ni Tesshiteita Kyuutei Mahoushi, Tsuihou Sarete Saikyou wo Mezasu",2025-10-04,TV,FINISHED,12.0,23.0,Action|Adventure|Fantasy,Gekkou,63.0,37716,453
187940,Kao ni Denai Kashiwada-san to Kao ni Deru Oota-kun,2025-10-04,TV,FINISHED,12.0,24.0,Comedy|Romance|Slice of Life,STUDIO POLON,69.0,23644,440
186920,Shuumatsu Touring,2025-10-04,TV,FINISHED,12.0,24.0,Adventure|Sci-Fi|Slice of Life,Nexus,66.0,11814,123
186736,Kagaku×Bouken Survival! 2nd Season,2025-10-04,TV,FINISHED,19.0,24.0,,Studio Gallop,,218,1
185801,Nageki no Bourei wa Intai Shitai 2,2025-10-04,ONA,FINISHED,11.0,24.0,Action|Comedy|Fantasy,Zero-G,74.0,33335,609
182896,Boku no Hero Academia FINAL SEASON,2025-10-04,TV,FINISHED,11.0,23.0,Action|Adventure,bones film,87.0,130578,4952
181447,Saigo ni Hitotsu dake Onegai Shite mo Yoroshii Deshou ka,2025-10-04,ONA,FINISHED,13.0,24.0,Action|Comedy|Drama|Fantasy|Romance,LIDENFILMS,73.0,73299,1667
179302,SANDA,2025-10-04,TV,FINISHED,12.0,24.0,Action|Drama|Mystery,Science SARU,74.0,49104,884
177937,SPY×FAMILY Season 3,2025-10-04,TV,FINISHED,13.0,24.0,Action|Comedy|Slice of Life|Supernatural,WIT STUDIO|CloverWorks,82.0,130757,2481
176298,Kekkon Yubiwa Monogatari II,2025-10-04,TV,FINISHED,13.0,24.0,Adventure|Comedy|Ecchi|Fantasy|Romance,Staple Entertainment,64.0,21039,300
162669,Fumetsu no Anata e Season 3,2025-10-04,TV,FINISHED,22.0,25.0,Adventure|Drama|Fantasy|Psychological|Supernatural,Drive|Studio Massket,74.0,55216,916
213094,Yonghansonyeo,2025-10-03,ONA,FINISHED,10.0,14.0,Comedy|Fantasy|Romance,,60.0,1253,24
207637,Ai Zokusei,2025-10-03,MUSIC,FINISHED,1.0,3.0,,,,113,3
207475,Jongtama x Gintama Collab Kettei Promotion Anime,2025-10-03,ONA,FINISHED,1.0,12.0,,Bandai Namco Pictures,,188,1
201262,POKÉTOON (2025),2025-10-03,ONA,FINISHED,3.0,8.0,Comedy|Fantasy|Slice of Life,mimoid|100studio|Studio Colorido,64.0,736,5
199794,Anila to Cocora,2025-10-03,TV_SHORT,FINISHED,13.0,2.0,Comedy|Slice of Life,Kachidoki Studio,47.0,679,4
199363,Wanmei Shijie 6,2025-10-03,ONA,RELEASING,52.0,24.0,Action|Adventure|Fantasy,Foch,67.0,386,29
198561,"Potion, Wagami wo Tasukeru",2025-10-03,TV_SHORT,FINISHED,12.0,13.0,Fantasy,Imagica Infos|Imageworks Studio,57.0,7345,100
198117,GANGLION,2025-10-03,TV_SHORT,FINISHED,24.0,3.0,Action|Comedy,studio maf,60.0,3882,46
187860,Nohara Hiroshi: Hiru Meshi no Ryuugi,2025-10-03,TV,FINISHED,12.0,24.0,Comedy|Slice of Life,DLE,63.0,1721,27
186714,GIRLS BAND CRY: Seishun Kyousoukyoku,2025-10-03,MOVIE,FINISHED,1.0,110.0,Drama|Music|Slice of Life,Toei Animation,75.0,4797,44
186346,IDOLiSH7: First BEAT! Gekijou Soushuuhen - Zenpen,2025-10-03,MOVIE,FINISHED,1.0,,Comedy|Drama|Music|Slice of Life,TROYCA,,525,1
185694,Hyakushou Kizoku 3rd Season,2025-10-03,TV_SHORT,FINISHED,12.0,4.0,Comedy|Slice of Life,Pie in the sky,62.0,695,1
184997,Shabake,2025-10-03,TV,FINISHED,13.0,23.0,Fantasy|Mystery,Bandai Namco Pictures,60.0,5705,43
184322,"Shinjiteita Nakamatachi ni Dungeon Okuchi de Korosarekaketa ga Gift ""Mugen Gacha"" de Level 9999 no Nakamatachi wo Te ni Irete Moto Party Member to Sekai ni Fukushuu & ""Zamaa!"" Shimasu!",2025-10-03,TV,FINISHED,12.0,24.0,Action|Adventure|Fantasy,J.C.STAFF,70.0,61113,1332
183291,"Akujiki Reijou to Kyouketsu Koushaku: Sono Mamono, Watashi ga Oishiku Itadakimasu!",2025-10-03,TV,FINISHED,12.0,24.0,Fantasy|Romance,Asahi Production,70.0,27601,508
200374,Kikaijikake no Marie Mini Anime,2025-10-02,ONA,FINISHED,13.0,3.0,Comedy|Romance,,51.0,285,5
199636,Lollipop,2025-10-02,MUSIC,FINISHED,1.0,3.0,Action|Comedy,,61.0,351,6
198926,Chou Futsuu Mahou Shoujo Asumi Toruverse,2025-10-02,TV_SHORT,FINISHED,13.0,4.0,Comedy|Fantasy|Mahou Shoujo,Super Normal Studio,,390,4
198921,Sylvanian Families: Freya no Wonder Days,2025-10-02,TV_SHORT,FINISHED,12.0,12.0,Fantasy|Slice of Life,LandQ studios,,92,0
194389,Koala Enikki,2025-10-02,ONA,RELEASING,49.0,2.0,Slice of Life,studio MOTHER,52.0,553,6
193968,Let’s Play: Quest Darake no My Life,2025-10-02,TV,FINISHED,12.0,23.0,Comedy|Romance|Slice of Life,OLM,65.0,15178,183
187166,Ganso! Bandori-chan,2025-10-02,ONA,RELEASING,52.0,1.0,Comedy|Music,AtoriE,68.0,2346,23
186621,Taiyou yori mo Mabushii Hoshi,2025-10-02,TV,FINISHED,12.0,24.0,Romance,Studio KAI,72.0,19340,324
185575,Bukiyou na Senpai.,2025-10-02,TV,FINISHED,12.0,24.0,Comedy|Romance,Studio elle,69.0,32822,468
183385,"Watashi wo Tabetai, Hitodenashi",2025-10-02,TV,FINISHED,13.0,24.0,Drama|Horror|Psychological|Romance|Supernatural,Studio Lings,74.0,42563,1188
177271,Kakuriyo no Yadomeshi 2nd Season,2025-10-02,TV,FINISHED,12.0,24.0,Drama|Romance|Slice of Life|Supernatural,GONZO|Makaria,68.0,10515,166
213353,Given: 10th Mix,2025-10-01,OVA,FINISHED,1.0,18.0,Drama|Music|Romance|Slice of Life,Lerche,73.0,2336,39
204621,Koikeya SDGs Gekijou Suss to Tina Season 6,2025-10-01,TV_SHORT,FINISHED,13.0,3.0,Action|Comedy,Garage Film,,42,1
199801,Hana,2025-10-01,MUSIC,FINISHED,1.0,2.0,,,,63,0
199800,Kakurenbo no Tatsujin,2025-10-01,MUSIC,FINISHED,1.0,2.0,,,,57,0
199799,Ottamagettan,2025-10-01,MUSIC,FINISHED,1.0,2.0,,,,47,0
199798,Aozora to Oscar Peterson,2025-10-01,MUSIC,FINISHED,1.0,2.0,,,,69,0
199593,MafiosA,2025-10-01,MUSIC,FINISHED,1.0,4.0,Action|Drama,Studio KAI,62.0,274,6
195383,MUZIK TIGER In the Forest 2,2025-10-01,TV_SHORT,FINISHED,17.0,1.0,Slice of Life,TOHO animation STUDIO,,154,3
183965,Yano-kun no Futsuu no Hibi,2025-10-01,TV,FINISHED,12.0,22.0,Comedy|Romance|Slice of Life,Ajiado,72.0,30040,581
163788,Yeonui Pyeonji,2025-10-01,MOVIE,FINISHED,1.0,97.0,Adventure|Drama|Mystery,LICO|Studio N,74.0,3038,59
187663,Sozai Saishuka no Isekai Ryokouki,2025-09-30,ONA,FINISHED,12.0,24.0,Adventure|Comedy|Fantasy|Slice of Life,Tatsunoko Production|SynergySP,60.0,35042,458
168087,Gu Wei Nan Ting,2025-09-30,ONA,FINISHED,16.0,20.0,Action|Comedy|Mystery|Supernatural,2:10 Animation,63.0,1448,40
199368,Shen Zai Jiong Tu,2025-09-29,ONA,FINISHED,40.0,,Action|Adventure|Comedy|Fantasy,Soyep,,121,1
204393,Wo Zai Tianting Shou Feipin,2025-09-28,ONA,FINISHED,40.0,11.0,Action|Adventure|Fantasy,Soyep,,103,3
165530,Mofa Gongzhu De Xiao Fannao,2025-09-28,ONA,FINISHED,16.0,21.0,Comedy|Fantasy|Romance,Colored Pencil Animation,77.0,27069,768
180523,Yasei no Last Boss ga Arawareta!,2025-09-27,ONA,FINISHED,12.0,23.0,Action|Adventure|Fantasy,WAO World,74.0,47291,1159
196750,Sister Breeder,2025-09-26,OVA,RELEASING,,20.0,Hentai,T-REX,71.0,1899,115
195153,Towa no Yuugure,2025-09-26,TV,FINISHED,13.0,24.0,Action|Drama|Romance|Sci-Fi,P.A.WORKS,64.0,38679,576
195034,Korette Naani?,2025-09-26,OVA,RELEASING,,,Hentai,Nur,57.0,607,25
195033,Kiken na Mori Onigokko,2025-09-26,OVA,RELEASING,,,Hentai,Majin petit,45.0,502,15
186829,Kakurenbo THE ANIMATION,2025-09-26,OVA,FINISHED,1.0,30.0,Hentai,Studio 1st,69.0,1917,67
184718,Cat's♥Eye (2025),2025-09-26,ONA,FINISHED,12.0,24.0,Action|Adventure|Comedy|Mystery|Romance,LIDENFILMS,64.0,6639,81
166417,Da Tang Chengfeng Lu,2025-09-25,ONA,FINISHED,26.0,21.0,Action|Adventure|Fantasy,Passion Paint Animation,,137,2
159981,Future Kid Takara,2025-09-25,MOVIE,FINISHED,11.0,5.0,Adventure|Sci-Fi,Studio 4°C,,511,3
169969,Mushoku no Eiyuu: Betsu ni Skill nanka Ira Nakattan Daga,2025-09-24,ONA,FINISHED,12.0,24.0,Action|Adventure|Comedy|Fantasy,studio A-CAT,62.0,45191,680
199417,Wu Hun Dalu,2025-09-21,ONA,FINISHED,48.0,10.0,Action|Fantasy|Sci-Fi,Ruo Hong Culture,,77,0
199358,Zhen Dao Ge 3,2025-09-19,ONA,FINISHED,14.0,24.0,Action|Adventure|Fantasy,Infinity Animation,,79,0
177687,Hyakuemu.,2025-09-19,MOVIE,FINISHED,1.0,106.0,Drama|Sports,ROCK'N ROLL MOUNTAIN,83.0,42114,1716
171627,Chainsaw Man: Reze-hen,2025-09-19,MOVIE,FINISHED,1.0,100.0,Action|Drama|Horror|Romance|Supernatural,MAPPA,90.0,232038,17780
207222,Aqura Home Aqurin Anime CM,2025-09-17,ONA,FINISHED,1.0,1.0,,WIT STUDIO,,64,0
199405,Huanggu En Chou Lu: Po Feng Pian,2025-09-17,ONA,FINISHED,40.0,,Action|Adventure|Fantasy,Ruo Hong Culture,,94,0
199406,Jueshi Shen Huang,2025-09-13,ONA,FINISHED,40.0,,Action|Adventure|Fantasy,Ruo Hong Culture,,113,1
198730,HOUR TIME Yellow,2025-09-13,MUSIC,FINISHED,1.0,3.0,,Studio KAI,60.0,254,5
193348,Netorareta Bakunyuu Tsuma-tachi,2025-09-12,OVA,FINISHED,2.0,20.0,Hentai,,61.0,923,44
183414,Kimi to Idol Precure♪ Omatase! Kimi ni Todokeru KirakkiLive!,2025-09-12,MOVIE,FINISHED,1.0,71.0,Mahou Shoujo|Music,,70.0,1228,12
198748,Tianming Dashenhuang,2025-09-11,ONA,FINISHED,40.0,,Action|Adventure|Fantasy,Ruo Hong Culture,,110,0
195887,Zhege Nianji Huan Neng Dang Daxia Ma 2nd Season,2025-09-10,ONA,FINISHED,10.0,7.0,,,,46,0
199073,Xianwu Zhuan 4,2025-09-06,ONA,FINISHED,43.0,18.0,Action|Adventure|Fantasy,Xiaoming Taiji,,176,8
198355,Azur Lane: 8 Shuunen Kinen Anime PV,2025-09-06,SPECIAL,FINISHED,1.0,2.0,,AtoriE,,174,1
206611,Summer Pockets: Naruse Shiroha-hen,2025-09-05,MOVIE,FINISHED,1.0,83.0,Drama|Romance|Slice of Life|Supernatural,feel.,61.0,886,11
198726,Chainsaw Biyori,2025-09-05,ONA,FINISHED,5.0,1.0,Comedy|Slice of Life,MAPPA,73.0,3208,52
198408,Chikyuu no Latair,2025-09-05,TV_SHORT,FINISHED,5.0,10.0,,Toon Harbor Works,,120,0
175035,Pokémon Concierge Part 2,2025-09-04,ONA,FINISHED,4.0,16.0,Fantasy|Slice of Life,dwarf,75.0,5006,57
198379,Onomatopoeia ISLAND,2025-09-03,MUSIC,FINISHED,1.0,1.0,Slice of Life,dwarf,54.0,271,2
201961,Jebal Joyonghi Jom Hae!,2025-09-02,ONA,FINISHED,5.0,6.0,Comedy|Romance,LICO,76.0,3055,104
198377,Ashita no Arika,2025-09-02,ONA,FINISHED,1.0,54.0,Drama|Romance|Supernatural,Trash Studio,46.0,642,2
200375,Inpuru-kun no Sonzai Shinai Oshigoto,2025-09-01,ONA,RELEASING,,3.0,Comedy,,,44,1
212519,Natsu no Owari,2025-08-31,MUSIC,FINISHED,1.0,4.0,,,,53,1
206610,Summer Pockets: Sorakado Ao-hen,2025-08-29,MOVIE,FINISHED,1.0,88.0,Drama|Romance|Slice of Life|Supernatural,feel.,60.0,798,12
195068,Purepure Peropero Princess,2025-08-29,OVA,RELEASING,,,Hentai,Ryuu M's,59.0,812,32
193707,Mujin Eki The Animation,2025-08-29,OVA,RELEASING,,20.0,Hentai,T-REX,58.0,721,30
193347,Shachiku Cinderella,2025-08-29,OVA,RELEASING,,,Hentai,Nur edel,54.0,591,19
192452,Koushoku no Chuugi Kunoichi Botan,2025-08-29,OVA,RELEASING,,20.0,Hentai,,56.0,684,27
186181,Fushigi ‌no ‌Kuni ‌de ‌Alice to: Dive ‌in ‌Wonderland,2025-08-29,MOVIE,FINISHED,1.0,95.0,Adventure|Fantasy,P.A.WORKS,60.0,3806,19
198033,Ano Hi no Kanojotachi: day09 Miu Takigawa,2025-08-28,SPECIAL,FINISHED,1.0,4.0,Slice of Life,CloverWorks,56.0,291,0
194087,Hitozuma no Kuchibiru wa Kan Chu-Hi no Aji ga Shite OVA,2025-08-27,ONA,FINISHED,1.0,5.0,Comedy|Ecchi|Romance,Raiose,54.0,1984,24
195494,bâan: Otona no Kyoukai,2025-08-24,MOVIE,FINISHED,1.0,18.0,Fantasy,studio daisy,69.0,17819,199
153455,Gui Chui Deng: Nan Hai Gui Xu,2025-08-23,ONA,FINISHED,17.0,18.0,Adventure|Fantasy|Thriller,Wonder Cat Animation|Original Force,,160,2
206609,Summer Pockets: Tsumugi Wenders-hen,2025-08-22,MOVIE,FINISHED,1.0,86.0,Drama|Romance|Slice of Life|Supernatural,feel.,58.0,752,9
187317,AS ONE,2025-08-22,MOVIE,FINISHED,1.0,,Mecha|Sci-Fi,StudioGOONEYS,,1305,10
177518,Odekake Kozame: Tokai no Otomodachi,2025-08-22,MOVIE,FINISHED,1.0,72.0,Slice of Life,ENGI,59.0,853,8
198704,Wangu Jian Di,2025-08-21,ONA,FINISHED,40.0,7.0,Action|Adventure|Fantasy,,,85,0
183128,"Muchuu sa, Kimi ni.",2025-08-21,TV,FINISHED,5.0,24.0,Slice of Life,Doga Kobo,71.0,7994,155
207484,Akami Karubi Henshin Movie,2025-08-20,SPECIAL,FINISHED,1.0,1.0,Slice of Life,Andraft,,45,1
206888,Musashino! Bonus,2025-08-18,ONA,FINISHED,1.0,4.0,Comedy,AlcedoAlcy|A-Real,,101,0
213508,Ohitorisama,2025-08-17,MUSIC,FINISHED,1.0,4.0,,,,44,1
198703,Wu Sui Xinghe,2025-08-17,ONA,FINISHED,60.0,,Action|Adventure|Fantasy,Soyep,,174,1
199354,Fei Ren Zai: Xian Shi Wan Jia,2025-08-16,MOVIE,FINISHED,1.0,95.0,Adventure|Comedy|Fantasy,FENZ,,74,0
195230,Summer Pockets: Kushima Kamome-hen,2025-08-15,MOVIE,FINISHED,1.0,86.0,Adventure|Drama|Romance|Slice of Life|Supernatural,feel.,65.0,2136,34
186169,ChaO,2025-08-15,MOVIE,FINISHED,1.0,90.0,Fantasy|Romance,Studio 4°C,68.0,3264,20
198380,SUPER NINJA NEKO,2025-08-13,ONA,FINISHED,1.0,1.0,Action,,45.0,192,0
198560,Dungeons & Television,2025-08-09,ONA,RELEASING,,5.0,Adventure|Fantasy,,59.0,1531,5
197179,Koisuru ONE PIECE: ONE PIECE DAY'25 Zenyasai Tokubetsu-hen,2025-08-09,SPECIAL,FINISHED,1.0,5.0,Comedy,Toei Animation,59.0,947,4
203250,Chou Charisma Bon-Odori,2025-08-08,MUSIC,FINISHED,1.0,4.0,,,,71,1
198701,Shen Mu 3,2025-08-08,ONA,FINISHED,52.0,,Action|Adventure|Fantasy,Wonder Cat Animation,61.0,374,18
185834,Bai Yao Pu: Luoyang Pian,2025-08-08,ONA,FINISHED,12.0,23.0,Fantasy|Mystery|Supernatural,CMC Media,61.0,577,7
185537,Crayon Shin-chan: Chou Karei! Shakunetsu no Kasukabe Dancers,2025-08-08,MOVIE,FINISHED,1.0,105.0,Comedy|Ecchi|Slice of Life,Shin-Ei Animation,60.0,793,13
213647,Yuanshen: Ineffa Da Gaizao,2025-08-07,ONA,FINISHED,1.0,2.0,Fantasy,miHoYo Anime,,143,2
206256,Piaomiao Jian Xian Zhuan,2025-08-06,ONA,FINISHED,40.0,10.0,Action|Adventure|Fantasy,Ruo Hong Culture,,69,1
208049,Garou Densetsu x Street Fighter,2025-08-04,SPECIAL,FINISHED,2.0,1.0,Action,FuRyu Pictures,,145,1
199419,Wan Jian Wangzuo,2025-08-04,ONA,FINISHED,40.0,,Action|Adventure,Ruo Hong Culture,,89,1
196881,Fate/Grand Order - 10th Anniversary Movie,2025-08-03,SPECIAL,FINISHED,1.0,2.0,,Andraft,66.0,536,6
196613,Dou Po Cangqiong: Nian Fan 4,2025-08-03,ONA,RELEASING,62.0,24.0,Action|Adventure|Fantasy,Motion Magic,74.0,843,55
206919,Mao he Lao Shu: Xing Pan qi Yuan,2025-08-02,MOVIE,FINISHED,1.0,104.0,Adventure|Comedy|Sci-Fi,Origin Animation,,118,4
199356,Lang Lang Shan Xiao Yao Guai,2025-08-02,MOVIE,FINISHED,1.0,118.0,Action|Comedy|Fantasy,Shanghai Animation Film Studio,67.0,303,8
206284,Xiangzhe Xingchen de Changzheng,2025-08-01,ONA,FINISHED,16.0,15.0,Drama,Ruo Hong Culture,,43,1
197094,Fate/Grand Order: Fujimaru Ritsuka wa Wakaranai Season 3,2025-08-01,ONA,FINISHED,24.0,2.0,Comedy,DLE,64.0,630,6
196694,Suki-Suki Diesuki Chou Ayeshiteru,2025-07-30,MUSIC,FINISHED,1.0,5.0,Supernatural,SANZIGEN,69.0,701,19
168177,Zichuan 2,2025-07-30,ONA,RELEASING,52.0,20.0,Action|Adventure|Fantasy,Build Dream,,266,7
198695,Kaiju Ditan Mai Dali,2025-07-29,ONA,FINISHED,24.0,,Action|Comedy|Fantasy,,61.0,567,4
196568,Koiboshi Perico,2025-07-28,MUSIC,FINISHED,1.0,5.0,,,,74,0
213640,Xi Yangyang Yu Hui Tailang: Yiguo Poxiao,2025-07-26,MOVIE,FINISHED,1.0,96.0,Action|Comedy,Creative Power Entertaining,,11,1
196482,Shin Kidou Senki Gundam Wing: operation 30th,2025-07-25,SPECIAL,FINISHED,1.0,3.0,Action|Mecha|Sci-Fi,Sunrise,71.0,1042,17
191452,Immoral Game Master THE ANIMATION,2025-07-25,OVA,RELEASING,,20.0,Adventure|Fantasy|Hentai,Seven,61.0,1210,49
191451,Kyou wa Yubiwa wo Hazusu kara......,2025-07-25,OVA,RELEASING,,20.0,Hentai,Nur,50.0,366,14
137716,"Zaixia ""Yingtai""",2025-07-25,ONA,FINISHED,12.0,20.0,Fantasy|Music,KIO STUDIO,,121,1
213697,Shi Wang Zhe A? 5,2025-07-24,ONA,FINISHED,13.0,9.0,Comedy|Fantasy,Lingsanwu Animation,,22,1
198948,Host ni Iroiro Kiitemita,2025-07-24,ONA,FINISHED,8.0,4.0,Comedy|Slice of Life,Fanworks,,137,1
186043,My Melody & Kuromi,2025-07-24,ONA,FINISHED,12.0,13.0,Fantasy|Slice of Life,WIT STUDIO,78.0,5010,154
183127,Karaoke Iko!,2025-07-24,TV,FINISHED,5.0,24.0,Comedy|Music,Doga Kobo,75.0,9541,334
166422,Shuangsheng Wu Hun,2025-07-23,ONA,FINISHED,60.0,,Action|Fantasy,Soyep,,207,4
195886,Fei Ren Zai 3,2025-07-22,ONA,FINISHED,12.0,7.0,Comedy|Supernatural,FENZ,,99,0
208398,PokéOki,2025-07-21,ONA,FINISHED,6.0,1.0,Slice of Life,,58.0,392,4
196227,TOMICA & TOM,2025-07-20,TV_SHORT,FINISHED,9.0,2.0,Slice of Life,Tsumupapa,,81,1
120756,TAMALA 2030: a punk cat in dark,2025-07-20,MOVIE,FINISHED,1.0,129.0,Sci-Fi,,,447,3
178754,Kaijuu 8-gou 2nd Season,2025-07-19,TV,FINISHED,11.0,24.0,Action|Sci-Fi,Production I.G,78.0,152448,2761
174188,Nukitashi THE ANIMATION,2025-07-19,TV,FINISHED,11.0,24.0,Action|Comedy|Drama|Ecchi|Romance,Passione,68.0,36415,670
193623,"Tooi-san wa Seishun Shitai! ""Baka to SmaPho to Romance to""",2025-07-18,MOVIE,FINISHED,1.0,90.0,Comedy,Seven Arcs,,1772,21
191976,Cang Lan Jue 2,2025-07-18,ONA,FINISHED,26.0,15.0,Action|Adventure|Comedy|Fantasy|Romance,GARDEN,64.0,672,18
178788,Kimetsu no Yaiba: Mugenjou-hen Movie 1 - Akaza Sairai,2025-07-18,MOVIE,FINISHED,1.0,155.0,Action|Adventure|Drama|Fantasy|Supernatural,ufotable,86.0,192743,6091
166475,Luo Xiaohei Zhan Ji 2,2025-07-18,MOVIE,FINISHED,1.0,120.0,Action|Adventure|Fantasy,HMCH,85.0,6509,260
157692,Long Zu 2,2025-07-18,ONA,FINISHED,24.0,24.0,Action|Adventure|Drama|Fantasy,GARDEN,75.0,9776,246
195916,Yao Shen Ji 9,2025-07-17,ONA,FINISHED,52.0,8.0,Action|Adventure|Fantasy|Romance,Ruo Hong Culture,66.0,406,11
175645,Tongling Fei 2,2025-07-17,ONA,FINISHED,24.0,22.0,Comedy|Romance|Supernatural,Shengying Animation,58.0,1796,21
166215,Utagoe wa Mille-Feuille,2025-07-17,TV,FINISHED,10.0,24.0,Music|Slice of Life,Jumondou,63.0,3737,40
196224,Tomoshibi,2025-07-16,MUSIC,FINISHED,1.0,4.0,,,61.0,988,11
157960,BULLET/BULLET,2025-07-16,ONA,FINISHED,12.0,25.0,Adventure|Drama|Sci-Fi,E&H Production,59.0,7727,68
184237,SAKAMOTO DAYS Part 2,2025-07-15,ONA,FINISHED,11.0,24.0,Action|Comedy,TMS Entertainment,79.0,101514,1780
194088,Yami Shibai 15,2025-07-14,TV_SHORT,FINISHED,13.0,4.0,Horror|Supernatural,ILCA,53.0,1263,11
198745,Shuukan Ranobe Anime,2025-07-13,TV,FINISHED,12.0,23.0,Action|Drama|Romance,Ziine Studio,,379,3
206362,One Last Wish,2025-07-12,MUSIC,FINISHED,1.0,4.0,Music|Slice of Life|Supernatural,,,61,1
206066,Liaozhai: Lanre Si,2025-07-12,MOVIE,FINISHED,1.0,152.0,,Light Chaser Animation,,40,2
198698,Douluo Dalu Movie: Jiandao Chen Xin,2025-07-12,ONA,FINISHED,1.0,92.0,Action|Adventure|Fantasy,Sparkly Key Animation,60.0,255,8
196283,Hihifoo,2025-07-12,MUSIC,FINISHED,1.0,3.0,,Hurray!,59.0,365,2
207805,Di Ling Ai: Mo Shui Linglong,2025-07-11,ONA,FINISHED,20.0,15.0,Fantasy|Romance,Motion Magic,,57,2
196064,Tsuihou Shiro Madoushi Mini Anime,2025-07-11,ONA,FINISHED,12.0,2.0,Comedy|Fantasy,INREALITY,,245,3
195845,Ghost Avenue,2025-07-11,MUSIC,FINISHED,1.0,3.0,Horror|Slice of Life|Supernatural,,68.0,332,25
185965,Futari Solo Camp,2025-07-11,TV,FINISHED,24.0,24.0,Romance|Slice of Life,SynergySP,68.0,22047,302
177474,Tougen Anki,2025-07-11,TV,FINISHED,24.0,24.0,Action|Mystery|Supernatural,Studio Hibari,68.0,75133,1286
196063,Obusu ni Hanataba wo,2025-07-10,ONA,FINISHED,13.0,1.0,Comedy|Romance,NEWON,51.0,225,2
195209,Kizu darake Seijo yori Houfuku wo Komete,2025-07-10,TV_SHORT,FINISHED,12.0,13.0,Fantasy|Romance,Imageworks Studio|Imagica Infos,61.0,6467,86
189117,Dr. STONE: SCIENCE FUTURE Part 2,2025-07-10,TV,FINISHED,12.0,24.0,Action|Adventure|Comedy|Sci-Fi,TMS Entertainment,85.0,86201,1988
178886,"Mikadono Sanshimai wa Angai, Choroi.",2025-07-10,TV,FINISHED,12.0,24.0,Comedy|Romance,P.A.WORKS,76.0,51348,1298
178090,"Tensei Shitara Dai Nana Ouji Datta node, Kimamani Majutsu wo Kiwamemasu 2nd Season",2025-07-10,TV,FINISHED,12.0,24.0,Action|Adventure|Fantasy|Slice of Life,Tsumugi Akita Anime Lab,76.0,61735,1246
177887,Leviathan,2025-07-10,ONA,FINISHED,12.0,25.0,Adventure|Mecha|Sci-Fi,Orange,66.0,6745,67
166412,Wo Wei Dao Zong,2025-07-10,ONA,FINISHED,16.0,20.0,Action|Fantasy,Zhongce Picture|G.H.Y. Culture & Media,,249,8
151799,New PANTY & STOCKING with GARTERBELT,2025-07-10,TV,FINISHED,13.0,24.0,Action|Comedy|Ecchi|Supernatural,TRIGGER,78.0,38387,945
199438,FUJIYAMA CHARISMA,2025-07-09,MUSIC,FINISHED,1.0,3.0,Comedy,,,79,0
195829,Kaijuu Shima,2025-07-09,MUSIC,FINISHED,1.0,3.0,,,,75,0
177880,Osomatsu-san 4th Season,2025-07-09,TV,FINISHED,13.0,24.0,Comedy|Sci-Fi|Slice of Life,PIERROT FILMS,58.0,2345,23
173780,Tate no Yuusha no Nariagari Season 4,2025-07-09,TV,FINISHED,12.0,24.0,Action|Adventure|Fantasy,Kinema Citrus,70.0,72471,1100
159483,Turkey!,2025-07-09,TV,FINISHED,12.0,23.0,Adventure|Sports|Supernatural,BAKKEN RECORD,63.0,10851,109
156104,Xin Yichang Shengwu Jianwen Lu: Xu,2025-07-09,ONA,FINISHED,7.0,15.0,Adventure|Fantasy|Sci-Fi,Studio LAN|Pb Animation|Sunflowers,,508,5
184591,"Watashi ga Koibito ni Nareru Wake Nai jan, Muri Muri! (※Muri ja Nakatta!?)",2025-07-08,TV,FINISHED,12.0,24.0,Comedy|Romance,studio MOTHER,76.0,54489,1674
182309,Grand Blue Season 2,2025-07-08,TV,FINISHED,12.0,24.0,Comedy|Slice of Life|Sports,Zero-G|Liber,84.0,66965,1885
179828,Kakkou no Iinazuke Season 2,2025-07-08,TV,FINISHED,12.0,24.0,Comedy|Romance,Okuruto Noboru,67.0,31568,479
193607,Dekichau made Kon,2025-07-07,ONA,FINISHED,8.0,7.0,Hentai|Romance,studio LEO,52.0,1432,41
188138,Binan Koukou Chikyuu Bouei-bu Haikara!,2025-07-07,TV,FINISHED,12.0,24.0,Comedy|Mahou Shoujo|Sci-Fi|Slice of Life,Studio DEEN,54.0,1912,22
185519,"Food Court de, Mata Ashita.",2025-07-07,TV,FINISHED,6.0,24.0,Comedy|Slice of Life,Atelier Pontdarc,73.0,19776,427
181867,Shinobanai! Crypto Ninja Sakuya San no Maki,2025-07-07,TV_SHORT,FINISHED,13.0,4.0,Action|Comedy,Fanworks,,124,1
181841,CITY THE ANIMATION,2025-07-07,TV,FINISHED,13.0,27.0,Comedy|Slice of Life,Kyoto Animation,80.0,46713,1741
196229,Tomica Heroes Jobraver: Tokusou Gattai Robo (TV),2025-07-06,TV_SHORT,FINISHED,25.0,12.0,Action|Mecha,Shogakukan Music & Digital Entertainment,,86,1
189326,Jibaku Shounen Hanako-kun 2 Part 2,2025-07-06,TV,FINISHED,12.0,24.0,Action|Comedy|Drama|Mystery|Supernatural,Lerche,80.0,21684,491
185755,Puniru wa Kawaii Slime 2nd Season,2025-07-06,TV,FINISHED,12.0,24.0,Comedy|Fantasy|Romance|Slice of Life,TOHO animation STUDIO,70.0,2956,53
184575,Busamen Gachi Fighter,2025-07-06,TV,FINISHED,12.0,24.0,Adventure|Fantasy,WHITE FOX,61.0,21609,263
184574,Dekin no Mogura,2025-07-06,TV,FINISHED,12.0,24.0,Comedy|Drama|Mystery|Slice of Life|Supernatural,Brain's Base,65.0,11933,133
184034,Hotel Inhumans,2025-07-06,TV,FINISHED,13.0,23.0,Action|Drama,Bridge,64.0,11083,105
181444,Kaoru Hana wa Rin to Saku,2025-07-06,TV,FINISHED,13.0,24.0,Comedy|Drama|Romance,CloverWorks,84.0,205029,11736
180929,Ruri no Houseki,2025-07-06,TV,FINISHED,13.0,24.0,Adventure|Slice of Life,Studio Bind,79.0,41762,986
180794,GaCen Shoujo to Ibunka Kouryuu,2025-07-06,TV,FINISHED,12.0,24.0,Comedy|Romance,Nomad,64.0,17063,194
180425,Ame to Kimi to,2025-07-06,TV,FINISHED,12.0,23.0,Comedy|Slice of Life,Lesprit,73.0,24987,486
179885,"Yuusha Party wo Tsuihou Sareta Shiro Madoushi, S Rank Boukensha ni Hirowareru: Kono Shiro Madoushi ga Kikakugaisugiru",2025-07-06,ONA,FINISHED,12.0,24.0,Action|Adventure|Fantasy,Felix Film,61.0,40073,501
178675,Bad Girl,2025-07-06,ONA,FINISHED,12.0,24.0,Comedy|Romance,Bridge,72.0,19916,581
178433,Isekai Mokushiroku Mynoghra: Hametsu no Bunmei de Hajimeru Sekai Seifuku,2025-07-06,TV,FINISHED,13.0,24.0,Action|Adventure|Comedy|Drama|Fantasy|Romance,Maho Film,66.0,53491,970
178025,Gachiakuta,2025-07-06,TV,FINISHED,24.0,24.0,Action|Drama|Fantasy,bones film,82.0,251225,10579
177689,Hikaru ga Shinda Natsu,2025-07-06,TV,FINISHED,12.0,23.0,Horror|Mystery|Psychological|Supernatural|Thriller,CygamesPictures,81.0,139645,5784
175124,Nyaight of the Living Cat,2025-07-06,ONA,FINISHED,12.0,25.0,Action|Comedy|Horror,OLM,61.0,12722,115
154768,Sono Bisque Doll wa Koi wo Suru Season 2,2025-07-06,TV,FINISHED,12.0,24.0,Comedy|Ecchi|Romance|Slice of Life,CloverWorks,82.0,188130,5894
198697,Yun Shen Buzhi Meng,2025-07-05,ONA,FINISHED,26.0,22.0,Action|Adventure|Fantasy,Yien Animation,68.0,573,36
193238,Gakkou de wa Oshiete Kurenai Taisetsu na Koto,2025-07-05,TV_SHORT,FINISHED,25.0,5.0,Comedy|Slice of Life,Imagica Infos|Imageworks Studio,,118,0
191994,Cardfight!! Vanguard: Divinez - Deluxe Kesshou-hen,2025-07-05,TV,FINISHED,12.0,24.0,Action|Adventure|Fantasy,Kinema Citrus|Gift-o’-Animation|Studio JEMI,64.0,1016,13
188653,Punirunes Puni 3,2025-07-05,TV_SHORT,FINISHED,26.0,12.0,Slice of Life,OLM,,146,0
186561,Kizetsu Yuusha to Ansatsu Hime,2025-07-05,ONA,FINISHED,12.0,24.0,Action|Comedy|Fantasy,CONNECT,64.0,23463,307
186003,Fermat no Ryouri,2025-07-05,TV,FINISHED,12.0,24.0,Drama|Slice of Life,domerica,68.0,10240,150
179966,Silent Witch: Chinmoku no Majo no Kakushigoto,2025-07-05,TV,FINISHED,13.0,24.0,Drama|Fantasy,Studio Gokumi,81.0,93185,3732
179879,Zutaboro Reijou wa Ane no Moto Konyakusha ni Dekiai Sareru,2025-07-05,TV,FINISHED,12.0,24.0,Drama|Fantasy|Romance,LandQ studios,73.0,25225,549
177761,9-nine- Shihaisha no Oukan,2025-07-05,TV,FINISHED,13.0,24.0,Drama|Mystery|Psychological|Romance|Slice of Life|Supernatural,PRA,53.0,7913,94
171046,Seishun Buta Yarou wa Santa Claus no Yume wo Minai,2025-07-05,TV,FINISHED,13.0,24.0,Drama|Mystery|Psychological|Romance|Supernatural,CloverWorks,82.0,87656,1998
169420,Watari-kun no xx ga Houkai Sunzen,2025-07-05,TV,FINISHED,26.0,23.0,Comedy|Drama|Romance|Slice of Life,Staple Entertainment,65.0,35199,598
207035,Kanojo ga Separate wo Matou Riyuu,2025-07-04,ONA,RELEASING,,13.0,Hentai,studio LEO,53.0,326,8
206290,Benghuai: Xingqiong Tiedao - Yilun Zhaoyang de Mingyun,2025-07-04,ONA,FINISHED,1.0,1.0,Action|Drama|Psychological,miHoYo Anime,69.0,449,17
196250,Xi Yangyang Yu Hui Tailang: Kuang Ye Xin Yuzhou,2025-07-04,TV_SHORT,FINISHED,60.0,15.0,Action|Comedy,,,34,1
195517,SUGAR SUGAR RUNE: Les deux sorcières,2025-07-04,SPECIAL,FINISHED,1.0,7.0,Fantasy|Mahou Shoujo,Studio Khara,67.0,1256,15
195457,「unravel」×『Tokyo Ghoul』TV Animation 10th Anniversary Collaboration MV,2025-07-04,MUSIC,FINISHED,1.0,4.0,,STEREOTYPE Inc.,79.0,1852,59
186052,Mizu Zokusei no Mahou Tsukai,2025-07-04,TV,FINISHED,12.0,24.0,Action|Adventure|Fantasy,TYPHOON GRAPHICS|Wonderland,70.0,92377,1851
185660,Dandadan 2nd Season,2025-07-04,TV,FINISHED,12.0,24.0,Action|Comedy|Drama|Romance|Sci-Fi|Supernatural,Science SARU,83.0,223412,6077
185544,Tsuihousha Shokudou e Youkoso!,2025-07-04,TV,FINISHED,12.0,24.0,Adventure|Comedy|Fantasy|Slice of Life,OLM,69.0,28960,460
177175,Arknights: Enshin Shomei,2025-07-04,TV,FINISHED,10.0,24.0,Action|Fantasy,Yostar Pictures,77.0,15329,378
175914,Yofukashi no Uta Season 2,2025-07-04,TV,FINISHED,12.0,23.0,Comedy|Psychological|Romance|Slice of Life|Supernatural,LIDENFILMS,84.0,101233,3162
156395,Busu ni Hanataba wo.,2025-07-04,TV,FINISHED,13.0,25.0,Comedy|Romance,SILVER LINK.,69.0,13049,206
213648,Ginga Tokkyuu Milky☆Subway: PARCO Original Animation,2025-07-03,ONA,FINISHED,1.0,1.0,Comedy|Fantasy|Sci-Fi|Slice of Life,,54.0,328,3
199486,Neko Konogoro: Tenka Toitsu-hen,2025-07-03,TV_SHORT,FINISHED,12.0,1.0,Comedy,Kachidoki Studio,,46,0
189069,Ginga Tokkyuu Milky☆Subway,2025-07-03,TV_SHORT,FINISHED,12.0,4.0,Adventure|Comedy|Sci-Fi,,78.0,9033,262
187387,Onmyo Kaiten Re:verse,2025-07-03,TV,FINISHED,12.0,23.0,Action,david production,63.0,13294,146
173335,Kamitsubaki-shi Kensetsuchuu.,2025-07-03,TV,FINISHED,13.0,23.0,Music|Mystery|Supernatural,Shogakukan Music & Digital Entertainment,54.0,6546,100
155838,Tsuyokute New Saga,2025-07-03,TV,FINISHED,12.0,24.0,Adventure|Fantasy,Sotsu|Studio Massket|Studio Clutch,65.0,36923,468
195891,Ling Tian Du Zun,2025-07-02,ONA,FINISHED,60.0,12.0,Action|Adventure|Fantasy,,,192,2
193883,Chibi Godzilla no Gyakushuu 3,2025-07-02,TV_SHORT,RELEASING,,3.0,Comedy|Fantasy,Pie in the sky,,250,6
186789,Hitozuma no Kuchibiru wa Kan Chu-Hi no Aji ga Shite,2025-07-02,TV_SHORT,FINISHED,8.0,5.0,Comedy|Ecchi|Romance,Raiose,53.0,9398,137
179678,Jigoku Sensei Nube (2025),2025-07-02,TV,FINISHED,13.0,23.0,Action|Comedy|Horror|Supernatural,Studio KAI,64.0,13106,168
178869,Clevatess: Majuu no Ou to Akago to Kabane no Yuusha,2025-07-02,TV,FINISHED,12.0,24.0,Action|Drama|Fantasy,Lay-duce,77.0,85769,2095
169440,Jidou Hanbaiki ni Umarekawatta Ore wa Meikyuu wo Samayou 2nd Season,2025-07-02,TV,FINISHED,12.0,24.0,Adventure|Comedy|Fantasy,Studio Gokumi|AXsiZ,64.0,27651,290
213102,Azarashi no Eru Aru,2025-07-01,ONA,RELEASING,,1.0,Slice of Life,Studio Artegg,,22,1
185505,Necronomico no Cosmic Horror Show,2025-07-01,TV,FINISHED,12.0,24.0,Comedy|Fantasy|Sci-Fi,Studio Gokumi,55.0,5958,68
180460,Mattaku Saikin no Tantei to Kitara,2025-07-01,TV,FINISHED,12.0,24.0,Comedy|Mystery,LIDENFILMS,71.0,21439,373
179344,"Kanojo, Okarishimasu 4th Season",2025-07-01,ONA,FINISHED,12.0,24.0,Comedy|Romance,TMS Entertainment,60.0,37279,499
170113,Koujo Denka no Kateikyoushi,2025-06-29,ONA,FINISHED,12.0,24.0,Drama|Fantasy|Romance,Studio Blanc,62.0,25236,352
206875,Guimi Zhi Zhu: Caidan,2025-06-28,ONA,FINISHED,9.0,2.0,Comedy|Slice of Life,B.CMAY PICTURES,67.0,1577,14
185407,Takopii no Genzai,2025-06-28,ONA,FINISHED,6.0,23.0,Drama|Psychological|Sci-Fi,ENISHIYA,86.0,139416,8096
137667,Guimi Zhi Zhu: Xiaochou Pian,2025-06-28,ONA,FINISHED,13.0,35.0,Action|Drama|Fantasy|Mystery|Supernatural|Thriller,B.CMAY PICTURES,85.0,113037,5304
191492,Yogoreta Kanojo,2025-06-27,OVA,FINISHED,1.0,16.0,Hentai,T-REX,62.0,1039,39
191491,Tonari no Kanojo,2025-06-27,OVA,FINISHED,1.0,16.0,Hentai,T-REX,59.0,1175,34
188933,Princess Burst!: Kiken-bi no Tanetsuke Haramase Shuuchi Battle!,2025-06-27,OVA,RELEASING,,,Hentai,,52.0,616,21
186542,Soreike! Anpanman: Chapon no Hero!,2025-06-27,MOVIE,FINISHED,1.0,59.0,Comedy|Fantasy,TMS Entertainment,,112,3
185084,LUPIN THE IIIRD THE MOVIE: Fujimi no Ketsuzoku,2025-06-27,MOVIE,FINISHED,1.0,93.0,Action|Adventure|Mystery|Supernatural,Telecom Animation Film,66.0,3058,33
185071,Moto Kare to wa Dekinakatta Sex Shite mo Ii Desu ka?,2025-06-27,OVA,FINISHED,1.0,30.0,Hentai,Seven,73.0,1760,86
184756,KING OF PRISM -Your Endless Call- Minna Kirameke! Prism☆Tours,2025-06-27,MOVIE,FINISHED,1.0,60.0,Music|Sports,Tatsunoko Production,,436,10
181839,Kobayashi-san Chi no Maidragon: Samishigariya no Ryuu,2025-06-27,MOVIE,FINISHED,1.0,105.0,Action|Drama|Fantasy|Slice of Life,Kyoto Animation,82.0,26102,441
181449,Virgin Punk: Clockwork Girl,2025-06-27,MOVIE,FINISHED,1.0,36.0,Action|Drama|Fantasy|Sci-Fi,Shaft,71.0,26482,223
214889,Balala Xiao Mo Xian: Yao Xing Shouhu Zhe 2,2025-06-26,ONA,FINISHED,26.0,13.0,Mahou Shoujo,,,12,1
192474,Shinsei Galverse,2025-06-25,ONA,FINISHED,1.0,22.0,Sci-Fi,S.o.K,46.0,956,3
210068,F/ACE OFF,2025-06-22,MUSIC,FINISHED,1.0,3.0,Action|Fantasy,J.C.STAFF,70.0,914,26
194835,Onimomomomo,2025-06-21,ONA,FINISHED,25.0,5.0,Comedy,Dou-Raku,56.0,513,10
195882,Cang Yuan Tu 2 Special,2025-06-20,ONA,FINISHED,7.0,22.0,Action|Adventure|Fantasy,Shenman Entertainment,67.0,294,15
194889,Aikatsu! Memorial Stage: Kagayaki no Unit Cup,2025-06-20,MOVIE,FINISHED,1.0,93.0,Music,Bandai Namco Pictures,,280,2
191884,LUPIN THE IIIRD: Zenigata to Futari no Lupin,2025-06-20,ONA,FINISHED,1.0,54.0,Action|Adventure|Comedy|Mystery,Telecom Animation Film,72.0,2178,40
187404,Asa made Shirudaku Oyakodon!!,2025-06-20,OVA,FINISHED,2.0,20.0,Hentai,,60.0,738,38
206349,Maomao no Hitorigoto: USJ wo Chousa Seyo!,2025-06-19,SPECIAL,FINISHED,2.0,5.0,Comedy,,54.0,513,6
206059,BAZUBI BAZAB,2025-06-19,MUSIC,FINISHED,1.0,4.0,Fantasy,,,86,2
206595,Guruguru Live,2025-06-18,MUSIC,FINISHED,1.0,2.0,,G-angle,55.0,200,3
186495,MILGRAM Third Season,2025-06-18,MUSIC,RELEASING,,3.0,Mystery|Psychological,OTOIRO,65.0,970,34
166419,Mo Tian Ji,2025-06-15,ONA,FINISHED,16.0,20.0,Action|Adventure|Fantasy,Seven Stone Entertainment|Wonder Cat Animation,59.0,551,9
195883,Shenguo Zhi Shang,2025-06-14,ONA,FINISHED,17.0,23.0,Action|Adventure|Fantasy,CG Year,61.0,351,17
168631,Pyramid Game,2025-06-14,ONA,FINISHED,9.0,9.0,Drama|Thriller,Laftel,56.0,1574,17
191370,JUNK WORLD,2025-06-13,MOVIE,FINISHED,1.0,105.0,Action|Adventure|Sci-Fi|Thriller,Yamiken,53.0,438,3
166456,Xiang Chong Nai Xiong,2025-06-13,ONA,FINISHED,18.0,22.0,Fantasy|Romance,Thundray,64.0,1222,25
205941,Yuanshen: Chen Jian Xing Lu,2025-06-12,ONA,FINISHED,1.0,3.0,Fantasy,miHoYo Anime,67.0,483,7
199371,Shinya Ramen no Yuuwaku: SUNTORY Karada wo Omou All-Free CM,2025-06-12,SPECIAL,FINISHED,1.0,1.0,Drama,Andraft,,75,1
194390,Katachi,2025-06-12,MUSIC,FINISHED,1.0,4.0,Action|Fantasy|Psychological|Supernatural,,61.0,247,2
181181,Zhu Xian 3,2025-06-12,ONA,FINISHED,26.0,20.0,Action|Adventure|Fantasy,Cloud Art,70.0,624,34
166451,Yujin Xingzhe,2025-06-12,ONA,FINISHED,15.0,22.0,Action|Sci-Fi,D.ROCK-ART,,369,9
206032,ZIG-ZAG,2025-06-11,MUSIC,FINISHED,1.0,4.0,,,,93,2
197643,Charisma Onsenkyou,2025-06-11,MUSIC,FINISHED,1.0,5.0,Comedy,,,90,0
213367,Rakugaki,2025-06-10,MOVIE,FINISHED,1.0,13.0,,,,26,1
155333,Ke Jin Wanjia,2025-06-10,ONA,FINISHED,26.0,21.0,Action|Adventure|Sci-Fi,2:10 Animation,,333,6
214770,Damashiai,2025-06-06,MUSIC,FINISHED,1.0,4.0,,,,54,1
210630,Propose,2025-06-06,MUSIC,FINISHED,1.0,3.0,Psychological|Romance,,,152,10
200446,First Light,2025-06-06,MOVIE,FINISHED,1.0,11.0,,,,127,0
186058,Kuro Gal A La Carte,2025-06-06,OVA,RELEASING,,20.0,Hentai|Romance,,61.0,1209,37
195885,Shixiong A Shixiong Nian Fan 2,2025-06-05,ONA,RELEASING,78.0,21.0,Action|Adventure|Comedy|Fantasy,Sparkly Key Animation,,194,14
137681,Xi Xing Ji: Da Yuan Hun,2025-06-02,ONA,FINISHED,12.0,13.0,Action|Adventure|Fantasy,BYMENT,,278,5
194033,Dotori Munhwasenteo,2025-06-01,TV_SHORT,FINISHED,26.0,3.0,Comedy,5BRICKS,,47,0
212568,Mamiko no Unko,,MOVIE,FINISHED,1.0,2.0,,,66.0,329,6
198694,Wangzhe Rongyao: Rongyao Zhi Zhang - Mingyun Pian,2025-05-31,ONA,FINISHED,4.0,24.0,Action|Adventure|Fantasy,Original Force,,122,4
207598,Yoru no Humming,2025-05-30,MOVIE,FINISHED,1.0,3.0,Slice of Life,,,60,2
200639,Q,2025-05-30,MOVIE,FINISHED,1.0,8.0,,,,78,0
199372,Shi Jian Zhi Zi,2025-05-30,MOVIE,FINISHED,1.0,107.0,Adventure|Romance,,,206,1
193730,Uikousen,2025-05-30,MUSIC,FINISHED,1.0,4.0,,,61.0,295,5
192810,Juju Sanpo: Gekijouban,2025-05-30,SPECIAL,FINISHED,1.0,1.0,Comedy|Slice of Life|Supernatural,MAPPA,69.0,1638,39
192809,Jujutsu Kaisen: Kaigyoku・Gyokusetsu,2025-05-30,MOVIE,FINISHED,1.0,111.0,Action|Drama|Supernatural,MAPPA,84.0,27538,733
192002,I Byeore Piryohan,2025-05-30,MOVIE,FINISHED,1.0,96.0,Drama|Music|Romance|Sci-Fi,,80.0,12148,356
187304,Inshoku-Ou Demar,2025-05-30,OVA,RELEASING,,30.0,Hentai,Seven,54.0,418,17
185121,Xian Ni Movie: Shenlin Zhi Zhan,2025-05-30,ONA,FINISHED,1.0,94.0,Action|Adventure|Fantasy,Build Dream,67.0,695,26
168632,Wiheomhan Pyeonuijeom,2025-05-30,ONA,FINISHED,2.0,8.0,Comedy|Romance,Laftel,65.0,1918,36
205861,Sanctuary,2025-05-29,MUSIC,FINISHED,1.0,3.0,,,,52,2
193705,Ai♡Scream!,2025-05-29,MUSIC,FINISHED,1.0,4.0,,,72.0,1029,28
186835,Jun You Yun 2nd Season,2025-05-28,ONA,FINISHED,32.0,,Action|Adventure|Fantasy,Passion Paint Animation,,181,3
193372,feel like,2025-05-23,MUSIC,FINISHED,1.0,3.0,,CygamesPictures,61.0,319,3
186935,Dragon Heart: Reikai Tanbouki,2025-05-23,MOVIE,FINISHED,1.0,119.0,Fantasy|Supernatural,HS PICTURES,,456,3
186716,Princess Principal: Crown Handler - Chapter 4,2025-05-23,MOVIE,FINISHED,1.0,59.0,Action|Adventure|Mystery|Sci-Fi,Actas,71.0,3245,30
162682,Kaitou Queen no Yuuga na Vacances,2025-05-23,MOVIE,FINISHED,1.0,88.0,Mystery,East Fish Studio,,1093,11
135580,Ling Long 2,2025-05-23,ONA,FINISHED,12.0,38.0,Action|Sci-Fi,YHKT Entertainment,76.0,888,44
193374,Cream de Ai ni Ikemasu ka,2025-05-22,MUSIC,FINISHED,1.0,4.0,Slice of Life,,56.0,196,1
213459,Sorotani no Keibacchi Season 2,2025-05-21,TV_SHORT,FINISHED,4.0,3.0,Comedy|Sports,DLE,,13,1
205601,Chinpui: Eri-sama no Good Luck,2025-05-21,MOVIE,FINISHED,1.0,,Adventure|Comedy|Fantasy,Shin-Ei Animation,,65,1
193240,Tun Tian Ji,2025-05-19,ONA,FINISHED,40.0,10.0,Action|Adventure|Fantasy,Soyep,,185,2
192976,Kireigoto,2025-05-19,MUSIC,FINISHED,1.0,5.0,Psychological,CloverWorks,70.0,608,13
168628,Bulgeun Yeou,2025-05-19,ONA,FINISHED,10.0,18.0,Drama|Fantasy|Horror|Mystery|Romance|Supernatural,Laftel,,422,7
194879,Mumei no Jinsei,2025-05-16,MOVIE,FINISHED,1.0,93.0,Drama|Music|Psychological,,56.0,970,3
193613,Synapusyu THE MOVIE: Pushu Hoppe Dancing PARTY,2025-05-16,MOVIE,FINISHED,1.0,40.0,Adventure|Fantasy,,,62,0
185778,Terra Live,2025-05-16,ONA,FINISHED,8.0,7.0,Comedy|Slice of Life,Space Neko Company|Panda Tower Studio,66.0,819,13
191978,Da Xia Qing Shang Gong,2025-05-13,ONA,FINISHED,10.0,12.0,Action|Adventure|Comedy,BYMENT,,88,1
168810,Kemonokko Tsuushin: The Animation - Tanukiko Pokora,2025-05-11,ONA,FINISHED,1.0,14.0,Hentai,,57.0,793,32
205536,Kaseijin,2025-05-09,MUSIC,FINISHED,1.0,4.0,,,63.0,226,6
199373,Zashikiro,2025-05-09,MOVIE,FINISHED,1.0,165.0,Drama|Horror,,,205,2
172393,Uta no☆Prince-sama♪ TABOO NIGHT XXXX,2025-05-09,MOVIE,FINISHED,1.0,56.0,Music,A-1 Pictures,58.0,988,15
196864,Tottemo Carichuma,2025-05-05,MUSIC,FINISHED,1.0,3.0,Comedy,,,70,0
204541,MONSTER (Music),2025-05-03,MUSIC,FINISHED,1.0,4.0,,,58.0,280,5
178445,Boku no Risou no Isekai Seikatsu,2025-05-02,OVA,RELEASING,,16.0,Hentai,,66.0,1514,59
124117,Huangshen Lu Zhi Linglong Shan,2025-05-02,ONA,FINISHED,12.0,15.0,Adventure|Fantasy,Nice Boat Animation,,187,1
206038,Banjjakineun Ujeong Racing: Racer Hachuupinggwa Kkangchongpingui Tansaeng,2025-05-01,SPECIAL,FINISHED,1.0,12.0,Fantasy|Sports,SAMG Animation,,25,1
191974,Kun Tun Tianxia Zhi Zhang Men Guilai,2025-05-01,ONA,FINISHED,12.0,20.0,Action|Comedy|Fantasy,Big Firebird Cultural Media,75.0,14416,316
185729,Shen Yin Wangzuo 3,2025-05-01,ONA,FINISHED,52.0,20.0,Action|Adventure|Fantasy|Romance,,73.0,693,46
180124,Tabekko Doubutsu THE MOVIE,2025-05-01,MOVIE,FINISHED,1.0,90.0,Action|Adventure|Fantasy,Marza Animation Planet,,170,0
195879,Shen Yin Wangzuo Movie: Yi Lai Ke Si Chuanqi,2025-04-30,ONA,FINISHED,1.0,90.0,Action|Adventure|Fantasy,Shenman Entertainment,66.0,438,12
191858,White Balance,2025-04-30,MUSIC,FINISHED,1.0,3.0,,,,105,1
191689,Umayuru: Pretty Gray,2025-04-30,ONA,FINISHED,4.0,3.0,Comedy|Slice of Life,Scooter Films,67.0,3153,24
188753,Gekkan! Nanmono Anime,2025-04-30,ONA,RELEASING,,1.0,Comedy|Slice of Life,Lesprit,,129,0
194209,Honkaku Lemon Anime: -196 (#ichikyuuroku),2025-04-29,ONA,FINISHED,2.0,1.0,Mahou Shoujo,,,91,0
191734,A Horny Money World: Densetsu no Yoru,2025-04-29,MUSIC,FINISHED,1.0,3.0,Ecchi,,72.0,1118,26
193413,Tsurezure PoPiPa,2025-04-28,ONA,FINISHED,10.0,1.0,Comedy|Slice of Life,STUDIO MORIKEN,55.0,521,6
204551,Benghuai: Xingqiong Tiedao - Bu Xu Ci Xing,2025-04-26,SPECIAL,FINISHED,1.0,3.0,Sci-Fi,Big Firebird Cultural Media,67.0,352,11
192981,SPEED,2025-04-25,MUSIC,FINISHED,1.0,2.0,Action,,56.0,159,2
186827,Fuuki Iin to Fuuzoku Katsudou,2025-04-25,OVA,RELEASING,,16.0,Hentai,T-REX,71.0,1794,96
186308,Amai Ijiwaru,2025-04-25,OVA,RELEASING,,24.0,Hentai,Nur,56.0,650,22
186307,Notto Sexaroid Eurie!,2025-04-25,OVA,FINISHED,2.0,15.0,Hentai,Majin petit,52.0,556,15
191405,"Holoearth Anime PV: ""Saa, Anata no Mou Hitotsu no Sekai e""",2025-04-23,SPECIAL,FINISHED,1.0,2.0,Fantasy,WIT STUDIO,60.0,480,8
185716,Hyakushou Kizoku 2nd Season OVA,2025-04-23,OVA,FINISHED,2.0,5.0,Comedy|Slice of Life,Pie in the sky,57.0,435,1
184762,Natsume Yuujinchou Shichi: Nobashita Te wa,2025-04-23,SPECIAL,FINISHED,1.0,23.0,Drama|Fantasy|Slice of Life|Supernatural,,76.0,3226,32
195880,Xiao Xian Zhi Yao,2025-04-21,ONA,FINISHED,40.0,10.0,Action|Adventure|Fantasy,Soyep,,110,2
194706,Bousei no Volicia Dai Ni Shou: Gunjou,2025-04-21,MOVIE,FINISHED,1.0,42.0,Action|Mecha|Romance|Sci-Fi,,57.0,674,16
191308,Hitotte Tada no Tsutsujanai desu ka,2025-04-21,MUSIC,FINISHED,1.0,4.0,,,54.0,181,0
186151,Yu-Gi-Oh! CARD GAME: THE CHRONICLES (2025),2025-04-21,ONA,RELEASING,,4.0,Action|Fantasy,KONAMI animation,58.0,3054,32
191980,Mu Shen Ji 2,2025-04-20,ONA,FINISHED,26.0,20.0,Action|Adventure|Fantasy,Sparkly Key Animation,76.0,707,56
179541,Shirobuta Kizoku desu ga Zense no Kioku ga Haeta node Hiyoko na Otouto Sodatemasu,2025-04-20,ONA,FINISHED,12.0,24.0,Comedy|Fantasy|Slice of Life,Studio Comet,64.0,6959,103
213512,Binetsu Ma,2025-04-18,MUSIC,FINISHED,1.0,4.0,Sci-Fi,,52.0,235,3
192609,Distortion to Houyou,2025-04-18,MUSIC,FINISHED,1.0,3.0,,,,114,1
185212,Meitantei Conan: Sekigan no Flashback,2025-04-18,MOVIE,FINISHED,1.0,110.0,Mystery,TMS Entertainment,75.0,3548,60
166249,Boku to Roboco Movie,2025-04-18,MOVIE,FINISHED,1.0,64.0,Comedy|Sci-Fi|Slice of Life,Studio Gallop,59.0,1223,13
179706,Lycoris Recoil: Friends are thieves of time.,2025-04-16,ONA,FINISHED,6.0,4.0,Comedy|Slice of Life,A-1 Pictures,77.0,28571,464
189602,YouTuNya 3,2025-04-15,TV_SHORT,FINISHED,10.0,2.0,Comedy|Slice of Life,Lesprit,,118,1
185939,Hibi wa Sugiredo Meshi Umashi,2025-04-13,TV,FINISHED,12.0,24.0,Comedy|Slice of Life,P.A.WORKS,77.0,24201,603
178781,Sentai Daishikkaku 2nd Season,2025-04-13,TV,FINISHED,12.0,23.0,Action|Comedy|Drama|Sci-Fi,Yostar Pictures,69.0,32824,440
176246,mono,2025-04-13,TV,FINISHED,12.0,24.0,Comedy|Slice of Life,Soigne,76.0,26891,647
195878,Taigu Zhan Hun,2025-04-12,ONA,FINISHED,40.0,12.0,Action|Adventure|Fantasy,Tang Kirin Culture,,158,2
191374,Jigu-eui Juin-eun Goyang-ida,2025-04-12,TV_SHORT,FINISHED,13.0,13.0,Comedy|Slice of Life,SOUL CREATIVE,,92,0
176702,Teogonia,2025-04-12,TV,FINISHED,12.0,24.0,Action|Fantasy,Asahi Production,67.0,17236,256
185070,Uchuujin MuuMuu,2025-04-10,TV,FINISHED,24.0,24.0,Comedy|Mystery|Sci-Fi|Slice of Life,OLM,63.0,5448,76
177120,Ninja to Koroshiya no Futarigurashi,2025-04-10,TV,FINISHED,12.0,24.0,Comedy,Shaft,75.0,29519,662
150654,MOONRISE,2025-04-10,ONA,FINISHED,18.0,28.0,Action|Adventure|Sci-Fi,WIT STUDIO,64.0,24150,236
188039,Rainbow Bubblegem 2: Secret,2025-04-09,TV_SHORT,FINISHED,26.0,11.0,Adventure|Comedy|Fantasy|Mahou Shoujo,Campfire Aniworks,,74,1
185213,Kidou Senshi Gundam GQuuuuuuX,2025-04-09,TV,FINISHED,12.0,25.0,Action|Drama|Mecha|Sci-Fi,Studio Khara|Sunrise,68.0,33895,694
184182,Zenryoku Usagi Season 2,2025-04-09,TV_SHORT,FINISHED,12.0,5.0,Comedy,Rising Force,,120,0
180675,Apocalypse Hotel,2025-04-09,TV,FINISHED,12.0,23.0,Comedy|Sci-Fi|Slice of Life,CygamesPictures,80.0,38038,1186
166371,HANA-Doll*: Reinterpretation of Flowering,2025-04-09,TV,FINISHED,12.0,24.0,Music|Mystery|Psychological,A-Real,50.0,1833,28
193242,Chibizenji-sensei Inokori Kougiroku,2025-04-08,ONA,FINISHED,12.0,2.0,Comedy|Mystery,Dou-Raku,,162,2
191471,Kekka Alright,2025-04-08,MUSIC,FINISHED,1.0,3.0,,,67.0,801,6
188131,Chikuwa Senki: Ore no Kawaii de Chikyuu Shinryaku,2025-04-08,TV_SHORT,FINISHED,12.0,3.0,Comedy|Sci-Fi,Imageworks Studio|Imagica Infos,,220,4
174802,Shiunji-ke no Kodomotachi,2025-04-08,TV,FINISHED,12.0,24.0,Comedy|Romance,Doga Kobo,70.0,54665,1070
158287,#Compass 2.0－Sentou Setsuri Kaiseki System,2025-04-08,TV,FINISHED,12.0,24.0,Action|Sci-Fi,Lay-duce,50.0,4544,60
189832,Chotto dake Ai ga Omoi Dark Elf ga Isekai kara Oikakete Kita Mini Anime Gekijou,2025-04-07,TV_SHORT,FINISHED,12.0,12.0,Comedy|Ecchi|Fantasy|Romance,Front Wing,48.0,1124,22
185736,Vigilante: Boku no Hero Academia ILLEGALS,2025-04-07,TV,FINISHED,13.0,24.0,Action|Adventure|Drama|Fantasy,bones film,76.0,72858,1230
182419,Chuuzenji-sensei Mononoke Kougiroku: Sensei ga Nazo wo Toiteshimau kara.,2025-04-07,TV,FINISHED,12.0,24.0,Mystery|Psychological|Supernatural,100studio,61.0,6485,157
180829,Chotto dake Ai ga Omoi Dark Elf ga Isekai kara Oikakete Kita,2025-04-07,TV_SHORT,FINISHED,12.0,12.0,Comedy|Ecchi|Fantasy|Romance,Elias,53.0,28622,463
179979,Aharen-san wa Hakarenai Season 2,2025-04-07,TV,FINISHED,12.0,24.0,Comedy|Romance|Slice of Life,Felix Film,74.0,33867,557
177678,Yatara Yarashii Fukami-kun,2025-04-07,ONA,FINISHED,8.0,6.0,Comedy|Romance,Studio Houkiboshi,64.0,2283,30
177509,Kakushite! Makina-san!!,2025-04-07,TV_SHORT,FINISHED,12.0,12.0,Comedy|Ecchi|Mecha|Romance|Sci-Fi,BloomZ|WolfsBane,52.0,24499,322
165445,Zatsu Tabi: That's Journey,2025-04-07,TV,FINISHED,12.0,24.0,Adventure|Comedy|Drama|Slice of Life,Makaria,67.0,18523,225
143200,Summer Pockets,2025-04-07,TV,FINISHED,26.0,24.0,Drama|Romance|Slice of Life|Supernatural,feel.,71.0,36787,686
189891,Kanchigai no Atelier Meister Mini Anime,2025-04-06,ONA,FINISHED,14.0,2.0,Comedy,,50.0,470,6
188661,Go! Go! Vehicle Zoo: Norimono Star-hen,2025-04-06,TV_SHORT,FINISHED,13.0,3.0,Slice of Life,,,107,0
187362,Tamaranai no wa Koi nano ka,2025-04-06,SPECIAL,FINISHED,1.0,14.0,Romance,,69.0,4131,64
185718,Sai-Kyo-Oh! Zukan: The Ultimate Tournament,2025-04-06,TV_SHORT,FINISHED,51.0,11.0,Action,OLM,,204,5
185646,Koupen-chan,2025-04-06,TV_SHORT,RELEASING,,2.0,Slice of Life,Lesprit,69.0,3145,66
184470,Himitsu no AiPri: Ring-hen,2025-04-06,TV,FINISHED,51.0,24.0,Music|Slice of Life,OLM|Dongwoo Animation,62.0,1078,24
183274,Ore wa Seikan Kokka no Akutoku Ryoushu!,2025-04-06,TV,FINISHED,12.0,24.0,Action|Adventure|Comedy|Ecchi|Fantasy|Mecha|Sci-Fi,Quad,68.0,41238,848
182060,Gorilla no Kami kara Kago sareta Reijou wa Ouritsu Kishidan de Kawaigarareru,2025-04-06,TV,FINISHED,12.0,23.0,Comedy|Fantasy|Romance,Kachigarasu,65.0,26019,355
181182,Shoushimin Series 2nd Season,2025-04-06,TV,FINISHED,12.0,23.0,Mystery|Psychological|Slice of Life,Lapin Track,81.0,23882,763
180825,Maebashi Witches,2025-04-06,TV,FINISHED,12.0,24.0,Drama|Mahou Shoujo|Music|Supernatural,Sunrise,68.0,7562,126
180516,Uma Musume: Cinderella Gray,2025-04-06,TV,FINISHED,13.0,24.0,Drama|Sports,CygamesPictures,85.0,46399,2502
180367,Witch Watch,2025-04-06,TV,FINISHED,25.0,24.0,Comedy|Drama|Fantasy|Romance|Slice of Life|Supernatural,Bibury Animation Studios,72.0,98449,1783
178825,CLASSIC★STARS,2025-04-06,TV,FINISHED,13.0,24.0,Music,Platinum Vision,50.0,2882,30
178052,Princess-Session Orchestra,2025-04-06,TV,FINISHED,48.0,24.0,Action|Mahou Shoujo|Music,SILVER LINK.,68.0,5307,101
167336,Lazarus,2025-04-06,TV,FINISHED,13.0,24.0,Action|Sci-Fi|Thriller,MAPPA,70.0,112710,2048
156092,Tu Bian Yingxiong X,2025-04-06,ONA,FINISHED,24.0,24.0,Action|Drama|Mystery|Supernatural,Paper Plane Animation Studio|Studio LAN|Pb Animation,85.0,125025,6126
185715,SHIBUYA♡HACHI Part 3,2025-04-05,TV_SHORT,FINISHED,13.0,3.0,Slice of Life,Nippon Animation,,163,0
185645,Oshiri Tantei 9,2025-04-05,TV,FINISHED,8.0,20.0,Comedy|Fantasy|Mystery,Toei Animation,,146,1
185584,Everyday Host,2025-04-05,TV_SHORT,FINISHED,24.0,4.0,Comedy,Fanworks,65.0,3629,75
185259,Masuda Kousuke Gekijou Gag Manga Biyori GO,2025-04-05,TV_SHORT,FINISHED,12.0,4.0,Comedy,Studio DEEN,53.0,606,3
184639,Anne Shirley,2025-04-05,TV,FINISHED,24.0,24.0,Drama|Slice of Life,The Answer Studio,76.0,22396,550
184289,Kaijuu Sekai Seifuku,2025-04-05,TV_SHORT,FINISHED,50.0,3.0,Slice of Life,DLE,47.0,455,4
182814,Kowloon Generic Romance,2025-04-05,TV,FINISHED,13.0,25.0,Drama|Mystery|Romance|Sci-Fi|Slice of Life,Arvo Animation,72.0,65930,1220
179955,"Katainaka no Ossan, Kensei ni Naru",2025-04-05,TV,FINISHED,12.0,23.0,Action|Adventure|Comedy|Fantasy,Hayabusa Film|Passione,69.0,83324,1447
179054,Kuroshitsuji: Midori no Majo-hen,2025-04-05,TV,FINISHED,13.0,24.0,Action|Fantasy|Mystery|Supernatural,CloverWorks,81.0,22721,587
178046,GUILTY GEAR STRIVE: DUAL RULERS,2025-04-05,TV,FINISHED,8.0,24.0,Action|Sci-Fi,SANZIGEN,56.0,11273,152
177476,Shin Samurai-den YAIBA,2025-04-05,TV,FINISHED,24.0,24.0,Action|Adventure|Comedy|Fantasy,WIT STUDIO,70.0,22545,298
149118,Enen no Shouboutai: San no Shou,2025-04-05,TV,FINISHED,12.0,24.0,Action|Drama|Sci-Fi|Supernatural,david production,78.0,128649,2235
143337,"Slime Taoshite 300-nen, Shiranai Uchi ni Level MAX ni Nattemashita: Sono ni",2025-04-05,TV,FINISHED,12.0,24.0,Comedy|Fantasy|Slice of Life,Teddy,67.0,48750,710
214509,Mr. Robot,2025-04-04,MOVIE,FINISHED,1.0,90.0,Action|Sci-Fi|Thriller,E-DEHI Animation Studio|302planet,,27,1
188884,Sumikko Gurashi: Koko ga Ochitsukun Desu,2025-04-04,TV_SHORT,FINISHED,26.0,1.0,Slice of Life,Fanworks,,206,2
187998,Oideyo Mahou Shoujo-mura (Fuhou Senkyo),2025-04-04,TV_SHORT,FINISHED,13.0,1.0,Comedy|Mahou Shoujo|Supernatural,Kachidoki Studio,43.0,1033,13
186522,Araiguma Calcal-dan,2025-04-04,TV_SHORT,FINISHED,24.0,2.0,Comedy|Sci-Fi|Slice of Life,Nippon Animation,50.0,708,5
186313,Nmeneko,2025-04-04,TV_SHORT,FINISHED,48.0,2.0,Comedy,Kumarba,49.0,417,4
185166,"Akogare no Onna Joushi ga, Aibeya Shucchou no Tonari no Bed de Zetsurin Otoko ni Netorarete Iru",2025-04-04,OVA,RELEASING,,22.0,Hentai,NewGeneration,56.0,892,42
184989,Nazotoki wa Dinner no Ato de,2025-04-04,TV,FINISHED,12.0,23.0,Comedy|Drama|Mystery,MADHOUSE,61.0,13655,112
181078,"Bye Bye, Earth Season 2",2025-04-04,TV,FINISHED,10.0,24.0,Action|Adventure|Fantasy,LIDENFILMS,59.0,9091,116
178680,WIND BREAKER Season 2,2025-04-04,TV,FINISHED,12.0,24.0,Action|Comedy|Drama,CloverWorks,77.0,99167,2093
153554,"Danjo no Yuujou wa Seiritsu suru? (Iya, Shinai!!)",2025-04-04,TV,FINISHED,12.0,24.0,Comedy|Romance,J.C.STAFF,65.0,66174,1089
189716,Yurukawa Mell-chan,2025-04-03,TV_SHORT,FINISHED,13.0,3.0,Slice of Life,FUNNY MOVIE,,70,0
189581,7FATES: CHAKHO,2025-04-03,SPECIAL,FINISHED,1.0,11.0,,CloverWorks,64.0,2992,30
189576,The Star Seekers Hoshi wo Ou Shounen-tachi,2025-04-03,SPECIAL,FINISHED,1.0,11.0,,CloverWorks,,207,1
188394,PetitCure: Precure Fairies,2025-04-03,ONA,FINISHED,27.0,1.0,Fantasy|Slice of Life,IKIF+,53.0,928,15
183275,Kanpeki Sugite Kawai-ge ga Nai to Konyaku Haki Sareta Seijo wa Ringoku ni Urareru,2025-04-03,ONA,FINISHED,12.0,24.0,Fantasy|Romance,TROYCA,72.0,35401,769
183161,"Saikyou no Ousama, Nidome no Jinsei wa Nani wo Suru?",2025-04-03,TV,FINISHED,12.0,23.0,Action|Adventure|Fantasy,studio A-CAT,60.0,94962,2044
179694,Rock wa Lady no Tashinami Deshite,2025-04-03,TV,FINISHED,13.0,24.0,Drama|Music,Bandai Namco Pictures,77.0,39006,1125
175872,"Isshun de Chiryou Shiteita no ni Yakutatazu to Tsuihou Sareta Tensai Chiyushi, Yami Healer Toshite Tanoshiku Ikiru",2025-04-03,TV,FINISHED,12.0,24.0,Action|Comedy|Fantasy,Makaria,68.0,74465,1412
166373,MIRU: Watashi no Mirai,2025-04-03,TV,FINISHED,5.0,24.0,Adventure|Fantasy|Sci-Fi,LinQ|TriF studio|Scooter Films|Shirogumi|REIRS|Larx Entertainment|Studio Hibari,49.0,3017,28
189513,Sousou no Frieren: ●● no Mahou Part 2,2025-04-02,ONA,FINISHED,6.0,1.0,Comedy|Fantasy,TOHO animation STUDIO,71.0,4440,67
184279,Ballpark de Tsukamaete!,2025-04-02,TV,FINISHED,12.0,24.0,Comedy|Romance|Slice of Life|Sports,EMT Squared,69.0,20255,327
179965,"Haite Kudasai, Takamine-san",2025-04-02,TV,FINISHED,12.0,24.0,Comedy|Ecchi|Romance|Slice of Life,LIDENFILMS,58.0,55869,1014
177633,MUZIK TIGER In the Forest,2025-04-02,TV_SHORT,FINISHED,13.0,1.0,Slice of Life,TOHO animation STUDIO,48.0,221,1
167142,Your Forma,2025-04-02,TV,FINISHED,13.0,24.0,Action|Drama|Mystery|Sci-Fi,Geno Studio,59.0,20232,178
204517,Huangjin Dafandian,2025-04-01,SPECIAL,FINISHED,1.0,2.0,Slice of Life,miHoYo Anime,61.0,334,9
204496,Liella Taiga Drama Gyarabou: Heanna Eika no Yume Hanashi,2025-04-01,SPECIAL,FINISHED,1.0,5.0,Slice of Life,,,50,1
189425,Lunatic Wars,2025-04-01,MUSIC,FINISHED,1.0,6.0,Action|Comedy,,,127,0
188668,Koisuru ONE PIECE,2025-04-01,ONA,FINISHED,5.0,7.0,Comedy|Romance,,66.0,4739,39
188248,Wo De Shixiong Tai Qiang Le,2025-04-01,ONA,FINISHED,48.0,8.0,Action|Adventure|Fantasy,Soyep,56.0,303,5
178701,Aru Majo ga Shinu Made,2025-04-01,TV,FINISHED,12.0,24.0,Adventure|Drama|Fantasy,EMT Squared,71.0,27735,509
143598,Kijin Gentoushou,2025-03-31,TV,FINISHED,24.0,24.0,Action|Drama|Fantasy|Mystery|Slice of Life,Yokohama Animation Lab,70.0,55765,1165
189383,Shimazu Seisakushou Sougyou 150 Shuunen Kinen Animation,2025-03-30,SPECIAL,FINISHED,1.0,4.0,,Studio KAI,,91,0
183133,"Kanchigai no Atelier Meister: Eiyuu Party no Moto Zatsuyougakari ga, Jitsu wa Sentou Igai ga SSS Rank Datta to Iu Yoku Aru Hanashi",2025-03-30,ONA,FINISHED,12.0,24.0,Action|Adventure|Fantasy,EMT Squared,64.0,45088,694
166527,cocoon: Aru Natsu no Shoujo-tachi Yori,2025-03-30,SPECIAL,FINISHED,1.0,62.0,Drama,Sasayuri,73.0,7045,68
185992,NEET Kunoichi to Naze ka Dousei Hajimemashita OVAs,2025-03-29,ONA,FINISHED,2.0,12.0,Comedy|Ecchi|Romance,Quad,61.0,1947,18
192928,Nomo no Kuni,2025-03-28,ONA,FINISHED,1.0,34.0,Adventure|Fantasy|Mystery,monofilmo,61.0,605,5
189892,Petit Forma: Denpa Kyoku Nisshi,2025-03-28,ONA,FINISHED,5.0,2.0,Mystery|Sci-Fi,Geno Studio,50.0,304,1
189160,"Momentary Lily: Tsuzuite iku Kappou, Kappou!",2025-03-28,SPECIAL,FINISHED,1.0,23.0,Action|Sci-Fi,GoHands,59.0,1651,19
186153,Yuugao,2025-03-28,OVA,FINISHED,1.0,16.0,Hentai,T-REX,65.0,1367,75
185779,Hametsu no Yuuwaku,2025-03-28,OVA,RELEASING,,20.0,Hentai,Nur,56.0,805,33
185612,The iDOLM@STER: Shiny Colors 2nd season - SHHis,2025-03-28,OVA,FINISHED,1.0,20.0,Music|Slice of Life,POLYGON PICTURES,52.0,628,4
184810,Immoral Routine The Animation,2025-03-28,OVA,RELEASING,,30.0,Hentai,Seven,71.0,1570,80
183742,Ajin ga Osuki nan desu ne♡,2025-03-28,OVA,RELEASING,,20.0,Hentai,,60.0,1133,57
179999,Kaijuu 8-gou: Hoshina no Kyuujitsu,2025-03-28,SPECIAL,FINISHED,1.0,20.0,Sci-Fi|Slice of Life,Production I.G,69.0,23223,221
179998,Kaijuu 8-gou Movie,2025-03-28,MOVIE,FINISHED,1.0,120.0,Action|Sci-Fi,Production I.G,73.0,25894,294
189115,Aka no Kioku,2025-03-27,SPECIAL,FINISHED,1.0,4.0,Slice of Life,Studio Durian,62.0,428,1
168133,Hua Jianghu: Buliang Ren 7,2025-03-27,ONA,FINISHED,12.0,19.0,Adventure|Drama|Fantasy,,,169,3
204539,Game no Eiyuu,2025-03-26,ONA,FINISHED,1.0,1.0,Sports,,,90,2
188239,Transformers: Wild King,2025-03-26,ONA,FINISHED,14.0,4.0,Action|Mecha|Sci-Fi,Infinity Vision|Type ZERO,,242,4
181440,Aldnoah.Zero: Ame no Danshou - The Penultimate Truth,2025-03-26,OVA,FINISHED,1.0,23.0,Psychological|Sci-Fi,TROYCA,63.0,4596,49
199955,dying breath,2025-03-25,MUSIC,FINISHED,1.0,4.0,,,,102,6
188973,Kirameku Bansoukou,2025-03-25,MUSIC,FINISHED,1.0,3.0,,,54.0,180,1
189304,METEORGIRL,2025-03-22,MUSIC,FINISHED,1.0,4.0,Slice of Life|Supernatural,,55.0,147,1
188687,Caramel Pain,2025-03-22,MUSIC,FINISHED,1.0,3.0,,,72.0,619,12
194945,Charisma Sabira,2025-03-21,MUSIC,FINISHED,1.0,3.0,Comedy,,,96,0
183743,"Kan'ochi x Netorare Kazoku The Animation: Anata, Yurushite. Watakushitachi, Uwaki Sex ni Honki de Hamacchatta no",2025-03-21,OVA,FINISHED,2.0,18.0,Hentai,,53.0,1185,54
177778,Ninja Batman vs. Yakuza League,2025-03-21,MOVIE,FINISHED,1.0,89.0,Action|Sci-Fi,Kamikaze Douga,68.0,4962,65
166442,Chao Neng Lifang,2025-03-21,ONA,FINISHED,12.0,20.0,Action|Adventure|Fantasy,Big Firebird Cultural Media,70.0,33592,624
204482,Digimon Adventure: BEYOND,2025-03-20,SPECIAL,FINISHED,1.0,4.0,Action|Adventure,Yumeta Company,57.0,370,5
185643,Oshiri Tantei: STAR AND MOON,2025-03-20,MOVIE,FINISHED,1.0,76.0,Comedy|Mystery,Toei Animation,,104,1
213461,Fate/Grand Order: Fujimaru Ritsuka wa Wakaranai Season 2 Specials,2025-03-19,SPECIAL,FINISHED,2.0,2.0,Comedy,DLE,,152,2
188122,Tirori Mix (2025),2025-03-18,MUSIC,FINISHED,1.0,4.0,Music|Slice of Life,,61.0,538,5
188036,AOTU Shijie Reborn,2025-03-14,ONA,RELEASING,,26.0,Action|Adventure|Fantasy|Sci-Fi,,,72,2
183412,Shimajirou: Shimajirou to Yuuki no Uta,2025-03-14,MOVIE,FINISHED,1.0,75.0,Adventure|Comedy|Fantasy,Shimogumi|Shanghai Animation Film Studio,,92,0
181244,Kono Subarashii Sekai ni Shukufuku wo! 3: BONUS STAGE,2025-03-14,OVA,FINISHED,2.0,25.0,Action|Adventure|Comedy|Ecchi|Fantasy,Drive,80.0,41769,629
179852,Mononoke: Hinezumi,2025-03-14,MOVIE,FINISHED,1.0,74.0,Fantasy|Horror|Mystery|Psychological|Supernatural,EOTA|Crew Cell,82.0,9771,295
207350,Very Chubby Belly,2025-03-10,MOVIE,FINISHED,1.0,4.0,,,,62,0
187596,AnimeCanvas Concept Movie,2025-03-09,ONA,FINISHED,1.0,1.0,,A-1 Pictures,,138,1
185903,DIVE IN!,2025-03-09,ONA,FINISHED,1.0,10.0,Drama,Lesprit,,128,0
185901,TRUST,2025-03-09,ONA,FINISHED,1.0,10.0,Mystery|Sci-Fi,POLYGON PICTURES,,227,1
185900,Hoshi no Kodomo to Hajimari no Ki,2025-03-09,ONA,FINISHED,1.0,9.0,Fantasy,Buemon,,197,2
185898,Galaxy Apartment★Cosmo Hills,2025-03-09,ONA,FINISHED,1.0,10.0,Drama|Sci-Fi,Seven Arcs,48.0,203,0
206500,Gwangjang,2025-03-08,MOVIE,FINISHED,1.0,73.0,Drama|Romance,,,176,2
187626,Gorogura Gorogoro Gu ga Dekkai-hen,2025-03-08,SPECIAL,FINISHED,1.0,1.0,Comedy,,49.0,199,3
192650,Imprisoned XII,2025-03-07,MUSIC,FINISHED,1.0,3.0,,,72.0,553,14
182333,Doraemon: Nobita no E Sekai Monogatari,2025-03-07,MOVIE,FINISHED,1.0,105.0,Action|Adventure|Fantasy,Shin-Ei Animation,70.0,1001,21
187514,"Let's Roll, Cinnamoroll!",2025-03-06,ONA,FINISHED,12.0,4.0,Slice of Life,qmotri,60.0,385,6
187383,Kimetsu no Yaiba x MLB Tokyo Series presented by Guggenheim,2025-03-05,ONA,FINISHED,1.0,2.0,Sports,ufotable,59.0,1090,10
189733,Haai! Myakumyaku desu,2025-03-03,TV_SHORT,FINISHED,8.0,2.0,Comedy|Supernatural,Fanworks,,77,1
187265,Ruri Dragon PV,2025-03-03,ONA,FINISHED,1.0,2.0,Comedy|Slice of Life|Supernatural,,74.0,1673,29
204474,Gavvtto Anime! Sweety Days: Okashi na Nichijou,2025-03-02,ONA,FINISHED,5.0,4.0,Comedy,,,30,1
204375,Shade no Hokori wa Enchou,2025-02-28,MUSIC,FINISHED,1.0,4.0,Action|Psychological,,,75,1
187236,Princess Connect! Michibiki no Hatsuhana: Fiore Storia,2025-02-28,ONA,FINISHED,1.0,26.0,Action|Adventure|Comedy|Fantasy,G-angle,63.0,1729,19
187225,LOS ANGELES LAKERS x ONE PIECE,2025-02-28,SPECIAL,FINISHED,1.0,1.0,Action|Comedy|Fantasy|Sports,,76.0,4128,62
185714,Aldnoah.Zero (Re+),2025-02-28,MOVIE,FINISHED,1.0,120.0,Action|Drama|Mecha|Sci-Fi,A-1 Pictures|TROYCA,60.0,3602,47
185506,Nonohara Yuka no Himitsu no Haishin,2025-02-28,OVA,RELEASING,,16.0,Hentai,T-REX,66.0,1550,85
185001,Shiranai Koto Shiritai no? The Animation,2025-02-28,OVA,RELEASING,,20.0,Hentai,Seven,65.0,1259,59
184824,Yuusha-chan no Bouken wa Owatte Shimatta!,2025-02-28,OVA,RELEASING,,15.0,Hentai,Mousou Senka,53.0,584,25
186559,Kairyuu to Yuubinya-san,2025-02-27,ONA,FINISHED,1.0,14.0,Adventure|Fantasy|Slice of Life,CoMix Wave,75.0,2465,37
198699,Zui Qiang Shengji,2025-02-26,ONA,FINISHED,40.0,10.0,Action|Adventure|Fantasy,Tang Kirin Culture,,132,0
187084,Kamone,2025-02-26,MUSIC,FINISHED,1.0,4.0,,,,114,1
206056,Hebi,2025-02-25,MUSIC,FINISHED,1.0,4.0,Fantasy,,64.0,677,15
188830,Choeganggongnyong Mini Teukgongdae,2025-02-25,TV_SHORT,FINISHED,26.0,11.0,Action|Mecha,SAMG Animation,,40,0
141867,Chang Ge Xing,2025-02-23,ONA,FINISHED,16.0,24.0,Action|Adventure|Drama,BigBigSun,55.0,466,7
182877,Kankin Kuiki Level X 2nd Season,2025-02-22,TV_SHORT,FINISHED,6.0,13.0,Horror|Mystery,AnimationID|Imagica Infos,59.0,864,8
205844,Glass and Kumo,2025-02-21,MOVIE,FINISHED,1.0,6.0,,,,26,1
205843,Heya Nikki,2025-02-21,MOVIE,FINISHED,1.0,7.0,,,,23,1
205842,I,2025-02-21,MOVIE,FINISHED,1.0,4.0,,,,33,1
205841,Nini to Nene no Dai Dasshutsu,2025-02-21,MOVIE,FINISHED,1.0,13.0,,,,22,1
205840,Boku no!,2025-02-21,MOVIE,FINISHED,1.0,3.0,,,,25,1
205839,Inu Ringo,2025-02-21,MOVIE,FINISHED,1.0,4.0,,,,26,2
205838,Saka no Me,2025-02-21,MOVIE,FINISHED,1.0,7.0,,,,22,1
205837,Shinsei: Tamamizu Monogatari,2025-02-21,MOVIE,FINISHED,1.0,3.0,,,,20,1
205835,"Ito Amu, Itonamu",2025-02-21,MOVIE,FINISHED,1.0,6.0,,,,20,1
205834,OCTOPOLIS,2025-02-21,MOVIE,FINISHED,1.0,7.0,,,,21,1
205833,GOOD-MOURNING,2025-02-21,MOVIE,FINISHED,1.0,9.0,,,,21,1
205832,Kinjo no Numa,2025-02-21,MOVIE,FINISHED,1.0,4.0,,,,21,1
187305,Hypnosis Mic -Division Rap Battle- Movie,2025-02-21,MOVIE,FINISHED,1.0,100.0,Action|Music|Sci-Fi,POLYGON PICTURES,62.0,979,15
183741,Nikuen,2025-02-21,OVA,FINISHED,2.0,20.0,Hentai,,62.0,1397,76
176432,Thunderbolt Fantasy: Touriken Yuuki - Saishuushou,2025-02-21,MOVIE,FINISHED,1.0,90.0,Action|Drama|Fantasy,Pili International Multimedia,71.0,700,19
194403,Boku no Hero Academia THE MOVIE: YOU'RE NEXT - A PIECE OF CAKE,2025-02-19,OVA,FINISHED,1.0,3.0,Action|Comedy,bones,66.0,2843,33
185648,Monpoké,2025-02-19,ONA,FINISHED,10.0,5.0,Comedy|Fantasy|Slice of Life,Fanworks,50.0,621,4
195456,Ran Bi Wa,2025-02-18,MOVIE,FINISHED,1.0,85.0,Adventure|Fantasy,,,148,1
187582,Yell For You,2025-02-16,MOVIE,FINISHED,1.0,2.0,Comedy|Slice of Life,,57.0,205,2
206071,Futsuu no Seikatsu,2025-02-15,MOVIE,FINISHED,1.0,10.0,Slice of Life,,,75,2
182158,Senpai wa Otokonoko: Ame Nochi Hare,2025-02-14,MOVIE,FINISHED,1.0,82.0,Comedy|Drama|Romance,project No.9,72.0,8679,110
194218,Glow Embrace,2025-02-13,MUSIC,FINISHED,1.0,4.0,,VIGORE,55.0,195,3
204525,Yuanshen: Yuanye Denghuo,2025-02-12,ONA,FINISHED,1.0,2.0,Fantasy|Slice of Life,miHoYo Anime,53.0,199,1
189893,Sora-iro Utility × BIRDIE WING: Golf Girls' Story Mini Anime,2025-02-12,ONA,FINISHED,2.0,2.0,Comedy|Sports,Dou-Raku,53.0,567,4
186837,Tian Guan Ci Fu Duanpian,2025-02-12,ONA,RELEASING,,8.0,Action|Adventure|Drama|Fantasy,Red Dog Culture House,82.0,2759,80
186757,Junzi Wu Ji,2025-02-12,ONA,FINISHED,16.0,15.0,Fantasy|Romance,,,170,0
211864,MYSTERIOUS STAR,2025-02-11,MUSIC,FINISHED,1.0,3.0,,,,70,1
192634,Akai Kitsune Midori no Tanuki Web CM: Hitori no Yoru to Akamidori,2025-02-06,ONA,FINISHED,2.0,1.0,Drama,Suzume|Andraft,,150,1
168244,Shiye Mowang,2025-02-05,ONA,FINISHED,26.0,15.0,Action|Comedy|Fantasy|Romance,Skyloong,64.0,3231,72
205858,Tententengoku Jigokugoku,2025-02-04,MUSIC,FINISHED,1.0,4.0,,,,127,7
185073,Kimi to Idol Precure♪,2025-02-02,TV,FINISHED,49.0,24.0,Action|Fantasy|Mahou Shoujo|Music,Toei Animation,66.0,4857,113
204470,HAVEN,2025-02-01,MUSIC,FINISHED,1.0,3.0,,,,66,4
198154,Queens,2025-01-31,MUSIC,FINISHED,1.0,3.0,,Brave pictures,,127,1
184765,Iku Iku ♡ Succubus Saikyouiku,2025-01-31,OVA,FINISHED,2.0,16.0,Hentai,Ryuu M's,58.0,949,33
183602,Kanojo Face THE ANIMATION,2025-01-31,OVA,FINISHED,2.0,20.0,Hentai,Shion,64.0,1454,50
154392,Versailles no Bara Movie,2025-01-31,MOVIE,FINISHED,1.0,113.0,Adventure|Drama|Romance,MAPPA,61.0,11485,119
154064,MAKE A GIRL,2025-01-31,MOVIE,FINISHED,1.0,90.0,Romance|Sci-Fi,Yasuda Genshou Studio by Xenotoon,60.0,10550,99
168082,Xingchen Bian 6,2025-01-30,ONA,FINISHED,28.0,25.0,Action|Adventure|Fantasy|Romance,Foch,69.0,606,37
186861,Nezha: Zhi Mo Tong Nao Hai,2025-01-29,MOVIE,FINISHED,1.0,145.0,Action|Comedy|Drama|Fantasy,Coco Cartoon,83.0,5590,238
214869,Tiandu Yilu,2025-01-27,ONA,FINISHED,26.0,20.0,Action,,,15,1
166415,Fengwu Yao Chu,2025-01-25,ONA,FINISHED,8.0,16.0,Action|Adventure|Fantasy,,,95,0
186329,Nee Nee Anone,2025-01-24,ONA,FINISHED,1.0,3.0,,Fanworks,,103,3
179838,Binan Koukou Chikyuu Bouei-bu ETERNAL LOVE!,2025-01-24,MOVIE,FINISHED,1.0,81.0,Comedy|Mahou Shoujo|Sci-Fi|Slice of Life,Studio Comet,59.0,1075,14
136381,SK∞ Extra Part,2025-01-24,OVA,FINISHED,1.0,25.0,Action|Comedy|Drama|Slice of Life|Sports,bones film,79.0,24057,348
191975,Douzhan Tianxia,2025-01-21,ONA,FINISHED,48.0,10.0,Action,,,100,2
187591,Arknights Xin​chun Hui: Zao Li Qian​kun,2025-01-19,ONA,FINISHED,1.0,2.0,Fantasy,Studio MAGICPOT,,153,3
187380,"ONE PIECE: Original Episode/Luffy, Law",2025-01-19,SPECIAL,FINISHED,1.0,5.0,Action|Adventure|Fantasy,Toei Animation,62.0,1271,7
185861,Fanren Xiu Xian Zhuan Di Si Ji,2025-01-18,ONA,FINISHED,52.0,20.0,Action|Adventure|Fantasy,Original Force|Wonder Cat Animation,77.0,865,44
186207,Itsuka no Watashi yori,2025-01-17,ONA,FINISHED,1.0,2.0,Slice of Life,FLAT STUDIO,62.0,756,5
179878,Project Sekai: Kowareta SEKAI to Utaenai MIKU,2025-01-17,MOVIE,FINISHED,1.0,105.0,Drama|Music,P.A.WORKS,76.0,21989,799
166438,Xiang Huo Er Sheng,2025-01-17,ONA,FINISHED,6.0,21.0,Action|Drama,HM Heros,,261,2
175237,Huo Feng Liao Yuan 2,2025-01-16,ONA,FINISHED,16.0,25.0,Action|Adventure|Drama,LX Animation Studio,,238,8
204469,Shinitai Himawari,2025-01-15,MUSIC,FINISHED,1.0,4.0,,,,93,3
195966,Xing Qia Meng Shao Nu 3: Xing Jie Chuanshuo,2025-01-15,ONA,FINISHED,26.0,8.0,Mahou Shoujo,,,41,0
186836,Tianming Da Zhuzai,2025-01-15,ONA,FINISHED,40.0,7.0,Action|Adventure|Fantasy,Ruo Hong Culture,,141,1
186206,Mao Xing Dongfang,2025-01-13,ONA,FINISHED,10.0,17.0,Action|Adventure|Fantasy,,,124,1
186148,Maomao no Hitorigoto 2nd Season,2025-01-13,ONA,FINISHED,24.0,2.0,Comedy,,67.0,2440,37
181886,Kinnikuman: Kanpeki Choujin Shiso-hen Season 2,2025-01-12,TV,FINISHED,11.0,24.0,Action|Comedy|Sports,Production I.G,65.0,1410,19
180812,"A-Rank Party wo Ridatsu Shita Ore wa, Moto Oshiegotachi to Meikyuu Shinbu wo Mezasu.",2025-01-12,TV,FINISHED,24.0,23.0,Action|Adventure|Comedy|Fantasy,Bandai Namco Pictures,65.0,53437,879
180052,Sentai Red Isekai de Boukensha ni Naru,2025-01-12,TV,FINISHED,12.0,24.0,Action|Adventure|Comedy|Fantasy,Satelight,66.0,30739,482
173333,Mashin Souzouden Wataru,2025-01-12,TV,FINISHED,24.0,24.0,Action|Adventure|Comedy|Fantasy|Mecha|Sci-Fi,Bandai Namco Pictures,55.0,824,13
172258,Kimi no Koto ga Dai Dai Dai Dai Daisuki na 100-nin no Kanojo 2nd Season,2025-01-12,TV,FINISHED,12.0,24.0,Comedy|Ecchi|Romance,Bibury Animation Studios,79.0,77376,2167
170892,Jibaku Shounen Hanako-kun 2,2025-01-12,TV,FINISHED,12.0,24.0,Action|Comedy|Drama|Mystery|Supernatural,Lerche,79.0,39754,890
162722,Mahoutsukai Precure!! MIRAI DAYS,2025-01-12,TV,FINISHED,12.0,24.0,Action|Fantasy|Mahou Shoujo|Slice of Life,Toei Animation|Studio DEEN,72.0,3133,68
182920,Cardfight!! Vanguard: Divinez - Deluxe-hen,2025-01-11,TV,FINISHED,13.0,24.0,Action|Adventure|Fantasy,Kinema Citrus|Gift-o’-Animation|Studio JEMI,66.0,1264,21
177709,SAKAMOTO DAYS,2025-01-11,ONA,FINISHED,11.0,24.0,Action|Comedy,TMS Entertainment,76.0,217588,4887
175422,Baban Baban Ban Vampire,2025-01-11,TV,FINISHED,12.0,23.0,Comedy|Romance|Supernatural,Gaina,60.0,7793,100
175198,Übel Blatt,2025-01-11,TV,FINISHED,12.0,24.0,Action|Adventure|Drama|Fantasy,Satelight|Staple Entertainment,60.0,31692,450
167742,UniteUp!: Uni:Birth,2025-01-11,TV,FINISHED,12.0,24.0,Music,CloverWorks,64.0,2060,26
167143,"Guild no Uketsukejou desu ga, Zangyou wa Iya nanode Boss wo Solo Toubatsu Shiyou to Omoimasu",2025-01-11,TV,FINISHED,12.0,24.0,Action|Adventure|Comedy|Fantasy,CloverWorks|Sakura Create,66.0,64938,917
196249,Xi Yangyang Yu Hui Tailang: Qi Xia da Yingjiu,2025-01-10,TV_SHORT,FINISHED,60.0,15.0,Action|Comedy,,,35,1
178312,FARMAGIA,2025-01-10,TV,FINISHED,12.0,24.0,Action|Adventure|Fantasy,Bridge,50.0,8092,90
176301,Kusuriya no Hitorigoto 2nd Season,2025-01-10,TV,FINISHED,24.0,24.0,Drama|Mystery,TOHO animation STUDIO|OLM,88.0,200091,10329
175409,"Douse, Koishite Shimaunda.",2025-01-10,TV,FINISHED,12.0,24.0,Drama|Romance,TYPHOON GRAPHICS,59.0,18841,198
172453,Akuyaku Reijou Tensei Oji-san,2025-01-10,TV,FINISHED,12.0,24.0,Comedy|Fantasy,Ajiado,73.0,41663,820
172439,Nihon e Youkoso Elf-san.,2025-01-10,TV,FINISHED,12.0,24.0,Comedy|Fantasy|Romance|Slice of Life,Zero-G,72.0,42006,814
162921,Sousei no Aquarion: Myth of Emotions,2025-01-10,TV,FINISHED,12.0,24.0,Action|Fantasy|Mecha|Mystery|Sci-Fi,Satelight,51.0,2632,23
204403,Yuanshen: Ci Shi Zhi Yi,2025-01-09,ONA,FINISHED,1.0,2.0,Action|Fantasy,miHoYo Anime,63.0,254,7
204381,Benghuai: Xingqiong Tiedao - The Her Ta De Mo Fa Chu Fang,2025-01-09,ONA,FINISHED,1.0,2.0,Fantasy|Sci-Fi,miHoYo Anime,65.0,386,10
180292,Arafou Otoko no Isekai Tsuuhan Seikatsu,2025-01-09,TV,FINISHED,13.0,23.0,Action|Adventure|Comedy|Ecchi|Fantasy,East Fish Studio,62.0,45702,765
179297,Magic Maker: Isekai Mahou no Tsukurikata,2025-01-09,TV,FINISHED,12.0,24.0,Action|Adventure|Fantasy|Slice of Life,Studio DEEN,66.0,38003,646
178548,Fuguushoku [Kanteishi] ga Jitsu wa Saikyou Datta: Naraku de Kitaeta Saikyou no [Shingan] de Musou Suru,2025-01-09,TV,FINISHED,12.0,24.0,Action|Adventure|Comedy|Drama|Fantasy|Romance,Okuruto Noboru,63.0,60451,987
175443,Honey Lemon Soda,2025-01-09,TV,FINISHED,12.0,23.0,Romance,J.C.STAFF,70.0,61558,1183
172019,Dr. STONE: SCIENCE FUTURE,2025-01-09,TV,FINISHED,12.0,24.0,Action|Adventure|Comedy|Sci-Fi,TMS Entertainment,82.0,114434,2477
185828,Shaonian Ge Xing: Xue Ran Tianqi Pian,2025-01-08,ONA,FINISHED,26.0,20.0,Action|Adventure|Fantasy|Mystery,CG Year,,136,4
178022,"Hana wa Saku, Shura no Gotoku",2025-01-08,TV,FINISHED,12.0,23.0,Drama|Slice of Life,Studio Bind,69.0,21111,211
176234,Ishura 2nd Season,2025-01-08,TV,FINISHED,12.0,24.0,Action|Drama|Fantasy,Passione,70.0,18098,288
178550,Unnamed Memory Act.2,2025-01-07,TV,FINISHED,12.0,24.0,Adventure|Fantasy|Romance,ENGI,70.0,22456,446
177552,Kuroiwa Medaka ni Watashi no Kawaii ga Tsuujinai,2025-01-07,TV,FINISHED,12.0,24.0,Comedy|Ecchi|Romance,SynergySP,64.0,56121,876
176063,"Botsuraku Yotei no Kizoku dakedo, Hima Datta kara Mahou wo Kiwamete mita",2025-01-07,TV,FINISHED,12.0,24.0,Adventure|Fantasy,Marvy Jack|Studio DEEN,60.0,39909,585
185088,Yami Shibai 14,2025-01-06,TV_SHORT,FINISHED,13.0,4.0,Horror|Supernatural,ILCA,53.0,1687,18
179696,Kono Kaisha ni Suki na Hito ga Imasu,2025-01-06,TV,FINISHED,12.0,24.0,Comedy|Romance|Slice of Life,BLADE,74.0,58849,1075
179333,"""1-punkan dake Furete mo Ii yo…"" Share House no Himitsu Rule.	",2025-01-06,ONA,FINISHED,8.0,7.0,Drama|Hentai,studio LEO,55.0,1485,75
170916,Mahoutsukai no Yakusoku,2025-01-06,TV,FINISHED,12.0,24.0,Fantasy,LIDENFILMS,52.0,13478,155
169441,Watashi no Shiawase na Kekkon 2nd Season,2025-01-06,TV,FINISHED,13.0,24.0,Drama|Romance|Supernatural,Kinema Citrus,74.0,59318,923
204405,Yuanshen: Ping Zhong de Xinyuan,2025-01-05,ONA,FINISHED,1.0,2.0,Fantasy,miHoYo Anime,58.0,296,5
185880,Ao no Exorcist: Yosuga-hen,2025-01-05,TV,FINISHED,12.0,24.0,Action|Fantasy|Supernatural,Studio VOLN,79.0,28300,532
185462,0-saiji Start Dash Monogatari Season 2,2025-01-05,TV_SHORT,FINISHED,12.0,4.0,Fantasy,Dai Nippon Printing,51.0,1610,22
185261,Neko ni Naritai Tamagawa-kun,2025-01-05,SPECIAL,FINISHED,1.0,17.0,Comedy|Romance,,65.0,3157,43
176496,Ore dake Level Up na Ken: Season 2 - Arise from the Shadow,2025-01-05,TV,FINISHED,13.0,24.0,Action|Adventure|Fantasy,A-1 Pictures,84.0,304692,14004
176273,Zenshuu.,2025-01-05,TV,FINISHED,12.0,24.0,Action|Fantasy|Romance,MAPPA,73.0,72600,1639
174654,NEET Kunoichi to Naze ka Dousei Hajimemashita,2025-01-05,ONA,FINISHED,24.0,12.0,Comedy|Ecchi|Romance,Quad,57.0,27314,349
170650,Kisaki Kyouiku kara Nigetai Watashi,2025-01-05,TV,FINISHED,12.0,24.0,Comedy|Fantasy|Romance,EMT Squared,54.0,14324,164
166699,Okinawa de Suki ni Natta Ko ga Hougen Sugite Tsura Sugiru,2025-01-05,TV,FINISHED,12.0,24.0,Comedy|Romance,Millepensee,69.0,30721,504
165171,Medalist,2025-01-05,TV,FINISHED,13.0,23.0,Drama|Psychological|Sports,ENGI,83.0,40631,1585
174596,Sora-iro Utility (TV),2025-01-04,TV,FINISHED,12.0,24.0,Slice of Life|Sports,Yostar Pictures,70.0,12020,165
178495,Tasokare Hotel,2025-01-03,ONA,FINISHED,12.0,24.0,Mystery|Supernatural,PRA,69.0,13204,269
178462,Class no Daikirai na Joshi to Kekkon Suru Koto ni Natta.,2025-01-03,TV,FINISHED,12.0,24.0,Comedy|Romance,Studio Gokumi|AXsiZ,67.0,75671,1429
177159,Momentary Lily,2025-01-02,TV,FINISHED,13.0,24.0,Action|Adventure|Mystery|Sci-Fi|Slice of Life,GoHands,54.0,12823,153
176642,Ameku Takao no Suiri Karte,2025-01-02,TV,FINISHED,12.0,25.0,Mystery|Slice of Life,project No.9,69.0,40806,541
169295,BanG Dream! Ave Mujica,2025-01-02,TV,FINISHED,13.0,24.0,Drama|Music|Psychological,SANZIGEN,81.0,20229,1727
145740,Grisaia: Phantom Trigger,2025-01-02,TV,FINISHED,13.0,25.0,Action,Bibury Animation Studios,62.0,13225,165
185748,Wu Dong Qiankun 5,2025-01-01,ONA,FINISHED,12.0,22.0,Action|Adventure|Fantasy,,70.0,654,13
179689,Salaryman ga Isekai ni Ittara Shitennou ni Natta Hanashi,2025-01-01,ONA,FINISHED,12.0,24.0,Adventure|Comedy|Fantasy,GEEKTOYS|CompTown,65.0,47103,669
178100,Hazure Skill «Kinomi Master»: Skill no Mi (Tabetara Shinu) wo Mugen ni Taberareru You ni Natta Ken Nitsuite,2025-01-01,TV,FINISHED,12.0,25.0,Action|Adventure|Fantasy,Asahi Production,57.0,44352,598
177506,Izure Saikyou no Renkinjutsushi?,2025-01-01,TV,FINISHED,12.0,23.0,Adventure|Fantasy,Studio Comet,66.0,58397,1028
200640,REST,,MOVIE,FINISHED,1.0,2.0,,,,49,0
189113,"Sono Keisatsukan, Tokidoki Yajuu!",,TV,CANCELLED,,,Comedy|Drama|Ecchi|Romance,Rabbit Gate,,164,4
188526,Neo Atom Tanjou,,MOVIE,FINISHED,1.0,4.0,Sci-Fi,Tezuka Productions,,243,2
185940,"SFBC ""Fake"" Commercial Film",2024-12-31,SPECIAL,FINISHED,5.0,1.0,,Folium|A-1 Pictures|Rouseact|Miota Studio,57.0,590,3
202422,Monster Strike Elle: Daten no Kakusei,2024-12-30,ONA,FINISHED,2.0,23.0,Action,Graphinica,,92,0
176158,"S-Rank Monster no ""Behemoth"" Dakedo, Neko to Machigawarete Elf Musume no Pet to Shite Kurashitemasu",2024-12-28,TV,FINISHED,12.0,24.0,Action|Adventure|Comedy|Ecchi|Fantasy,Zero-G|Saber Works,56.0,33973,540
213696,Shi Wang Zhe A? 4,2024-12-27,ONA,FINISHED,13.0,8.0,Comedy|Fantasy,Lingsanwu Animation,,27,1
205863,Inner Net Explorer,2024-12-27,MUSIC,FINISHED,1.0,3.0,,,,57,3
182104,IKUsei,2024-12-27,OVA,FINISHED,2.0,15.0,Hentai,Suzuki Mirano petit,50.0,1077,52
180806,Inazuma Eleven: Aratanaru Eiyuutachi no Joshou,2024-12-27,MOVIE,FINISHED,1.0,63.0,Action|Sports,MAPPA,71.0,1862,30
180804,Inazuma Eleven: Soushuuhen - Densetsu no Kickoff,2024-12-27,MOVIE,FINISHED,1.0,42.0,Action|Sports,OLM,66.0,2227,37
170166,Shiguang Dailiren: Yingdu Pian,2024-12-27,ONA,FINISHED,6.0,23.0,Drama|Mystery|Supernatural|Thriller,CMC Media,83.0,31936,1131
206030,Happy Naizou Cake,2024-12-25,MUSIC,FINISHED,1.0,3.0,Psychological,,,75,2
186084,Sayonara End Roll,2024-12-24,MUSIC,FINISHED,1.0,4.0,Psychological|Slice of Life|Supernatural,,71.0,502,36
185793,YouTuNya: Christmas Tokubetsu-hen,2024-12-24,SPECIAL,FINISHED,1.0,3.0,Comedy|Slice of Life,Lesprit,50.0,136,0
187676,Yuanshen: Huanghun,2024-12-22,ONA,FINISHED,1.0,10.0,Fantasy,miHoYo Anime,68.0,628,5
188548,JOCHUM (ONA),2024-12-21,ONA,FINISHED,2.0,2.0,Slice of Life,,,65,0
187507,Duel Masters LOST: Gekka no Shinigami,2024-12-21,ONA,FINISHED,4.0,23.0,Adventure|Supernatural,J.C.STAFF,49.0,375,2
137680,Quanqiu Gao Wu,2024-12-21,ONA,FINISHED,16.0,19.0,Action|Adventure|Comedy,Wawayu Animation,60.0,1192,43
193295,Okaimono Panda! (ONA),2024-12-20,ONA,FINISHED,4.0,3.0,Comedy|Slice of Life,,,82,0
185797,Hypnosis Mic -Division Rap Battle- FINAL,2024-12-20,MUSIC,FINISHED,1.0,9.0,Music,POLYGON PICTURES,60.0,226,2
175138,Nintama Rantarou: Dokutake Ninja-tai Saikyоu no Gunshi,2024-12-20,MOVIE,FINISHED,1.0,90.0,Comedy,Ajiado,54.0,433,12
168116,Zuoshou Shanglan 2,2024-12-20,ONA,FINISHED,9.0,24.0,Sports,Heart & Soul Animation,68.0,1468,19
185832,Yongheng Jian Zu,2024-12-19,ONA,FINISHED,40.0,10.0,Action|Adventure|Fantasy,,,211,3
214539,Stella Sora Anime PVs,2024-12-18,SPECIAL,RELEASING,,1.0,Action|Adventure,studio Stellation|Yostar Pictures,,49,2
199369,Momose Akira no Hatsukoi Hatan-chuu. PV,2024-12-18,ONA,FINISHED,1.0,1.0,Comedy|Romance,KIKO,56.0,871,13
185539,Alps no Roujin Heidi no Ojii-san,2024-12-18,ONA,FINISHED,12.0,1.0,Comedy,DLE,,147,0
187833,Jiaonang Jihua Yingxiong,2024-12-17,ONA,FINISHED,11.0,,Action,,,184,1
185538,Dokodemo Makibao,2024-12-16,ONA,FINISHED,24.0,5.0,Comedy|Sports,DLE,,88,0
204481,Science (feat. Kasane Teto),2024-12-14,MUSIC,FINISHED,1.0,3.0,,,,115,5
186618,Juequling: Chengwei Yingxiong de Lucheng,2024-12-14,ONA,FINISHED,1.0,5.0,Action,Fantasier Animation,75.0,793,20
185726,Quanzhi Gaoshou: Rongyao Xiao Juchang,2024-12-14,ONA,FINISHED,12.0,3.0,Action|Comedy,,,317,0
166511,Xiongshi Shaonian 2,2024-12-14,MOVIE,FINISHED,1.0,134.0,,Yi Animation,,359,5
195890,Guangying Tian Yan Zhan Jia,2024-12-13,ONA,FINISHED,26.0,13.0,Action|Adventure|Sci-Fi,,,32,0
185613,The Lord of the Rings: Rohan no Tatakai,2024-12-13,MOVIE,FINISHED,1.0,134.0,Action|Drama|Fantasy,SOLA ANIMATION,65.0,4144,83
185281,Gomu wo Tsukete to Iimashita yo ne...,2024-12-13,ONA,FINISHED,2.0,16.0,Hentai,Seven,65.0,1416,68
180832,Oni Chichi Harem,2024-12-13,OVA,RELEASING,,19.0,Hentai,,55.0,1104,51
176470,30-sai made Doutei da to Mahou Tsukai ni Nareru Rashii: Tokubetsu-hen,2024-12-13,MOVIE,FINISHED,1.0,60.0,Comedy|Romance|Slice of Life|Supernatural,Satelight,67.0,4090,40
195187,Champagne Night Fever,2024-12-08,MUSIC,FINISHED,1.0,3.0,,,,101,1
185457,Gomen ne Medicine,2024-12-08,MUSIC,FINISHED,1.0,3.0,Mahou Shoujo,,60.0,309,4
185371,complex♡princess,2024-12-08,MUSIC,FINISHED,1.0,3.0,,SANZIGEN,64.0,506,11
196279,Moana to Densetsu no Umi 2 3D Short Anime,2024-12-07,ONA,FINISHED,4.0,1.0,Music,Yasuda Genshou Studio by Xenotoon,,274,0
191361,Crz Love,2024-12-07,MUSIC,FINISHED,1.0,3.0,,TROYCA,61.0,196,4
185724,Tunshi Xingkong Movie: Xueluo Dalu,2024-12-07,ONA,FINISHED,1.0,93.0,Action|Adventure|Fantasy|Sci-Fi,Sparkly Key Animation,71.0,672,26
206844,Pan no Akachan,2024-12-06,MOVIE,FINISHED,1.0,4.0,Comedy,CHOCOLATE,52.0,138,1
186300,minute! kaiju no. 8,2024-12-06,ONA,FINISHED,31.0,2.0,Comedy|Slice of Life,,58.0,1142,14
185719,Cang Yuan Tu 2,2024-12-06,ONA,FINISHED,29.0,22.0,Action|Adventure|Fantasy,Shenman Entertainment,75.0,774,35
174189,Shinsei Kourin Dacryon - Luna: Daseibo Tanjou,2024-12-06,OVA,FINISHED,2.0,28.0,Hentai|Mahou Shoujo,Anime Antenna Iinkai,46.0,601,19
186083,SUI to Utaeba,2024-12-05,ONA,FINISHED,1.0,1.0,Slice of Life,CALF,53.0,469,2
185586,TAIDADA,2024-12-05,MUSIC,FINISHED,1.0,4.0,Sci-Fi|Supernatural,,69.0,1542,17
153473,Wu Lian Dianfeng,2024-12-05,ONA,FINISHED,48.0,,Action|Adventure|Fantasy|Romance,Soda Bear Animation|CG Year,63.0,1285,57
136880,BEASTARS FINAL SEASON Part 1,2024-12-05,ONA,FINISHED,12.0,24.0,Drama|Mystery|Psychological|Slice of Life,Orange,78.0,41786,587
175137,Yoru wa Neko to Issho Season 3,2024-12-04,ONA,FINISHED,40.0,3.0,Comedy|Slice of Life,Studio PuYUKAI,69.0,1287,24
185189,Sukicchan! Karachu,2024-12-03,MUSIC,FINISHED,1.0,4.0,,MAPPA,65.0,814,13
185860,Renjian Zui Deyi 2,2024-12-01,ONA,FINISHED,14.0,12.0,Action|Fantasy,Soyep,,86,0
153471,Juedai Shuang Jiao: Tian Wai You Tian,2024-12-01,ONA,FINISHED,1.0,84.0,Action,BYMENT,,111,5
185717,Hana yori mo Hana wo Sakaseru Tsuchi ni Nare,,MUSIC,FINISHED,1.0,2.0,,,,39,0
185968,New me,2024-11-30,MUSIC,FINISHED,1.0,3.0,Action,pH Studio,56.0,201,2
185720,Wan Jie Du Zun 3,2024-11-30,ONA,RELEASING,224.0,9.0,Action|Adventure|Fantasy,,,242,9
120226,Katu,2024-11-30,ONA,FINISHED,13.0,,Action|Sci-Fi,Oriental Creative Color,,282,8
207031,Sayonara End Roll (Short Douga),2024-11-29,ONA,FINISHED,1.0,1.0,Psychological|Slice of Life,,,99,0
184694,Ore dake Level Up na Ken: ReAwakening,2024-11-29,MOVIE,FINISHED,1.0,114.0,Action|Adventure|Fantasy,A-1 Pictures,80.0,28746,753
182094,Onii-san... Ohitori desu ka?,2024-11-29,ONA,FINISHED,1.0,16.0,Hentai,Seven,63.0,1347,43
180704,Elf ni Inmon wo Tsukeru Hon The Animation,2024-11-29,OVA,RELEASING,,20.0,Hentai,,61.0,1170,41
180533,Bishoku-ka no Rule,2024-11-29,OVA,FINISHED,2.0,22.0,Hentai,Nur,58.0,800,28
178782,Genjitsu no Yohane: SUNSHINE in the MIRROR Movie,2024-11-29,MOVIE,FINISHED,1.0,89.0,Fantasy|Music|Slice of Life,Sunrise,62.0,1764,13
173884,PUI PUI Molcar the Movie MOLMAX,2024-11-29,MOVIE,FINISHED,1.0,69.0,Adventure|Comedy|Sci-Fi,Monster's Egg,62.0,1173,13
172218,Yumemiru Otome,2024-11-29,OVA,RELEASING,,20.0,Hentai,T-REX,63.0,1518,71
213458,Sorotani no Keibacchi,2024-11-28,TV_SHORT,FINISHED,4.0,3.0,Comedy|Sports,DLE,,12,1
199479,Ganbare! Chrome,2024-11-28,ONA,FINISHED,3.0,2.0,Slice of Life,dwarf|AOI Pro.|Eallin,57.0,568,4
192383,Sham'ing,2024-11-24,MUSIC,FINISHED,1.0,2.0,,,,90,1
183651,Kidou Senshi Gundam ALC ENCOUNTER,2024-11-24,SPECIAL,FINISHED,1.0,5.0,Mecha|Sci-Fi,,55.0,1097,7
170631,1 Cho,2024-11-24,TV_SHORT,FINISHED,13.0,11.0,Action|Drama,NAMU Animation|Durufix,,377,4
185200,utakata,2024-11-23,MUSIC,FINISHED,1.0,6.0,Slice of Life,,59.0,248,3
185723,Zhen Hun Jie 4,2024-11-22,ONA,FINISHED,26.0,20.0,Action|Fantasy|Supernatural,L² Studio,60.0,736,15
184816,Teenage Blue,2024-11-22,MUSIC,FINISHED,1.0,4.0,,A-1 Pictures,71.0,1593,24
178436,Gintama on Theater 2D: Kintama-hen,2024-11-22,MOVIE,FINISHED,1.0,97.0,Action|Comedy|Sci-Fi,,70.0,1652,15
185970,9-tsu no Bouken,2024-11-21,SPECIAL,FINISHED,1.0,3.0,Adventure|Fantasy,CoMix Wave,56.0,281,3
182157,Sylvanian Families: Freya no Piece of Secret,2024-11-21,TV_SHORT,FINISHED,6.0,12.0,Fantasy|Slice of Life,LandQ studios,,130,0
184896,Hongami Precious Moment,2024-11-20,MUSIC,FINISHED,1.0,4.0,,,55.0,283,5
184651,Gyoukou Chronicle,2024-11-18,MUSIC,FINISHED,1.0,4.0,,,56.0,222,1
126370,Qia Tongxue Shaonian,2024-11-17,ONA,FINISHED,10.0,22.0,Drama,Liyu Culture,,76,0
184998,Maarui Kanojo to Zannen na Kareshi 2nd Season,2024-11-16,TV_SHORT,FINISHED,6.0,11.0,Comedy|Romance,Imageworks Studio,,150,1
214888,Balala Xiao Mo Xian: Yao Xing Shouhu Zhe 1,2024-11-15,ONA,FINISHED,26.0,13.0,Mahou Shoujo,,,13,1
194229,Charisma Pizza Party,2024-11-15,MUSIC,FINISHED,1.0,4.0,Comedy,,,100,0
179677,Maso Mesu Soap de Aimashou!,2024-11-15,OVA,FINISHED,2.0,20.0,Hentai,,59.0,1155,53
185722,Zanting! Zhi Xu Chongzu,2024-11-14,ONA,FINISHED,12.0,15.0,Action|Comedy|Fantasy,Kung Fu Frog Animation,,395,3
184644,AWAKE (Music),2024-11-14,MUSIC,FINISHED,1.0,4.0,,,64.0,349,3
184288,Kazuhiho to Marie no Youkoso Kitchen.,2024-11-14,ONA,FINISHED,6.0,3.0,Comedy,,52.0,424,6
181776,Murder Mystery of the Dead,2024-11-14,TV,FINISHED,6.0,24.0,Horror|Mystery|Thriller,,46.0,1712,22
185830,Shanhai Fu Mo Lu,2024-11-11,ONA,FINISHED,7.0,19.0,Action|Adventure|Fantasy,,,128,3
184099,Agent Blue,2024-11-10,ONA,FINISHED,3.0,1.0,Horror,,44.0,418,1
182241,"BanG Dream! It's MyGO!!!!!: Utau, Bokura ni Nareru Uta & FILM LIVE",2024-11-08,MOVIE,FINISHED,1.0,119.0,Drama|Music,SANZIGEN,76.0,1139,12
178774,Fuuto Tantei: Kamen Rider Skull no Shouzou,2024-11-08,MOVIE,FINISHED,1.0,82.0,Action|Drama|Mystery|Supernatural,Studio KAI,74.0,3395,64
168243,Wu Ni,2024-11-07,ONA,FINISHED,30.0,10.0,Action|Adventure|Fantasy,,,273,8
186337,Taxi to the Moon,2024-11-06,MUSIC,FINISHED,1.0,2.0,Adventure,,,119,2
177603,Okaimono Panda!,2024-11-06,TV_SHORT,FINISHED,20.0,3.0,Comedy|Slice of Life,Shin-Ei Animation,,310,1
153482,Wan Gu Zui Qiang Zong,2024-11-06,ONA,FINISHED,36.0,12.0,Action|Adventure|Comedy|Fantasy,Ruo Hong Culture,55.0,312,8
176369,HIGH CARD: THE FLOWERS BLOOM,2024-11-05,ONA,FINISHED,1.0,27.0,Action|Fantasy,,65.0,3814,34
185541,Asatir 2: Mirai no Mukashibanashi,2024-11-03,ONA,FINISHED,13.0,25.0,Adventure,Toei Animation,,270,7
183423,ONE PIECE: Gyojin Tou-hen,2024-11-03,TV,FINISHED,21.0,24.0,Action|Adventure|Comedy|Drama|Fantasy,Toei Animation,77.0,14321,267
137699,Biaozhun Guige Zhanshi,2024-11-03,ONA,FINISHED,16.0,17.0,Fantasy,Paintfree,,115,3
186752,minini Animation Series,2024-11-01,ONA,FINISHED,80.0,1.0,Comedy|Slice of Life,,,88,2
184641,ENDLESS FES,2024-11-01,MUSIC,FINISHED,1.0,3.0,,,,139,1
183744,Jibi Eopseo,2024-11-01,TV_SHORT,FINISHED,8.0,6.0,Comedy|Drama|Slice of Life|Supernatural,LICO,67.0,2119,51
183471,KUROMI'S PRETTY JOURNEY: Hacha Mecha! Multiverse Daidasshutsu!,2024-10-31,ONA,FINISHED,19.0,2.0,Adventure|Comedy,Qzil.la|Imagica Infos|Studio Nanahoshi,61.0,657,10
184640,Tori To Re:TreaT,2024-10-30,MUSIC,FINISHED,1.0,3.0,,,55.0,176,0
186758,Wanjie Zhuzai,2024-10-28,ONA,FINISHED,32.0,15.0,Action|Fantasy,,,119,0
185728,Tudi Ge Ge Shi Da Lao,2024-10-28,ONA,FINISHED,40.0,12.0,Action|Adventure|Fantasy,,,215,5
153497,Wo Shi Da Shenxian 3,2024-10-28,ONA,FINISHED,16.0,,Action|Fantasy,CG Year,,206,8
185721,Mu Shen Ji,2024-10-27,ONA,FINISHED,26.0,20.0,Action|Adventure|Fantasy,Sparkly Key Animation,78.0,1573,97
178084,Douwa Revengers,2024-10-27,ONA,FINISHED,18.0,3.0,Fantasy,,52.0,851,8
185831,Wo Neng Wuxian Dunwu,2024-10-26,ONA,FINISHED,52.0,12.0,Action|Adventure|Fantasy,,,167,1
183520,flower rhapsody,2024-10-26,MUSIC,FINISHED,1.0,4.0,,Studio KAI,67.0,478,5
168097,Changsheng Jie,2024-10-26,ONA,FINISHED,26.0,19.0,Action|Fantasy,Qingxiang,64.0,800,31
186200,Caihong Huwei Dui,2024-10-25,TV_SHORT,FINISHED,26.0,13.0,Fantasy|Mahou Shoujo,Perfect Kunpeng,,39,0
179820,Kyokugen Chikan Tokuiten 3 The Animation,2024-10-25,OVA,FINISHED,2.0,20.0,Hentai,,53.0,931,30
179722,Mecha Gishi Resta no Daibouken,2024-10-25,OVA,FINISHED,2.0,16.0,Hentai,Majin petit,47.0,568,12
176245,Ganbatte Ikimasshoi,2024-10-25,MOVIE,FINISHED,1.0,95.0,Drama|Sports,MOE|REIRS,60.0,3230,20
183394,Kuzurinen,2024-10-23,MUSIC,FINISHED,1.0,4.0,Fantasy|Sci-Fi,,57.0,182,3
185794,Shendao Dizun,2024-10-22,ONA,FINISHED,48.0,7.0,Action|Adventure|Fantasy,Ruo Hong Culture,,221,0
183391,Nani Warotonnen,2024-10-21,MUSIC,FINISHED,1.0,3.0,Drama|Romance,,64.0,502,14
182469,ONE PIECE FAN LETTER,2024-10-20,SPECIAL,FINISHED,1.0,25.0,Action|Adventure|Fantasy,Toei Animation,90.0,57301,3236
183473,Nui Story 2,2024-10-19,ONA,RELEASING,,2.0,Comedy,Piso Studio,,66,1
183390,Anta Nante.,2024-10-19,MUSIC,FINISHED,1.0,5.0,Romance|Slice of Life,,67.0,786,4
169258,Ao no Miburo,2024-10-19,TV,FINISHED,24.0,24.0,Drama,Maho Film,64.0,15589,190
188453,Benghuai: Xing Qiong Tiedao - Yinhe Renfa Tie Luan Wu Qu Mo Poxie Zhan Yue Zhi Juan,2024-10-18,ONA,FINISHED,1.0,3.0,Action|Fantasy|Sci-Fi,Flint Sugar|Studio Tumble,61.0,638,8
183393,Neverland,2024-10-18,MUSIC,FINISHED,1.0,3.0,Psychological,OTOIRO,61.0,269,4
183201,KIZAO,2024-10-18,MUSIC,FINISHED,1.0,4.0,Action|Fantasy,,,79,0
177376,Tsuma Netori Rei: Boku no Ayamachi Kanojo no Sentaku,2024-10-18,ONA,FINISHED,1.0,27.0,Hentai,TEATRO Nishi Tokyo Studio,58.0,1200,63
206151,Shan Shantian Tianjian,2024-10-17,ONA,FINISHED,12.0,11.0,Comedy|Fantasy,,,57,1
166703,Kidou Senshi Gundam: Fukushuu no Requiem,2024-10-17,ONA,FINISHED,6.0,25.0,Mecha|Sci-Fi,Sunrise|SAFEHOUSE,61.0,6132,71
204409,Muu,2024-10-16,MUSIC,FINISHED,1.0,4.0,,,,55,2
183066,META,2024-10-16,MUSIC,FINISHED,1.0,5.0,,Andraft,,169,1
180599,Bananya: Around the World,2024-10-15,ONA,FINISHED,13.0,3.0,Adventure|Comedy|Fantasy|Slice of Life,TMS Entertainment|Lesprit,66.0,1823,15
185727,Zongmen Li Chule Wo Dou Shi Wodi,2024-10-14,ONA,FINISHED,152.0,7.0,Action|Fantasy,,,301,9
154473,Arifureta Shokugyou de Sekai Saikyou 3rd season,2024-10-14,TV,FINISHED,16.0,24.0,Action|Adventure|Fantasy|Psychological,Asread,70.0,75631,1645
176508,Shangri-La Frontier 2nd Season,2024-10-13,TV,FINISHED,25.0,24.0,Action|Adventure|Comedy|Fantasy|Sci-Fi,C2C,82.0,111482,3050
163135,Maou 2099,2024-10-13,TV,FINISHED,12.0,24.0,Action|Comedy|Drama|Fantasy|Sci-Fi,J.C.STAFF,72.0,60222,1070
196193,MONOCHROME,2024-10-12,MUSIC,FINISHED,1.0,3.0,Drama|Mystery,,54.0,268,3
183387,BRAIN,2024-10-11,MUSIC,FINISHED,1.0,3.0,,,61.0,233,6
170083,Dragon Ball DAIMA,2024-10-11,TV,FINISHED,20.0,24.0,Action|Adventure,,75.0,59633,1626
183386,Shugotte Lu-knight,2024-10-10,MUSIC,FINISHED,1.0,4.0,Fantasy|Slice of Life,,57.0,258,3
182159,Shooting Star Catch! Tiniping,2024-10-10,TV_SHORT,FINISHED,26.0,11.0,Drama|Fantasy|Mahou Shoujo,SAMG Animation,,115,0
174390,Tono to Inu,2024-10-10,TV_SHORT,FINISHED,24.0,3.0,Comedy|Slice of Life,Live2D Creative Studio|OLM,57.0,2100,29
171038,Hoshi Furu Oukoku no Nina,2024-10-10,TV,FINISHED,12.0,24.0,Drama|Fantasy|Romance,Signal.MD,72.0,27672,612
156084,Da Dao Chao Tian,2024-10-10,ONA,FINISHED,16.0,19.0,Action|Adventure|Fantasy,CG Year,63.0,436,17
204537,Shoujo Kakumei Keikaku,2024-10-09,ONA,FINISHED,27.0,3.0,Mystery|Supernatural,MANAA ANIMATION,,100,2
182772,Pochars,2024-10-09,TV_SHORT,FINISHED,52.0,2.0,Comedy|Slice of Life,DLE,,143,2
164299,Yarinaoshi Reijou wa Ryuutei Heika wo Kouryaku-chuu,2024-10-09,TV,FINISHED,12.0,24.0,Fantasy|Romance,J.C.STAFF,68.0,38276,686
206054,Aporia,2024-10-08,MUSIC,FINISHED,1.0,4.0,Adventure|Fantasy,,67.0,796,17
171545,Youkai Gakkou no Sensei Hajimemashita!,2024-10-08,TV,FINISHED,24.0,23.0,Comedy|Supernatural,Satelight,68.0,18596,530
170893,Houkago Shounen Hanako-kun 2,2024-10-08,TV_SHORT,FINISHED,4.0,10.0,Comedy|Slice of Life|Supernatural,Lerche,70.0,14960,148
166611,Natsume Yuujinchou Shichi,2024-10-08,TV,FINISHED,12.0,24.0,Drama|Fantasy|Slice of Life|Supernatural,Shuka,84.0,15830,384
141182,Seirei Gensouki 2,2024-10-08,TV,FINISHED,12.0,24.0,Action|Drama|Fantasy|Romance,TMS Entertainment|WAO World,69.0,73262,1482
180747,Taishou Itsuwari Bridal: Migawari Hanayome to Gunpuku no Mouai,2024-10-07,ONA,FINISHED,8.0,7.0,Drama|Hentai|Romance,Studio Houkiboshi,61.0,1115,38
176191,Neko ni Tensei Shita Oji-san,2024-10-07,TV_SHORT,FINISHED,48.0,1.0,Comedy|Slice of Life,STUDIO EIGHTCOLORS,56.0,1110,12
172355,Kamonohashi Ron no Kindan Suiri 2nd Season,2024-10-07,TV,FINISHED,13.0,24.0,Drama|Mystery,diomedéa,75.0,23423,360
171642,MF Ghost 2nd Season,2024-10-07,TV,FINISHED,12.0,24.0,Sports,Felix Film,76.0,18567,435
170468,Raise wa Tanin ga Ii,2024-10-07,TV,FINISHED,12.0,24.0,Comedy|Drama|Romance,Studio DEEN,71.0,60167,1123
168537,Haigakura,2024-10-07,TV,FINISHED,13.0,24.0,Action|Adventure|Fantasy,TYPHOON GRAPHICS,52.0,7457,70
189834,Naoe-kun wa Yasesasetai. (ONA),2024-10-06,ONA,FINISHED,2.0,11.0,Comedy|Fantasy|Slice of Life,,46.0,195,1
183383,Love Live! Superstar!! Season 3 NHK E Tokubetsu Part,2024-10-06,TV_SHORT,FINISHED,12.0,1.0,Music,,62.0,658,5
179292,Punirunes Puni 2,2024-10-06,TV_SHORT,FINISHED,25.0,12.0,Slice of Life,OLM,,204,1
179126,Elf-san wa Yaserarenai. Specials,2024-10-06,ONA,FINISHED,2.0,11.0,Comedy|Ecchi|Fantasy|Slice of Life,Elias,54.0,4008,57
178533,Ranma 1/2 (2024),2024-10-06,TV,FINISHED,12.0,24.0,Action|Comedy|Ecchi|Romance|Slice of Life,MAPPA,79.0,65373,1999
176311,Ao no Exorcist: Yuki no Hate-hen,2024-10-06,TV,FINISHED,12.0,24.0,Action|Fantasy|Supernatural,Studio VOLN,74.0,37229,493
176292,Nanatsu no Taizai: Mokushiroku no Yonkishi 2nd Season,2024-10-06,TV,FINISHED,12.0,24.0,Action|Adventure|Fantasy,Telecom Animation Film,74.0,17591,267
174043,"Party kara Tsuihou sareta Sono Chiyushi, Jitsu wa Saikyou ni Tsuki",2024-10-06,TV,FINISHED,12.0,23.0,Action|Adventure|Fantasy,Studio elle,57.0,45058,599
172190,Kimi wa Meido-sama.,2024-10-06,TV,FINISHED,12.0,23.0,Comedy|Romance|Slice of Life,Felix Film,69.0,59181,1148
171400,Puniru wa Kawaii Slime,2024-10-06,TV,FINISHED,12.0,24.0,Comedy|Fantasy|Romance|Slice of Life,TOHO animation STUDIO,67.0,8243,147
162785,"Tsuma, Shougakusei ni Naru.",2024-10-06,TV,FINISHED,12.0,24.0,Comedy|Drama|Romance|Slice of Life,Studio Signpost,72.0,24864,421
155502,Love Live! Superstar!! 3rd Season,2024-10-06,TV,FINISHED,12.0,24.0,Music|Slice of Life,Sunrise,78.0,9589,284
182561,BLEACH 20th PV,2024-10-05,SPECIAL,FINISHED,1.0,2.0,Action|Adventure|Supernatural,PIERROT FILMS,81.0,5793,96
181835,SHIBUYA♡HACHI Part 2,2024-10-05,TV_SHORT,FINISHED,12.0,3.0,Slice of Life,Nippon Animation,,160,1
178729,Ooi! Tonbo 2nd Season,2024-10-05,TV,FINISHED,13.0,24.0,Drama|Sports,OLM,70.0,2559,41
178395,Kumarba Season 2,2024-10-05,TV_SHORT,FINISHED,12.0,2.0,Action|Comedy,Creative House Pocket,,122,0
175533,The iDOLM@STER: Shiny Colors 2nd season,2024-10-05,TV,FINISHED,12.0,24.0,Music,POLYGON PICTURES,59.0,2509,33
174913,Kagaku×Bouken Survival!,2024-10-05,TV,FINISHED,21.0,24.0,,Studio Gallop,,788,13
173263,Touhai: Ura Rate Mahjong Touhai Roku,2024-10-05,TV,FINISHED,25.0,24.0,Drama|Psychological|Sports,East Fish Studio,61.0,9199,106
169755,BLEACH: Sennen Kessen-hen - Soukoku-tan,2024-10-05,TV,FINISHED,14.0,24.0,Action|Adventure|Supernatural,PIERROT FILMS,86.0,114586,4269
167141,Sword Art Online Alternative: Gun Gale Online II,2024-10-05,TV,FINISHED,12.0,24.0,Action|Sci-Fi,A-1 Pictures,71.0,42361,517
163146,Blue Lock VS. U-20 JAPAN,2024-10-05,TV,FINISHED,14.0,24.0,Action|Drama|Sports,8-bit,75.0,140578,3175
151514,Chi. Chikyuu no Undou ni Tsuite,2024-10-05,TV,FINISHED,25.0,25.0,Drama,MADHOUSE,86.0,120960,6951
141917,Hu x He Yao Shi Lu,2024-10-05,ONA,FINISHED,24.0,15.0,Action|Adventure|Fantasy|Supernatural,Motion Magic,,292,7
138522,Thunderbolt Fantasy: Touriken Yuuki 4,2024-10-05,TV,FINISHED,12.0,24.0,Action|Drama|Fantasy,Pili International Multimedia,72.0,1210,26
107372,Mahoutsukai ni Narenakatta Onnanoko no Hanashi.,2024-10-05,TV,FINISHED,12.0,24.0,Fantasy,J.C.STAFF,61.0,11197,74
186756,"Hajime Mashita, Yamaneko Iin",2024-10-04,TV_SHORT,FINISHED,13.0,4.0,Comedy|Supernatural,AMAKAWAANIMATION,,51,0
185682,VORTEX,2024-10-04,MUSIC,FINISHED,1.0,3.0,,TriF studio,61.0,357,12
182734,Sakuranbo Message,2024-10-04,MUSIC,FINISHED,1.0,3.0,Slice of Life,,56.0,338,1
179823,Iribitari Gal ni Manko Tsukawasete Morau Hanashi Animation,2024-10-04,ONA,RELEASING,,17.0,Hentai,Seven,71.0,3260,183
176053,Sayonara Ryuusei Konnichiwa Jinsei,2024-10-04,TV,FINISHED,12.0,24.0,Action|Adventure|Fantasy,SynergySP|Vega Entertainment,62.0,37858,547
175473,Duel Masters LOST:  Tsuioku no Suishou,2024-10-04,ONA,FINISHED,4.0,23.0,Adventure,J.C.STAFF,57.0,2251,50
171689,Hyakushou Kizoku 2nd Season,2024-10-04,TV_SHORT,FINISHED,12.0,4.0,Comedy|Slice of Life,Pie in the sky,64.0,1057,3
171637,Rurouni Kenshin: Meiji Kenkaku Romantan - Kyoto Douran,2024-10-04,TV,FINISHED,23.0,23.0,Action|Adventure|Drama|Romance,LIDENFILMS,77.0,23728,461
171109,Fureru.,2024-10-04,MOVIE,FINISHED,1.0,107.0,Drama|Supernatural,CloverWorks,64.0,7086,38
171025,Kabushiki Gaisha Magi Lumiere,2024-10-04,TV,FINISHED,12.0,24.0,Action|Comedy|Fantasy|Mahou Shoujo,J.C.STAFF|MOE,69.0,18895,192
171018,Dandadan,2024-10-04,TV,FINISHED,12.0,24.0,Action|Comedy|Drama|Romance|Sci-Fi|Supernatural,Science SARU,83.0,380038,19000
169315,Trillion Game,2024-10-04,TV,FINISHED,26.0,24.0,Action|Comedy|Drama|Psychological,MADHOUSE,72.0,15164,246
169098,Hamidashi Creative,2024-10-04,TV_SHORT,FINISHED,12.0,5.0,Romance,Hayabusa Film,52.0,2891,34
154673,Mecha-ude (TV),2024-10-04,TV,FINISHED,12.0,24.0,Action|Mecha|Sci-Fi,TriF studio,67.0,25842,341
137663,Ya She,2024-10-04,ONA,FINISHED,12.0,24.0,Supernatural,Colored Pencil Animation,64.0,1442,25
187509,He Zhong Zhi Hai,2024-10-03,ONA,FINISHED,1.0,129.0,Fantasy|Horror|Mystery|Sci-Fi,,,210,2
182562,Wanmei Shijie 5,2024-10-03,ONA,FINISHED,52.0,24.0,Action|Adventure|Fantasy,Foch,71.0,575,38
182466,Good Morning,2024-10-03,MUSIC,FINISHED,1.0,3.0,,,58.0,174,2
182417,Re:Zero kara Hajimeru Kyuukei Jikan (Break Time) 3rd Season,2024-10-03,ONA,FINISHED,16.0,3.0,Adventure|Comedy|Fantasy,Studio PuYUKAI,69.0,3818,47
179919,NegaPosi Angler,2024-10-03,TV,FINISHED,12.0,24.0,Drama|Slice of Life|Sports,NUT,73.0,30181,491
177581,Kinokoinu,2024-10-03,TV,FINISHED,12.0,24.0,Comedy|Drama|Fantasy|Slice of Life,C-Station,64.0,3535,46
172199,Kamierabi GOD.app Season 2,2024-10-03,TV,FINISHED,12.0,23.0,Action|Drama|Psychological|Supernatural,UNEND,60.0,3568,43
170942,Ao no Hako,2024-10-03,ONA,FINISHED,25.0,24.0,Romance|Slice of Life|Sports,Telecom Animation Film,81.0,145989,5578
170732,Dungeon ni Deai wo Motomeru no wa Machigatteiru Darou ka V: Houjou no Megami-hen,2024-10-03,ONA,FINISHED,15.0,24.0,Action|Adventure|Comedy|Fantasy|Romance,J.C.STAFF,79.0,83513,2033
165810,Shin Tennis no Ouji-sama: U-17 WORLD CUP SEMIFINAL,2024-10-03,TV,FINISHED,13.0,23.0,Action|Comedy|Sports,M.S.C,63.0,2832,46
165790,"Kekkon Suru tte, Hontou desu ka",2024-10-03,TV,FINISHED,12.0,24.0,Romance|Slice of Life,Ashi Productions,70.0,47636,702
137696,Wu Chengen Ji Yao Lu,2024-10-03,ONA,FINISHED,12.0,19.0,Action|Fantasy,BooKong Culture,55.0,1354,16
185725,Dushi Gu Xian Yi,2024-10-02,ONA,RELEASING,195.0,11.0,Action|Adventure|Fantasy|Sci-Fi,,53.0,307,6
182445,Wu Liuqi: Jiyi Suipian,2024-10-02,ONA,FINISHED,10.0,15.0,Action|Comedy|Drama|Mystery|Supernatural,Sharefun Studio,82.0,8396,252
170578,Shicao Lao Long Bei Guanyi E Long Zhi Ming 2nd Season,2024-10-02,ONA,FINISHED,12.0,13.0,Action|Comedy|Fantasy,Studio LAN,66.0,3358,44
164172,Amagami-san Chi no Enmusubi,2024-10-02,TV,FINISHED,24.0,24.0,Comedy|Drama|Ecchi|Romance|Supernatural,Drive,73.0,50907,1174
163134,Re:Zero kara Hajimeru Isekai Seikatsu 3rd Season,2024-10-02,TV,FINISHED,16.0,24.0,Action|Adventure|Drama|Fantasy|Psychological|Romance|Thriller,WHITE FOX,84.0,192274,6353
157965,Acro Trip,2024-10-02,ONA,FINISHED,12.0,24.0,Comedy|Mahou Shoujo|Slice of Life|Supernatural,Voil,67.0,12441,206
206877,Monotone,2024-10-01,MUSIC,FINISHED,1.0,4.0,Drama|Slice of Life|Supernatural,Ijigen TOKYO|CloverWorks,,111,0
177104,Saikyou no Shien-shoku [Wajutsushi] Dearu Ore wa Sekai Saikyou Clan wo Shitagaeru,2024-10-01,ONA,FINISHED,12.0,24.0,Action|Adventure|Comedy|Fantasy|Psychological,Felix Film|GA-CREW,74.0,55894,1350
168139,Rekishi ni Nokoru Akujo ni Naruzo,2024-10-01,TV,FINISHED,13.0,24.0,Comedy|Fantasy|Romance,Maho Film,72.0,54229,1183
193469,Shushan Qi Xian Lu Part 2,2024-09-30,ONA,FINISHED,10.0,,Action|Adventure|Fantasy,Wawayu Animation,,54,0
182434,5-Oku-nen Button Part 2,2024-09-30,TV,FINISHED,2.0,23.0,Psychological,STUDIO SOTA,,214,2
182364,DONUT HOLE 2024,2024-09-30,MUSIC,FINISHED,1.0,4.0,Action|Supernatural,Production I.G,72.0,842,27
169931,Goukon ni Ittara Onna ga Inakatta Hanashi,2024-09-30,ONA,FINISHED,12.0,24.0,Comedy|Romance,Ashi Productions,72.0,27027,633
168084,Fei Ren Zai 2 Part 3,2024-09-30,ONA,FINISHED,24.0,5.0,Comedy|Slice of Life|Supernatural,FENZ,,125,0
206724,Ai no Shoumi Kigen,2024-09-29,MUSIC,FINISHED,1.0,4.0,Romance,Andraft,,81,1
190619,Neppuu,2024-09-29,MUSIC,FINISHED,1.0,3.0,Drama|Music,R11R,57.0,262,6
178434,"Tensei Kizoku, Kantei Skill de Nariagaru 2nd Season",2024-09-29,TV,FINISHED,12.0,24.0,Adventure|Fantasy,studio MOTHER,73.0,47619,806
175019,Nageki no Bourei wa Intai Shitai,2024-09-29,TV,FINISHED,13.0,24.0,Action|Comedy|Fantasy,Zero-G,69.0,69418,1342
111314,Uzumaki,2024-09-29,TV,FINISHED,4.0,29.0,Drama|Horror|Mystery|Psychological|Supernatural,Akatsuki|Fugaku,54.0,85515,951
168500,"Maou-sama, Retry! R",2024-09-28,TV,FINISHED,12.0,24.0,Action|Adventure|Comedy|Fantasy,Gekkou,57.0,22372,325
179368,InCha Couple ga You Gal-tachi to SEX Training Suru Hanashi,2024-09-27,OVA,FINISHED,2.0,20.0,Hentai,T-REX,72.0,2101,113
178557,Futsuma Shoujo Charlotte,2024-09-27,OVA,RELEASING,,16.0,Fantasy|Hentai,Majin petit,52.0,746,23
173693,Hitoribocchi no Isekai Kouryaku,2024-09-27,ONA,FINISHED,12.0,24.0,Action|Adventure|Fantasy,Hayabusa Film|Passione,65.0,65514,1214
173174,"BanG Dream! It's MyGO!!!!!: Haru no Hidamari, Mayoi Neko",2024-09-27,MOVIE,FINISHED,1.0,118.0,Drama|Music,SANZIGEN,77.0,2456,33
196241,Onaka ga Guuguu Island,2024-09-25,ONA,RELEASING,,4.0,Fantasy,Tsumupapa,,33,0
185750,Man Huang Xian Jie,2024-09-25,ONA,FINISHED,48.0,7.0,Action|Adventure|Fantasy,,,101,0
189964,Nuno Sanpo: Opening Movie-ppoi Anime PV,2024-09-23,SPECIAL,FINISHED,1.0,2.0,Comedy|Sci-Fi,STUDIO POLARIS,,100,0
187121,Ai no Yakusoku,2024-09-21,ONA,FINISHED,1.0,16.0,Mystery|Romance,,56.0,424,2
153472,Tian Ying,2024-09-21,ONA,FINISHED,26.0,16.0,Action|Fantasy,Boruntong,,347,5
213429,Himitsu Doushi,2024-09-20,ONA,FINISHED,1.0,2.0,Slice of Life,Ishikawa Pro,,60,1
177191,Go-toubun no Hanayome *,2024-09-20,SPECIAL,FINISHED,2.0,24.0,Comedy|Drama|Romance,Bibury Animation Studios,76.0,25419,586
175199,Given: Umi e,2024-09-20,MOVIE,FINISHED,1.0,80.0,Drama|Music|Romance,Lerche,84.0,13305,426
133845,Overlord: Sei Oukoku-hen,2024-09-20,MOVIE,FINISHED,1.0,135.0,Action|Adventure|Fantasy,MADHOUSE,78.0,66517,1322
183486,GAUZE,2024-09-19,MUSIC,FINISHED,1.0,4.0,Fantasy|Romance|Supernatural,,,101,0
182386,POKÉTOON (2024),2024-09-18,ONA,FINISHED,9.0,8.0,Comedy|Fantasy|Slice of Life,Studio Nanahoshi|Studio Colorido|ZEXCS|NAGOMI,70.0,1724,17
183157,Xianwu Zhuan 3,2024-09-15,ONA,FINISHED,52.0,18.0,,Xiaoming Taiji,59.0,278,13
182879,Office Work,2024-09-15,ONA,FINISHED,1.0,1.0,Comedy,,43.0,245,0
181277,Paipai Kamen de Doukashiran?,2024-09-15,MUSIC,FINISHED,1.0,5.0,Action|Ecchi,SANZIGEN,69.0,774,14
204473,Danyuan Meng Changjiu,2024-09-14,SPECIAL,FINISHED,1.0,3.0,Fantasy,Shanghai Animation Film Studio,,127,2
183478,UNDEAD,2024-09-14,MUSIC,FINISHED,1.0,3.0,,,77.0,1620,24
183158,Yishi Du Zun 2nd Season,2024-09-14,ONA,FINISHED,120.0,,Action|Adventure|Fantasy,Xing Yi Kai Chen,,155,1
182563,Wanmei Shijie Movie: Huo Zhi Huijin,2024-09-14,ONA,FINISHED,3.0,33.0,Action|Adventure|Fantasy,Foch,64.0,383,12
185796,Xian Ji Xun Zong,2024-09-13,ONA,FINISHED,48.0,7.0,Action|Adventure|Fantasy,,,85,0
169403,Wonderful Precure! The Movie! Dokidoki♡Game no Sekai de Daibouken!,2024-09-13,MOVIE,FINISHED,1.0,71.0,Mahou Shoujo,Toei Animation,65.0,1630,16
182301,Wish Cat,2024-09-12,TV_SHORT,FINISHED,26.0,11.0,Comedy|Drama|Fantasy|Mahou Shoujo,SAMG Animation,,121,5
180947,Transformers 40th Shuunen Kinen Special Movie,2024-09-12,SPECIAL,FINISHED,1.0,4.0,Mecha|Sci-Fi,TRIGGER,74.0,1133,37
180936,Feelingradation,2024-09-11,MUSIC,FINISHED,1.0,4.0,,Studio KAI,63.0,299,4
204407,Juequling: Jinghun Wuye,2024-09-09,ONA,FINISHED,1.0,2.0,Action|Sci-Fi,,55.0,240,5
180870,Allegro,2024-09-09,MUSIC,FINISHED,1.0,4.0,Sci-Fi,WIT STUDIO,66.0,475,9
180923,Kankin Kuiki Level X,2024-09-07,TV_SHORT,FINISHED,6.0,13.0,Horror|Mystery,Imagica Infos|Imageworks Studio,59.0,2250,26
180871,Azur Lane: 7 Shuunen Kinen Anime PV,2024-09-07,SPECIAL,FINISHED,1.0,2.0,,MADHOUSE,56.0,322,5
187087,Benghuai: Xingqiong Tiedao - Qingxian Zizai Shen,2024-09-06,ONA,FINISHED,1.0,3.0,Action|Fantasy|Sci-Fi,Fantasier Animation,71.0,818,13
180847,PIHOTEK: Hokkyoku wo Kaze to Aruku,2024-09-06,ONA,FINISHED,1.0,2.0,Adventure,Fanworks,,143,0
180817,Go-Getters,2024-09-06,MUSIC,FINISHED,1.0,4.0,Action,WIT STUDIO,68.0,1808,44
177856,Shounen ga Otona ni Natta Natsu,2024-09-06,OVA,FINISHED,4.0,20.0,Hentai,,65.0,2630,163
174634,Sex ga Suki de Suki de Daisuki na Classmate no Anoko,2024-09-06,OVA,RELEASING,,15.0,Hentai,,67.0,1886,94
166476,Love Live! Nijigasaki Gakuen School Idol Doukoukai: Kanketsu-hen 1,2024-09-06,MOVIE,FINISHED,1.0,67.0,Music|Slice of Life,Sunrise,76.0,4983,77
199412,Fuji Lieren,2024-09-04,ONA,FINISHED,12.0,20.0,Action,,,37,0
150930,Murai no Koi,2024-09-04,ONA,FINISHED,12.0,24.0,Comedy|Romance,J.C.STAFF,70.0,9530,181
184326,Kitto Zutto,2024-09-03,MUSIC,FINISHED,1.0,3.0,Adventure,,,64,7
180814,Violet!?,2024-09-03,MUSIC,FINISHED,1.0,3.0,Psychological,,54.0,164,4
180810,melting,2024-09-03,MUSIC,FINISHED,1.0,4.0,,,59.0,284,6
185576,START AGAIN,2024-08-31,MUSIC,FINISHED,1.0,2.0,,,58.0,318,6
180798,Melodrama,2024-08-31,MUSIC,FINISHED,1.0,4.0,,,,119,3
177789,Ima♥Ria,2024-08-30,OVA,FINISHED,6.0,16.0,Hentai,T-REX,65.0,2167,130
177707,Rignetta-san no Bouken,2024-08-30,OVA,RELEASING,,20.0,Hentai,Majin petit,51.0,853,22
177149,Bubble de House de ***: Ofuro Maker no Showroom ga Sharehouse de... The Animation,2024-08-30,OVA,RELEASING,,31.0,Hentai,Seven,69.0,1683,94
158166,Kimi no Iro,2024-08-30,MOVIE,FINISHED,1.0,100.0,Music,Science SARU,78.0,27064,480
151017,Garden of Remembrance,2024-08-30,MOVIE,FINISHED,1.0,18.0,Music,Science SARU,68.0,4987,30
180731,Kaiba Seichoutsuu,2024-08-29,MUSIC,FINISHED,1.0,3.0,Supernatural,,58.0,257,7
177814,Terminator 0,2024-08-29,ONA,FINISHED,8.0,28.0,Action|Drama|Psychological|Sci-Fi|Thriller,Production I.G,70.0,11014,157
156108,Xijing Sushe,2024-08-29,ONA,FINISHED,12.0,15.0,Drama|Slice of Life,Yofox Culture,,486,5
207594,Given: Hiiragi mix Specials,2024-08-28,SPECIAL,FINISHED,4.0,4.0,Drama|Music,Lerche,72.0,1256,28
188805,Metal Cardbot S,2024-08-26,TV_SHORT,FINISHED,26.0,11.0,Action|Comedy|Mecha|Sci-Fi,SAMG Animation,,46,0
185669,Nanashi Kaidan 3rd Season,2024-08-26,ONA,FINISHED,5.0,6.0,Horror|Supernatural,,,181,2
180585,Aqutan no Koto Sukisugi☆Song,2024-08-26,MUSIC,FINISHED,1.0,2.0,,,63.0,416,9
185481,YES to NO no Aida ni,2024-08-24,MUSIC,FINISHED,1.0,4.0,,,,123,1
180875,Xi Xing Ji: Da Yuan Hun Tebie Pian,2024-08-21,ONA,FINISHED,4.0,20.0,Action|Adventure|Fantasy,,,93,1
206289,Zhanshen Lianmeng,2024-08-20,ONA,FINISHED,48.0,8.0,Action|Adventure|Fantasy|Sci-Fi,,,63,1
184372,Wujin Shenyu,2024-08-18,ONA,FINISHED,80.0,13.0,Action|Adventure|Fantasy,,,168,2
180336,Midnight Vampire,2024-08-17,ONA,FINISHED,1.0,8.0,Horror,,60.0,803,13
180332,Monogatari Series: Off & Monster Season - Zankoku Douwa: Utsukushi-hime,2024-08-17,SPECIAL,FINISHED,1.0,13.0,Drama|Mystery|Supernatural,Shaft,78.0,9779,89
177680,Touken Ranbu Kai: Douden Chikashi Haberau Monora,2024-08-16,MOVIE,FINISHED,1.0,69.0,Action|Fantasy,domerica,55.0,1524,14
176275,KING OF PRISM -Dramatic PRISM.1-,2024-08-16,MOVIE,FINISHED,1.0,60.0,Music|Sports,Tatsunoko Production,,495,7
168998,Zegapain STA,2024-08-16,MOVIE,FINISHED,1.0,90.0,Action|Mecha|Romance|Sci-Fi,Sunrise,,1015,9
168081,Quanzhi Fashi Special: Shenmi Weituo,2024-08-16,ONA,FINISHED,6.0,22.0,Action|Fantasy,Foch,61.0,1979,45
150103,Rick and Morty: The Anime,2024-08-16,TV,FINISHED,10.0,19.0,Adventure|Comedy|Sci-Fi,Telecom Animation Film,44.0,6461,95
169692,Kengan Ashura Season 2 Part 2,2024-08-15,ONA,FINISHED,16.0,25.0,Action|Sports,Larx Entertainment,77.0,11575,229
137672,Jian Lai,2024-08-15,ONA,FINISHED,26.0,,Adventure|Fantasy,Cloud Art,71.0,1370,66
185749,Wo de Wei Xin Tong Longgong,2024-08-13,ONA,FINISHED,60.0,11.0,Action|Adventure|Fantasy|Sci-Fi,,,113,3
199433,Bai She 3: Fusheng,2024-08-10,MOVIE,FINISHED,1.0,,Action|Adventure|Fantasy|Romance,Light Chaser Animation,58.0,366,6
155319,Shen Mu 2,2024-08-10,ONA,FINISHED,27.0,20.0,Action|Adventure|Fantasy,Wonder Cat Animation,61.0,602,22
137718,TAISU PROJECT,2024-08-10,ONA,FINISHED,4.0,24.0,,Tencent Penguin Pictures|Chirying Culture|MAPPA|YAMATOWORKS,,656,2
184760,HYURURIRAPAPPA,2024-08-09,MUSIC,FINISHED,1.0,3.0,Music,,63.0,178,12
171145,Crayon Shin-chan: Ora-tachi no Kyouryuu Nikki,2024-08-09,MOVIE,FINISHED,1.0,100.0,Comedy|Ecchi|Slice of Life,Shin-Ei Animation,66.0,1042,21
171099,Bocchi the Rock! Re:Re:,2024-08-09,MOVIE,FINISHED,1.0,77.0,Comedy|Music|Slice of Life,CloverWorks,83.0,13615,215
180797,Wander!,2024-08-08,MUSIC,FINISHED,1.0,4.0,,,55.0,235,0
167991,Delico's Nursery,2024-08-08,TV,FINISHED,13.0,24.0,Fantasy|Mystery|Supernatural,J.C.STAFF,67.0,23181,329
152184,Yeosingangnim,2024-08-08,ONA,FINISHED,13.0,19.0,Drama|Romance,,64.0,13410,219
181179,Sarangui Heartsping,2024-08-07,MOVIE,FINISHED,1.0,86.0,Fantasy|Mahou Shoujo,SAMG Animation,,65,0
180064,ICHINAN,2024-08-07,MUSIC,FINISHED,1.0,4.0,Music|Supernatural,,,81,2
179839,Feng Ling Yu Xiu 2nd Season: Tebie Pian,2024-08-07,ONA,FINISHED,2.0,39.0,Action|Adventure|Comedy|Drama,Sunflowers,59.0,363,8
166418,Nian Wushuang,2024-08-07,ONA,FINISHED,14.0,23.0,Action|Fantasy|Romance,Oriental Creative Color,56.0,255,8
184560,Rising Impact Season 2,2024-08-06,ONA,FINISHED,14.0,25.0,Comedy|Drama|Sports,Lay-duce,78.0,4291,71
181837,Long Zhong Ren,2024-08-06,ONA,FINISHED,16.0,17.0,Comedy|Mystery|Romance,White Paper Animation,58.0,596,12
180796,Butai ni Tatte,2024-08-06,MUSIC,FINISHED,1.0,4.0,Sports,mimoid,55.0,164,0
156086,Guai Xiang Shou,2024-08-05,ONA,FINISHED,8.0,12.0,Comedy|Fantasy,,52.0,564,3
168164,Dou Po Cangqiong: Nian Fan 3,2024-08-04,ONA,FINISHED,52.0,22.0,Action|Adventure|Fantasy,Motion Magic,80.0,1311,119
179991,Fate/Grand Order: Fujimaru Ritsuka wa Wakaranai Season 2,2024-08-03,ONA,FINISHED,26.0,3.0,Comedy,DLE,65.0,1026,16
179978,Fate/Grand Order Explore Movie 2024,2024-08-03,SPECIAL,FINISHED,3.0,1.0,Adventure|Slice of Life,Shaft|Rouseact|GARDEN,63.0,888,12
168083,Huyao Xiao Hongniang: Jinghua Yuan,2024-08-03,ONA,FINISHED,10.0,,Adventure|Fantasy|Romance,Ke Yue Xue Zi,,223,8
179845,You Shou Yan 4,2024-08-02,ONA,FINISHED,12.0,7.0,Comedy|Fantasy,FENZ,71.0,456,20
168013,Boku no Hero Academia THE MOVIE: YOU'RE NEXT,2024-08-02,MOVIE,FINISHED,1.0,110.0,Action|Adventure|Sci-Fi,bones,76.0,43721,632
180157,Easier to Love You,2024-08-01,MUSIC,FINISHED,1.0,4.0,Psychological,,60.0,215,6
179953,Ikenie,2024-08-01,MUSIC,FINISHED,1.0,4.0,Action|Comedy|Supernatural,,56.0,252,2
168872,Kimi ni Todoke 3RD SEASON,2024-08-01,ONA,FINISHED,5.0,67.0,Comedy|Drama|Romance|Slice of Life,Production I.G,84.0,48190,1247
168105,Zhan Shen: Fanchen Shen Yu,2024-07-31,ONA,FINISHED,15.0,24.0,Action|Fantasy,Shenman Entertainment,77.0,2551,114
179880,Yuureisen-sen,2024-07-30,MUSIC,FINISHED,1.0,5.0,Action|Supernatural,Studio KAI,77.0,1527,54
181836,Zhui Xu 2nd Season,2024-07-28,ONA,FINISHED,16.0,15.0,Comedy|Romance|Slice of Life,Oriental Creative Color,,201,3
166416,Shen Wu Tianzun,2024-07-27,ONA,FINISHED,24.0,17.0,Action|Adventure|Fantasy,Passion Paint Animation,,280,12
179916,Ling Wu Dalu,2024-07-26,ONA,RELEASING,,10.0,Action|Adventure|Fantasy,Soyep,,349,13
179844,Yong Sheng 4,2024-07-26,ONA,FINISHED,16.0,19.0,Action|Drama|Fantasy,Oriental Creative Color,64.0,494,10
177255,Seiyoku Tsuyo Tsuyo THE ANIMATION,2024-07-26,OVA,FINISHED,2.0,16.0,Hentai,Seven,65.0,1919,81
151117,Mononoke: Karakasa,2024-07-26,MOVIE,FINISHED,1.0,87.0,Fantasy|Horror|Mystery|Psychological|Supernatural,EOTA,80.0,23337,605
168630,Horangi Deureowayo,2024-07-22,ONA,FINISHED,8.0,10.0,Slice of Life|Supernatural,Laftel,60.0,495,10
179720,DAIDAIDAI Fantasista,2024-07-21,MUSIC,FINISHED,1.0,4.0,,,56.0,300,3
211328,First Line,2024-07-20,MOVIE,FINISHED,1.0,8.0,Drama,TOHO animation STUDIO,62.0,289,5
179954,Mirai no Kuromakukei Akuyaku Reijou Moriarty no Isekai Kanzen Hanzai Hakusho,2024-07-20,TV_SHORT,FINISHED,6.0,11.0,Fantasy,Imageworks Studio,46.0,834,14
137802,Baise Shandian,2024-07-20,ONA,FINISHED,6.0,13.0,Sports,HuaMei Animation,51.0,635,2
185529,Utuber,2024-07-19,MUSIC,FINISHED,1.0,3.0,Comedy|Sci-Fi,,,131,1
176907,Ito wo Yoru,2024-07-19,OVA,RELEASING,,20.0,Hentai,,53.0,1067,33
176319,SutoPuri: Hajimari no Monogatari - Strawberry School Festival!!!,2024-07-19,MOVIE,FINISHED,1.0,84.0,Comedy|Music|Slice of Life,LIDENFILMS,54.0,1101,18
175120,Koneko no Chii: Ponponra Natsuyasumi,2024-07-19,ONA,FINISHED,12.0,12.0,Comedy|Slice of Life,Marza Animation Planet,57.0,434,5
158641,Bakeneko Anzu-chan,2024-07-19,MOVIE,FINISHED,1.0,90.0,Fantasy|Slice of Life|Supernatural,Shin-Ei Animation|Miyu Productions,70.0,4768,44
144779,Yamato yo Towa ni: REBEL3199,2024-07-19,OVA,RELEASING,26.0,24.0,Action|Sci-Fi,studio MOTHER|Satelight,61.0,2692,46
131791,Xi Yangyang Yu Hui Tailang Zhi Shouhu,2024-07-19,MOVIE,FINISHED,1.0,96.0,Action|Comedy,,,62,0
179716,Genshin Ten: Tabigokoro no Omomuku Mama ni Kinen Anime,2024-07-18,ONA,FINISHED,1.0,1.0,Slice of Life,,58.0,408,6
176660,Sengoku Youko: Senma Konton-hen,2024-07-18,TV,FINISHED,22.0,24.0,Action|Adventure|Fantasy,WHITE FOX,74.0,11863,226
179213,Shaonian Bai Ma Zui Chun Feng 2nd Season,2024-07-17,ONA,FINISHED,26.0,24.0,Action|Adventure|Fantasy,CG Year,,164,3
179860,Aikatsu Academy! Animation PVs,2024-07-16,ONA,RELEASING,,1.0,Music,Bandai Namco Pictures,55.0,346,4
207654,Tulip-chan,2024-07-15,MOVIE,FINISHED,1.0,19.0,,,,37,1
206201,Wan Yu Feng Shen 2,2024-07-15,ONA,FINISHED,20.0,12.0,Action|Fantasy,Soyep,,59,1
186496,Sui Kin Chi Ka Moku Dotten Amen SP Dance PV,2024-07-15,SPECIAL,FINISHED,1.0,1.0,Music|Slice of Life,Science SARU,67.0,733,4
177922,Yami Shibai 13,2024-07-15,TV_SHORT,FINISHED,13.0,4.0,Horror|Supernatural,ILCA,55.0,1788,12
182555,Wo De San Ti 4th Season,2024-07-14,ONA,FINISHED,9.0,23.0,Drama|Sci-Fi,,,49,1
179719,KAMAKURA STYLE,2024-07-14,MUSIC,FINISHED,1.0,3.0,,,63.0,785,10
179429,Hao×2+Lie×2,2024-07-14,MUSIC,FINISHED,1.0,3.0,,,,108,1
171457,Make Heroine ga Oosugiru!,2024-07-14,TV,FINISHED,12.0,24.0,Comedy|Romance|Slice of Life,A-1 Pictures,80.0,129963,5098
154963,ATRI: My Dear Moments,2024-07-14,TV,FINISHED,13.0,24.0,Drama|Romance|Sci-Fi,TROYCA,70.0,32602,570
137710,Jiu Wo,2024-07-14,ONA,FINISHED,1.0,5.0,Drama|Horror,Nice Boat Animation|Mote Stop-Motion Animation,,141,0
124118,Denglong Dao,2024-07-14,ONA,FINISHED,3.0,24.0,Action|Drama|Supernatural,Nice Boat Animation|Mote Stop-Motion Animation,,109,1
179408,JOCHUM,2024-07-13,TV_SHORT,FINISHED,24.0,2.0,Slice of Life,Fanworks,48.0,200,0
176865,Cang Yuan Tu: Dongning Fu Fanwai Pian,2024-07-13,ONA,FINISHED,4.0,20.0,Action|Fantasy,Youku,69.0,737,28
167419,Naze Boku no Sekai wo Daremo Oboeteinai no ka?,2024-07-13,TV,FINISHED,12.0,24.0,Action|Adventure|Fantasy|Sci-Fi,project No.9,62.0,57684,888
124343,Erlang Shen: Shenhai Jialong,2024-07-13,MOVIE,FINISHED,1.0,,Fantasy,Tyhoo CG|Charming Fox Animation,,263,6
185117,Luo Fanchen,2024-07-12,MOVIE,FINISHED,1.0,118.0,Fantasy|Romance,,,140,2
157371,"Bye Bye, Earth",2024-07-12,TV,FINISHED,10.0,24.0,Action|Adventure|Fantasy,LIDENFILMS,59.0,28620,278
185118,Mindiao Ju Yi Wen Lu 2,2024-07-11,ONA,FINISHED,8.0,18.0,Action|Adventure|Supernatural,,,300,3
183537,LONELINESS WILL SHINE,2024-07-10,MUSIC,FINISHED,1.0,6.0,,,,103,2
167144,Koi wa Futago de Warikirenai,2024-07-10,TV,FINISHED,12.0,24.0,Romance,ROLL2,61.0,29049,380
139825,"Kimi to Boku no Saigo no Senjou, Arui wa Sekai ga Hajimaru Seisen Season II",2024-07-10,TV,FINISHED,12.0,24.0,Action|Fantasy|Romance,SILVER LINK.|Studio Palette,68.0,43401,705
186620,Benghuai: Xingqiong Tiedao - Ciyu Dianya,2024-07-09,ONA,FINISHED,1.0,1.0,Psychological,miHoYo Anime,60.0,556,5
179207,Seitokai ni mo Ana wa Aru! PV,2024-07-09,ONA,FINISHED,1.0,1.0,Comedy|Slice of Life,Passione,70.0,2124,31
177097,Egumi Legacy,2024-07-09,TV_SHORT,FINISHED,12.0,11.0,Comedy,Studio Outrigger,59.0,935,14
170938,Katsute Mahou Shoujo to Aku wa Tekitai Shite Ita.,2024-07-09,TV_SHORT,FINISHED,12.0,12.0,Comedy|Fantasy|Mahou Shoujo|Romance,bones,74.0,41091,1109
152137,Isekai Shikkaku,2024-07-09,TV,FINISHED,12.0,23.0,Comedy|Fantasy|Romance|Slice of Life|Supernatural,Atelier Pontdarc,71.0,93065,1827
180677,Danryoku Saiteki Kai,2024-07-08,ONA,FINISHED,1.0,1.0,,,,124,1
174044,Mayonaka Punch,2024-07-08,TV,FINISHED,12.0,24.0,Comedy|Supernatural,P.A.WORKS,72.0,28798,647
173489,Yoasobi Gurashi!,2024-07-08,ONA,FINISHED,8.0,7.0,Drama|Ecchi|Romance,Studio Houkiboshi,63.0,2761,117
171031,Isekai Yururi Kikou: Kosodate Shinagara Boukensha Shimasu,2024-07-08,TV,FINISHED,12.0,24.0,Adventure|Fantasy|Slice of Life,EMT Squared,66.0,38885,730
184812,Gendai Goyaku,2024-07-07,TV,FINISHED,12.0,24.0,Comedy,ILCASHIPS,,157,0
179212,Naoe-kun wa Yasesasetai.,2024-07-07,TV_SHORT,FINISHED,12.0,11.0,Comedy|Fantasy|Slice of Life,,43.0,630,7
177879,0-saiji Start Dash Monogatari,2024-07-07,TV_SHORT,FINISHED,12.0,3.0,Fantasy,,47.0,4550,53
174576,Tsue to Tsurugi no Wistoria,2024-07-07,TV,FINISHED,12.0,24.0,Action|Comedy|Drama|Fantasy,Actas|Bandai Namco Pictures,79.0,172992,5609
173388,Elf-san wa Yaserarenai.,2024-07-07,TV_SHORT,FINISHED,12.0,11.0,Comedy|Ecchi|Fantasy|Slice of Life,Elias,52.0,20964,301
173295,Shoushimin Series,2024-07-07,TV,FINISHED,10.0,23.0,Mystery|Slice of Life,Lapin Track,74.0,62082,1371
170891,Na-Nare Hana-Nare,2024-07-07,TV,FINISHED,12.0,24.0,Drama|Slice of Life|Sports,P.A.WORKS,61.0,17070,286
162796,Kinnikuman: Kanpeki Choujin Shiso-hen,2024-07-07,TV,FINISHED,12.0,24.0,Action|Comedy|Sports,Production I.G,66.0,3406,58
160488,VTuber nanda ga Haishin Kiri Wasuretara Densetsu ni Natteta,2024-07-07,TV,FINISHED,12.0,24.0,Comedy|Slice of Life,TNK,68.0,32644,501
153406,Kami no Tou: Tower of God 2nd Season,2024-07-07,TV,FINISHED,26.0,24.0,Action|Adventure|Drama|Fantasy|Mystery,The Answer Studio,66.0,121969,1951
139095,FAIRY TAIL: 100 YEARS QUEST,2024-07-07,TV,FINISHED,25.0,24.0,Action|Adventure|Comedy|Fantasy,J.C.STAFF,75.0,57631,1344
179214,San Shao Nü,2024-07-06,MOVIE,FINISHED,1.0,90.0,Fantasy,,,278,3
176283,Harimaware! Koinu 2nd Season,2024-07-06,TV_SHORT,FINISHED,12.0,4.0,Comedy|Slice of Life,Opera House,,170,1
175868,Tensui no Sakuna-hime,2024-07-06,TV,FINISHED,13.0,24.0,Action|Fantasy,P.A.WORKS,65.0,9288,213
173533,Monogatari Series: Off & Monster Season,2024-07-06,ONA,FINISHED,14.0,23.0,Drama|Mystery|Supernatural,Shaft,86.0,41813,1191
172416,Mob kara Hajimaru Tansaku Eiyuutan,2024-07-06,TV,FINISHED,12.0,24.0,Action|Fantasy,Gekkou,56.0,32483,459
168623,Madougushi Dahlia wa Utsumukanai,2024-07-06,TV,FINISHED,12.0,24.0,Comedy|Fantasy|Romance,Imagica Infos|TYPHOON GRAPHICS,67.0,31167,386
168345,Dungeon no Naka no Hito,2024-07-06,TV,FINISHED,12.0,24.0,Adventure|Comedy|Fantasy,OLM,70.0,21351,449
165681,Cardfight!! Vanguard: Divinez Season 2,2024-07-06,TV,FINISHED,13.0,24.0,Action|Adventure|Fantasy,Kinema Citrus|Gift-o’-Animation|Studio JEMI,68.0,1518,34
163077,Kono Sekai wa Fukanzen Sugiru,2024-07-06,TV,FINISHED,13.0,24.0,Adventure|Comedy|Fantasy,100studio|Studio Palette,63.0,23535,352
162896,Nige Jouzu no Wakagimi,2024-07-06,TV,FINISHED,12.0,24.0,Action|Adventure|Supernatural,CloverWorks,77.0,89295,1767
154195,Grendizer U,2024-07-06,TV,FINISHED,13.0,24.0,Action|Adventure|Mecha,Gaina,56.0,4030,55
196248,Xi Yangyang Yu Hui Tailang: Fengkuang Chao Neng Ying,2024-07-05,TV_SHORT,FINISHED,60.0,15.0,Action|Comedy,,,26,1
173694,Hazure Waku no [Joutai Ijou Skill] de Saikyou ni Natta Ore ga Subete wo Juurin Suru made,2024-07-05,TV,FINISHED,12.0,24.0,Action|Adventure|Drama|Fantasy,Seven Arcs,64.0,93879,2026
170695,Ore wa Subete wo [Parry] Suru: Gyaku Kanchigai no Sekai Saikyou wa Boukensha ni Naritai,2024-07-05,TV,FINISHED,12.0,25.0,Action|Adventure|Fantasy,OLM,68.0,88855,1646
167420,NieR:Automata Ver1.1a 2nd Season,2024-07-05,TV,FINISHED,12.0,24.0,Action|Drama|Fantasy|Mystery|Psychological|Sci-Fi,A-1 Pictures,80.0,36644,944
166477,Megami no Café Terrace 2nd Season,2024-07-05,TV,FINISHED,12.0,23.0,Comedy|Drama|Ecchi|Romance,Tezuka Productions,73.0,29354,601
163623,Giji Harem,2024-07-05,TV,FINISHED,12.0,24.0,Comedy|Romance|Slice of Life,Nomad,76.0,93523,2721
163133,Senpai wa Otokonoko,2024-07-05,TV,FINISHED,12.0,23.0,Comedy|Drama|Romance,project No.9,72.0,36534,729
158559,2.5 Jigen no Ririsa,2024-07-05,TV,FINISHED,24.0,24.0,Comedy|Ecchi|Romance|Slice of Life,J.C.STAFF,72.0,67073,1563
156087,Wuliao Jiu Wanjie,2024-07-05,ONA,FINISHED,24.0,19.0,Comedy|Romance|Sci-Fi|Slice of Life,Shengying Animation,63.0,3934,62
170998,Ramen Aka Neko,2024-07-04,TV,FINISHED,12.0,23.0,Comedy|Fantasy|Slice of Life,E&H Production,69.0,6790,121
166700,Tasogare Outfocus,2024-07-04,TV,FINISHED,12.0,24.0,Drama|Romance,Studio DEEN,73.0,21657,458
152681,Gimai Seikatsu,2024-07-04,TV,FINISHED,12.0,24.0,Romance|Slice of Life,Studio DEEN,72.0,80809,1907
204620,Koikeya SDGs Gekijou Suss to Tina Season 5,2024-07-03,TV_SHORT,FINISHED,13.0,3.0,Action|Comedy,Garage Film,,25,1
175977,Shikanoko Nokonoko Koshitantan,2024-07-03,ONA,FINISHED,12.0,23.0,Comedy|Fantasy|Slice of Life,WIT STUDIO,67.0,106725,2107
174070,Tasuuketsu,2024-07-03,TV,FINISHED,24.0,23.0,Action|Mystery|Thriller,Satelight,47.0,10546,131
168104,Yi Nian Yongheng 3,2024-07-03,ONA,FINISHED,59.0,19.0,Action|Comedy|Fantasy,B.CMAY PICTURES,77.0,1478,50
166531,[Oshi no Ko] 2nd Season,2024-07-03,TV,FINISHED,13.0,24.0,Drama|Mystery|Psychological|Supernatural,Doga Kobo,85.0,176589,5928
162804,Tokidoki Bosotto Rossiya-go de Dereru Tonari no Alya-san,2024-07-03,TV,FINISHED,12.0,25.0,Comedy|Romance|Slice of Life,Doga Kobo,75.0,201493,6640
171748,SHY: Tokyo Dakkan-hen,2024-07-02,TV,FINISHED,12.0,23.0,Action|Drama,8-bit,68.0,12649,182
163292,"Shinmai Ossan Bouken-sha, Saikyou Party ni Shinu Hodo Kitaerarete Muteki ni Naru.",2024-07-02,TV,FINISHED,12.0,24.0,Action|Adventure|Comedy|Fantasy,Yumeta Company,73.0,79382,1691
175450,Boku no Tsuma wa Kanjou ga Nai,2024-06-29,ONA,FINISHED,12.0,24.0,Comedy|Romance|Sci-Fi|Slice of Life,Tezuka Productions,65.0,25473,530
206292,"Wo, Xiu Xianjie De Gongdi",2024-06-28,ONA,FINISHED,40.0,7.0,Action|Adventure|Comedy|Fantasy,,,63,1
177160,Bouken Tairiku Ania Kingdom: Densetsu no Guardian-hen,2024-06-28,TV_SHORT,FINISHED,5.0,5.0,Adventure,Infinity Vision,,103,1
176707,Boku ni Harem Sefure ga Dekita Riyuu,2024-06-28,OVA,FINISHED,4.0,16.0,Hentai,T-REX,69.0,1922,94
176489,Natsu ga Owaru made: Natsu no Owari The Animation,2024-06-28,OVA,FINISHED,2.0,20.0,Hentai,,59.0,1273,55
176396,Gobaku: Moe Mama Tsurezure,2024-06-28,OVA,FINISHED,,24.0,Hentai,Nur,61.0,1099,53
176395,Yarakashi,2024-06-28,OVA,FINISHED,2.0,24.0,Hentai,Nur,55.0,817,36
176328,Sefure no Senpai THE ANIMATION,2024-06-28,OVA,FINISHED,2.0,20.0,Hentai,Shion,62.0,1267,42
174788,Look Back,2024-06-28,MOVIE,FINISHED,1.0,58.0,Drama|Slice of Life,Studio Durian,86.0,122841,8386
172965,Sore Ike! Anpanman: Baikinman to Ehon no Lulun,2024-06-28,MOVIE,FINISHED,1.0,64.0,Comedy|Fantasy,TMS Entertainment,,169,2
166710,Isekai Suicide Squad,2024-06-27,TV,FINISHED,10.0,24.0,Action|Adventure|Fantasy|Sci-Fi,WIT STUDIO,61.0,62060,798
178396,NIJIYON ANIMATION 2: Shinsaku Animation,2024-06-26,SPECIAL,FINISHED,3.0,4.0,Comedy|Music|Slice of Life,Sunrise,65.0,926,6
177008,Hibike! Euphonium 3: Extra Episodes,2024-06-26,SPECIAL,FINISHED,6.0,4.0,Music|Slice of Life,Kyoto Animation,70.0,4179,37
177007,Yuru Camp△ SEASON 3 OVA,2024-06-26,OVA,FINISHED,3.0,6.0,Comedy|Slice of Life,8-bit,75.0,6538,49
173584,Maou Gun Saikyou no Majutsushi wa Ningen datta,2024-06-26,TV,FINISHED,12.0,24.0,Action|Adventure|Drama|Fantasy,studio A-CAT,63.0,57294,762
181834,Lu Di Jian Xian,2024-06-24,ONA,FINISHED,150.0,8.0,Action|Comedy|Fantasy,,,199,4
178402,#Mugen ni Tomaranai,2024-06-22,SPECIAL,FINISHED,1.0,1.0,,TROYCA,60.0,299,3
171115,Rising Impact,2024-06-22,ONA,FINISHED,12.0,25.0,Comedy|Drama|Sports,Lay-duce,76.0,10299,172
178620,Lunny-chan to Tanjoubiya-san,2024-06-21,ONA,FINISHED,1.0,1.0,Adventure,Lesprit,,116,0
178435,Empurple,2024-06-21,MUSIC,FINISHED,1.0,3.0,,Studio Gohan,56.0,187,1
175573,Gintama on Theater 2D: Ikkoku Keisei-hen,2024-06-21,MOVIE,FINISHED,1.0,109.0,Action|Comedy|Drama|Sci-Fi,,67.0,2627,28
174383,Oomuro-ke: dear friends,2024-06-21,MOVIE,FINISHED,1.0,44.0,Comedy|Slice of Life,Passione|Studio Lings,77.0,4803,76
126830,Code Geass: Dakkan no Rozé,2024-06-21,ONA,FINISHED,12.0,24.0,Action|Drama|Mecha|Sci-Fi|Thriller,Sunrise,64.0,34550,372
179718,Johari,2024-06-20,MUSIC,FINISHED,1.0,4.0,,,52.0,155,2
189736,Go! Go! Vehicle Zoo (ONA),2024-06-19,ONA,FINISHED,4.0,8.0,Slice of Life,DLE|Infinity Vision,,64,0
178102,Grrr Grrr Tummy,2024-06-18,MUSIC,FINISHED,1.0,3.0,,,53.0,282,3
137647,Taiping Tianshu: Jiang Hun Juexing,2024-06-18,ONA,FINISHED,12.0,12.0,Action,Foch,,187,2
185090,Page of Lambda,2024-06-15,ONA,FINISHED,1.0,2.0,,ENISHIYA,54.0,217,2
184750,Benghuai: Xingqiong Tiedao - Gelamo de Yujin,2024-06-14,ONA,FINISHED,1.0,6.0,Action|Fantasy|Sci-Fi,Fantasier Animation,77.0,1012,23
181833,Bai Lian Feisheng Lu 2nd Season,2024-06-14,ONA,FINISHED,40.0,12.0,Action|Adventure|Fantasy,,,125,0
178101,Itai no Itai no Tondeike,2024-06-14,MUSIC,FINISHED,1.0,4.0,Drama|Slice of Life,,66.0,741,14
178051,Tokyo Friday Night,2024-06-14,MUSIC,FINISHED,1.0,3.0,,,55.0,175,0
173935,Suu-funkan no Yell wo,2024-06-14,MOVIE,FINISHED,1.0,68.0,Music,100studio|Hurray!,71.0,6375,74
169766,RABBITS KINGDOM THE MOVIE,2024-06-14,MOVIE,FINISHED,1.0,94.0,Fantasy|Music,Studio Sign,,839,9
135511,Cheng He Titong,2024-06-14,ONA,FINISHED,24.0,26.0,Comedy|Romance,Shengying Animation,72.0,2319,64
198702,Shi Wang Zhe A? 3,2024-06-13,ONA,FINISHED,13.0,8.0,Comedy|Fantasy,Shengying Animation,,53,0
163785,Toemarok,2024-06-13,MOVIE,FINISHED,1.0,85.0,Action|Adventure|Supernatural,LOCUS Animation,,447,3
178014,Reverse,2024-06-12,MUSIC,FINISHED,1.0,3.0,Supernatural,,,124,1
178013,Emerald,2024-06-12,MUSIC,FINISHED,1.0,3.0,,,,75,0
178012,new world,2024-06-12,MUSIC,FINISHED,1.0,5.0,,,,129,2
166414,Tianting Banzhuan Xia,2024-06-12,ONA,FINISHED,18.0,15.0,Action|Fantasy,Tang Kirin Culture,,209,4
193831,Fudanshi Shoukan: Isekai de Shinjuu ni Hameraremashita 7th Season,2024-06-10,ONA,FINISHED,3.0,2.0,Comedy,,,86,0
155315,Jin Can Wangshi,2024-06-10,ONA,FINISHED,24.0,18.0,Action|Adventure|Mystery|Supernatural,Yofox Culture,,208,3
176908,Insomnia,2024-06-09,MUSIC,FINISHED,1.0,4.0,Psychological|Supernatural,,73.0,889,50
179211,Cong Gu Huo Niao Kaishi: Long Cheng Fengyun,2024-06-08,ONA,FINISHED,16.0,18.0,Action|Fantasy,,,165,3
178421,Maarui Kanojo to Zannen na Kareshi,2024-06-08,TV_SHORT,FINISHED,6.0,11.0,Comedy|Romance,Imageworks Studio,45.0,645,2
165253,Bocchi the Rock! Re:,2024-06-07,MOVIE,FINISHED,1.0,92.0,Comedy|Music|Slice of Life,CloverWorks,83.0,25618,314
155154,Tsuma wo Dousoukai ni Ikasetara,2024-06-07,OVA,RELEASING,,16.0,Hentai,Studio 1st,60.0,1097,55
182556,Shixiong A Shixiong Nian Fan,2024-06-06,ONA,FINISHED,52.0,21.0,Action|Adventure|Comedy|Fantasy,Sparkly Key Animation,66.0,379,24
177878,Blues in the Closet,2024-06-06,MUSIC,FINISHED,1.0,4.0,,,57.0,345,3
176287,Hanma Baki VS Kengan Ashura,2024-06-06,ONA,FINISHED,1.0,60.0,Action|Sports,TMS Entertainment,65.0,15425,184
173313,Atashin'chi NEXT,2024-06-05,ONA,FINISHED,5.0,10.0,Comedy,Shin-Ei Animation,53.0,256,1
156097,Jintian De Wancan Jiushi Ni,2024-06-05,ONA,FINISHED,36.0,14.0,Adventure|Comedy|Fantasy,Delight Animation,,476,6
137758,Juan Siliang: Feng Yan Dieqi,2024-06-01,ONA,FINISHED,15.0,19.0,Fantasy|Mystery|Romance,Year Young Culture,59.0,383,12
175499,Kyonyuu Onna Shikan Sennou Saimin,2024-05-31,OVA,FINISHED,2.0,16.0,Hentai|Sci-Fi,Ryuu M's,61.0,1361,63
175250,Mugoku no Kuni no Alice,2024-05-31,OVA,FINISHED,2.0,15.0,Fantasy|Hentai,Majin petit,50.0,833,24
175248,Shuumatsu Hospital,2024-05-31,OVA,FINISHED,2.0,24.0,Hentai,Nur,56.0,897,24
137735,Quanzhi Gaoshou 3,2024-05-31,ONA,FINISHED,17.0,19.0,Action,Colored Pencil Animation,71.0,12352,196
177815,Hajimari no Mahou -charm-,2024-05-30,MUSIC,FINISHED,1.0,2.0,Mahou Shoujo,,57.0,340,2
137673,Yuan Zun,2024-05-30,ONA,FINISHED,26.0,20.0,Action|Adventure|Fantasy|Romance,Motion Magic,66.0,1109,42
177754,We are GAMERS!!!!,2024-05-28,MUSIC,FINISHED,1.0,4.0,,,61.0,431,9
179717,Hai Yorokonde,2024-05-27,MUSIC,FINISHED,1.0,3.0,,,67.0,379,11
177845,Hallucinate,2024-05-27,MUSIC,FINISHED,1.0,3.0,,,,117,0
178758,Huan Chong Shi,2024-05-26,ONA,FINISHED,16.0,24.0,Action|Adventure|Fantasy,,61.0,399,15
177772,replica,2024-05-26,MUSIC,FINISHED,1.0,6.0,Adventure|Sci-Fi,,,90,0
177798,Nyaaaanvy,2024-05-25,TV_SHORT,FINISHED,6.0,3.0,Comedy,Lesprit,49.0,226,2
184748,Yuanshen: Weixing Zhi Lu,2024-05-24,ONA,FINISHED,1.0,3.0,Drama|Fantasy,,73.0,1076,18
177776,GOLDENWEEK,2024-05-24,MUSIC,FINISHED,1.0,4.0,Action|Fantasy,,,103,0
177697,Dead Dead Demon's Dededededestruction,2024-05-24,ONA,FINISHED,18.0,24.0,Comedy|Drama|Sci-Fi|Slice of Life,Production +h,78.0,40198,1032
177688,Lucky (feat. UMI),2024-05-24,MUSIC,FINISHED,1.0,4.0,,Contrail|MAPPA,62.0,477,2
176218,Dead Dead Demon's Dededededestruction Koushou,2024-05-24,MOVIE,FINISHED,1.0,120.0,Comedy|Drama|Sci-Fi|Slice of Life,Production +h,70.0,5158,55
172420,Uma Musume: Pretty Derby - Shin Jidai no Tobira,2024-05-24,MOVIE,FINISHED,1.0,108.0,Drama|Psychological|Slice of Life|Sports,CygamesPictures,87.0,31918,2622
148080,Suki demo Kirai na Amanojaku,2024-05-24,MOVIE,FINISHED,1.0,112.0,Adventure|Supernatural,Studio Colorido,68.0,18692,234
177813,I’ll be there,2024-05-23,MUSIC,FINISHED,1.0,5.0,,,,113,0
177683,Uso ja Nai,2024-05-23,MUSIC,FINISHED,1.0,5.0,,,67.0,578,8
177512,Xiehou Ta De Shaonu Shidai,2024-05-23,ONA,FINISHED,18.0,17.0,Comedy|Drama|Slice of Life,,72.0,6066,125
177106,Garouden: The Way of the Lone Wolf,2024-05-23,ONA,FINISHED,8.0,24.0,Action,NAZ,61.0,4488,52
206516,Watashi wo Shiranai France ni Ai ni Iku,2024-05-22,ONA,FINISHED,1.0,1.0,Slice of Life,Onakama,,99,1
178067,Girls' F1st!!!! GT,2024-05-22,ONA,FINISHED,13.0,8.0,Comedy|Music,,,158,5
177640,Hatsukoi no Nioi,2024-05-19,MUSIC,FINISHED,1.0,5.0,Romance,CoMix Wave,68.0,634,12
166413,Jinwu Wei: Feng Qi Jingling,2024-05-18,ONA,FINISHED,16.0,20.0,Action|Adventure|Fantasy,CG Year,,155,1
174722,You Shou Yan 3,2024-05-17,ONA,FINISHED,12.0,6.0,Comedy|Fantasy|Slice of Life,FENZ,71.0,473,19
156727,i☆Ris the Movie: Full Energy!!,2024-05-17,MOVIE,FINISHED,1.0,60.0,Fantasy|Music,Studio Gokumi,63.0,1206,14
137649,Fengyun Bian,2024-05-17,ONA,FINISHED,30.0,20.0,Fantasy,BlueArc Animation Studio,,214,4
177583,Mahou Shoujo holoWitches!,2024-05-16,ONA,FINISHED,1.0,4.0,Mahou Shoujo|Slice of Life,,64.0,755,7
177672,Hazard Symbol,2024-05-14,MUSIC,FINISHED,1.0,4.0,Supernatural,,63.0,462,2
166240,Kimetsu no Yaiba: Hashira Geiko-hen,2024-05-12,TV,FINISHED,8.0,30.0,Action|Adventure|Drama|Fantasy|Supernatural,ufotable,79.0,273275,6156
177547,After Epochs,2024-05-10,MUSIC,FINISHED,1.0,4.0,Adventure|Fantasy,,64.0,524,10
176299,Uma Musume: Pretty Derby - ROAD TO THE TOP Movie,2024-05-10,MOVIE,FINISHED,1.0,99.0,Drama|Slice of Life|Sports,CygamesPictures,79.0,9695,171
171291,trapezium,2024-05-10,MOVIE,FINISHED,1.0,94.0,Drama|Music,CloverWorks,68.0,11263,83
177497,Oracle,2024-05-08,MUSIC,FINISHED,1.0,3.0,,matlity,63.0,314,6
200373,Ootsuchi Chou Kagura Dai Hammer,2024-05-07,ONA,FINISHED,1.0,23.0,Action|Mecha|Sci-Fi|Supernatural,Tengu Kobou,,130,0
168178,Kaiju Yi Zuo Shan 2,2024-05-06,ONA,FINISHED,24.0,14.0,Fantasy,Qiyuan Yinghua,,95,0
163139,Boku no Hero Academia 7,2024-05-04,TV,FINISHED,21.0,24.0,Action|Adventure,bones,82.0,182304,4116
177407,Flatwoods no Monster Mitai ni,2024-05-03,MUSIC,FINISHED,1.0,3.0,Action|Fantasy,MAPPA,59.0,361,6
177384,III,2024-05-03,MUSIC,FINISHED,1.0,3.0,,,73.0,956,26
169930,T・P Bon,2024-05-02,ONA,FINISHED,24.0,28.0,Sci-Fi,bones,65.0,4628,54
156103,Hui Ming: Fenghuo Sanyue,2024-05-02,ONA,FINISHED,16.0,20.0,Action|Fantasy,Wonder Cat Animation|Mili Digital,57.0,314,5
204762,Enter the Garden,2024-04-30,ONA,RELEASING,3.0,,,Qzil.la|Imagica Infos|Dentsu,53.0,1219,7
178351,Yao Shen Ji 8,2024-04-30,ONA,FINISHED,52.0,8.0,Action|Adventure|Fantasy|Romance,Ruo Hong Culture,68.0,593,18
183795,Prima Rabbit,2024-04-29,ONA,FINISHED,1.0,1.0,Drama|Sports,Studio Nanahoshi,,191,0
206051,Dungeons & Television Pilot Film,2024-04-28,ONA,FINISHED,1.0,2.0,Adventure|Fantasy,,,87,1
178352,Gotchard Short Anime: Gotchanime - Furasu Koukou Nanafushigi wo Gotcha Seyo!,2024-04-28,ONA,FINISHED,5.0,6.0,Comedy,,,99,1
137708,Xiao Bing Chuanqi,2024-04-28,ONA,FINISHED,26.0,20.0,Action|Sci-Fi,Motion Magic,,250,3
179807,Jueshi Zhan Hun,2024-04-27,ONA,FINISHED,180.0,10.0,Action|Adventure|Fantasy,,,275,13
179715,Shi Dao Zhe,2024-04-27,ONA,FINISHED,1.0,15.0,Action|Fantasy,Gravity Well,66.0,326,10
177177,Arknights: 2024 Tebie Jinian Donghua,2024-04-27,SPECIAL,FINISHED,1.0,2.0,Action|Fantasy,Big Firebird Cultural Media,77.0,1501,32
183162,Insect Land (ONA),2024-04-26,ONA,FINISHED,4.0,5.0,Slice of Life,,,50,0
178350,selector loth WIXOSS PV,2024-04-26,ONA,FINISHED,1.0,2.0,Drama|Psychological|Thriller,J.C.STAFF,58.0,456,1
174633,Midareuchi,2024-04-26,OVA,FINISHED,2.0,16.0,Hentai,T-REX,62.0,1793,98
174187,Mebuki The Animation,2024-04-26,OVA,FINISHED,2.0,16.0,Hentai,Studio 1st,58.0,1399,51
174186,Rennyuu Order: Okawari The Animation,2024-04-26,OVA,FINISHED,1.0,27.0,Hentai,Studio 1st,66.0,1503,66
174184,Dearest Blue,2024-04-26,OVA,RELEASING,,23.0,Hentai,PoRO petit,52.0,977,34
174181,Succubus★Connect!,2024-04-26,OVA,RELEASING,,17.0,Fantasy|Hentai,Majin petit,55.0,1139,26
177240,Kawaranai Mono,2024-04-25,SPECIAL,FINISHED,1.0,3.0,Slice of Life,MANAA ANIMATION,,164,0
177231,Ponkotsu Quest: Maou to Haken no Mamono-tachi Season 8,2024-04-25,ONA,FINISHED,12.0,4.0,Adventure|Comedy|Fantasy,,,81,0
172964,Jongtama Kan!!,2024-04-25,ONA,FINISHED,13.0,5.0,Comedy,Alke,55.0,2320,16
192298,Charisma in Da House,2024-04-24,MUSIC,FINISHED,1.0,5.0,Comedy,,,109,2
177406,Gif ni Ted,2024-04-24,MUSIC,FINISHED,1.0,3.0,Slice of Life,,59.0,367,1
177405,Wan Wan Train Doko e Iku?,2024-04-24,ONA,FINISHED,9.0,1.0,,EMT Squared,54.0,721,3
177494,Yong Sheng 3,2024-04-19,ONA,FINISHED,16.0,19.0,Action|Drama|Fantasy,Oriental Creative Color,66.0,536,14
176317,Blue Lock: EPISODE Nagi - Additional Time!,2024-04-19,SPECIAL,FINISHED,4.0,1.0,Comedy|Slice of Life|Sports,,68.0,5682,71
170297,Konomi ja Nai kedo: Mukatsuku Ane to Aishou Batsugun Ecchi,2024-04-19,OVA,FINISHED,2.0,15.0,Hentai,NewGeneration,68.0,2222,111
163147,Blue Lock: EPISODE Nagi,2024-04-19,MOVIE,FINISHED,1.0,91.0,Action|Drama|Sports,8-bit,73.0,50295,677
177048,Zettai Reido,2024-04-18,MUSIC,FINISHED,1.0,3.0,,,73.0,1634,74
184624,Yuanshen: Jin Zhong Ge,2024-04-17,ONA,FINISHED,1.0,7.0,Action|Drama|Fantasy,miHoYo Anime,78.0,1682,33
175786,Shaonian Ge Xing: Anhe Zhuan Part 2,2024-04-17,ONA,FINISHED,14.0,20.0,Action|Fantasy,Passion Paint Animation,,232,4
135643,Grimm Kumikyoku,2024-04-17,ONA,FINISHED,6.0,44.0,Fantasy|Psychological|Sci-Fi|Thriller,WIT STUDIO,66.0,17246,188
187376,Benghuai: Xingqiong Tiedao - Fei Ling He Boyi,2024-04-16,ONA,FINISHED,1.0,1.0,,,64.0,589,11
177047,DO-KA,2024-04-16,MUSIC,FINISHED,1.0,4.0,Action|Fantasy,,,115,1
141913,Fanpai Chushihua,2024-04-16,ONA,FINISHED,16.0,17.0,Action|Adventure|Comedy|Fantasy,CHOSEN,59.0,517,17
177009,Sekai wo Inuite,2024-04-14,MUSIC,FINISHED,1.0,4.0,Action,,56.0,279,1
170890,THE NEW GATE,2024-04-14,TV,FINISHED,12.0,24.0,Action|Adventure|Fantasy,CLOUDHEARTS|Yokohama Animation Lab,64.0,58627,986
160181,Sasayaku You ni Koi wo Utau,2024-04-14,TV,FINISHED,12.0,23.0,Drama|Music|Romance,CLOUDHEARTS|Yokohama Animation Lab,64.0,46070,780
177006,TROUBLE “WAN”DER！,2024-04-13,MUSIC,FINISHED,1.0,4.0,,,56.0,346,4
172187,Shadowverse Flame: Arc-hen,2024-04-13,TV,FINISHED,23.0,24.0,Fantasy,ZEXCS,63.0,1251,21
166715,Kuroshitsuji: Kishuku Gakkou-hen,2024-04-13,TV,FINISHED,11.0,24.0,Action|Comedy|Fantasy|Mystery|Supernatural,CloverWorks,78.0,32401,663
153288,Kaijuu 8-gou,2024-04-13,TV,FINISHED,12.0,24.0,Action|Sci-Fi,Production I.G,81.0,279241,9730
171608,Kuramerukagari,2024-04-12,MOVIE,FINISHED,1.0,62.0,Fantasy,Team OneOne,60.0,5063,30
169778,Kurayukaba,2024-04-12,MOVIE,FINISHED,1.0,64.0,Fantasy|Mystery,Team OneOne,62.0,5343,39
169754,Meitantei Conan: 100-man Dollar no Michishirube,2024-04-12,MOVIE,FINISHED,1.0,111.0,Adventure|Mystery,TMS Entertainment,77.0,5339,119
130590,"Maou Gakuin no Futekigousha: Shijou Saikyou no Maou no Shiso, Tensei shite Shison-tachi no Gakkou e Kayou II Part 2",2024-04-12,TV,FINISHED,12.0,24.0,Action|Fantasy,SILVER LINK.,65.0,69600,925
177046,Meitantei Conan x McDonald's,2024-04-11,SPECIAL,FINISHED,2.0,1.0,,TMS Entertainment,56.0,545,3
176909,Yozakura-san Chi no Mini Sakusen,2024-04-11,ONA,FINISHED,28.0,1.0,Comedy,DLE,58.0,951,10
174653,Kenka Dokugaku,2024-04-11,TV,FINISHED,12.0,23.0,Action|Comedy,Okuruto Noboru,71.0,38490,726
167927,Boukyaku Battery (TV),2024-04-10,TV,FINISHED,12.0,24.0,Comedy|Sports,MAPPA,74.0,20128,371
160090,Kaii to Otome to Kamikakushi,2024-04-10,TV,FINISHED,12.0,24.0,Ecchi|Horror|Mystery|Supernatural,Zero-G,66.0,41125,679
159039,Seiyuu Radio no Uraomote,2024-04-10,TV,FINISHED,12.0,24.0,Comedy|Drama|Slice of Life,CONNECT,68.0,27633,272
156095,Xuwu Bianjing,2024-04-10,ONA,FINISHED,13.0,22.0,Action|Adventure|Sci-Fi,Green Planet Studio,,396,5
151380,Date A Live V,2024-04-10,TV,FINISHED,12.0,24.0,Action|Fantasy|Mecha|Romance|Sci-Fi,GEEKTOYS,76.0,47565,1316
136804,Kono Subarashii Sekai ni Shukufuku wo! 3,2024-04-10,TV,FINISHED,11.0,24.0,Action|Adventure|Comedy|Ecchi|Fantasy,Drive,82.0,177900,4263
169698,"Tadaima, Okaeri",2024-04-09,TV,FINISHED,12.0,24.0,Drama|Romance|Slice of Life,Studio DEEN,75.0,16089,434
163141,Rinkai!,2024-04-09,TV,FINISHED,12.0,24.0,Sports,TMS Entertainment,50.0,4309,24
158709,Unnamed Memory,2024-04-09,TV,FINISHED,12.0,24.0,Adventure|Fantasy|Romance,ENGI,66.0,59073,1240
173240,"Ateuma Chara no Kuse Shite, Supadari Ouji ni Chouai Sareteimasu.",2024-04-08,ONA,FINISHED,8.0,7.0,Fantasy|Hentai|Romance,Studio Houkiboshi,55.0,2168,33
170130,Lv2 Kara Cheat datta Moto Yuusha Kouho no Mattari Isekai Life,2024-04-08,TV,FINISHED,12.0,24.0,Adventure|Fantasy|Romance,J.C.STAFF,69.0,99727,2531
166873,Mushoku Tensei II: Isekai Ittara Honki Dasu Part 2,2024-04-08,TV,FINISHED,12.0,24.0,Adventure|Drama|Ecchi|Fantasy,Studio Bind,83.0,205410,6151
141923,Shen Zhiyi Jiao,2024-04-08,ONA,FINISHED,12.0,14.0,Action|Comedy|Sports,,,284,1
172395,Shinkalion: Change the World,2024-04-07,TV,FINISHED,39.0,24.0,Action|Mecha|Sci-Fi,Production I.G|Signal.MD|Shogakukan Music & Digital Entertainment,50.0,4302,64
171080,Himitsu no AiPri,2024-04-07,TV,FINISHED,51.0,24.0,Music|Slice of Life,Dongwoo Animation|OLM,65.0,2748,58
170604,Vampire Dormitory,2024-04-07,TV,FINISHED,12.0,24.0,Romance|Supernatural,Studio Blanc,60.0,20932,301
169584,Shinigami Bocchan to Kuro Maid 3rd Season,2024-04-07,TV,FINISHED,12.0,24.0,Comedy|Drama|Romance|Supernatural,J.C.STAFF,80.0,22542,583
168138,Jii-san Baa-san Wakagaeru,2024-04-07,TV,FINISHED,11.0,24.0,Comedy|Fantasy|Romance|Slice of Life,Gekkou,71.0,50585,1054
166910,The Fable,2024-04-07,TV,FINISHED,25.0,23.0,Action|Comedy|Drama|Romance|Thriller,Tezuka Productions,78.0,38350,1220
164702,"Tensei Kizoku, Kantei Skill de Nariagaru",2024-04-07,TV,FINISHED,12.0,24.0,Adventure|Fantasy,studio MOTHER,71.0,72605,1273
163078,Yoru no Kurage wa Oyogenai,2024-04-07,TV,FINISHED,12.0,24.0,Drama|Music|Slice of Life,Doga Kobo,76.0,62036,1485
160589,Blue Archive The Animation,2024-04-07,TV,FINISHED,12.0,24.0,Action|Comedy|Fantasy|Slice of Life,Yostar Pictures|studio CANDY BOX,66.0,30449,688
158898,Yozakura-san Chi no Daisakusen,2024-04-07,TV,FINISHED,27.0,24.0,Action|Comedy|Romance,SILVER LINK.,74.0,74723,1733
158417,Sentai Daishikkaku,2024-04-07,TV,FINISHED,12.0,24.0,Action|Comedy|Drama|Sci-Fi,Yostar Pictures,72.0,78500,1489
146867,Tonari no Youkai-san,2024-04-07,TV,FINISHED,13.0,23.0,Drama|Slice of Life|Supernatural,LIDENFILMS,71.0,9735,144
109731,Hibike! Euphonium 3,2024-04-07,TV,FINISHED,13.0,25.0,Drama|Music|Slice of Life,Kyoto Animation,87.0,36057,2345
185644,Oshiri Tantei 8,2024-04-06,TV,FINISHED,15.0,20.0,Comedy|Fantasy|Mystery,Toei Animation,,66,0
176577,SHIBUYA♡HACHI,2024-04-06,TV_SHORT,FINISHED,13.0,3.0,Slice of Life,Nippon Animation,47.0,268,1
173249,Kumarba,2024-04-06,TV_SHORT,FINISHED,12.0,2.0,Action|Comedy,Creative House Pocket,,155,0
170503,Karasu wa Aruji wo Erabanai,2024-04-06,TV,FINISHED,20.0,25.0,Action|Drama|Fantasy|Supernatural,Studio Pierrot,78.0,22258,452
164440,Ooi! Tonbo,2024-04-06,TV,FINISHED,13.0,24.0,Drama|Slice of Life|Sports,OLM,67.0,6140,66
164212,GIRLS BAND CRY,2024-04-06,TV,FINISHED,13.0,24.0,Drama|Music|Slice of Life,Toei Animation,83.0,66232,4477
152302,HIGHSPEED Étoile,2024-04-06,TV,FINISHED,12.0,24.0,Sports,studio A-CAT,53.0,7750,94
172242,NIJIYON ANIMATION 2,2024-04-05,TV_SHORT,FINISHED,12.0,4.0,Comedy|Music|Slice of Life,Sunrise,69.0,3181,25
171397,NocturnaL,2024-04-05,OVA,FINISHED,2.0,23.0,Hentai,Blue Bread,61.0,1309,52
171040,Astro Note,2024-04-05,TV,FINISHED,12.0,24.0,Comedy|Romance|Sci-Fi,Telecom Animation Film,64.0,14057,275
169202,Kateikyoushi x Saimin 2 The Animation,2024-04-05,OVA,FINISHED,2.0,17.0,Hentai,Anime Antenna Iinkai,58.0,1394,64
166828,Henjin no Salad Bowl,2024-04-05,TV,FINISHED,12.0,24.0,Comedy|Fantasy|Slice of Life,SynergySP|Studio Comet,71.0,28067,440
163270,WIND BREAKER,2024-04-05,TV,FINISHED,13.0,24.0,Action|Comedy|Drama,CloverWorks,77.0,188688,5758
162889,The iDOLM@STER: Shiny Colors,2024-04-05,TV,FINISHED,12.0,24.0,Music,POLYGON PICTURES,57.0,5542,66
156822,Tensei Shitara Slime Datta Ken 3rd Season,2024-04-05,TV,FINISHED,24.0,24.0,Action|Adventure|Comedy|Fantasy,8-bit,78.0,184241,5003
156023,"Maou no Ore ga Dorei Elf wo Yome ni Shitanda ga, Dou Medereba Ii?",2024-04-05,TV,FINISHED,12.0,24.0,Action|Fantasy|Romance,Brain's Base,73.0,78222,1921
143271,Mahouka Koukou no Rettousei 3rd Season,2024-04-05,TV,FINISHED,13.0,24.0,Action|Sci-Fi|Supernatural,8-bit,70.0,55715,857
165855,Hananoi-kun to Koi no Yamai,2024-04-04,TV,FINISHED,12.0,24.0,Drama|Romance,East Fish Studio,66.0,55815,847
155908,Yuru Camp△ SEASON 3,2024-04-04,TV,FINISHED,12.0,24.0,Comedy|Slice of Life,8-bit,80.0,36987,676
155890,Bartender: Kami no Glass,2024-04-04,TV,FINISHED,12.0,24.0,Drama|Slice of Life,Liber,73.0,51050,950
175869,Chibi Godzilla no Gyakushuu 2,2024-04-03,TV_SHORT,FINISHED,52.0,3.0,Comedy|Fantasy,Pie in the sky,58.0,395,9
176635,YouTuNya 2,2024-04-02,TV_SHORT,FINISHED,12.0,2.0,Comedy|Slice of Life,Lesprit,47.0,200,1
173250,Ageo to Tim,2024-04-02,TV_SHORT,FINISHED,12.0,2.0,Comedy,Shogakukan Music & Digital Entertainment,,135,0
169417,Re:Monster,2024-04-02,TV,FINISHED,12.0,24.0,Action|Adventure|Fantasy,Studio DEEN,65.0,69381,1429
166372,"Dekisokonai to Yobareta Moto Eiyuu wa, Jikka kara Tsuihou Sareta node Suki Katte ni Ikiru Koto ni Shita",2024-04-02,TV,FINISHED,12.0,24.0,Action|Adventure|Fantasy|Romance,Studio DEEN|Marvy Jack,49.0,38141,513
163786,Yu-Mi-ui Sepodeul,2024-04-02,MOVIE,FINISHED,1.0,,Comedy|Romance|Slice of Life,Studio N|LOCUS Animation,,205,1
156415,"Tensei Shitara Dai Nana Ouji Datta node, Kimamani Majutsu wo Kiwamemasu",2024-04-02,TV,FINISHED,12.0,24.0,Action|Adventure|Fantasy,Tsumugi Akita Anime Lab,73.0,102508,2516
150085,Touken Ranbu Kai: Kyoden Moyuru Honnouji,2024-04-02,TV,FINISHED,8.0,24.0,Action|Fantasy,domerica,54.0,5596,65
145728,Ookami to Koushinryou: MERCHANT MEETS THE WISE WOLF,2024-04-02,TV,FINISHED,25.0,24.0,Adventure|Fantasy|Romance|Slice of Life,Passione,79.0,98464,2689
178125,Rokurou no Daibouken,2024-04-01,ONA,RELEASING,,11.0,Adventure,Planet Studios,,119,0
170593,Shin Yaranai ka,2024-04-01,OVA,FINISHED,1.0,31.0,Comedy,Anime Tokyo,51.0,1894,17
168240,San Xiu Zhi Wang,2024-04-01,ONA,FINISHED,52.0,10.0,Action|Fantasy,KUAIYING,,265,5
166454,Jiadao Zhong Er,2024-04-01,ONA,FINISHED,120.0,7.0,Comedy|Sci-Fi,,,42,0
158988,Saint Seiya: Knights of the Zodiac Battle Sanctuary Part 2,2024-04-01,ONA,FINISHED,12.0,23.0,Adventure|Fantasy,Toei Animation,57.0,1043,8
155657,Shuumatsu Train Doko e Iku?,2024-04-01,TV,FINISHED,12.0,24.0,Adventure|Comedy|Sci-Fi|Supernatural,EMT Squared,72.0,39851,574
144176,Kami wa Game ni Ueteiru.,2024-04-01,TV,FINISHED,13.0,24.0,Comedy|Drama|Ecchi|Fantasy|Romance,LIDENFILMS,61.0,42478,513
183824,Totemo Mijikai,,MOVIE,FINISHED,1.0,5.0,,,,85,1
178346,BYE-BYE,,MUSIC,FINISHED,1.0,2.0,,,,64,0
178127,Mirai e no Michi,,MUSIC,FINISHED,1.0,2.0,,,,54,0
176634,Duel Masters Special Movie: DO-KA,2024-03-31,SPECIAL,FINISHED,1.0,2.0,Fantasy,J.C.STAFF,,111,1
169927,"One Room, Hi Atari Futsuu, Tenshi Tsuki.",2024-03-30,TV,FINISHED,12.0,24.0,Comedy|Romance|Slice of Life|Supernatural,Okuruto Noboru,69.0,35252,650
168132,Zhu Xian 2,2024-03-30,ONA,FINISHED,26.0,22.0,Action|Adventure|Fantasy,Cloud Art,73.0,1003,49
185780,2024 Arknights Yinlu Lian Jue - Bumi Langchen Xiandao Yugao,2024-03-29,ONA,FINISHED,1.0,2.0,,,68.0,686,20
177499,Sugar Rush,2024-03-29,MUSIC,FINISHED,1.0,3.0,,,61.0,323,2
177456,The IDOLM@STER Million Live!: The Backstage,2024-03-29,OVA,FINISHED,1.0,21.0,Music|Slice of Life,Shirogumi,57.0,479,3
176633,guruguru@mawaru@mawaluna,2024-03-29,MUSIC,FINISHED,1.0,3.0,,,52.0,242,5
172399,Ojisan de Umeru Ana The Animation,2024-03-29,OVA,FINISHED,2.0,16.0,Hentai,Shion,61.0,1501,64
172398,Ruins Seeker,2024-03-29,OVA,FINISHED,2.0,14.0,Fantasy|Hentai,Majin petit,50.0,838,24
199488,Hoshi X kara no Rakko,2024-03-27,ONA,FINISHED,15.0,3.0,Comedy|Sci-Fi,Kachidoki Studio,,42,0
176663,Girls und Panzer: Taichou War!,2024-03-27,OVA,FINISHED,1.0,10.0,Comedy,Actas,73.0,2624,37
176632,HELP!!,2024-03-27,MUSIC,FINISHED,1.0,3.0,,,69.0,506,17
177496,Yin Shizong Men Zhang Jiao,2024-03-23,ONA,FINISHED,52.0,9.0,Action|Adventure|Fantasy,,,268,7
176300,Ojamajo Doremi 1620's,2024-03-23,SPECIAL,FINISHED,2.0,2.0,Mahou Shoujo|Slice of Life,Toei Animation,75.0,1477,36
185890,BRIDGE -My Little Friends-,2024-03-22,ONA,FINISHED,1.0,10.0,,StudioGOONEYS,51.0,193,2
185889,POP POP CITY,2024-03-22,ONA,FINISHED,1.0,10.0,,Graphinica,55.0,309,1
185888,KICKS AND PUNK,2024-03-22,ONA,FINISHED,1.0,10.0,,Nippon Animation,52.0,359,3
184373,éphémère,2024-03-22,ONA,FINISHED,1.0,10.0,Sci-Fi|Slice of Life,Noovo Inc.|STUDIO EIGHTCOLORS,59.0,745,5
178126,Luka to Taiyou no Hana,2024-03-22,SPECIAL,FINISHED,2.0,30.0,Fantasy,,,66,1
176431,BIBBIDIBA,2024-03-22,MUSIC,FINISHED,1.0,3.0,Drama,,76.0,954,31
176303,Anime to Susume!,2024-03-22,SPECIAL,FINISHED,1.0,1.0,Slice of Life,,,186,3
174916,Haramaseya THE ANIMATION,2024-03-22,ONA,FINISHED,2.0,16.0,Hentai,,61.0,1153,42
146609,Dead Dead Demon's Dededededestruction Zenshou,2024-03-22,MOVIE,FINISHED,1.0,120.0,Comedy|Drama|Sci-Fi|Slice of Life,Production +h,74.0,18868,166
191059,Charisma Jamboree,2024-03-21,MUSIC,FINISHED,1.0,5.0,Comedy,,,121,1
204506,Kaette Kita! SYNDUALITY: Kagaku Kouza,2024-03-20,ONA,FINISHED,1.0,5.0,Comedy|Sci-Fi,Studio PuYUKAI,,50,1
176226,pipapo☆pipipu,2024-03-20,MUSIC,FINISHED,1.0,3.0,,,58.0,342,4
175642,SAND LAND: THE SERIES,2024-03-20,ONA,FINISHED,13.0,24.0,Action|Adventure|Fantasy|Supernatural,Sunrise|Kamikaze Douga|Studio Anima,73.0,9828,177
172016,Oshiri Tantei: Saraba Itoshiki Oshiri yo,2024-03-20,MOVIE,FINISHED,1.0,71.0,Comedy|Mystery,Toei Animation,,165,0
177514,Benghuai: Xingqiong Tiedao - Donghua Duanpian Yong Jie Lun Wu,2024-03-19,ONA,FINISHED,1.0,5.0,Fantasy|Mystery|Sci-Fi,Fantasier Animation,81.0,2142,70
186790,Chiisana Jam to Goblin no Opp,2024-03-18,MOVIE,FINISHED,1.0,17.0,Fantasy,Ekura Animal,,50,0
176469,DIGGY DIGGY,2024-03-15,MUSIC,FINISHED,1.0,3.0,,,,95,1
171395,Kotowarenai Haha,2024-03-15,OVA,FINISHED,2.0,20.0,Hentai,Studio 9 Maiami,60.0,1577,75
167486,Watashi no Shiawase na Katachi,2024-03-15,OVA,FINISHED,1.0,24.0,Drama|Romance|Supernatural,Kinema Citrus,76.0,28981,378
175744,Xiaolü He Xiaolan 5,2024-03-13,ONA,FINISHED,12.0,8.0,Comedy|Drama|Fantasy,Big Firebird Cultural Media,,166,2
174749,Hajimete no Futarikkiri Ryokou,2024-03-13,OVA,FINISHED,1.0,5.0,Music,,55.0,673,6
175047,Say You to Yo Asobi ANIMATION: Ikuda Momo! Sobii,2024-03-11,ONA,FINISHED,8.0,5.0,Comedy,Plott,,65,0
177602,Harinezumi no Luchika,2024-03-10,ONA,FINISHED,1.0,3.0,Fantasy|Slice of Life,Fanworks,50.0,179,0
177464,Granblue Fantasy: 10th Anniversary Movie,2024-03-10,ONA,FINISHED,1.0,2.0,Adventure|Fantasy,CygamesPictures,,286,5
175945,Waai WaiWai WaiWaiWai!,2024-03-10,MUSIC,FINISHED,1.0,3.0,,,64.0,512,10
173639,Ensemble Stars!!: Tsuioku Selection - Checkmate,2024-03-10,ONA,FINISHED,6.0,12.0,Drama|Music,Dandelion Animation Studio,69.0,879,31
156109,Hanhua Riji 4,2024-03-10,ONA,FINISHED,12.0,13.0,Comedy|Slice of Life|Supernatural,L² Studio,67.0,829,15
175867,Glorious Day,2024-03-09,MUSIC,FINISHED,1.0,4.0,Action|Adventure|Fantasy,Folium,67.0,1012,14
175783,Uji ni wa Monogatari ga Aru,2024-03-09,SPECIAL,FINISHED,1.0,6.0,Slice of Life|Supernatural,Kyoto Animation,65.0,1082,10
172976,Shimajirou Miracle-jima no Nanairo Carnation,2024-03-08,MOVIE,FINISHED,1.0,80.0,Comedy|Fantasy,Shanghai Animation Film Studio|Shirogumi,,101,0
176430,Kyun Kyun MIKO Kyun Kyun♡,2024-03-05,MUSIC,FINISHED,1.0,4.0,,,56.0,278,2
175691,Haru,2024-03-05,MUSIC,FINISHED,1.0,5.0,Drama,MORIE Inc.,71.0,2066,22
177475,ONE PIECE×KAWAISOUNI! Kono Boushi wo Omae ni Azukeru,2024-03-03,ONA,FINISHED,1.0,1.0,Comedy|Fantasy,,58.0,764,2
166439,Baijia Jue: Jianghu Gui Shi Lu,2024-03-03,ONA,FINISHED,16.0,18.0,Action|Adventure|Sci-Fi,XMOV,,165,7
206353,Hakofugu to Minamata no Umi,2024-03-02,MOVIE,FINISHED,1.0,19.0,Adventure|Fantasy,Studio Nanahoshi,,33,1
198690,Amedama,2024-03-02,MOVIE,FINISHED,1.0,21.0,Drama,Dandelion Animation Studio,,107,0
175513,Panda Narikiri Taisou,2024-03-02,ONA,FINISHED,15.0,1.0,Comedy,Monster's Egg,,71,0
174666,Science SARU x MBS Original Short Anime Daisakusen!,2024-03-02,TV_SHORT,FINISHED,4.0,2.0,Fantasy,Science SARU,51.0,631,3
171026,Paripi Koumei: Road To Summer Sonia,2024-03-01,MOVIE,FINISHED,1.0,120.0,Comedy|Drama|Music|Supernatural,P.A.WORKS,71.0,9620,78
166976,Doraemon: Nobita no Chikyuu Symphony,2024-03-01,MOVIE,FINISHED,1.0,115.0,Adventure|Comedy|Music|Sci-Fi,Shin-Ei Animation,69.0,1666,38
214072,THE FOX ELEVATOR BOY RENARD,,MOVIE,FINISHED,1.0,1.0,,,,154,5
184766,Benghuai: Xingqiong Tiedao - Huahuo Baxi,2024-02-29,ONA,FINISHED,1.0,1.0,Sci-Fi,miHoYo Anime,68.0,719,13
141883,Bu Xing Si: Yuan Qi,2024-02-29,ONA,FINISHED,18.0,15.0,Action|Adventure|Fantasy,Passion Paint Animation,,312,8
188063,Kkoma Bus Tayo 7,2024-02-28,TV_SHORT,FINISHED,26.0,11.0,Adventure,Iconix Entertainment|Gale,,33,0
183797,Overtake! Extra Tokubetsu-hen,2024-02-28,SPECIAL,FINISHED,1.0,5.0,Comedy,,,104,1
137682,Xi Xing Ji: Kuang Wang,2024-02-28,ONA,FINISHED,9.0,18.0,Fantasy,BYMENT,,294,8
176495,Pokémon Masters EX 4.5 Shuunen Kinen,2024-02-27,ONA,FINISHED,1.0,2.0,Action|Fantasy,Liberty Animation Studio,52.0,375,2
175353,POKÉDANCE,2024-02-27,MUSIC,FINISHED,1.0,1.0,Fantasy,,66.0,1151,11
175296,Tokyo Clone,2024-02-27,MUSIC,FINISHED,1.0,4.0,,WIT STUDIO,57.0,278,3
193468,Dinoster: Gonglyongsuhodae 2,2024-02-26,TV_SHORT,FINISHED,26.0,12.0,Action|Comedy|Mecha|Sci-Fi,Fun Flux Entertainment|Alpha Animation,,25,0
176529,WcDonalds,2024-02-26,ONA,FINISHED,4.0,1.0,Action|Adventure|Fantasy|Mecha|Romance|Sci-Fi,Studio Pierrot,52.0,1250,9
175352,Bring Me,2024-02-26,MUSIC,FINISHED,1.0,3.0,Psychological,d00r works,51.0,184,0
175351,Hoshi Meguru Uta,2024-02-26,MUSIC,FINISHED,1.0,3.0,,,56.0,198,0
184399,YABABAINA,2024-02-25,MUSIC,FINISHED,1.0,3.0,Comedy,,61.0,197,8
175350,START UP,2024-02-24,MUSIC,FINISHED,1.0,5.0,Supernatural,,50.0,176,0
186764,SINoALICE: Ichiban Saigo no Monogatari,2024-02-23,MOVIE,FINISHED,1.0,64.0,Fantasy,ILCA,49.0,518,8
175144,Value,2024-02-23,MUSIC,FINISHED,1.0,3.0,,,71.0,658,27
170935,GREAT PRETENDER: razbliuto,2024-02-23,ONA,FINISHED,1.0,88.0,Action|Drama|Thriller,WIT STUDIO,69.0,21790,142
168947,NO Wife NO LIFE!,2024-02-23,OVA,RELEASING,,22.0,Hentai,Studio 9 Maiami,60.0,1852,98
156082,Bai Yao Pu: Si Fu Pian,2024-02-23,ONA,FINISHED,12.0,23.0,Fantasy|Mystery|Supernatural,CMC Media,67.0,922,19
175349,Mind Replacer,2024-02-22,MUSIC,FINISHED,1.0,2.0,,,,105,0
175132,Neko Kaburi-Na,2024-02-22,MUSIC,FINISHED,1.0,3.0,,Qzil.la,65.0,524,14
174912,Dokonjou Gaeru Yanen,2024-02-22,ONA,FINISHED,25.0,1.0,Comedy,DLE,,108,1
171016,69: Itsuwari no Hohoe,2024-02-22,OVA,FINISHED,2.0,23.0,Hentai,Nur,57.0,1041,46
170969,"Mitasarete Mezameru Asa ni, Jimi na Choushoku wo The Animation",2024-02-22,OVA,FINISHED,1.0,19.0,Hentai,,68.0,2330,90
175068,Soliloquy,2024-02-20,MUSIC,FINISHED,1.0,3.0,,,62.0,355,1
175033,Ima wa Shourai ni Hairimasu ka.,2024-02-20,ONA,FINISHED,1.0,3.0,Sci-Fi,MANAA ANIMATION,57.0,674,10
175690,Sakura Kimi Watashi,2024-02-19,MUSIC,FINISHED,1.0,3.0,Romance,,57.0,176,2
175689,apart,2024-02-18,MUSIC,FINISHED,1.0,5.0,,,,80,0
155902,Yishi Zhi Zun,2024-02-18,ONA,FINISHED,16.0,18.0,Action|Fantasy,Wonder Cat Animation,,428,10
177148,Ikimono-san: Hitsuji no Kai,2024-02-17,ONA,FINISHED,1.0,2.0,Comedy,,,78,1
177439,Harutsugeuo to Fuuraibou,2024-02-16,SPECIAL,FINISHED,1.0,5.0,Adventure|Fantasy,TECARAT,,69,0
176471,Kabigon Neterun Kai!,2024-02-16,MUSIC,FINISHED,1.0,3.0,Comedy|Fantasy|Slice of Life,,58.0,458,3
153658,Haikyuu!!: Gomi Suteba no Kessen,2024-02-16,MOVIE,FINISHED,1.0,85.0,Comedy|Drama|Sports,Production I.G,86.0,96703,2860
168251,Yi Ren Zhi Xia: Xiutie Chongxian,2024-02-15,MOVIE,FINISHED,1.0,70.0,Drama|Mystery|Psychological,Qiyuan Yinghua,56.0,841,9
156106,Xian Yu Ge 2,2024-02-15,ONA,FINISHED,13.0,27.0,Comedy|Fantasy|Slice of Life,717 Studio,,92,2
175052,Aishang Ta de Liyou Extra,2024-02-13,ONA,FINISHED,1.0,10.0,Drama|Romance,Red Dog Culture House,76.0,3820,81
174780,Ghibli Park: Yukkuri Kite Kudasai. Ugokushiro-hen,2024-02-13,ONA,FINISHED,1.0,1.0,,Studio Ghibli,54.0,914,18
151639,Ninja Kamui,2024-02-11,TV,FINISHED,13.0,23.0,Action|Adventure|Drama|Sci-Fi,E&H Production,64.0,76664,1540
177233,Hi Φ CLUB,2024-02-10,MUSIC,FINISHED,1.0,4.0,Psychological,,,143,8
143560,Bajie Zhi Tian Peng Xiajie,2024-02-10,MOVIE,FINISHED,1.0,90.0,,Universal Star Animation,,121,2
175054,Lutu Weiji! Sheng Freya Hao Tebie Shijian,2024-02-09,ONA,FINISHED,1.0,36.0,Comedy|Mystery|Sci-Fi,HuaMei Animation,68.0,539,12
175034,Dubu Wangu 2nd Season,2024-02-09,ONA,FINISHED,90.0,11.0,Action|Adventure|Fantasy,Soyep,57.0,362,8
174975,Hyu~dorodoro,2024-02-09,MUSIC,FINISHED,1.0,3.0,Horror|Supernatural,,57.0,472,5
184751,Benghuai: Xingqiong Tiedao - Taiping Lin Xin Sui,2024-02-08,ONA,FINISHED,1.0,4.0,Sci-Fi|Slice of Life,miHoYo Anime,64.0,612,8
177495,Liangchen you meng,2024-02-05,ONA,FINISHED,1.0,3.0,Fantasy|Slice of Life,HMCH,59.0,293,1
171030,Wonderful Precure!,2024-02-04,TV,FINISHED,50.0,24.0,Fantasy|Mahou Shoujo,Toei Animation,76.0,5695,282
174439,Yu-Gi-Oh! CARD GAME: THE CHRONICLES,2024-02-03,ONA,FINISHED,1.0,6.0,Action|Fantasy,KONAMI animation,72.0,2548,39
156112,Kui Cheng Shoufu Cong Youxi Kaishi,2024-02-03,ONA,FINISHED,16.0,15.0,Action|Comedy|Drama|Fantasy,Foch,72.0,3564,88
184143,Celia-sensei no Dokidoki Interview Room,2024-02-02,ONA,FINISHED,6.0,2.0,Comedy|Fantasy,,,228,0
174428,pray,2024-02-02,MUSIC,FINISHED,1.0,3.0,Fantasy,,63.0,462,6
167984,Oomuro-ke: dear sisters,2024-02-02,MOVIE,FINISHED,1.0,43.0,Comedy|Slice of Life,Passione|Studio Lings,78.0,8915,127
178392,Renai Discourse,,MOVIE,FINISHED,1.0,14.0,,,,36,0
178391,Into a Landscape,,MOVIE,FINISHED,1.0,2.0,,,,29,0
178390,Dwelling,,MOVIE,FINISHED,1.0,7.0,,,,34,0
178389,700 Gram no Gogo,,MOVIE,FINISHED,1.0,4.0,,,,37,0
178388,Hitomi Tagaya Setsu,,MOVIE,FINISHED,1.0,8.0,,,,32,0
178387,Eikyuu Ten,,MOVIE,FINISHED,1.0,10.0,,,,47,1
178357,Stories ni Tsuika,,MOVIE,FINISHED,1.0,4.0,,,,33,0
178356,Gekijouban Banana no Kawa de Subette Korobu Usagi,,MOVIE,FINISHED,1.0,8.0,Comedy,,,39,0
178355,Uirouuri Douchuu,,MOVIE,FINISHED,1.0,3.0,,,,32,0
178354,whimsies,,MOVIE,FINISHED,1.0,5.0,,,,28,0
178353,Ishi no Youna Jikan no Melody,,MOVIE,FINISHED,1.0,10.0,,,,37,0
173807,Chocolat Cadabra,2024-01-31,MUSIC,FINISHED,1.0,3.0,Fantasy|Sci-Fi,TRIGGER,71.0,1835,27
168809,Kemonokko Tsuushin: The Animation - Toriko Rupia,2024-01-31,ONA,FINISHED,1.0,18.0,Hentai,,59.0,1180,73
177124,Arknights Xin​chun Hui: Lili Kurong,2024-01-28,ONA,FINISHED,1.0,2.0,Fantasy,GEAR STUDIO,55.0,322,5
175277,Eyeshield 21: 21st ANNIVERSARY PV,2024-01-28,ONA,FINISHED,1.0,1.0,Comedy|Sports,Village Studio,56.0,468,5
166411,Jian Xian Zaici 2,2024-01-27,ONA,FINISHED,50.0,11.0,Action|Comedy|Fantasy,Xing Yi Kai Chen,,164,5
162987,Given: Hiiragi mix,2024-01-27,MOVIE,FINISHED,1.0,70.0,Drama|Music|Romance,Lerche,80.0,20125,353
174087,Rinrin,2024-01-26,MUSIC,FINISHED,1.0,3.0,Slice of Life,,56.0,186,3
170599,Fleur The Animation,2024-01-26,OVA,FINISHED,2.0,20.0,Hentai,Studio 1st,68.0,2042,109
170514,SiNiSistar,2024-01-26,OVA,FINISHED,2.0,15.0,Hentai,Majin petit,46.0,944,42
167140,Eiyuu Kyoushitsu OVA,2024-01-26,OVA,FINISHED,3.0,10.0,Fantasy|Slice of Life,,59.0,3766,86
155223,Jian Wang 3: Xia Gan Yi Dan Shen Jianxin 3 Part 2,2024-01-26,ONA,FINISHED,12.0,23.0,Action|Adventure|Drama|Fantasy,Shengying Animation,,168,1
134761,Kidou Senshi Gundam SEED FREEDOM,2024-01-26,MOVIE,FINISHED,1.0,135.0,Action|Drama|Mecha|Romance|Sci-Fi,Sunrise,73.0,7446,249
174718,Taigu Xing Shen Jue,2024-01-25,ONA,FINISHED,40.0,10.0,Action|Adventure|Fantasy,Ruo Hong Culture,53.0,288,8
174128,Chikomaru,2024-01-25,ONA,FINISHED,1.0,2.0,Comedy,Pie in the sky,46.0,263,0
156079,Yiren Jun Moxie,2024-01-24,ONA,FINISHED,12.0,24.0,Action|Adventure|Fantasy,DC Impression Vision,51.0,317,9
155313,Shengzu,2024-01-23,ONA,FINISHED,26.0,17.0,Action|Adventure|Fantasy,Transcendence Picture,49.0,376,9
175348,Choudai na,2024-01-22,MUSIC,FINISHED,1.0,2.0,Psychological,,,127,0
141856,Da Yuzhou Shidai,2024-01-22,ONA,FINISHED,12.0,25.0,Action|Sci-Fi,Foch,,330,7
167404,MONSTERS: Ippaku Sanjou Hiryuu Jigoku,2024-01-21,ONA,FINISHED,1.0,25.0,Action|Comedy|Drama,E&H Production,76.0,25914,412
206223,Jiangtun: Feng Shi Wu,2024-01-20,MOVIE,FINISHED,1.0,85.0,Action|Fantasy|Romance,,,74,2
177071,Shenlong Xing Zhu,2024-01-20,ONA,FINISHED,48.0,9.0,Action|Fantasy|Sci-Fi,iQIYI,,131,4
196247,Xi Yangyang Yu Hui Tailang: Xin Shijie Qiyu,2024-01-19,TV_SHORT,FINISHED,60.0,15.0,Action|Comedy,,,26,1
173640,Aru Hi no Gogo,2024-01-19,ONA,FINISHED,1.0,1.0,,Yostar Pictures,59.0,896,10
173549,non-reflection,2024-01-19,MUSIC,FINISHED,1.0,4.0,Sci-Fi,,58.0,249,5
173534,Odekake Kozame × Chiba-ken Kuro Ajillo,2024-01-18,ONA,FINISHED,1.0,2.0,Comedy|Slice of Life,ENGI,59.0,625,1
174400,Ramen wo Tabete Iru Toki dake Naze ka Nounai de Kaiwa ga Dekiru Futari,2024-01-17,ONA,FINISHED,2.0,2.0,Romance|Slice of Life,Drive,,172,1
129770,Yun Zhong Ju San Zi,2024-01-17,ONA,FINISHED,26.0,10.0,Adventure|Fantasy,Escape Velocity Animation,,169,2
170953,Yami Shibai 12,2024-01-15,TV_SHORT,FINISHED,13.0,4.0,Horror|Supernatural,,54.0,2138,16
173647,Sakuretsu! Amabie-hime. Season3,2024-01-14,TV_SHORT,FINISHED,12.0,4.0,Comedy,,,90,0
171144,Meiji Gekken: 1874,2024-01-14,TV,FINISHED,10.0,25.0,Action|Drama|Mystery,Tsumugi Akita Anime Lab,60.0,6125,64
162842,Hikari no Ou 2nd Season,2024-01-14,TV,FINISHED,10.0,24.0,Action|Adventure|Drama|Fantasy|Mystery,Signal.MD,58.0,5246,46
155227,Kingdom 5th Season,2024-01-14,TV,FINISHED,13.0,24.0,Action,Studio Pierrot|Studio Signpost,85.0,15369,419
177388,Kirifuda,2024-01-13,MUSIC,FINISHED,1.0,4.0,Music,STEREOTYPE Inc.,53.0,169,1
166093,Snack Basue,2024-01-13,TV,FINISHED,13.0,24.0,Comedy,Studio PuYUKAI,59.0,4153,46
165254,BUCCHIGIRI?!,2024-01-13,TV,FINISHED,12.0,24.0,Action|Supernatural,MAPPA,64.0,43837,659
164204,Cardfight!! Vanguard: Divinez,2024-01-13,TV,FINISHED,13.0,24.0,Action|Adventure|Fantasy,Kinema Citrus|Gift-o’-Animation|Studio JEMI,68.0,2216,51
122519,Wangzhe Rongyao: Rongyao Zhi Zhang,2024-01-13,ONA,FINISHED,4.0,26.0,Fantasy,Cloud Art|Original Force,58.0,557,19
181970,Kizumonogatari: Koyomi Vamp,2024-01-12,MOVIE,FINISHED,1.0,144.0,Action|Drama|Horror|Mystery|Supernatural,Shaft,79.0,6149,137
171019,"Meitou ""Isekai no Yu"" Kaitaku-ki: AraFou Onsen Mania no Tensei-saki wa, Nonbiri Onsen Tengoku deshita",2024-01-12,TV_SHORT,FINISHED,12.0,4.0,Ecchi|Fantasy,BloomZ|WolfsBane,48.0,16087,221
156891,Saijaku Tamer wa Gomi Hiroi no Tabi wo Hajimemashita.,2024-01-12,TV,FINISHED,12.0,24.0,Adventure|Fantasy,Studio Massket,74.0,52578,1566
155645,Urusei Yatsura (2022) 2nd Season,2024-01-12,TV,FINISHED,23.0,23.0,Comedy|Romance|Sci-Fi|Supernatural,david production,78.0,21812,442
153818,Majo to Yajuu,2024-01-12,TV,FINISHED,12.0,24.0,Action|Adventure|Drama|Fantasy,Yokohama Animation Lab,73.0,69381,1420
149025,Dayu,2024-01-12,MOVIE,FINISHED,1.0,,Adventure|Fantasy,Jintu Pictures,,372,3
199795,Enjou Bokumetsu! Mahou Shoujo Aiko,2024-01-11,TV_SHORT,FINISHED,12.0,4.0,Comedy|Fantasy|Mahou Shoujo,,,110,0
177125,Gekai Elise Mini Drama,2024-01-11,ONA,FINISHED,12.0,1.0,Fantasy,,48.0,301,4
173287,Intergalactic Bound,2024-01-11,MUSIC,FINISHED,1.0,4.0,Music|Sci-Fi,,65.0,453,10
169418,Gekkan Mousou Kagaku,2024-01-11,TV,FINISHED,12.0,24.0,Comedy|Mystery|Supernatural,OLM,47.0,4975,38
168194,Sengoku Youko,2024-01-11,TV,FINISHED,13.0,24.0,Action|Adventure|Fantasy,WHITE FOX,69.0,30892,539
167087,30-sai made Doutei da to Mahou Tsukai ni Nareru Rashii,2024-01-11,TV,FINISHED,12.0,24.0,Comedy|Romance|Slice of Life|Supernatural,Satelight,76.0,36177,1201
165598,Yuuki Bakuhatsu Bang Bravern,2024-01-11,TV,FINISHED,12.0,24.0,Action|Comedy|Mecha|Sci-Fi,CygamesPictures,76.0,17210,481
162985,Metallic Rouge,2024-01-11,TV,FINISHED,13.0,23.0,Action|Mystery|Sci-Fi,bones,59.0,48914,653
174939,Tirori Mix (2024),2024-01-10,MUSIC,FINISHED,1.0,4.0,Fantasy|Music|Psychological,,52.0,277,0
172852,Shinobanai! Crypto Ninja Sakuya Ni no Maki,2024-01-10,TV_SHORT,FINISHED,12.0,5.0,Action|Comedy,Fanworks,,163,3
162144,Gekai Elise,2024-01-10,TV,FINISHED,12.0,24.0,Comedy|Fantasy|Romance,Maho Film,71.0,41756,816
147850,SHAMAN KING: FLOWERS,2024-01-10,TV,FINISHED,13.0,24.0,Action|Adventure|Comedy|Supernatural,Bridge,64.0,11262,152
169559,SYNDUALITY Noir Part 2,2024-01-09,TV,FINISHED,12.0,24.0,Drama|Mecha|Sci-Fi,8-bit,70.0,8271,171
166522,"Hime-sama, ""Goumon"" no Jikan desu",2024-01-09,TV,FINISHED,12.0,24.0,Comedy|Fantasy|Slice of Life,PINE JAM,71.0,35887,599
164244,Oroka na Tenshi wa Akuma to Odoru,2024-01-09,TV,FINISHED,12.0,24.0,Comedy|Romance|Supernatural,Children's Playground Entertainment,67.0,58949,920
163076,Akuyaku Reijou Level 99: Watashi wa Ura Boss desu ga Maou de wa Arimasen,2024-01-09,TV,FINISHED,12.0,24.0,Comedy|Fantasy|Romance,Jumondou,71.0,77829,1896
155963,Dosanko Gal wa Namara Menkoi,2024-01-09,TV,FINISHED,12.0,24.0,Comedy|Romance|Slice of Life,BLADE|SILVER LINK.,70.0,89716,1825
170913,"Modaete yo, Adam-kun",2024-01-08,ONA,FINISHED,8.0,7.0,Ecchi,Studio Houkiboshi,66.0,7246,352
163151,HIGH CARD season 2,2024-01-08,TV,FINISHED,12.0,24.0,Action|Fantasy,Studio Hibari,70.0,18020,244
162002,Kyuujitsu no Warumono-san,2024-01-08,TV,FINISHED,12.0,24.0,Comedy|Slice of Life,Shin-Ei Animation|SynergySP,71.0,41125,763
139518,Tsuki ga Michibiku Isekai Douchuu 2nd Season,2024-01-08,TV,FINISHED,25.0,24.0,Action|Adventure|Comedy|Fantasy,J.C.STAFF,78.0,118504,3435
177062,"More Loop 7-kaime no Akuyaku Reijou wa, Moto Tekikoku de Jiyuu Kimama na Hanayome Seikatsu wo Mankitsu suru Mini Anime",2024-01-07,ONA,FINISHED,12.0,1.0,Fantasy,,50.0,362,3
174417,Yubisaki Petit,2024-01-07,ONA,FINISHED,12.0,2.0,Comedy|Slice of Life,,57.0,1201,5
169935,"Saikyou Tank no Meikyuu Kouryaku: Tairyoku 9999 no Rare Skill-mochi Tank, Yuusha Party wo Tsuihou Sareru",2024-01-07,TV,FINISHED,12.0,23.0,Action|Adventure|Fantasy,STUDIO POLON,59.0,36583,464
168374,"Loop 7-kaime no Akuyaku Reijou wa, Moto Tekikoku de Jiyuu Kimama na Hanayome Seikatsu wo Mankitsu Suru",2024-01-07,TV,FINISHED,12.0,24.0,Fantasy|Romance,HORNETS|Studio KAI,75.0,87521,2604
166216,Boku no Kokoro no Yabai Yatsu 2nd Season,2024-01-07,TV,FINISHED,13.0,23.0,Comedy|Romance|Slice of Life,Shin-Ei Animation,86.0,103713,5965
158931,Ao no Exorcist: Shimane Illuminati-hen,2024-01-07,TV,FINISHED,12.0,24.0,Action|Fantasy|Supernatural,Studio VOLN,71.0,61993,745
156131,"Shin no Nakama ja Nai to Yuusha no Party wo Oidasareta node, Henkyou de Slow Life suru Koto ni shimashita 2nd",2024-01-07,TV,FINISHED,12.0,24.0,Action|Adventure|Fantasy|Romance|Slice of Life,Studio Flad,68.0,59781,839
151807,Ore dake Level Up na Ken,2024-01-07,TV,FINISHED,12.0,24.0,Action|Adventure|Fantasy,A-1 Pictures,81.0,440371,20668
173216,Sai-Kyo-Oh! Zukan: The Ultimate Battles,2024-01-06,TV_SHORT,FINISHED,50.0,4.0,Action,OLM,57.0,408,9
172967,VSPO! × Vanguard Animation PV,2024-01-06,SPECIAL,FINISHED,1.0,1.0,Action|Fantasy,Andraft,50.0,236,0
169291,Harimaware! Koinu,2024-01-06,TV_SHORT,FINISHED,12.0,4.0,Comedy|Slice of Life,Opera House,,343,1
167146,Momochi-san Chi no Ayakashi Ouji,2024-01-06,TV,FINISHED,12.0,24.0,Romance|Supernatural,Drive,62.0,20735,220
166794,Yubisaki to Renren,2024-01-06,TV,FINISHED,12.0,24.0,Romance|Slice of Life,Ajiado,81.0,138247,5959
166610,MASHLE: Kami Shinkakusha Kouho Senbatsu Shiken-hen,2024-01-06,TV,FINISHED,12.0,24.0,Action|Comedy|Fantasy,A-1 Pictures,78.0,180178,3695
165314,Pon no Michi,2024-01-06,TV,FINISHED,12.0,24.0,Slice of Life,OLM,61.0,16195,201
160389,Kekkon Yubiwa Monogatari,2024-01-06,TV,FINISHED,12.0,24.0,Adventure|Comedy|Ecchi|Fantasy|Romance,Staple Entertainment,59.0,54905,825
137908,Chiyu Mahou no Machigatta Tsukaikata,2024-01-06,TV,FINISHED,13.0,24.0,Action|Fantasy,Shin-Ei Animation|Studio Add,75.0,126207,3415
184369,Meitantei Conan vs Kaitou Kid,2024-01-05,MOVIE,FINISHED,1.0,81.0,Action|Adventure|Mystery,TMS Entertainment,66.0,1011,13
177061,Elise's Karute,2024-01-05,ONA,FINISHED,7.0,2.0,Comedy|Fantasy|Romance,,,188,3
172966,Chou Futsuu-ken Chiba Densetsu,2024-01-05,TV_SHORT,FINISHED,13.0,4.0,Comedy|Fantasy,Super Normal Studio,42.0,1239,11
158028,"Sokushi Cheat ga Saikyou Sugite, Isekai no Yatsura ga Marude Aite ni Naranai n desu ga.",2024-01-05,TV,FINISHED,12.0,24.0,Action|Adventure|Comedy|Fantasy,Okuruto Noboru,62.0,76143,1442
152682,Sasaki to Pii-chan,2024-01-05,TV,FINISHED,12.0,24.0,Comedy|Fantasy|Mahou Shoujo,SILVER LINK.,67.0,42282,651
147642,Nozomanu Fushi no Boukensha,2024-01-05,ONA,FINISHED,12.0,24.0,Action|Adventure|Fantasy,CONNECT,74.0,83166,1939
144770,BLOODY ESCAPE: Jigoku no Tousou Geki,2024-01-05,MOVIE,FINISHED,1.0,97.0,Action|Drama|Supernatural,POLYGON PICTURES,54.0,2436,44
153518,Dungeon Meshi,2024-01-04,TV,FINISHED,24.0,25.0,Adventure|Comedy|Fantasy,TRIGGER,85.0,223025,14114
141821,Mato Seihei no Slave,2024-01-04,TV,FINISHED,12.0,24.0,Action|Adventure|Drama|Ecchi|Fantasy|Romance,Seven Arcs,68.0,113017,2647
162780,Mahou Shoujo ni Akogarete,2024-01-03,TV,FINISHED,13.0,24.0,Comedy|Ecchi|Mahou Shoujo|Slice of Life,Asahi Production,74.0,77268,2854
161476,Ishura,2024-01-03,TV,FINISHED,12.0,24.0,Action|Drama|Fantasy,Passione,65.0,51625,766
146066,Youkoso Jitsuryoku Shijou Shugi no Kyoushitsu e 3rd Season,2024-01-03,TV,FINISHED,13.0,24.0,Drama|Psychological,Lerche,78.0,186929,4399
143866,Jaku-Chara Tomozaki-kun 2nd STAGE,2024-01-03,TV,FINISHED,13.0,24.0,Comedy|Drama|Romance|Slice of Life,project No.9,70.0,54464,766
174702,Wu Nao Monü 2,2024-01-02,ONA,FINISHED,15.0,8.0,Comedy|Drama|Fantasy|Slice of Life,Unity of Knowledge and Action Animation,60.0,945,14
177444,Wangu Kuang Di,2024-01-01,ONA,FINISHED,20.0,16.0,Action|Adventure|Fantasy,,52.0,257,5
155323,Wangu Xie Di,2024-01-01,ONA,RELEASING,20.0,16.0,Fantasy,,,89,1
152072,Isekai de Mofumofu Nadenade Suru Tame ni Ganbattemasu.,2024-01-01,ONA,FINISHED,12.0,24.0,Adventure|Fantasy|Slice of Life,EMT Squared,66.0,32403,659
205278,Yobi to Amari,,MOVIE,FINISHED,1.0,11.0,Drama,,,37,1
171029,Fate/Grand Order: Fujimaru Ritsuka wa Wakaranai - Dai Bounen Otanoshimikai 2023,2023-12-31,SPECIAL,FINISHED,1.0,35.0,Comedy,DLE,60.0,963,8
172594,sunbeams,2023-12-30,MUSIC,FINISHED,1.0,3.0,Slice of Life,,57.0,200,2
169362,BURN THE WITCH #0.8,2023-12-30,SPECIAL,FINISHED,1.0,29.0,Action|Fantasy,Studio Colorido|Team Yamahitsuji,74.0,22479,280
146543,Dawang Raoming 2,2023-12-30,ONA,FINISHED,12.0,22.0,Action|Fantasy,Big Firebird Cultural Media,75.0,10367,214
183798,Yeonae Jehan Guyeok,2023-12-29,ONA,FINISHED,10.0,5.0,Comedy|Drama|Romance,Laftel,62.0,1361,11
179873,Monster Strike Anime: Masamune - Shimei no Akaki Yaiba,2023-12-29,ONA,FINISHED,2.0,22.0,Action,YAMATO WORKS,,170,1
177438,Hua Jianghu: Tiangang,2023-12-29,ONA,FINISHED,1.0,,Action|Adventure|Fantasy,,,104,1
174384,Haze,2023-12-29,MUSIC,FINISHED,1.0,3.0,Action|Fantasy|Psychological|Sci-Fi,,51.0,178,1
206159,Balala Xiao Mo Xian: Xing Yuan Die Qi 2,2023-12-28,ONA,FINISHED,26.0,13.0,Mahou Shoujo,,,31,1
162147,Pokémon Concierge,2023-12-28,ONA,FINISHED,4.0,18.0,Fantasy|Slice of Life,dwarf,77.0,10398,227
164551,Jashin-chan Dropkick [Seikimatsu-hen],2023-12-27,SPECIAL,FINISHED,1.0,24.0,Comedy|Slice of Life|Supernatural,Makaria,68.0,4086,56
172345,Toon Bangers feat.DEMONDICE,2023-12-25,MUSIC,FINISHED,1.0,3.0,,,,96,1
153483,Cong Hong Yue Kaishi,2023-12-25,ONA,FINISHED,16.0,19.0,Horror|Psychological|Sci-Fi|Supernatural,Foch,58.0,508,15
172324,Little Missing Stars,2023-12-24,MUSIC,FINISHED,1.0,4.0,Music,,54.0,162,1
172251,tohiko,2023-12-24,MUSIC,FINISHED,1.0,3.0,,,64.0,341,7
174706,Dan Dao Zhizun,2023-12-23,ONA,FINISHED,168.0,9.0,Action|Adventure|Fantasy,Ruo Hong Culture,59.0,462,17
172250,JUVENILE,2023-12-22,MUSIC,FINISHED,1.0,5.0,Adventure|Fantasy|Slice of Life,,61.0,483,5
169941,Yuusha-hime Milia,2023-12-22,OVA,FINISHED,4.0,16.0,Hentai,Majin petit,52.0,1068,46
169683,Shunka Shuutou,2023-12-22,OVA,FINISHED,2.0,24.0,Hentai,Nur,55.0,824,28
158928,SPY×FAMILY CODE: White,2023-12-22,MOVIE,FINISHED,1.0,110.0,Action|Adventure|Comedy|Slice of Life|Supernatural,WIT STUDIO|CloverWorks,81.0,103508,1691
141862,Mingyun Quan Tai,2023-12-22,ONA,FINISHED,12.0,22.0,Action|Drama|Mecha|Sci-Fi,MOJO,67.0,1513,39
193809,Azur Lane: 6 Shuunen Kinen Anime PV,2023-12-21,SPECIAL,FINISHED,1.0,2.0,,Yostar Pictures,,150,0
174713,Xiaolü He Xiaolan 4,2023-12-21,ONA,FINISHED,12.0,8.0,Comedy|Drama|Fantasy|Slice of Life,Big Firebird Cultural Media,,187,1
174938,Happy Cheat Day,2023-12-20,MUSIC,FINISHED,1.0,3.0,Slice of Life,,,186,2
169511,Hyakushou Kizoku OVA,2023-12-20,OVA,FINISHED,2.0,5.0,Comedy|Slice of Life,Pie in the sky,59.0,616,1
141860,Huoxing Xi Lu 7 Hao,2023-12-20,ONA,FINISHED,12.0,21.0,Comedy|Sci-Fi,Thunder River|Maple Toon,,176,4
171601,Sakigake!! Reiwa no Otokojuku,2023-12-18,ONA,FINISHED,36.0,4.0,Comedy,DLE,,192,2
156110,Xian Wang De Richang Shenghuo 4,2023-12-17,ONA,FINISHED,12.0,18.0,Action|Comedy|Fantasy,Haoliners Animation,75.0,27792,496
142494,Yaneura no Rudger,2023-12-15,MOVIE,FINISHED,1.0,108.0,Fantasy,Studio Ponoc,69.0,5941,68
166447,Shenyuan Youxi,2023-12-14,ONA,FINISHED,16.0,22.0,Action|Sci-Fi|Thriller,Orcen,52.0,248,8
171402,Igniter,2023-12-13,MUSIC,FINISHED,1.0,3.0,Action|Fantasy|Sci-Fi,,59.0,242,3
204547,Heart Cocktail Colorful: Fuyu-hen,2023-12-11,TV_SHORT,FINISHED,5.0,5.0,Romance,,,74,1
170221,Boku no Kokoro no Yabai Yatsu: Twi-Yaba,2023-12-10,ONA,FINISHED,1.0,21.0,Comedy|Romance|Slice of Life,Shin-Ei Animation,77.0,17029,250
174703,Bai Lian Cheng Shen 2,2023-12-08,ONA,FINISHED,52.0,20.0,Action|Adventure|Fantasy,Qingxiang,68.0,756,35
171346,Kabigon to Karakara,2023-12-08,ONA,FINISHED,4.0,1.0,Fantasy,POLYGON PICTURES,56.0,500,3
171130,Fudanshi Shoukan: Isekai de Shinjuu ni Hameraremashita Mini Anime 6th Season,2023-12-08,ONA,FINISHED,3.0,3.0,Comedy,AQUA ARIS,48.0,206,1
162904,Madogiwa no Totto-chan,2023-12-08,MOVIE,FINISHED,1.0,114.0,Slice of Life,Shin-Ei Animation,75.0,2483,37
139359,Otome Game no Hametsu Flag shika Nai Akuyaku Reijou ni Tensei shiteshimatta… Movie,2023-12-08,MOVIE,FINISHED,1.0,90.0,Comedy|Fantasy|Romance|Slice of Life,SILVER LINK.,72.0,21328,204
171337,Night Loop,2023-12-07,MUSIC,FINISHED,1.0,3.0,,,50.0,145,1
157071,Jiaonang Jihua 2,2023-12-05,ONA,FINISHED,13.0,,Action|Drama|Sci-Fi|Supernatural,,,155,1
137747,Zhen Dao Ge 2,2023-12-05,ONA,FINISHED,14.0,22.0,Action|Adventure|Drama,Infinity Animation,,205,4
177098,Street Fighter 6 × SPY×FAMILY CODE: White,2023-12-04,SPECIAL,FINISHED,1.0,1.0,Action,WIT STUDIO,68.0,4681,66
171203,Santa Tell Me,2023-12-04,MUSIC,FINISHED,1.0,1.0,,Doga Kobo,62.0,488,10
151598,Ran Xia,2023-12-03,ONA,FINISHED,16.0,,Action|Comedy|Romance,Painted Edge,,217,7
137706,Shi Shi Chuanshuo,2023-12-03,ONA,FINISHED,26.0,26.0,Action|Mecha|Sci-Fi,Mili Pictures,,258,3
199478,Gasonshi!!: Esper Shoujo to Ninja no Abiko Monogatari,2023-12-02,ONA,RELEASING,,6.0,Comedy,Super Normal Studio,,77,0
171050,Aim ni Aisareshi Girl,2023-12-01,MUSIC,FINISHED,1.0,3.0,Fantasy|Psychological,OTOIRO,60.0,439,2
169932,Xiaoke de Huatu Xie Hua,2023-12-01,ONA,FINISHED,12.0,4.0,Comedy|Slice of Life,Gravity Well,64.0,1141,13
161474,Seishun Buta Yarou wa Randoseru Girl no Yume wo Minai,2023-12-01,MOVIE,FINISHED,1.0,75.0,Drama|Psychological|Romance|Supernatural,CloverWorks,83.0,84089,1801
206854,Sinbi Apateu: Ghost Ball ZERO - Du Beonjjae Iyagi,2023-11-30,TV,FINISHED,15.0,26.0,Fantasy,Studio BAZOOKA,,39,1
206146,Zhongguo Jingqi Xiansheng (2023),2023-11-30,ONA,FINISHED,1.0,69.0,Action|Supernatural,Success,,52,1
174936,Migi Hidari Kimi Kimi Migi Shita Uwame Kyurun Mecho Kawa!,2023-11-29,MUSIC,FINISHED,1.0,3.0,,,54.0,263,1
174705,Zhenwu Dianfeng 3,2023-11-29,ONA,FINISHED,104.0,10.0,Action|Adventure|Fantasy,Ruo Hong Culture,57.0,366,14
188828,Choeganggyeongchal Mini Teukgongdae,2023-11-28,TV_SHORT,FINISHED,26.0,11.0,Action|Mecha,SAMG Animation,,36,0
171825,Shiawase ni Nante Naranaide,2023-11-28,MUSIC,FINISHED,1.0,4.0,,,59.0,223,4
154999,Onmyouji,2023-11-28,ONA,FINISHED,13.0,26.0,Mystery|Supernatural,Marvy Jack,65.0,4340,56
174934,HoloHawk,2023-11-27,MUSIC,FINISHED,1.0,3.0,,,58.0,308,5
170992,Tokyo Wabi-Sabi Lullaby,2023-11-25,MUSIC,FINISHED,1.0,3.0,Slice of Life,,64.0,511,10
156062,Fanren Xiu Xian Zhuan: Xinghai Feichi,2023-11-25,ONA,FINISHED,48.0,20.0,Action|Adventure|Fantasy,Original Force|Wonder Cat Animation,75.0,1040,38
153495,Wu Dong Qiankun 4,2023-11-25,ONA,FINISHED,12.0,20.0,Action|Adventure|Fantasy,DC Impression Vision,72.0,1026,70
168539,Hatsukoi Time.,2023-11-24,OVA,FINISHED,6.0,20.0,Hentai,T-REX,75.0,3914,266
168538,Shijoku Zukushi,2023-11-24,OVA,FINISHED,2.0,20.0,Hentai,Nur,58.0,1241,57
187051,Sylvanian Families: Freya kara no Okurimono,2023-11-23,MOVIE,FINISHED,1.0,66.0,Comedy|Fantasy,Konyoshi,,88,1
170986,Avant,2023-11-23,MUSIC,FINISHED,1.0,4.0,Psychological|Supernatural,,65.0,379,7
163363,Pole Princess!! Movie,2023-11-23,MOVIE,FINISHED,1.0,59.0,Music|Slice of Life|Sports,Tatsunoko Production,63.0,1617,14
163143,Koukaku Kidoutai: SAC_2045 - Saigo no Ningen,2023-11-23,MOVIE,FINISHED,1.0,126.0,Action|Mystery|Psychological|Sci-Fi,Sola Digital Arts|Production I.G,51.0,1496,23
170985,Gyudon Carnival!,2023-11-22,MUSIC,FINISHED,1.0,4.0,Comedy,,53.0,301,1
166977,Princess Principal: Crown Handler - Chapter 3: Cost for Custom Cars,2023-11-22,OVA,FINISHED,1.0,8.0,Slice of Life,Actas,67.0,1695,19
185463,Artiswitch: Ruru's Episodes of Memories,2023-11-20,ONA,FINISHED,2.0,3.0,Drama|Psychological,Sunrise,62.0,761,9
175889,Jiu Tian Xuan Di Jue 5,2023-11-20,ONA,FINISHED,52.0,10.0,Action|Fantasy,Ruo Hong Culture,,154,1
173956,Rhapsody,2023-11-20,ONA,FINISHED,4.0,23.0,Music,NAZ,,362,4
170984,BITE! KAMU! BITE!,2023-11-19,MUSIC,FINISHED,1.0,4.0,,,60.0,398,3
172252,KETATAMA,2023-11-18,MUSIC,FINISHED,1.0,3.0,Slice of Life,,50.0,172,0
170983,Biri-Biri,2023-11-18,MUSIC,FINISHED,1.0,3.0,Action|Adventure,ASTROBROS.,68.0,1163,10
178004,Buta Thunder,2023-11-17,MUSIC,FINISHED,1.0,2.0,,,53.0,194,1
170989,Cult.,2023-11-17,MUSIC,FINISHED,1.0,4.0,Music,,,149,2
170206,Scott Pilgrim Takes Off,2023-11-17,ONA,FINISHED,8.0,26.0,Action|Comedy|Drama|Mystery|Romance|Supernatural,Science SARU,80.0,36657,1831
166996,Tsuma Netori Kan: Bijutsu Kyoushi no Baai,2023-11-17,OVA,FINISHED,1.0,30.0,Hentai,TEATRO Nishi Tokyo Studio,53.0,895,28
130622,Kitarou Tanjou: Gegege no Nazo,2023-11-17,MOVIE,FINISHED,1.0,105.0,Horror|Supernatural,Toei Animation,75.0,5663,131
176860,Feng Qi Luoyang: Shuangzi Zhui Xiong,2023-11-16,ONA,FINISHED,1.0,66.0,Action|Adventure|Fantasy,,,70,0
156088,Bu Si Bu Mie,2023-11-16,ONA,FINISHED,16.0,20.0,Action|Adventure|Fantasy,Wonder Cat Animation,55.0,372,12
188367,"Benghuai: Xingqiong Tiedao - Ni... Nihao, Wo Jiao Huohuo",2023-11-14,ONA,FINISHED,1.0,1.0,Supernatural,miHoYo Anime,60.0,498,3
174704,Shixiong A Shixiong 2,2023-11-14,ONA,FINISHED,26.0,21.0,Action|Adventure|Comedy|Fantasy,Sparkly Key Animation,67.0,641,28
172842,Totonoe! Sakuma-kun by &sauna,2023-11-12,TV_SHORT,FINISHED,11.0,3.0,Slice of Life,Kachidoki Studio,,107,0
170917,SHINKIRO,2023-11-12,MUSIC,FINISHED,1.0,5.0,Slice of Life,Studio KAI,78.0,1720,42
170915,All Night Radio,2023-11-11,MUSIC,FINISHED,1.0,4.0,,,70.0,696,23
170914,Nenechi no Giragira Fan Meeting,2023-11-11,MUSIC,FINISHED,1.0,4.0,,,55.0,296,2
169000,Gintama on Theater 2D: Baragaki-hen,2023-11-10,MOVIE,FINISHED,1.0,77.0,Action|Comedy|Drama|Sci-Fi,,70.0,2428,26
168946,Sweet and Hot,2023-11-10,OVA,RELEASING,,20.0,Hentai,Studio 9 Maiami,57.0,1366,64
168196,Doukyo Suru Neneki,2023-11-10,OVA,FINISHED,2.0,20.0,Hentai,NewGeneration,54.0,1409,68
166461,Kozukuri Ninkatsu-bu!,2023-11-10,OVA,RELEASING,,15.0,Hentai,,60.0,995,31
164293,Komada Jouryuusho e Youkoso,2023-11-10,MOVIE,FINISHED,1.0,91.0,Drama|Slice of Life,P.A.WORKS,67.0,6068,32
164241,Ensemble Stars!!: Tsuioku Selection - Crossroad,2023-11-10,ONA,FINISHED,6.0,12.0,Music|Slice of Life,Dandelion Animation Studio,66.0,1088,17
156093,Shi Fang Wu Sheng,2023-11-10,ONA,FINISHED,16.0,19.0,Action|Adventure|Fantasy,Foch,57.0,695,9
166455,Wanneng Lianai Zahuodian,2023-11-09,ONA,FINISHED,16.0,17.0,Fantasy|Romance|Slice of Life,TThunDer Animation,60.0,693,12
130706,Akuma-kun (ONA),2023-11-09,ONA,FINISHED,12.0,24.0,Adventure|Fantasy|Horror|Supernatural,Encourage Films,67.0,9006,103
205280,Kawauso,2023-11-08,MOVIE,FINISHED,1.0,15.0,,,,33,1
204741,365-nichi no Ashita,2023-11-08,MUSIC,FINISHED,1.0,2.0,Slice of Life,Imagica Infos,,112,1
177232,NIGHT OWL,2023-11-08,ONA,FINISHED,1.0,9.0,Adventure|Sci-Fi,,,75,0
174720,Ni De Rensheng Shi Wo Lai Chi Le,2023-11-07,ONA,FINISHED,16.0,15.0,Drama|Psychological|Romance,Chuangpu Animation Studio,,219,4
122526,Shen Cang,2023-11-07,ONA,FINISHED,12.0,20.0,Adventure|Fantasy,Dancing CG Studio,,250,4
170752,What an amazing swing,2023-11-05,MUSIC,FINISHED,1.0,3.0,Music,SANZIGEN,67.0,586,11
162314,Shingeki no Kyojin: The Final Season - Kanketsu-hen Kouhen,2023-11-05,SPECIAL,FINISHED,1.0,85.0,Action|Drama|Fantasy|Psychological|Romance,MAPPA,87.0,165484,7635
213544,Ling Long 2 Qianzhan Pian: Changye Jiangzhi,2023-11-04,ONA,FINISHED,1.0,31.0,Action|Mecha|Sci-Fi,YHKT Entertainment,,157,4
186202,Secret Jouju: Byeolui Boseok,2023-11-03,TV_SHORT,FINISHED,12.0,14.0,Comedy|Fantasy|Mahou Shoujo,Pierce Visual Works,,40,1
176864,Xing Qia Meng Shao Nu 1 Hua Yu Bi Ji,2023-11-03,TV_SHORT,FINISHED,40.0,8.0,Mahou Shoujo|Slice of Life,,,73,0
169296,Sumikko Gurashi Movie: Tsugihagi Koujou no Fushigina Ko,2023-11-03,MOVIE,FINISHED,1.0,69.0,Comedy,Fanworks,,272,1
155015,ONIMUSHA,2023-11-02,ONA,FINISHED,8.0,28.0,Action|Supernatural,Sublimation,63.0,6486,73
137660,Jin Zhan Fashi,2023-11-02,ONA,FINISHED,20.0,17.0,Action|Adventure|Fantasy,2:10 Animation,66.0,1209,32
204624,Jiu Cang Miao Wo Season 2.5,2023-11-01,ONA,FINISHED,26.0,13.0,Comedy|Fantasy,,,30,2
161802,Tensei Shitara Slime Datta Ken: Coleus no Yume,2023-11-01,OVA,FINISHED,3.0,24.0,Action|Adventure|Comedy|Fantasy,8-bit,76.0,49179,879
137715,Wu Shuang Shu,2023-11-01,ONA,FINISHED,12.0,,Action,Infinity Animation,,131,2
177465,Ghost Tale,2023-10-31,ONA,FINISHED,1.0,2.0,Comedy|Slice of Life|Supernatural,Marza Animation Planet,56.0,324,3
170620,Ple Ple Pleiades × Kage-Jitsu!,2023-10-31,ONA,FINISHED,1.0,10.0,Comedy|Fantasy,Studio PuYUKAI,69.0,3268,29
171443,SUI × Nabe Kyuukyoku Anime,2023-10-30,ONA,FINISHED,1.0,1.0,Slice of Life,,,119,1
174715,Jian Yu Feng Yun 3,2023-10-29,ONA,FINISHED,104.0,10.0,Action|Adventure|Fantasy,Ruo Hong Culture,,266,6
187832,Meiji Yasuda Seimei 'MY Link Coordinator Aki no Tegami' Hen,2023-10-28,SPECIAL,FINISHED,1.0,1.0,,Studio Chizu,,58,1
156081,Qi Hou Bilu,2023-10-28,ONA,FINISHED,12.0,,Drama|Fantasy,L² Studio,55.0,993,16
167474,Mahou Touki Lilustear,2023-10-27,OVA,FINISHED,4.0,20.0,Hentai|Mahou Shoujo,Majin petit,48.0,868,29
167473,Mihitsu no Koi,2023-10-27,OVA,FINISHED,2.0,25.0,Hentai,Nur,60.0,1083,56
137310,Digimon Adventure 02 THE BEGINNING,2023-10-27,MOVIE,FINISHED,1.0,80.0,Action|Adventure|Drama|Fantasy|Sci-Fi,Yumeta Company,67.0,5398,74
170511,Sumikko Gurashi: Sorairo no Mainichi,2023-10-26,TV_SHORT,FINISHED,5.0,5.0,Slice of Life,Fanworks,,165,3
99088,PLUTO,2023-10-26,ONA,FINISHED,8.0,60.0,Action|Drama|Mecha|Mystery|Psychological|Sci-Fi|Thriller,Studio M2,84.0,103767,3749
170661,Temple Specials,2023-10-25,SPECIAL,FINISHED,2.0,12.0,Comedy|Ecchi|Romance,Gekkou,64.0,5933,63
170535,Meitantei Pikachu: Kareinaru Morning Routine,2023-10-25,ONA,FINISHED,1.0,7.0,Mystery,POLYGON PICTURES,57.0,804,5
170534,Zero Talking,2023-10-25,MUSIC,FINISHED,1.0,4.0,,Studio Gohan,58.0,247,4
170512,Midnight Mission,2023-10-25,MUSIC,FINISHED,1.0,4.0,Supernatural,,67.0,493,12
166532,THE iDOLM@STER Cinderella Girls: U149 OVA,2023-10-25,OVA,FINISHED,1.0,26.0,Comedy|Drama|Music|Slice of Life,CygamesPictures,71.0,1991,15
155314,Shaonian Ge Xing: Haiwai Xianshan Pian,2023-10-25,ONA,FINISHED,26.0,20.0,Action|Adventure|Fantasy|Mystery,CG Year,,227,8
170508,Maomao no Hitorigoto,2023-10-23,ONA,FINISHED,24.0,2.0,Comedy,,66.0,4080,73
170498,Ashen,2023-10-22,MUSIC,FINISHED,1.0,2.0,,,62.0,519,10
161645,Kusuriya no Hitorigoto,2023-10-22,TV,FINISHED,24.0,23.0,Drama|Mystery,OLM|TOHO animation STUDIO,88.0,319705,26769
160514,DOG SIGNAL,2023-10-22,TV,FINISHED,20.0,25.0,Slice of Life,Fugaku,63.0,3106,27
156113,Zhengjing Shao Zhu De Xingfu Shenghuo,2023-10-22,ONA,FINISHED,12.0,7.0,Fantasy,Foch,53.0,501,9
170509,Tokyo Great Bears Opening Movie,2023-10-21,SPECIAL,FINISHED,1.0,1.0,Action|Sports,MAPPA,50.0,193,1
183487,Pocket no Monster,2023-10-20,MUSIC,FINISHED,1.0,4.0,Slice of Life,,62.0,309,3
174708,Tai Yi Jian Xian Zhuan,2023-10-20,ONA,FINISHED,20.0,20.0,Action|Adventure|Fantasy,Ruo Hong Culture,,267,5
169402,Boku no Hero Academia: Yuuei Heroes Battle,2023-10-20,OVA,FINISHED,1.0,23.0,Action|Comedy|Slice of Life,bones,68.0,14074,151
164226,Hokkyoku Hyakkaten no Concierge-san,2023-10-20,MOVIE,FINISHED,1.0,70.0,Fantasy|Romance,Production I.G,74.0,7604,100
162989,Mask Danshi wa Koishitakunai no ni,2023-10-20,OVA,FINISHED,1.0,23.0,Romance,Studio Fusion,65.0,6642,115
170546,Gekkouyoku,2023-10-19,MUSIC,FINISHED,1.0,4.0,,,56.0,320,5
127976,Tian Guan Ci Fu 2,2023-10-18,ONA,FINISHED,12.0,24.0,Adventure|Drama|Fantasy|Romance,Red Dog Culture House,86.0,24815,1311
176858,"Tearmoon Teikoku Monogatari: Dantoudai kara Hajimaru, Hime no Tensei Gyakuten Story Mini Anime",2023-10-13,ONA,FINISHED,12.0,3.0,,,,255,2
170112,Shokutaku,2023-10-13,MUSIC,FINISHED,1.0,3.0,Psychological,,,120,0
159886,Ooyukiumi no Kaina: Hoshi no Kenja,2023-10-13,MOVIE,FINISHED,1.0,100.0,Drama|Fantasy|Sci-Fi,POLYGON PICTURES,68.0,4839,59
167820,Good Night World,2023-10-12,ONA,FINISHED,12.0,24.0,Action|Drama|Fantasy|Psychological,NAZ,69.0,27515,377
162670,Dr. STONE: NEW WORLD Part 2,2023-10-12,TV,FINISHED,11.0,24.0,Action|Adventure|Comedy|Sci-Fi,TMS Entertainment,83.0,137440,2740
170068,Sousou no Frieren: ●● no Mahou,2023-10-11,ONA,FINISHED,12.0,1.0,Comedy|Fantasy,TOHO animation STUDIO,73.0,10747,111
159074,Houkago Shounen Hanako-kun,2023-10-11,TV_SHORT,FINISHED,4.0,10.0,Comedy|Slice of Life|Supernatural,Lerche,71.0,26575,389
162803,Dead Mount Death Play Part 2,2023-10-10,TV,FINISHED,12.0,24.0,Action|Fantasy|Supernatural|Thriller,GEEKTOYS,74.0,47626,676
170059,mumei,2023-10-09,MUSIC,FINISHED,1.0,4.0,Fantasy,,69.0,559,17
162209,Kawagoe Boys Sing,2023-10-09,TV,FINISHED,12.0,24.0,Comedy|Music,evg|Telecom Animation Film,49.0,2796,19
155419,Hoshikuzu Telepath,2023-10-09,TV,FINISHED,12.0,24.0,Comedy|Drama|Slice of Life,Studio Gokumi,70.0,25856,451
129229,Sanshiliu Ji,2023-10-09,ONA,FINISHED,13.0,,Action|Drama,CG Year,,221,4
168992,Ochibi-san,2023-10-08,TV_SHORT,FINISHED,24.0,5.0,Slice of Life,Studio Khara,56.0,598,6
166896,Bokura no Ameiro Protocol,2023-10-08,TV,FINISHED,12.0,23.0,Drama,Quad,57.0,17541,214
163142,Kikansha no Mahou wa Tokubetsu desu,2023-10-08,TV,FINISHED,12.0,24.0,Action|Adventure|Fantasy,Arvo Animation,69.0,68044,1370
162694,Kimi no Koto ga Dai Dai Dai Dai Daisuki na 100-nin no Kanojo,2023-10-08,TV,FINISHED,12.0,24.0,Comedy|Ecchi|Romance,Bibury Animation Studios,76.0,131132,4215
161992,Potion-danomi de Ikinobimasu!,2023-10-08,TV,FINISHED,12.0,24.0,Fantasy,Jumondou,64.0,21984,319
154384,"Tearmoon Teikoku Monogatari: Dantoudai kara Hajimaru, Hime no Tensei Gyakuten Story",2023-10-08,TV,FINISHED,12.0,24.0,Comedy|Drama|Fantasy|Romance,SILVER LINK.,71.0,35470,675
148862,Nanatsu no Taizai: Mokushiroku no Yonkishi,2023-10-08,TV,FINISHED,24.0,24.0,Action|Adventure|Fantasy,Telecom Animation Film,72.0,32988,588
142599,Buta no Liver wa Kanetsu Shiro,2023-10-08,TV,FINISHED,12.0,24.0,Comedy|Fantasy,project No.9,57.0,18075,219
120755,The IDOLM@STER Million Live!,2023-10-08,TV,FINISHED,12.0,24.0,Music,Shirogumi,68.0,5794,96
183472,Nui Story,2023-10-07,ONA,FINISHED,50.0,2.0,Comedy,Piso Studio,,49,0
179872,Oshiri Tantei 7 Part 2,2023-10-07,TV,FINISHED,7.0,20.0,Comedy|Fantasy|Mystery,Toei Animation,,83,0
169227,Matsuinu,2023-10-07,TV_SHORT,FINISHED,12.0,3.0,Comedy|Slice of Life,Point Pictures,46.0,387,2
165070,Atarashii Joushi wa Dotennen,2023-10-07,TV,FINISHED,12.0,24.0,Comedy|Slice of Life,A-1 Pictures,78.0,24376,809
163140,Hypnosis Mic -Division Rap Battle- Rhyme Anima+,2023-10-07,TV,FINISHED,13.0,24.0,Action|Music|Sci-Fi,A-1 Pictures,67.0,5279,101
162720,Kibou no Chikara: Otona Precure '23,2023-10-07,TV,FINISHED,12.0,25.0,Action|Drama|Fantasy|Mahou Shoujo|Slice of Life,Toei Animation|Studio DEEN,63.0,4325,61
160900,Hametsu no Oukoku,2023-10-07,TV,FINISHED,12.0,24.0,Action|Drama|Fantasy,Yokohama Animation Lab,61.0,82274,1508
159808,Hikikomari Kyuuketsuki no Monmon,2023-10-07,TV,FINISHED,12.0,24.0,Action|Comedy|Fantasy,project No.9,70.0,53326,1018
158927,SPY×FAMILY Season 2,2023-10-07,TV,FINISHED,12.0,24.0,Action|Comedy|Slice of Life|Supernatural,WIT STUDIO|CloverWorks,80.0,235682,4326
158895,Arknights: Touin Kiro,2023-10-07,TV,FINISHED,8.0,24.0,Action|Fantasy,Yostar Pictures,75.0,22572,532
154692,Kanojo mo Kanojo Season 2,2023-10-07,TV,FINISHED,12.0,24.0,Comedy|Ecchi|Romance|Slice of Life,SynergySP,69.0,45248,724
154116,Undead Unluck,2023-10-07,TV,FINISHED,24.0,24.0,Action|Comedy|Sci-Fi|Supernatural,david production,76.0,130660,3022
145000,Zenryoku Usagi (2023),2023-10-07,TV_SHORT,FINISHED,12.0,4.0,Comedy,Rising Force,,143,0
143085,Saihate no Paladin: Tetsusabi no Yama no Ou,2023-10-07,TV,FINISHED,12.0,24.0,Action|Adventure|Fantasy|Mystery|Psychological,OLM|Sunrise Beyond,73.0,48698,724
183475,Yankee Hamster Season 4,2023-10-06,ONA,FINISHED,50.0,2.0,Comedy,Piso Studio,,58,0
174709,Quan Zhi Ming,2023-10-06,ONA,FINISHED,11.0,4.0,Adventure|Comedy|Fantasy,TRCARTOON,,140,0
170496,Bokura no Ameiro Protocol Mini Anime,2023-10-06,ONA,FINISHED,13.0,3.0,Comedy,AQUA ARIS,47.0,285,8
168131,Wanmei Shijie 4,2023-10-06,ONA,FINISHED,52.0,,Action|Adventure|Fantasy,Foch,73.0,847,65
166459,Tsuma ni Damatte Sokubaikai ni Ikun ja Nakatta,2023-10-06,OVA,FINISHED,2.0,16.0,Hentai,T-REX,69.0,2804,182
165159,BEYBLADE X,2023-10-06,TV,RELEASING,,22.0,Action|Adventure|Sports,OLM,64.0,4557,141
163204,GUNDAM BUILD METAVERSE,2023-10-06,ONA,FINISHED,3.0,24.0,Action|Mecha|Sci-Fi,Sunrise Beyond,53.0,2455,36
154459,"Keikenzumi na Kimi to, Keiken Zero na Ore ga, Otsukiai suru Hanashi.",2023-10-06,TV,FINISHED,12.0,24.0,Romance,ENGI,67.0,85431,1661
138788,Under Ninja,2023-10-06,TV,FINISHED,12.0,24.0,Action|Comedy,Tezuka Productions,66.0,26185,392
132420,Girls und Panzer: Saishuushou 4,2023-10-06,MOVIE,FINISHED,1.0,54.0,Action|Sports,Actas,82.0,10083,220
129188,Goblin Slayer II,2023-10-06,TV,FINISHED,12.0,24.0,Action|Adventure|Fantasy,LIDENFILMS,71.0,118221,1798
127163,Rail Romanesque 2,2023-10-06,TV_SHORT,FINISHED,13.0,3.0,Sci-Fi|Slice of Life,Yokohama Animation Lab,51.0,2894,31
111322,Tate no Yuusha no Nariagari Season 3,2023-10-06,TV,FINISHED,12.0,24.0,Action|Adventure|Fantasy,Kinema Citrus,70.0,148361,2286
169966,I.CINNAMOROLL Animation,2023-10-05,ONA,RELEASING,,3.0,Slice of Life,J.C.STAFF,55.0,609,19
169929,Kage-Jitsu! 2nd,2023-10-05,TV_SHORT,FINISHED,12.0,2.0,Comedy|Fantasy,Studio PuYUKAI,70.0,4979,61
166523,Kizuna no Allele Season 2,2023-10-05,TV,FINISHED,12.0,24.0,Music|Slice of Life,WIT STUDIO|Signal.MD,51.0,2073,18
166452,Mahoutsukai no Yome SEASON 2 Part 2,2023-10-05,TV,FINISHED,12.0,24.0,Drama|Fantasy|Romance|Slice of Life|Supernatural,Studio Kafka,79.0,36419,729
164312,Yuzuki-san Chi no Yon Kyoudai.,2023-10-05,TV,FINISHED,12.0,24.0,Comedy|Drama|Slice of Life,Shuka,77.0,23675,582
163364,Bikkurimen,2023-10-05,TV,FINISHED,12.0,24.0,Comedy|Fantasy,Lesprit,45.0,1103,7
162984,Kamierabi GOD.app,2023-10-05,TV,FINISHED,12.0,23.0,Action|Drama|Psychological|Supernatural,UNEND,53.0,11115,100
159559,16bit Sensation: ANOTHER LAYER,2023-10-05,TV,FINISHED,13.0,24.0,Comedy|Slice of Life,Studio Silver,68.0,26318,391
156632,Uma Musume: Pretty Derby Season 3,2023-10-05,TV,FINISHED,13.0,24.0,Drama|Slice of Life|Sports,Studio KAI,78.0,29972,804
170041,Shinobanai! Crypto Ninja Sakuya,2023-10-04,TV_SHORT,FINISHED,13.0,5.0,Action|Comedy,Fanworks,,205,1
163329,Tokyo Revengers: Tenjiku-hen,2023-10-04,TV,FINISHED,13.0,24.0,Action|Drama|Romance|Supernatural,LIDENFILMS,77.0,84662,1882
161964,Kage no Jitsuryokusha ni Naritakute! 2nd season,2023-10-04,TV,FINISHED,12.0,24.0,Action|Comedy|Fantasy,Nexus,82.0,192924,6660
157399,Bullbuster,2023-10-04,TV,FINISHED,12.0,24.0,Mecha,NUT,57.0,5388,42
154214,"Konyaku Haki sareta Reijou wo Hirotta Ore ga, Ikenai Koto wo Oshiekomu",2023-10-04,TV,FINISHED,12.0,24.0,Comedy|Fantasy|Romance|Slice of Life,Zero-G|Digital Network Animation,69.0,47464,879
166219,Tunshi Xingkong 4,2023-10-03,ONA,RELEASING,175.0,21.0,Action|Sci-Fi,Sparkly Key Animation,80.0,1884,168
161364,Toaru Ossan no VRMMO Katsudouki,2023-10-03,TV,FINISHED,12.0,24.0,Action|Adventure|Comedy|Fantasy,Maho Film,62.0,36928,629
158704,Watashi no Oshi wa Akuyaku Reijou.,2023-10-03,TV,FINISHED,12.0,24.0,Comedy|Fantasy|Romance,Platinum Vision,73.0,66779,2135
155389,SHY,2023-10-03,TV,FINISHED,12.0,24.0,Action|Drama|Psychological,8-bit,66.0,35443,436
150077,Paradox Live THE ANIMATION,2023-10-03,TV,FINISHED,12.0,24.0,Drama|Music|Sci-Fi,PINE JAM,66.0,15465,312
146206,Seijo no Maryoku wa Bannou desu Season 2,2023-10-03,TV,FINISHED,12.0,24.0,Fantasy|Romance|Slice of Life,diomedéa,74.0,36233,643
169728,Secret Mission: Sennyuu Sousakan wa Zettai ni Makenai!,2023-10-02,ONA,FINISHED,8.0,7.0,Hentai,Rabbit Gate,62.0,2016,99
158926,Kamonohashi Ron no Kindan Suiri,2023-10-02,TV,FINISHED,13.0,25.0,Drama|Mystery,diomedéa,74.0,58017,1115
156039,Boushoku no Berserk,2023-10-02,TV,FINISHED,12.0,24.0,Action|Adventure|Drama|Fantasy|Romance,A.C.G.T.,67.0,99197,2062
143327,MF Ghost,2023-10-02,TV,FINISHED,12.0,24.0,Sports,Felix Film,74.0,34361,864
142666,Migi to Dali,2023-10-02,TV,FINISHED,13.0,24.0,Drama|Mystery|Slice of Life,GEEKTOYS|CompTown,75.0,34694,968
126316,B-PROJECT: Netsuretsu*Love Call,2023-10-02,TV,FINISHED,12.0,24.0,Music,Asahi Production,57.0,1904,29
170507,Overtake! Extra,2023-10-01,ONA,FINISHED,12.0,2.0,,,,309,1
169773,Hanaarashi,2023-10-01,MUSIC,FINISHED,1.0,4.0,Fantasy,,70.0,654,14
163024,Captain Tsubasa: Season 2 - Junior Youth-hen,2023-10-01,TV,FINISHED,39.0,22.0,Action|Sports,Studio KAI,73.0,5130,124
160515,Overtake!,2023-10-01,TV,FINISHED,12.0,25.0,Drama|Sports,TROYCA,74.0,28226,483
156075,Aoshi Jiu Chong Tian,2023-10-01,ONA,FINISHED,12.0,25.0,Action|Adventure|Fantasy|Romance,Foch,61.0,494,20
154454,Dekoboko Majo no Oyako Jijou,2023-10-01,ONA,FINISHED,12.0,24.0,Comedy|Fantasy,A-Real,65.0,23482,470
151970,Shangri-La Frontier,2023-10-01,TV,FINISHED,25.0,26.0,Action|Adventure|Comedy|Fantasy|Sci-Fi,C2C,80.0,185454,6527
146493,Ragna Crimson,2023-10-01,TV,FINISHED,24.0,24.0,Action|Adventure|Fantasy|Mystery,SILVER LINK.,74.0,112447,2759
146473,FLCL: Shoegaze,2023-10-01,TV,FINISHED,3.0,23.0,Action|Comedy|Mecha|Sci-Fi,Production I.G|NUT,59.0,9813,84
170505,Journey to Bloom,2023-09-30,ONA,FINISHED,5.0,5.0,Drama|Music,,70.0,2694,73
169751,NEO,2023-09-30,MUSIC,FINISHED,1.0,3.0,Music,,71.0,859,27
158791,Megumi no Daigo: Kyuukoku no Orange,2023-09-30,TV,FINISHED,23.0,24.0,Action|Drama|Thriller,Brain's Base,64.0,11974,269
153479,Wang Zhe Da Shixiong,2023-09-30,ONA,FINISHED,16.0,20.0,Action|Adventure|Fantasy,Qiyuan Yinghua,57.0,362,4
169811,Yuusha,2023-09-29,MUSIC,FINISHED,1.0,3.0,Adventure|Fantasy,MADHOUSE,79.0,5122,94
166493,Night Tail,2023-09-29,OVA,FINISHED,2.0,16.0,Hentai|Supernatural,Majin petit,53.0,985,25
164298,Tanetsuke Oji-san to Papakko JD Saimin Seikatsu The Animation,2023-09-29,OVA,FINISHED,1.0,20.0,Hentai,Studio 1st,57.0,1632,73
155527,Ojou to Banken-kun,2023-09-29,TV,FINISHED,13.0,24.0,Drama|Romance,project No.9,52.0,29620,477
154587,Sousou no Frieren,2023-09-29,TV,FINISHED,28.0,24.0,Adventure|Drama|Fantasy,MADHOUSE,91.0,473189,55435
137684,Gei Wo Lai Ge Xiao Heshang,2023-09-29,ONA,FINISHED,26.0,4.0,Fantasy,Yofox Culture|Jiang Toon Animation,,57,0
137666,Emo Faze,2023-09-29,ONA,FINISHED,24.0,19.0,Action|Adventure|Fantasy,CG Year,66.0,914,39
173244,ELEMON,2023-09-28,ONA,FINISHED,30.0,12.0,Action|Adventure|Sci-Fi,Toei Animation,,92,1
170658,Waluolan Xiao Zhen,2023-09-28,ONA,FINISHED,12.0,4.0,Comedy|Fantasy|Slice of Life,FENZ,54.0,196,3
170561,Dubu Wangu,2023-09-28,ONA,FINISHED,40.0,11.0,Action|Adventure|Fantasy,Soyep,62.0,530,9
169750,Shangri-La Frontier Mini Anime,2023-09-28,ONA,FINISHED,9.0,2.0,Comedy|Fantasy,,61.0,1973,19
166410,Wan Jie Zhizun 2,2023-09-28,ONA,FINISHED,180.0,7.0,Action|Adventure|Fantasy,Ruo Hong Culture,,197,6
156184,Boukensha ni Naritai to Miyako ni Deteitta Musume ga S Rank ni Natteta,2023-09-28,TV,FINISHED,13.0,24.0,Adventure|Fantasy,TYPHOON GRAPHICS,66.0,36019,488
174712,Xiaolü He Xiaolan 3,2023-09-27,ONA,FINISHED,12.0,6.0,Comedy|Drama|Fantasy,Big Firebird Cultural Media,,194,1
170114,salvia,2023-09-27,MUSIC,FINISHED,1.0,4.0,Fantasy,,55.0,154,4
169749,Mattari Kaisetsu: Boushoku no Berserk,2023-09-27,ONA,FINISHED,6.0,3.0,Comedy|Fantasy,AQUA ARIS,51.0,739,5
134090,You Yao 2,2023-09-27,ONA,FINISHED,24.0,24.0,Action|Comedy|Fantasy,Shengying Animation,55.0,429,12
140501,Seiken Gakuin no Maken Tsukai,2023-09-26,ONA,FINISHED,12.0,24.0,Fantasy|Romance,Passione,61.0,62555,1117
137674,Xiuluo Wu Shen,2023-09-26,ONA,FINISHED,16.0,,Action|Adventure|Fantasy,Original Force,66.0,843,43
170660,Chickip Dancers 3rd Season,2023-09-25,TV_SHORT,RELEASING,,5.0,Comedy|Slice of Life,Fanworks,,103,0
137653,Xian Ni,2023-09-25,ONA,RELEASING,180.0,23.0,Action|Adventure|Drama|Fantasy,Build Dream,82.0,6038,411
174707,Xianwu Zhuan 2,2023-09-24,ONA,FINISHED,52.0,18.0,Action|Adventure|Fantasy|Romance,Xiaoming Taiji,65.0,606,24
134095,Nitian Xie Shen (2023),2023-09-23,ONA,FINISHED,30.0,20.0,Action|Adventure|Fantasy,Foch,69.0,1079,54
180520,Seakomdalkom Catch! Tiniping,2023-09-22,TV_SHORT,FINISHED,26.0,11.0,Drama|Fantasy|Mahou Shoujo,SAMG Animation,,115,0
169519,Atelier,2023-09-22,MUSIC,FINISHED,1.0,4.0,Slice of Life,INTERFACEDOGS,59.0,440,3
146638,Kengan Ashura Season 2,2023-09-21,ONA,FINISHED,12.0,25.0,Action|Sports,Larx Entertainment,76.0,17412,281
205284,Mijime na Kiseki,2023-09-20,MOVIE,FINISHED,1.0,8.0,,Miyu Productions,,58,2
169514,Lapis no Oningyou,2023-09-20,MUSIC,FINISHED,1.0,3.0,Supernatural,,,156,3
169451,Ghost Dive,2023-09-20,MUSIC,FINISHED,1.0,1.0,Supernatural,maxilla,61.0,560,4
169442,Odekake Kozame × GAMERA: Rebirth,2023-09-20,ONA,FINISHED,1.0,2.0,Comedy|Slice of Life|Supernatural,ENGI,62.0,682,0
169748,"Kanojo, Okarishimasu 3rd Season Petit",2023-09-19,ONA,FINISHED,12.0,2.0,Comedy,,50.0,1041,9
169518,Yume to Shiriseba,2023-09-19,MUSIC,FINISHED,1.0,3.0,Fantasy,,,116,0
192977,Utaimashou Narashimashou,2023-09-18,MUSIC,FINISHED,1.0,3.0,,,58.0,268,2
175944,Andersen,2023-09-15,MUSIC,FINISHED,1.0,5.0,,,,84,0
169319,15th Anniversary Short Animation: Battle Spirits Shounen Toppa Bashin x Saikyou Ginga Ultimate Zero Battle Spirits,2023-09-15,ONA,FINISHED,1.0,5.0,Action|Fantasy|Sci-Fi,Bandai Namco Pictures,,118,3
159429,Precure All Stars F,2023-09-15,MOVIE,FINISHED,1.0,73.0,Action|Adventure|Fantasy|Mahou Shoujo|Mystery|Supernatural,Toei Animation,80.0,2843,123
136149,Alice to Therese no Maboroshi Koujou,2023-09-15,MOVIE,FINISHED,1.0,111.0,Drama|Fantasy|Romance|Supernatural,MAPPA,72.0,54319,736
157957,Hi no Tori: Eden no Sora,2023-09-13,ONA,FINISHED,4.0,22.0,Drama|Fantasy|Sci-Fi,Studio 4°C,65.0,3419,18
170657,Jinyi Shen Jiag,2023-09-11,ONA,FINISHED,13.0,20.0,Action|Adventure|Fantasy,,,175,5
213699,Ruguo Lishi Shi Yi Qun Miao 10,2023-09-10,ONA,FINISHED,12.0,9.0,Comedy,Fatchi Moxie Studio,,18,1
170656,Honghuang Ling Zun,2023-09-10,ONA,FINISHED,60.0,8.0,Action|Adventure|Fantasy,,,168,1
169450,Telescope,2023-09-10,MUSIC,FINISHED,1.0,5.0,Slice of Life,,53.0,136,2
169085,Shukusei!! Loli Kami Requiem ☆,2023-09-10,MUSIC,FINISHED,1.0,5.0,,,76.0,2024,63
146472,FLCL: Grunge,2023-09-10,TV,FINISHED,3.0,24.0,Action|Comedy|Mecha|Sci-Fi,MontBlanc Pictures,44.0,12385,85
169526,"Kanojo, Okarishimasu 3rd Season Collab Mini Animation",2023-09-09,ONA,FINISHED,2.0,2.0,Comedy,AQUA ARIS,47.0,631,7
147189,City Hunter: Angel Dust,2023-09-08,MOVIE,FINISHED,1.0,93.0,Action|Comedy|Drama,Sunrise|The Answer Studio,68.0,2871,39
169001,Yoru wo Matsu yo,2023-09-07,MUSIC,FINISHED,1.0,4.0,,,61.0,217,8
160831,GAMERA: Rebirth,2023-09-07,ONA,FINISHED,6.0,45.0,Action|Sci-Fi,ENGI,61.0,2174,47
168962,Yoru wa Neko to Issho × GAMERA: Rebirth,2023-09-06,ONA,FINISHED,1.0,1.0,Comedy|Slice of Life|Supernatural,Studio PuYUKAI,63.0,894,5
168092,Houkago no Breath,2023-09-06,ONA,FINISHED,4.0,11.0,Adventure|Fantasy,WIT STUDIO,70.0,5379,38
176857,Eldraine no Mori: Twin Fates,2023-09-05,ONA,FINISHED,1.0,3.0,Action|Drama|Fantasy,Studio Pierrot|maxilla|Qzil.la|S.o.K,55.0,320,3
163327,Go-toubun no Hanayome∽,2023-09-02,SPECIAL,FINISHED,2.0,24.0,Drama|Romance|Slice of Life,Shaft,79.0,46120,1126
177166,Bakugan,2023-09-01,ONA,FINISHED,26.0,23.0,Action|Fantasy,TMS Entertainment,53.0,443,11
166609,Junjou Decamelon,2023-09-01,OVA,FINISHED,2.0,19.0,Hentai,Studio 9 Maiami,54.0,967,39
165321,Tsundero Series,2023-09-01,OVA,FINISHED,6.0,16.0,Hentai,T-REX,69.0,3036,186
171659,Rainbow Bubblegem,2023-08-30,TV_SHORT,FINISHED,26.0,11.0,Adventure|Comedy|Fantasy|Mahou Shoujo,Campfire Aniworks,,154,5
169448,Blue Planet,2023-08-30,MUSIC,FINISHED,1.0,4.0,Sci-Fi|Slice of Life,OTOIRO,58.0,305,5
169372,Benghuai: Xingqiong Tiedao - Xuanhuang,2023-08-29,ONA,FINISHED,1.0,6.0,Action|Adventure|Drama|Fantasy,Fantasier Animation,75.0,1768,38
193467,Dinoster: Gongnyongsuhodae,2023-08-28,TV_SHORT,FINISHED,26.0,12.0,Action|Comedy|Mecha|Sci-Fi,Alpha Animation|Fun Flux Entertainment,,34,0
177147,Bborongbborong Bbororo 8,2023-08-28,TV_SHORT,FINISHED,25.0,11.0,,Ocon Studios,,46,0
168609,Kororon,2023-08-27,MUSIC,FINISHED,1.0,4.0,,,77.0,1455,56
166588,Wu Ying Sanqian Dao 2,2023-08-26,ONA,FINISHED,50.0,12.0,Action|Adventure|Comedy|Fantasy,Tang Kirin Culture,58.0,306,9
169793,Soirée,2023-08-25,MUSIC,FINISHED,1.0,4.0,,,65.0,389,3
168999,Watashi no Oshi wa Akuyaku Reijou.: Rae to Claire ni Ichimon Ittou,2023-08-25,ONA,FINISHED,6.0,2.0,Comedy|Fantasy,,57.0,966,8
165599,Kono Koi ni Kizuite THE ANIMATION,2023-08-25,OVA,FINISHED,1.0,30.0,Hentai,Seven,74.0,4011,233
165444,SLEEPLESS Nocturne The Animation,2023-08-25,OVA,FINISHED,2.0,20.0,Hentai,,53.0,1466,50
170012,Yakan Hikou,2023-08-23,MUSIC,FINISHED,1.0,4.0,,,,90,0
137665,Mo Zhuang Chuanshuo,2023-08-21,ONA,FINISHED,31.0,10.0,Action|Adventure|Fantasy,Ruo Hong Culture,,236,6
168511,Yoake no Mellow,2023-08-20,MUSIC,FINISHED,1.0,3.0,Fantasy,,57.0,307,1
158896,SAND LAND,2023-08-18,MOVIE,FINISHED,1.0,105.0,Action|Adventure|Fantasy|Supernatural,Sunrise|Kamikaze Douga|Studio Anima,68.0,4941,46
170497,Nandemo Bakukai! Koyori-chan,2023-08-17,ONA,RELEASING,,1.0,Comedy,,,213,2
169447,Hiten,2023-08-17,MUSIC,FINISHED,1.0,3.0,Psychological,,63.0,499,14
141892,Yi Kong Zhan Ge,2023-08-17,ONA,FINISHED,15.0,20.0,Action|Fantasy,Shengying Animation,,301,3
168343,Hi-Fi Roman,2023-08-16,MUSIC,FINISHED,1.0,3.0,Action|Supernatural,MANAA ANIMATION,53.0,213,1
195965,Xing Qia Meng Shao Nu 2: Menghuan Jingling,2023-08-12,ONA,FINISHED,26.0,8.0,Mahou Shoujo|Slice of Life,,,27,0
206158,Balala Xiao Mo Xian: Xing Yuan Die Qi 1,2023-08-11,ONA,FINISHED,26.0,13.0,Mahou Shoujo,,,40,1
176579,Damedayo,2023-08-11,SPECIAL,FINISHED,1.0,4.0,Supernatural,,,141,1
169908,GUSH 20th Anniversary special project: GUSH x Yamashita RIRI,2023-08-11,SPECIAL,FINISHED,1.0,1.0,Romance,,53.0,302,6
168210,Boukenroku,2023-08-11,MUSIC,FINISHED,1.0,4.0,Adventure|Sci-Fi,,61.0,337,2
135584,Mignon,2023-08-11,ONA,FINISHED,12.0,5.0,Drama|Romance|Sports|Supernatural,,78.0,9278,388
161647,Kyoukai Senki: Kyokkou no Souki,2023-08-10,ONA,FINISHED,6.0,10.0,Fantasy|Mecha|Sci-Fi,Sunrise Beyond,52.0,1909,21
162291,Nanatsu no Taizai: Ensa no Edinburgh - Kouhen,2023-08-08,ONA,FINISHED,1.0,54.0,Action|Adventure|Comedy|Fantasy,Alfred Imageworks|Marvy Jack,65.0,9137,114
185642,Nanashi Kaidan 2nd Season,2023-08-07,ONA,FINISHED,5.0,6.0,Horror|Supernatural,,,257,0
169771,Geats Extra: Geats Anime - Another Grand Prix,2023-08-06,ONA,FINISHED,8.0,8.0,Comedy,,,90,2
168973,"Kanojo, Okarishimasu × Temple Collab Mini Anime",2023-08-05,ONA,FINISHED,4.0,2.0,Comedy,,51.0,1314,11
167990,Celia-sensei no Wakuwaku Magical Kyoushitsu season2,2023-08-04,ONA,FINISHED,12.0,2.0,Comedy|Fantasy,AQUA ARIS,51.0,625,2
158595,Shin Jigen! Crayon Shin-chan THE MOVIE: Chounouryoku Daikessen - Tobe Tobe Temakizushi,2023-08-04,MOVIE,FINISHED,1.0,93.0,Comedy,Shirogumi|Shin-Ei Animation,64.0,1158,13
150429,Tokubetsu-hen Hibike! Euphonium: Ensemble Contest,2023-08-04,OVA,FINISHED,1.0,58.0,Drama|Music|Slice of Life,Kyoto Animation,78.0,19325,225
169774,I like u,2023-08-03,MUSIC,FINISHED,1.0,3.0,Sci-Fi,S.o.K,51.0,178,0
153493,Xi Xing Ji: Nian Fan,2023-08-02,ONA,FINISHED,64.0,21.0,Action|Adventure|Fantasy,BYMENT,,270,11
133772,Shaonian Ge Xing: Anhe Zhuan,2023-08-02,ONA,FINISHED,12.0,20.0,Action|Fantasy,Passion Paint Animation,57.0,586,20
182151,Kappa wa Shitteiru,2023-08-01,MUSIC,FINISHED,1.0,2.0,,,,38,0
181472,Chessboard,2023-08-01,MUSIC,FINISHED,1.0,4.0,,,,52,0
167928,HYPERSONIC music club,2023-08-01,ONA,FINISHED,1.0,7.0,Music|Sci-Fi,,51.0,243,1
165426,Odekake Kozame,2023-08-01,ONA,FINISHED,60.0,2.0,Slice of Life,ENGI,70.0,2653,87
205794,BREACH,2023-07-31,SPECIAL,FINISHED,1.0,1.0,Fantasy|Mystery,Makaria,,126,3
204545,Heart Cocktail Colorful: Natsu-hen,2023-07-31,TV_SHORT,FINISHED,5.0,5.0,Romance,,,69,1
159926,BASTARD!!: Ankoku no Hakaishin - Jigoku no Chinkonka-hen,2023-07-31,ONA,FINISHED,15.0,24.0,Action|Adventure|Comedy|Ecchi|Fantasy,LIDENFILMS,69.0,9550,156
180744,Fate/Grand Order: Memorial Movie 2023,2023-07-30,SPECIAL,FINISHED,1.0,4.0,Action|Adventure|Fantasy,CloverWorks,82.0,1790,81
171403,Fanren Xiu Xian Zhuan: Xinghai Feichi Prologue,2023-07-30,ONA,FINISHED,4.0,23.0,Action|Adventure|Fantasy,Original Force|Wonder Cat Animation,70.0,665,8
167743,Bishoujyo Muzai♡Pirates,2023-07-30,MUSIC,FINISHED,1.0,4.0,,,73.0,1292,24
155321,Gaishi Dizun,2023-07-30,ONA,FINISHED,52.0,11.0,Action|Fantasy,Xiaoming Taiji,57.0,380,11
167646,Naniiro,2023-07-29,MUSIC,FINISHED,1.0,5.0,,,,118,0
156080,Zhen Hun Jie 3,2023-07-29,ONA,FINISHED,16.0,20.0,Action|Adventure|Drama|Supernatural,L² Studio,62.0,1062,21
164297,Tanetsuke Oji-san to NTR Hitozuma Sex,2023-07-28,OVA,FINISHED,1.0,20.0,Hentai,Studio 1st,63.0,2092,117
164292,Oku-sama no Kaifuku Jutsu The Animation,2023-07-28,OVA,FINISHED,1.0,30.0,Fantasy|Hentai,Seven,63.0,1488,77
164240,Kunoichi Ryoujokuden Ajisai,2023-07-28,OVA,RELEASING,,20.0,Adventure|Hentai,Suzuki Mirano petit,53.0,1128,52
164239,so_low,2023-07-28,OVA,RELEASING,,25.0,Hentai,Nur,56.0,1048,41
158908,ChroNoiR Episode.0,2023-07-28,ONA,FINISHED,1.0,9.0,Action|Fantasy|Supernatural,A-1 Pictures,66.0,2188,47
156623,Shi Wang Zhe A? 2,2023-07-27,ONA,FINISHED,13.0,,Comedy|Fantasy,Lingsanwu Animation,,121,1
154525,OVA Azur Lane: Queen's Orders,2023-07-27,OVA,FINISHED,2.0,24.0,Comedy|Slice of Life,Yostar Pictures,65.0,3850,48
167647,Tokosiesta,2023-07-26,MUSIC,FINISHED,1.0,3.0,Supernatural,,60.0,288,0
166369,Bear Bear Bear Kuma Punch!! Daiundoukai-hen,2023-07-26,SPECIAL,FINISHED,3.0,1.0,Comedy|Fantasy|Sports,,61.0,1993,31
146646,Hanma Baki Season 2,2023-07-26,ONA,FINISHED,27.0,24.0,Action|Sports,TMS Entertainment,79.0,42125,897
122585,Wu Shan Wu Xing: Xi Chuan Huan Zi Lin,2023-07-26,ONA,FINISHED,4.0,35.0,Action|Drama|Fantasy,Samsara Studio,81.0,7618,223
168496,six feet under,2023-07-25,MUSIC,FINISHED,1.0,4.0,Psychological,,53.0,240,1
167418,Kimi ni Aeta!,2023-07-23,SPECIAL,FINISHED,1.0,1.0,,CoMix Wave,63.0,759,2
163544,Re:STARS: Mirai e Tsunagu 2-tsu no Kiraboshi,2023-07-21,MOVIE,FINISHED,1.0,115.0,Comedy|Music|Slice of Life,ASK Animation Studio,,574,9
135178,Osomatsu-san: Tamashii no Takoyaki Party to Densetsu no Otomari-kai,2023-07-21,MOVIE,FINISHED,1.0,59.0,Comedy|Slice of Life,Studio Pierrot,64.0,1127,11
204324,MARO17 Animation CM,2023-07-20,SPECIAL,FINISHED,3.0,2.0,Action|Adventure|Comedy|Slice of Life,MAPPA,,131,5
166323,Long Shidai,2023-07-20,ONA,FINISHED,26.0,10.0,Action|Adventure|Fantasy,Shenman Entertainment,,99,3
141857,Diyi Xulie,2023-07-19,ONA,FINISHED,16.0,15.0,Action|Adventure|Fantasy|Sci-Fi,Passion Paint Animation,67.0,854,35
156096,Si Ge Yongzhe,2023-07-17,ONA,FINISHED,10.0,7.0,Action|Adventure|Comedy|Fantasy,Shanghai Phantom Animation,62.0,14453,310
168163,Dou Po Cangqiong: Nian Fan 2,2023-07-16,ONA,FINISHED,53.0,24.0,Action|Adventure|Fantasy,Motion Magic,80.0,1229,94
166445,Feng Huo Zhan Ji,2023-07-16,ONA,FINISHED,16.0,19.0,Action|Sci-Fi,Mandrill Picture Corp,,127,0
167147,SKYSONAR,2023-07-15,MUSIC,FINISHED,1.0,5.0,Slice of Life,INTERFACEDOGS,62.0,475,6
166409,Shen Lan Qi Yu Wushuang Zhu: Tianmo Pian,2023-07-15,ONA,FINISHED,15.0,,Action|Fantasy,CG Year,63.0,313,18
214896,Sinbi Apateu Teukbyeolpan: Joseontoemasillok,2023-07-14,ONA,FINISHED,4.0,30.0,Mystery|Supernatural,Studio BAZOOKA,,15,1
165439,Mahou Shoujo Noble Rose THE ANIMATION,2023-07-14,OVA,RELEASING,,17.0,Action|Hentai|Mahou Shoujo,Anime Antenna Iinkai,53.0,673,33
136484,Shiguang Dailiren II,2023-07-14,ONA,FINISHED,12.0,24.0,Drama|Mystery|Supernatural|Thriller,Studio LAN|Pb Animation|CMC Media,86.0,69074,3297
109979,Kimitachi wa Dou Ikiru ka,2023-07-14,MOVIE,FINISHED,1.0,124.0,Adventure|Drama|Fantasy|Supernatural,Studio Ghibli,77.0,66053,1625
167470,Kyuuseishu,2023-07-13,MUSIC,FINISHED,1.0,3.0,Psychological,,63.0,491,7
163542,Spy Kyoushitsu 2nd season,2023-07-13,TV,FINISHED,12.0,24.0,Action|Comedy|Drama|Mystery,feel.,70.0,19338,268
156101,Guaishou Xiao Guan,2023-07-13,ONA,FINISHED,12.0,4.0,Fantasy|Slice of Life,Shi Qi Yu Mo,,277,3
155168,Hataraku Maou-sama!! 2nd Season,2023-07-13,TV,FINISHED,12.0,24.0,Adventure|Comedy|Fantasy|Romance|Slice of Life,Studio 3Hz,66.0,59190,591
150972,Shiro Seijo to Kuro Bokushi,2023-07-13,TV,FINISHED,12.0,24.0,Comedy|Fantasy|Romance|Slice of Life,Doga Kobo,73.0,40258,1000
166104,Tonikaku Kawaii: Joshikou-hen,2023-07-12,ONA,FINISHED,4.0,24.0,Comedy|Romance|Slice of Life,Seven Arcs,78.0,30705,620
165356,Shuumatsu no Valkyrie II Part 2,2023-07-12,ONA,FINISHED,5.0,24.0,Action|Drama|Fantasy|Supernatural,Graphinica|Yumeta Company,76.0,40729,707
163263,Bungou Stray Dogs 5th Season,2023-07-12,TV,FINISHED,11.0,24.0,Action|Comedy|Mystery|Supernatural,bones,85.0,80182,2798
156105,Xiaolü He Xiaolan 2: Mowang Pian,2023-07-12,ONA,FINISHED,12.0,6.0,Comedy|Drama|Fantasy,Big Firebird Cultural Media,56.0,417,11
145140,Helck,2023-07-12,TV,FINISHED,24.0,23.0,Action|Adventure|Comedy|Drama|Fantasy,Satelight,71.0,45617,864
174649,Jiu Chen Fengyun Lu,2023-07-11,ONA,FINISHED,40.0,10.0,Action|Adventure|Fantasy,Ruo Hong Culture,53.0,233,8
169363,SYNDUALITY: Kagaku Kouza,2023-07-11,ONA,FINISHED,12.0,2.0,Comedy|Sci-Fi,Studio PuYUKAI,48.0,255,2
154643,SYNDUALITY Noir,2023-07-11,TV,FINISHED,12.0,24.0,Action|Mecha|Sci-Fi,8-bit,67.0,22669,366
166829,Yami Shibai 11,2023-07-10,TV_SHORT,FINISHED,13.0,4.0,Horror|Supernatural,ILCA|yell,54.0,2494,30
155302,Zhen Yang Wushen,2023-07-10,ONA,FINISHED,14.0,,Action|Fantasy,Wonder Cat Animation|Passion Paint Animation,56.0,357,14
152802,Dark Gathering,2023-07-10,TV,FINISHED,25.0,24.0,Adventure|Horror|Supernatural,OLM,75.0,68204,1736
169373,Higeki no Genkyou to Naru Saikyou Gedou Last Boss Joou wa Tami no Tame ni Tsukushimasu. mini,2023-07-09,ONA,FINISHED,12.0,2.0,Comedy|Fantasy,,53.0,658,12
160447,Temple,2023-07-09,TV,FINISHED,12.0,24.0,Comedy|Drama|Ecchi|Romance|Slice of Life,Gekkou,65.0,45832,760
159831,Zom 100: Zombie ni Naru Made ni Shitai 100 no Koto,2023-07-09,TV,FINISHED,12.0,24.0,Action|Adventure|Comedy|Horror|Supernatural,BUG FILMS,76.0,238675,5696
139606,Eiyuu Kyoushitsu,2023-07-09,TV,FINISHED,12.0,24.0,Action|Fantasy|Slice of Life,Actas,59.0,55046,860
139435,Shinigami Bocchan to Kuro Maid 2nd Season,2023-07-09,TV,FINISHED,12.0,24.0,Comedy|Drama|Romance|Supernatural,J.C.STAFF,76.0,32169,579
175646,Chang'An,2023-07-08,MOVIE,FINISHED,1.0,168.0,,Light Chaser Animation,,159,5
169512,Uchi no Kaisha no Chiisai Senpai no Hanashi Mini Anime,2023-07-08,ONA,FINISHED,12.0,2.0,Comedy,AQUA ARIS,54.0,630,12
169364,Ikimono-san,2023-07-08,TV_SHORT,FINISHED,12.0,2.0,Comedy,,53.0,263,0
169322,Kimberly Mahou Gakkou Tsuushin,2023-07-08,ONA,FINISHED,15.0,3.0,Comedy|Fantasy,,,282,3
163136,Shadowverse Flame: Seven Shadows-hen,2023-07-08,TV,FINISHED,25.0,24.0,Fantasy,ZEXCS,64.0,1509,32
159322,BLEACH: Sennen Kessen-hen - Ketsubetsu-tan,2023-07-08,TV,FINISHED,13.0,24.0,Action|Adventure|Supernatural,Studio Pierrot,86.0,140476,5287
158530,AI no Idenshi,2023-07-08,TV,FINISHED,12.0,24.0,Drama|Psychological|Sci-Fi,MADHOUSE,63.0,18307,175
156099,Yong Sheng: Shi Nian Zhi Yue,2023-07-08,ONA,FINISHED,12.0,20.0,Action|Drama|Fantasy,Oriental Creative Color,68.0,719,31
154745,"Kanojo, Okarishimasu 3rd Season",2023-07-08,TV,FINISHED,12.0,24.0,Comedy|Drama|Romance,TMS Entertainment,67.0,73259,1071
150970,Cardfight!! Vanguard: will+Dress Season 3,2023-07-08,TV,FINISHED,13.0,24.0,Action|Adventure,Kinema Citrus|Studio JEMI|Gift-o’-Animation,62.0,1728,23
149883,Dekiru Neko wa Kyou mo Yuuutsu,2023-07-08,TV,FINISHED,13.0,23.0,Comedy|Fantasy|Slice of Life,GoHands,75.0,40569,980
148465,Level 1 dakedo Unique Skill de Saikyou desu,2023-07-08,TV,FINISHED,12.0,24.0,Adventure|Fantasy,Maho Film,61.0,55912,782
142598,Nanatsu no Maken ga Shihai Suru,2023-07-08,TV,FINISHED,15.0,24.0,Action|Fantasy,J.C.STAFF,64.0,71615,1094
131863,Liar Liar,2023-07-08,TV,FINISHED,12.0,24.0,Psychological|Romance,GEEKTOYS,61.0,66380,888
167145,Uchuu Sanpo,2023-07-07,MUSIC,FINISHED,1.0,3.0,Romance|Sci-Fi,OTOIRO,53.0,210,0
163294,Sukebe Elf Tanbouki,2023-07-07,OVA,FINISHED,2.0,16.0,Fantasy|Hentai,T-REX,72.0,3304,184
163079,Sugar Apple Fairy Tale Part 2,2023-07-07,TV,FINISHED,12.0,23.0,Adventure|Fantasy|Romance,J.C.STAFF,76.0,26107,574
161680,1LDK+JK Ikinari Doukyo? Micchaku!? Hatsu Ecchi!!?,2023-07-07,OVA,RELEASING,,16.0,Hentai|Romance,Studio 1st,66.0,2024,114
161441,Biohazard: Death Island,2023-07-07,MOVIE,FINISHED,1.0,91.0,Action|Horror,Quebico,64.0,4332,71
156040,Higeki no Genkyou to Naru Saikyou Gedou Last Boss Joou wa Tami no Tame ni Tsukushimasu.,2023-07-07,TV,FINISHED,12.0,24.0,Comedy|Fantasy|Romance,OLM,69.0,48588,919
155971,Hyakushou Kizoku,2023-07-07,TV_SHORT,FINISHED,12.0,4.0,Comedy|Slice of Life,Pie in the sky,64.0,2436,22
155418,"Seija Musou: Salaryman, Isekai de Ikinokoru Tame ni Ayumu Michi",2023-07-07,ONA,FINISHED,12.0,24.0,Adventure|Comedy|Fantasy,Yokohama Animation Lab|CLOUDHEARTS,70.0,52850,1011
142877,Rurouni Kenshin: Meiji Kenkaku Romantan (2023),2023-07-07,TV,FINISHED,24.0,23.0,Action|Drama|Romance,LIDENFILMS,74.0,60715,1285
204619,Koikeya SDGs Gekijou Suss to Tina Season 4,2023-07-06,TV_SHORT,FINISHED,13.0,3.0,Action|Comedy,Garage Film,,20,1
196246,Xi Yangyang Yu Hui Tailang: Aoyou Shenmi Yang,2023-07-06,TV_SHORT,FINISHED,60.0,15.0,Action|Comedy,,,23,1
170220,Sylvanian Families: Freya no Go for Dream!,2023-07-06,TV_SHORT,FINISHED,13.0,11.0,Fantasy|Slice of Life,LandQ studios,,100,0
162983,Undead Girl Murder Farce,2023-07-06,TV,FINISHED,13.0,23.0,Drama|Mystery|Supernatural,Lapin Track,78.0,65103,1656
145064,Jujutsu Kaisen 2nd Season,2023-07-06,TV,FINISHED,23.0,24.0,Action|Drama|Supernatural,MAPPA,86.0,485881,22753
158830,Wan Sheng Jie 4,2023-07-05,ONA,FINISHED,12.0,5.0,Comedy|Fantasy|Slice of Life|Supernatural,HMCH,77.0,2997,52
153360,Jidou Hanbaiki ni Umarekawatta Ore wa Meikyuu wo Samayou,2023-07-05,TV,FINISHED,12.0,24.0,Adventure|Comedy|Fantasy,Studio Gokumi|AXsiZ,62.0,69697,831
147103,Watashi no Shiawase na Kekkon,2023-07-05,TV,FINISHED,12.0,24.0,Drama|Romance|Supernatural,Kinema Citrus,76.0,141534,3970
163205,Mononogatari 2nd Season,2023-07-04,TV,FINISHED,12.0,24.0,Action|Supernatural,Bandai Namco Pictures,72.0,12700,224
160188,Suki na Ko ga Megane wo Wasureta,2023-07-04,TV,FINISHED,13.0,24.0,Comedy|Romance,GoHands,69.0,88373,1787
157397,Yumemiru Danshi wa Genjitsushugisha,2023-07-04,TV,FINISHED,12.0,24.0,Comedy|Romance|Slice of Life,Studio Gokumi|AXsiZ,65.0,86794,1749
153339,Okashi na Tensei,2023-07-04,ONA,FINISHED,12.0,24.0,Action|Fantasy|Slice of Life,SynergySP,66.0,39155,619
141914,Wu Nao Monü,2023-07-04,ONA,FINISHED,15.0,8.0,Comedy|Fantasy|Slice of Life,Unity of Knowledge and Action Animation,61.0,3542,43
137676,Duo Xuan Shi,2023-07-04,ONA,FINISHED,16.0,,Fantasy,Medo,57.0,331,14
169375,Bousei no Volicia,2023-07-03,MOVIE,FINISHED,1.0,32.0,Action|Mecha|Romance|Sci-Fi,,56.0,1722,14
168253,Fuufu Koukan: Modorenai Yoru,2023-07-03,ONA,FINISHED,8.0,6.0,Hentai,Studio Houkiboshi,59.0,1559,79
146953,Masamune-kun no Revenge R,2023-07-03,TV,FINISHED,12.0,24.0,Comedy|Romance|Slice of Life,SILVER LINK.,72.0,85566,1441
146836,Lv1 Maou to One Room Yuusha,2023-07-03,TV,FINISHED,12.0,24.0,Action|Adventure|Comedy|Ecchi|Fantasy,SILVER LINK.|BLADE,69.0,32478,542
146065,Mushoku Tensei II: Isekai Ittara Honki Dasu,2023-07-03,TV,FINISHED,13.0,24.0,Adventure|Drama|Ecchi|Fantasy,Studio Bind,81.0,259300,7927
166974,Golden Ray,2023-07-02,MUSIC,FINISHED,1.0,4.0,Adventure,Studio Gohan,63.0,508,5
166510,"Ququ Bucai, Zaixia Ye Guai 2",2023-07-02,ONA,FINISHED,16.0,15.0,Action|Adventure|Comedy|Fantasy,Kung Fu Frog Animation,64.0,1586,25
162893,Ryza no Atelier: Tokoyami no Joou to Himitsu no Kakurega,2023-07-02,TV,FINISHED,12.0,24.0,Action|Adventure|Drama|Fantasy,LIDENFILMS,62.0,31698,393
155982,AYAKA,2023-07-02,TV,FINISHED,12.0,24.0,Action|Supernatural,Studio Blanc,61.0,20001,252
155730,Uchi no Kaisha no Chiisai Senpai no Hanashi,2023-07-02,TV,FINISHED,12.0,23.0,Comedy|Romance|Slice of Life,project No.9,67.0,52291,820
154966,Fate/strange Fake: Whispers of Dawn,2023-07-02,SPECIAL,FINISHED,1.0,55.0,Action|Adventure|Fantasy|Mystery|Supernatural,A-1 Pictures,81.0,52385,916
154391,"Jitsu wa Ore, Saikyou Deshita?",2023-07-02,TV,FINISHED,12.0,23.0,Comedy|Fantasy|Romance,Staple Entertainment,63.0,82501,1470
141868,Feng Ling Yu Xiu 2,2023-07-02,ONA,FINISHED,12.0,24.0,Action|Adventure|Comedy|Drama,Sunflowers,65.0,942,19
169827,Wakarebana,2023-07-01,MUSIC,FINISHED,1.0,5.0,Slice of Life,,,121,1
166614,Seishun Archive,2023-07-01,MUSIC,FINISHED,1.0,3.0,Music,Studio KAI,69.0,801,14
163132,Horimiya: piece,2023-07-01,TV,FINISHED,13.0,24.0,Comedy|Romance|Slice of Life,CloverWorks,81.0,162489,4566
154789,Youjo Shachou R,2023-07-01,ONA,FINISHED,13.0,4.0,Comedy,project No.9,52.0,697,2
153478,Shi Fang Jian Sheng,2023-07-01,ONA,FINISHED,18.0,14.0,Action|Adventure|Fantasy,Cloud Culture,55.0,309,11
186715,Shiori (2023),2023-06-30,MUSIC,FINISHED,1.0,4.0,Psychological,,66.0,443,7
175152,Sore Ike! Anpanman: Roboly to Pokapoka Present,2023-06-30,MOVIE,FINISHED,1.0,64.0,Comedy|Fantasy,TMS Entertainment,,82,0
166989,HERO (Music),2023-06-30,MUSIC,FINISHED,1.0,4.0,Action|Psychological,,57.0,421,5
166492,You Shou Yan 2,2023-06-30,ONA,FINISHED,12.0,6.0,Comedy|Fantasy|Slice of Life,FENZ,71.0,545,19
160850,Bishoujo Senshi Sailor Moon: Cosmos - Kouhen,2023-06-30,MOVIE,FINISHED,1.0,80.0,Action|Adventure|Drama|Fantasy|Mahou Shoujo|Romance,Studio DEEN|Toei Animation,78.0,4592,148
134088,Da Zhuzai (2023),2023-06-30,ONA,FINISHED,52.0,,Action|Adventure|Fantasy|Romance,Motion Magic,71.0,1564,85
177437,Gekka,2023-06-29,MUSIC,FINISHED,1.0,5.0,,,47.0,217,0
163571,BanG Dream! It's MyGO!!!!!,2023-06-29,TV,FINISHED,13.0,24.0,Drama|Music|Slice of Life,SANZIGEN,82.0,21904,1848
163137,Oooku,2023-06-29,ONA,FINISHED,10.0,28.0,Drama|Romance|Slice of Life,Studio DEEN,73.0,13247,217
174981,Yi Nian Yongheng: Zhizi Pian,2023-06-28,ONA,FINISHED,3.0,19.0,Action|Comedy|Fantasy,B.CMAY PICTURES,70.0,445,11
166973,Kimberly Mahou Gakkou no Yukai na Nichijou,2023-06-28,ONA,FINISHED,21.0,3.0,Comedy|Fantasy,,47.0,535,4
208831,Copihan Tokubetsu-hen,2023-06-27,SPECIAL,FINISHED,1.0,6.0,Comedy|Sci-Fi,GONZO,,59,0
184814,"Kiutsu, Hakudakusu",2023-06-26,MUSIC,FINISHED,1.0,3.0,,,60.0,327,2
169523,Honky Tonky Night,2023-06-26,MUSIC,FINISHED,1.0,3.0,Music,,51.0,108,0
151513,Genjitsu no Yohane: SUNSHINE in the MIRROR,2023-06-25,TV,FINISHED,13.0,24.0,Fantasy|Music|Slice of Life,Sunrise,68.0,18485,295
175136,Daiichiya,2023-06-24,MUSIC,FINISHED,1.0,4.0,,,,141,2
166446,Wu Xing Zhan Shen,2023-06-24,ONA,FINISHED,80.0,10.0,Action|Fantasy,Ruo Hong Culture,,325,13
137885,Huyao Xiao Hongniang: Wu Mu,2023-06-24,ONA,FINISHED,12.0,,Adventure|Fantasy|Romance,GARDEN,,406,7
137683,Douluo Dalu 2: Jueshi Tangmen,2023-06-24,ONA,RELEASING,182.0,20.0,Action|Adventure|Fantasy|Romance,Sparkly Key Animation,76.0,2934,205
169087,Ayagashima Kankou Annai,2023-06-23,ONA,FINISHED,16.0,2.0,Comedy|Fantasy,,,197,2
166988,Okashi na Tensei Mini Anime,2023-06-23,ONA,FINISHED,10.0,3.0,Comedy|Fantasy,,50.0,536,5
157654,Love Live! Nijigasaki Gakuen School Idol Doukoukai: NEXT SKY,2023-06-23,OVA,FINISHED,1.0,30.0,Music|Slice of Life,Sunrise,73.0,6312,75
154967,Seishun Buta Yarou wa Odekake Sister no Yume wo Minai,2023-06-23,MOVIE,FINISHED,1.0,73.0,Drama|Psychological|Supernatural,CloverWorks,79.0,87240,1742
155244,Cang Yuan Tu,2023-06-22,ONA,FINISHED,26.0,23.0,Action|Fantasy,Shenman Entertainment,76.0,1875,101
166404,Ban Shen Zhi Jing,2023-06-21,ONA,FINISHED,20.0,,Action|Fantasy,,,145,3
166381,Genjitsu no Rimuru: SUNSHINE in the SLIME,2023-06-21,ONA,FINISHED,2.0,9.0,Comedy|Fantasy,YOYOmiracle,56.0,2628,23
166327,Jian Gu,2023-06-16,ONA,FINISHED,60.0,10.0,Action|Adventure|Fantasy,Soyep,,158,3
131680,Black Clover: Mahou Tei no Ken,2023-06-16,MOVIE,FINISHED,1.0,113.0,Action|Adventure|Fantasy,Studio Pierrot,80.0,98740,2282
169081,"Mitsukannai, Mitsukannai",2023-06-15,MUSIC,FINISHED,1.0,3.0,Psychological,,,62,1
166324,Shashou Good,2023-06-15,ONA,FINISHED,26.0,,Action|Comedy,Chuangqi Studio,,165,0
166111,Utakata Lullaby,2023-06-14,MUSIC,FINISHED,1.0,3.0,,,56.0,589,4
153632,Mark Your Kiss The Animation,2023-06-14,ONA,FINISHED,1.0,13.0,Hentai,,46.0,697,29
166110,Tsuki no Hana,2023-06-13,MUSIC,FINISHED,1.0,4.0,Mahou Shoujo,,59.0,420,4
166214,Baka Bakka,2023-06-11,MUSIC,FINISHED,1.0,3.0,,,62.0,617,11
166213,......,2023-06-11,MUSIC,FINISHED,1.0,2.0,Horror|Supernatural,FLAT STUDIO,63.0,688,11
168997,Tokimeki Rainbow,2023-06-09,MUSIC,FINISHED,1.0,2.0,Fantasy,,,88,0
162993,Eikyuu Shounen: Eternal Boys - NEXT STAGE,2023-06-09,MOVIE,FINISHED,1.0,69.0,Music|Slice of Life,LIDENFILMS,53.0,723,1
148149,Bishoujo Senshi Sailor Moon: Cosmos - Zenpen,2023-06-09,MOVIE,FINISHED,1.0,80.0,Action|Adventure|Drama|Fantasy|Mahou Shoujo|Romance,Toei Animation|Studio DEEN,77.0,6764,137
166132,Purple Rain,2023-06-06,MUSIC,FINISHED,1.0,4.0,,,53.0,142,0
166125,Fins,2023-06-06,MUSIC,FINISHED,1.0,5.0,,,63.0,458,2
169089,Hanaichi Monnme,2023-06-04,MUSIC,FINISHED,1.0,4.0,,,57.0,200,0
214948,Sinbi Apateu: Bugiui Balmyeongpumeul Chajara!,2023-06-03,SPECIAL,FINISHED,1.0,7.0,Fantasy,,,14,1
167247,Moffun to Issho,2023-06-02,ONA,FINISHED,5.0,2.0,Comedy,,,171,1
137726,Quanzhi Fashi 6,2023-06-02,ONA,FINISHED,12.0,18.0,Action|Fantasy,Foch,69.0,7104,148
181474,Kimi ni,2023-06-01,MUSIC,FINISHED,1.0,2.0,,,,52,0
181471,Annibirthday,2023-06-01,MUSIC,FINISHED,1.0,2.0,,,,40,0
169823,Sayonara no Mukou ni,2023-06-01,MUSIC,FINISHED,1.0,2.0,,,,50,0
122508,Biaoren,2023-06-01,ONA,FINISHED,15.0,20.0,Action|Adventure|Drama,Colored Pencil Animation|Colored Pencil Animation Japan,73.0,17611,297
184296,Terrarium Adventure,2023-05-31,ONA,FINISHED,3.0,7.0,Fantasy,Laftel,,134,0
184295,Butagini Jugeojura,2023-05-31,ONA,FINISHED,11.0,5.0,Fantasy|Romance,Laftel,,164,0
184293,Ityeojin Hwangnyeoneun Pyeonghwaropge Salgo Sipeo,2023-05-31,ONA,FINISHED,10.0,5.0,Fantasy|Romance,Laftel,,184,1
179832,from beyond the stage,2023-05-28,MOVIE,FINISHED,1.0,4.0,,,,66,1
175688,Itsuwari no Kotowari,2023-05-28,MUSIC,FINISHED,1.0,3.0,Psychological,,66.0,749,5
175358,HOTTEST TOKYO,2023-05-28,MOVIE,FINISHED,1.0,3.0,Slice of Life,,,72,0
175289,Iseijin no Fuyu,2023-05-28,MOVIE,FINISHED,1.0,6.0,Drama|Slice of Life,,,43,0
175200,Goen to Hokori,2023-05-28,MOVIE,FINISHED,1.0,5.0,,,,62,0
175104,Mayu,2023-05-28,MOVIE,FINISHED,1.0,4.0,Drama,,52.0,216,1
175103,Spring storm,2023-05-28,MOVIE,FINISHED,1.0,4.0,,,,79,1
175057,MASTER,2023-05-28,MOVIE,FINISHED,1.0,5.0,,,,76,0
175056,spring,2023-05-28,MOVIE,FINISHED,1.0,3.0,,,,65,0
169797,Hajimari no Asa,2023-05-28,MOVIE,FINISHED,1.0,6.0,Drama,,,148,0
165680,Douluo Dalu: Shuang Shen Zhi Zhan,2023-05-27,ONA,FINISHED,3.0,30.0,Action|Fantasy,Sparkly Key Animation,79.0,1095,64
183885,Kagami no Kojou no Mae to Ato,2023-05-26,SPECIAL,FINISHED,1.0,2.0,Slice of Life,A-1 Pictures,57.0,416,3
169516,Shin Shinka no Mi Gekijou: Tokubetsu-hen,2023-05-26,SPECIAL,FINISHED,1.0,2.0,Comedy|Fantasy,,51.0,1003,18
165749,Tenchi Muyou! GXP: Paradise Shidou-hen,2023-05-26,OVA,FINISHED,6.0,30.0,Action|Comedy|Mystery|Sci-Fi,AIC|Saber Project,55.0,1125,13
162482,Nightmare x Deathscythe: Hangyaku no Resonance,2023-05-26,OVA,FINISHED,2.0,30.0,Hentai,GOLD BEAR,50.0,892,29
161970,Fushigi no Kuni no Succubus,2023-05-26,OVA,FINISHED,2.0,20.0,Fantasy|Hentai,Majin petit,54.0,1421,45
160735,Rakuen Shinshoku: Island of the dead,2023-05-26,OVA,FINISHED,2.0,20.0,Hentai,Rabbit Gate,62.0,1303,74
147622,Maid Kyouiku.: Botsuraku Kizoku Rurikawa Tsubaki - THE ANIMATION,2023-05-26,OVA,FINISHED,2.0,20.0,Hentai,Studio 1st,68.0,3239,157
134099,Shu Tian Fu Mo Lu,2023-05-26,ONA,FINISHED,16.0,,Action|Adventure|Fantasy,Big Firebird Cultural Media,51.0,646,14
114606,Amrita no Kyouen,2023-05-26,MOVIE,FINISHED,1.0,48.0,Fantasy|Horror|Mystery,,48.0,4731,43
109821,Collar×Malice: deep cover,2023-05-26,MOVIE,FINISHED,2.0,55.0,Mystery|Romance|Thriller,Studio DEEN,51.0,5893,77
168553,Monk SEISHIN,2023-05-25,MOVIE,FINISHED,1.0,3.0,Drama,,49.0,174,0
133892,Stand My Heroes: WARMTH OF MEMORIES,2023-05-24,OVA,FINISHED,1.0,59.0,Action|Drama|Mystery|Psychological,M.S.C,54.0,1033,13
165285,slash,2023-05-22,MUSIC,FINISHED,1.0,4.0,,GYORAI EIZOU|SUPER SUPER,66.0,1081,17
170087,IDOLiSH7: LIVE 4bit - BEYOND THE PERiOD DAY 2,2023-05-21,MOVIE,FINISHED,1.0,94.0,Music,Orange,73.0,783,21
161440,IDOLiSH7: LIVE 4bit - BEYOND THE PERiOD DAY 1,2023-05-20,MOVIE,FINISHED,1.0,93.0,Music,Orange,74.0,1658,33
179760,Synapusyu THE MOVIE: Pushu Hoppe Nyuu World,2023-05-19,MOVIE,FINISHED,1.0,43.0,Adventure|Fantasy,CEKAI,,97,0
163138,Yakitori,2023-05-18,ONA,FINISHED,6.0,32.0,Action|Sci-Fi,Arect,60.0,1838,21
164441,Mamekichi Mameko NEET no Nichijou 2,2023-05-17,TV_SHORT,FINISHED,39.0,2.0,Comedy|Slice of Life,Tezuka Productions,,101,0
184294,Nunchi Eobsneun Dolsoe,2023-05-16,ONA,FINISHED,6.0,5.0,Comedy,Laftel,,166,3
167644,Fuhou Shinnyuu,2023-05-15,MUSIC,FINISHED,1.0,4.0,Drama|Supernatural,,58.0,246,3
168633,"Boku wa Konya, Deteiku",2023-05-13,MUSIC,FINISHED,1.0,5.0,,,50.0,161,1
165679,Douluo Dalu: Wan Xian Geng Xin,2023-05-13,ONA,FINISHED,2.0,22.0,Action|Fantasy,Sparkly Key Animation,76.0,990,29
164875,BASTIONS,2023-05-13,ONA,FINISHED,5.0,14.0,Comedy|Music,Thymos Media,40.0,181,2
165056,VINLAND SAGA SEASON 2: Same old story,2023-05-12,ONA,FINISHED,1.0,2.0,Drama,MAPPA,71.0,8935,45
153687,PSYCHO-PASS PROVIDENCE,2023-05-12,MOVIE,FINISHED,1.0,120.0,Action|Psychological|Sci-Fi|Thriller,Production I.G,76.0,21006,252
147729,ULTRAMAN FINAL,2023-05-11,ONA,FINISHED,12.0,25.0,Action|Drama|Sci-Fi,Production I.G|Sola Digital Arts,69.0,2282,36
169370,Benghuai: Xingqiong Tiedao - Fei Guang,2023-05-10,ONA,FINISHED,1.0,5.0,Action|Fantasy|Sci-Fi,Fantasier Animation,75.0,1904,29
165647,Fudanshi Shoukan: Isekai de Shinjuu ni Hameraremashita Mini Anime 5th Season,2023-05-10,ONA,FINISHED,3.0,2.0,Comedy,AQUA ARIS,47.0,249,1
165066,Shayou (Music),2023-05-10,MUSIC,FINISHED,1.0,3.0,,,69.0,1382,26
155322,Zhenwu Dianfeng 2,2023-05-10,ONA,FINISHED,52.0,9.0,Action|Adventure|Fantasy,Ruo Hong Culture,62.0,520,21
168577,Hoshi wo Miru Hito,2023-05-07,MUSIC,FINISHED,1.0,5.0,,STEREOTYPE Inc.,,128,2
164675,Yume Juuya,2023-05-07,ONA,FINISHED,1.0,2.0,Fantasy|Supernatural,Yostar Pictures,60.0,968,24
164538,Bear Bear Bear Kuma Punch!,2023-05-03,ONA,FINISHED,5.0,1.0,Comedy|Fantasy|Slice of Life,EMT Squared,59.0,1315,10
137671,Zhe Tian,2023-05-03,ONA,RELEASING,208.0,22.0,Action|Adventure|Sci-Fi,Original Force,73.0,1978,129
206352,until i die,2023-05-01,MUSIC,FINISHED,1.0,5.0,Adventure|Drama|Sci-Fi,,,71,1
166325,Jiu Tian Xuan Di Jue 4,2023-05-01,ONA,FINISHED,52.0,,Action|Fantasy,Ruo Hong Culture,,241,4
114107,Huo Feng Liao Yuan,2023-04-29,ONA,FINISHED,16.0,,Action|Adventure|Drama,LX Animation Studio,63.0,1218,37
160701,Kokuhaku......,2023-04-28,OVA,RELEASING,,24.0,Hentai,Nur,54.0,1082,32
128643,"Yahari Ore no Seishun Love Come wa Machigatteiru. Kan: Dakara, Shishunki wa Owarazu ni, Seishun wa Tsuzuiteiku.",2023-04-27,OVA,FINISHED,1.0,24.0,Comedy|Drama|Romance|Slice of Life,feel.,77.0,45860,732
213634,Genki Genki Nontan: Kirakira Shanshan Ohoshisama☆,2023-04-26,OVA,FINISHED,1.0,29.0,Music,POLYGON PICTURES,,10,1
164353,Re: searchlight,2023-04-26,MUSIC,FINISHED,1.0,5.0,Fantasy|Sci-Fi,,56.0,237,4
164314,Seimei Ouka,2023-04-26,MUSIC,FINISHED,1.0,3.0,Psychological|Supernatural,,,157,0
143766,Choujigen Game Neptune THE ANIMATION: Hidamari no Little Purple,2023-04-26,OVA,FINISHED,1.0,25.0,Action|Comedy|Sci-Fi|Supernatural,Okuruto Noboru,66.0,1982,33
141884,Chang Jian Fengyun 2,2023-04-26,ONA,FINISHED,10.0,30.0,Action|Drama,Xuni Pictures,,122,5
156107,Nüshen You Dian Ling,2023-04-24,ONA,FINISHED,18.0,13.0,Romance|Supernatural,Visual Persistence,,339,2
166221,Qing Lian Jian Xian Zhuan,2023-04-23,ONA,FINISHED,54.0,10.0,Action|Adventure|Fantasy,Ruo Hong Culture,,260,11
141896,Zhui Xu,2023-04-23,ONA,FINISHED,12.0,28.0,Comedy|Romance|Slice of Life,Oriental Creative Color,63.0,506,10
169912,Lee Shi Zhentan Shiwusuo: Liang Xiaoshi Jiaqi,2023-04-22,ONA,FINISHED,1.0,10.0,Action,Gravity Well,56.0,419,3
166223,Yishi Du Zun,2023-04-22,ONA,FINISHED,45.0,,Adventure|Fantasy,Xing Yi Kai Chen,54.0,323,5
164197,Unmei Kyoudoutai!,2023-04-22,MUSIC,FINISHED,1.0,4.0,,,65.0,665,7
163825,Douluo Dalu: Tang Sancheng Shen,2023-04-22,ONA,FINISHED,3.0,23.0,Action|Fantasy,Sparkly Key Animation,76.0,1020,33
156083,Ta Bu Dang Nüzhu Hen Duonian,2023-04-22,ONA,FINISHED,16.0,21.0,Action,Liyu Culture,53.0,494,6
164193,Kien Romance,2023-04-21,MUSIC,FINISHED,1.0,4.0,Supernatural,,70.0,746,11
164192,Planetarium,2023-04-21,MUSIC,FINISHED,1.0,4.0,,,68.0,704,16
166050,Iya na Kao sare nagara Opantsu Misete Moraitai ver 3.0,2023-04-20,OVA,FINISHED,1.0,6.0,Ecchi,UWAN Pictures,51.0,3461,67
156111,Aishang Ta De Liyou,2023-04-20,ONA,FINISHED,22.0,13.0,Drama|Romance,Red Dog Culture House,77.0,25466,830
129246,Bu Mie Shen Wang,2023-04-20,ONA,FINISHED,19.0,,Fantasy,Djinn Power,53.0,340,15
128715,Niehime to Kemono no Ou,2023-04-20,TV,FINISHED,24.0,24.0,Drama|Fantasy|Romance,J.C.STAFF,77.0,33917,923
156078,Pi Zhe Lang Pi De Yang,2023-04-18,ONA,FINISHED,16.0,16.0,Comedy|Fantasy|Romance,Gen Long Culture,,211,1
156085,"Ququ Bucai, Zaixia Ye Guai",2023-04-16,ONA,FINISHED,12.0,19.0,Action|Adventure|Comedy|Fantasy,Kung Fu Frog Animation,63.0,4589,77
148370,Uma Musume: Pretty Derby - ROAD TO THE TOP,2023-04-16,ONA,FINISHED,4.0,25.0,Drama|Slice of Life|Sports,CygamesPictures,80.0,24063,765
161312,Tsurupeta Shugo Kishi Elfina Ochiru,2023-04-14,OVA,FINISHED,2.0,20.0,Fantasy|Hentai,Studio 9 Maiami,62.0,1657,88
158871,Pocket Monsters (2023),2023-04-14,TV,RELEASING,,24.0,Action|Adventure|Fantasy,OLM,73.0,24114,757
156841,Meitantei Conan: Kurogane no Submarine,2023-04-14,MOVIE,FINISHED,1.0,109.0,Drama|Mystery,TMS Entertainment,82.0,7041,221
153452,Ousama Ranking: Yuuki no Takarabako,2023-04-14,TV,FINISHED,10.0,23.0,Action|Adventure|Drama|Fantasy,WIT STUDIO,74.0,53808,576
131251,You Shou Yan,2023-04-14,ONA,FINISHED,12.0,6.0,Comedy|Fantasy|Slice of Life,FENZ,72.0,1213,49
181863,Denden no Dennou Densha,2023-04-13,TV_SHORT,FINISHED,12.0,5.0,Comedy,Studio HUIT,,197,0
163943,Shuumatsu no Valkyrie II Mini Anime,2023-04-13,ONA,FINISHED,18.0,3.0,Comedy|Fantasy,,54.0,766,4
163753,Wonky Monkey,2023-04-13,MUSIC,FINISHED,1.0,3.0,,,58.0,810,5
156100,Shan Hai Ji Hui,2023-04-13,ONA,FINISHED,25.0,18.0,Action|Sci-Fi,Xuni Pictures,,215,1
171728,Untarou Tabi Monogatari,2023-04-12,ONA,FINISHED,12.0,5.0,Slice of Life,Joker Films,,60,0
164117,Idol,2023-04-12,MUSIC,FINISHED,1.0,4.0,Psychological,Doga Kobo,86.0,24802,852
163417,Majutsushi Orphen Hagure Tabi: Seiiki-hen,2023-04-12,TV,FINISHED,12.0,24.0,Action|Adventure|Fantasy,Studio DEEN,60.0,3498,62
156854,THE MARGINAL SERVICE,2023-04-12,TV,FINISHED,12.0,23.0,Action|Sci-Fi,Studio 3Hz,50.0,9116,83
150672,[Oshi no Ko],2023-04-12,TV,FINISHED,11.0,24.0,Drama|Mystery|Psychological|Supernatural,Doga Kobo,84.0,326230,18716
141855,Aiyou De Mishi,2023-04-12,ONA,FINISHED,16.0,15.0,Mystery|Thriller,Lingsanwu Animation,68.0,5677,87
168565,Mellow,2023-04-11,MUSIC,FINISHED,1.0,4.0,Romance,,66.0,716,5
165525,Dianqi Shaonü,2023-04-11,ONA,FINISHED,12.0,8.0,Comedy|Slice of Life,Sheng Guang Qishi Tuan,55.0,566,6
157198,Dead Mount Death Play,2023-04-11,TV,FINISHED,12.0,24.0,Action|Fantasy|Supernatural|Thriller,GEEKTOYS,72.0,98239,1652
143653,Kimi wa Houkago Insomnia,2023-04-11,TV,FINISHED,13.0,24.0,Romance|Slice of Life,LIDENFILMS,80.0,108566,3160
151847,Kanojo ga Koushaku-tei ni Itta Riyuu,2023-04-10,TV,FINISHED,12.0,24.0,Comedy|Fantasy|Mystery|Romance,TYPHOON GRAPHICS,74.0,70872,1867
141872,Wulin Buer Zhoukan,2023-04-10,ONA,FINISHED,24.0,,Comedy|Fantasy,Wenzhou Mengbu Anime Design|Origin Chasing,,188,1
163621,Nero,2023-04-09,MUSIC,FINISHED,1.0,4.0,Horror|Psychological|Supernatural,,66.0,822,20
163619,Marujanai Shima no Shikaku na Pokémon!?,2023-04-09,ONA,FINISHED,5.0,2.0,Adventure|Fantasy,Shirogumi,55.0,689,0
158640,Sakuretsu! Amabie-hime. Season2,2023-04-09,TV_SHORT,FINISHED,12.0,4.0,Comedy,,,132,0
157765,World Dai Star,2023-04-09,TV,FINISHED,12.0,24.0,Music,Lerche,72.0,8326,143
155158,Kidou Senshi Gundam: Suisei no Majo Season 2,2023-04-09,TV,FINISHED,12.0,24.0,Action|Drama|Mecha|Sci-Fi,Sunrise,78.0,43684,1336
148098,Otonari ni Ginga,2023-04-09,TV,FINISHED,12.0,24.0,Comedy|Romance,Asahi Production,70.0,68531,1117
147369,Ao no Orchestra,2023-04-09,TV,FINISHED,24.0,24.0,Drama|Music,Nippon Animation,70.0,26508,528
145139,Kimetsu no Yaiba: Katanakaji no Sato-hen,2023-04-09,TV,FINISHED,11.0,24.0,Action|Adventure|Drama|Fantasy|Supernatural,ufotable,81.0,369425,9740
140754,Isekai Shoukan wa Nidome desu,2023-04-09,TV,FINISHED,12.0,24.0,Adventure|Comedy|Fantasy,Studio elle,55.0,66343,907
179871,Oshiri Tantei 7,2023-04-08,TV,FINISHED,8.0,20.0,Comedy|Fantasy|Mystery,Toei Animation,,86,0
169097,Mendako no Menmen,2023-04-08,ONA,FINISHED,10.0,1.0,Slice of Life,,,84,2
160442,Rokudou no Onna-tachi,2023-04-08,TV,FINISHED,12.0,24.0,Action|Comedy|Drama|Romance|Supernatural,Satelight,61.0,20564,315
160173,GUNMACHAN Season 2,2023-04-08,TV,FINISHED,13.0,24.0,Slice of Life,Ascension,,256,0
159681,"Kyou, Watashi no Monogatari ga Hashirimasu.",2023-04-08,SPECIAL,FINISHED,1.0,2.0,Slice of Life|Sports,,54.0,344,0
159452,Mao Zhi Ming 2,2023-04-08,ONA,FINISHED,11.0,8.0,Action|Comedy|Fantasy,TRCARTOON,,237,1
154412,Megami no Café Terrace,2023-04-08,TV,FINISHED,12.0,23.0,Comedy|Ecchi|Romance,Tezuka Productions,71.0,57868,1265
151801,MASHLE,2023-04-08,TV,FINISHED,12.0,24.0,Action|Comedy|Fantasy,A-1 Pictures,76.0,285745,7384
151606,BIRDIE WING: Golf Girls' Story Season 2,2023-04-08,TV,FINISHED,12.0,24.0,Drama|Sports,Bandai Namco Pictures,74.0,14285,245
150957,Edomae Elf,2023-04-08,TV,FINISHED,12.0,25.0,Comedy|Slice of Life|Supernatural,C2C,70.0,27119,464
141208,Tonikaku Kawaii Season 2,2023-04-08,TV,FINISHED,12.0,24.0,Comedy|Romance|Slice of Life,Seven Arcs,76.0,91961,1871
134226,Tabi Hani: Kyoto-hen,2023-04-08,MOVIE,FINISHED,1.0,13.0,Slice of Life,studio hb,53.0,1510,7
134131,Mahou Shoujo Magical Destroyers,2023-04-08,TV,FINISHED,12.0,24.0,Action|Comedy|Ecchi|Mahou Shoujo,Bibury Animation Studios,60.0,36457,395
155070,Kawaisugi Crisis,2023-04-07,TV,FINISHED,12.0,24.0,Comedy|Sci-Fi|Slice of Life,SynergySP,65.0,16983,184
148109,Yuusha ga Shinda!,2023-04-07,TV,FINISHED,12.0,24.0,Action|Adventure|Comedy|Ecchi|Fantasy,LIDENFILMS,63.0,58192,828
146678,Opus.COLORs,2023-04-07,TV,FINISHED,12.0,24.0,Sci-Fi,C-Station,48.0,3133,26
146234,Isekai One Turn Kill Nee-san: Ane Douhan no Isekai Seikatsu Hajimemashita,2023-04-07,TV,FINISHED,12.0,24.0,Comedy|Fantasy|Romance,Gekkou,60.0,44423,617
141865,Xiling Jiyuan,2023-04-07,ONA,FINISHED,16.0,18.0,Sci-Fi,Wawayu Animation,58.0,1996,41
137612,Princess Principal: Crown Handler - Chapter 3,2023-04-07,MOVIE,FINISHED,1.0,60.0,Action|Adventure|Mystery|Sci-Fi,Actas,77.0,7089,69
160829,Ensemble Stars!!: Tsuioku Selection - Element,2023-04-06,ONA,FINISHED,6.0,13.0,Drama|Music|Slice of Life,Dandelion Animation Studio,71.0,1808,45
154364,Mahoutsukai no Yome SEASON 2,2023-04-06,TV,FINISHED,12.0,24.0,Drama|Fantasy|Romance|Slice of Life|Supernatural,Studio Kafka,77.0,62083,1061
150075,Kono Subarashii Sekai ni Bakuen wo!,2023-04-06,TV,FINISHED,12.0,24.0,Adventure|Comedy|Fantasy,Drive,74.0,122447,2039
149028,Watashi no Yuri wa Oshigoto desu!,2023-04-06,TV,FINISHED,12.0,24.0,Comedy|Drama|Romance,Passione|Studio Lings,64.0,27002,360
148048,Kaminaki Sekai no Kamisama Katsudou,2023-04-06,TV,FINISHED,12.0,24.0,Action|Comedy|Drama|Ecchi|Fantasy,Studio Palette,65.0,85291,1548
146975,THE iDOLM@STER Cinderella Girls: U149,2023-04-06,TV,FINISHED,12.0,24.0,Comedy|Drama|Music|Slice of Life,CygamesPictures,76.0,9319,256
131518,Dr. STONE: NEW WORLD,2023-04-06,TV,FINISHED,11.0,24.0,Action|Adventure|Comedy|Sci-Fi,TMS Entertainment,81.0,200264,3889
204412,Know Your Heart,2023-04-05,MUSIC,FINISHED,1.0,3.0,,,,46,2
163446,Circle,2023-04-05,MUSIC,FINISHED,1.0,3.0,,,,126,3
154876,Tokyo Mew Mew New~♡ 2nd Season,2023-04-05,TV,FINISHED,12.0,24.0,Adventure|Comedy|Fantasy|Mahou Shoujo|Romance|Sci-Fi,Yumeta Company|Graphinica,65.0,6208,100
184290,4-ju Aein,2023-04-04,ONA,FINISHED,10.0,5.0,Romance,,63.0,1275,14
166062,Beyblade Burst QuadStrike,2023-04-04,ONA,FINISHED,26.0,22.0,Action|Adventure|Comedy|Sci-Fi|Sports,OLM,56.0,932,24
162717,YouTuNya,2023-04-04,TV_SHORT,FINISHED,15.0,2.0,Comedy|Slice of Life,Lesprit,47.0,403,4
156896,Kizuna no Allele,2023-04-04,TV,FINISHED,12.0,24.0,Music|Slice of Life,Signal.MD|WIT STUDIO,47.0,7881,67
153845,"Isekai de Cheat Skill wo Te ni Shita Ore wa, Genjitsu Sekai wo mo Musou Suru: Level Up wa Jinsei wo Kaeta",2023-04-04,TV,FINISHED,13.0,24.0,Action|Adventure|Fantasy|Romance,Millepensee,63.0,148212,3432
141911,Skip to Loafer,2023-04-04,TV,FINISHED,12.0,24.0,Comedy|Romance|Slice of Life,P.A.WORKS,81.0,131776,5522
182149,Boku wa Jinkou Eisei,2023-04-03,MUSIC,FINISHED,1.0,2.0,,,,39,0
181473,Chikyuu ga Ichimai no Ita Dattara,2023-04-03,MUSIC,FINISHED,1.0,2.0,,,,78,0
180802,Mori no Chiisana Restaurant,2023-04-03,MUSIC,FINISHED,1.0,2.0,,,,50,0
166220,Nitian Zhan Ji,2023-04-03,ONA,FINISHED,20.0,,Action|Adventure|Fantasy|Romance,Fengyun Animation,,180,3
162840,Bosanimal,2023-04-03,TV_SHORT,FINISHED,96.0,1.0,Slice of Life,soket|maroyaka,49.0,428,6
147571,Isekai wa Smartphone to Tomo ni. 2,2023-04-03,TV,FINISHED,12.0,24.0,Adventure|Comedy|Fantasy|Romance,J.C.STAFF,62.0,60744,1118
144188,Alice Gear Aegis Expansion,2023-04-03,TV,FINISHED,12.0,24.0,Mecha|Sci-Fi,Nomad,53.0,4890,61
127550,Kuma Kuma Kuma Bear Punch!,2023-04-03,TV,FINISHED,12.0,24.0,Adventure|Comedy|Fantasy|Slice of Life,EMT Squared,72.0,30763,544
168555,Bouken Tairiku Ania Kingdom,2023-04-02,TV_SHORT,FINISHED,39.0,10.0,Adventure,OLM|Infinity Vision,,102,6
168001,Go! Go! Vehicle Zoo,2023-04-02,TV_SHORT,FINISHED,26.0,3.0,Slice of Life,Signal.MD|OLM,,156,0
163256,Duel Masters WIN: Duel Wars,2023-04-02,TV,FINISHED,49.0,24.0,Action|Adventure|Comedy,Brain's Base,,459,5
159560,Tousouchuu: The Great Mission,2023-04-02,TV,FINISHED,97.0,23.0,Action|Adventure|Sci-Fi|Supernatural,,50.0,2451,39
157295,Jijou wo Shiranai Tenkousei ga Guigui Kuru.,2023-04-02,TV,FINISHED,13.0,24.0,Comedy|Romance|Slice of Life,Studio Signpost,73.0,28753,742
154965,Yamada-kun to Lv999 no Koi wo Suru,2023-04-02,TV,FINISHED,13.0,24.0,Comedy|Drama|Romance,MADHOUSE,77.0,203385,6447
154650,"Sazanami Soushi ni Shojo wo Sasagu: Saa, Jikkuri Medemashou ka",2023-04-02,ONA,FINISHED,8.0,7.0,Hentai|Romance,Studio Houkiboshi,57.0,1523,41
153332,Tensei Kizoku no Isekai Boukenroku: Jichou wo Shiranai Kamigami no Shito,2023-04-02,TV,FINISHED,12.0,24.0,Action|Comedy|Fantasy|Romance,Magic Bus|EMT Squared,66.0,84044,1938
153152,Boku no Kokoro no Yabai Yatsu,2023-04-02,TV,FINISHED,12.0,23.0,Comedy|Romance|Slice of Life,Shin-Ei Animation,81.0,158988,6906
151189,My Home Hero,2023-04-02,TV,FINISHED,12.0,24.0,Action|Drama|Psychological|Thriller,Tezuka Productions,68.0,50872,702
144932,EDENS ZERO 2nd Season,2023-04-02,TV,FINISHED,25.0,23.0,Action|Adventure|Comedy|Fantasy|Sci-Fi,J.C.STAFF,73.0,29562,506
163823,Douluo Dalu: Qi Qing Kaoyan,2023-04-01,ONA,FINISHED,3.0,20.0,Action|Fantasy,Sparkly Key Animation,75.0,1017,27
163328,Nyochio ga Yattekuru☆Yaa☆Yaa☆Yaa☆,2023-04-01,MUSIC,FINISHED,1.0,2.0,,,64.0,493,10
162312,Chibi Godzilla no Gyakushuu,2023-04-01,TV_SHORT,FINISHED,13.0,3.0,Comedy|Fantasy,Pie in the sky,61.0,671,10
155783,Tengoku Daimakyou,2023-04-01,TV,FINISHED,13.0,24.0,Adventure|Mystery|Sci-Fi|Thriller,Production I.G,81.0,211135,8107
153344,"MIX: MEISEI STORY 2ND SEASON  - Nidome no Natsu, Sora no Mukou e",2023-04-01,TV,FINISHED,24.0,24.0,Comedy|Drama|Romance|Slice of Life|Sports,OLM,69.0,3077,35
151384,Kaguya-sama wa Kokurasetai: First Kiss wa Owaranai,2023-04-01,TV,FINISHED,4.0,25.0,Comedy|Psychological|Romance|Slice of Life,A-1 Pictures,87.0,146533,4538
128893,Jigokuraku,2023-04-01,TV,FINISHED,13.0,24.0,Action|Adventure|Mystery|Supernatural,MAPPA,80.0,357859,11815
191981,Moshi Meta: Moshi Joshikousei ga Metaverse de Miko ni Nattara,2023-03-31,ONA,FINISHED,1.0,8.0,Sci-Fi,Studio elle,,111,0
184758,WANDER BURABURA BAKKAMU,2023-03-31,ONA,FINISHED,1.0,7.0,Drama|Sci-Fi,Echoes,,79,0
184757,NICO/AGONY,2023-03-31,ONA,FINISHED,1.0,10.0,Supernatural,,,78,0
176881,Tsuru ga Mau Yoru ni,2023-03-31,ONA,FINISHED,1.0,10.0,Fantasy,,50.0,177,2
170982,Friday night,2023-03-31,MUSIC,FINISHED,1.0,3.0,Slice of Life,,55.0,173,4
169826,Bakugan: Legends,2023-03-31,ONA,FINISHED,13.0,22.0,Action|Fantasy,TMS Entertainment,62.0,512,6
159097,Futei with… The Animation: Hitozuma Nanpa NTR Onsen - Ryokousaki de Nakayoku Tanetsuke Saremashita,2023-03-31,OVA,FINISHED,1.0,28.0,Hentai,Seven,60.0,1576,96
159076,Goblin no Suana,2023-03-31,OVA,FINISHED,4.0,20.0,Fantasy|Hentai,Majin petit,55.0,1849,86
157664,Ikumonogakari The Animation,2023-03-31,OVA,FINISHED,2.0,20.0,Hentai,Blue Bread,64.0,1949,94
140173,Rakudai Majo: Fuuka to Yami no Majo,2023-03-31,MOVIE,FINISHED,1.0,60.0,Adventure|Fantasy,Production I.G,59.0,2974,19
116805,Jintian Kaishi Shanyao Dengchang,2023-03-30,ONA,FINISHED,15.0,20.0,Comedy|Music|Slice of Life,ASK Animation Studio,56.0,575,13
188804,Metal Cardbot,2023-03-29,TV_SHORT,FINISHED,26.0,11.0,Action|Comedy|Mecha|Sci-Fi,SAMG Animation,,74,3
159839,NIJIYON ANIMATION: Shinsaku Animation,2023-03-29,SPECIAL,FINISHED,3.0,4.0,Comedy|Music|Slice of Life,Sunrise,66.0,1889,18
159807,Inu ni Nattara Suki na Hito ni Hirowareta. OVA,2023-03-29,OVA,FINISHED,2.0,12.0,Comedy|Ecchi|Romance|Supernatural,Quad,50.0,10412,111
204544,Heart Cocktail Colorful: Haru-hen,2023-03-28,TV_SHORT,FINISHED,5.0,5.0,Romance,,,75,1
163257,Dinner Bell,2023-03-28,MUSIC,FINISHED,1.0,3.0,,Studio Gohan,55.0,258,4
169768,Menghuan Shuyuan 8,2023-03-27,ONA,FINISHED,12.0,4.0,Comedy|Fantasy,Painting Dream,,27,0
169361,Mawangnimeun Jukgosipeo,2023-03-27,ONA,FINISHED,10.0,6.0,Romance|Supernatural,Laftel,,488,7
163203,SEVENTEEN,2023-03-27,MUSIC,FINISHED,1.0,4.0,Supernatural,Contrail,66.0,483,5
168554,Abstractions void,2023-03-24,MUSIC,FINISHED,1.0,5.0,Music,,49.0,135,3
166217,Bai Lian Feisheng Lu,2023-03-24,ONA,FINISHED,60.0,11.0,Action|Adventure|Fantasy,Soyep,54.0,313,10
163339,Kurae! Telepathy,2023-03-24,MUSIC,FINISHED,1.0,5.0,Romance,,66.0,1117,18
159730,COLORs,2023-03-24,ONA,FINISHED,1.0,3.0,Music|Romance,WIT STUDIO,73.0,6110,117
142684,GRIDMAN UNIVERSE,2023-03-24,MOVIE,FINISHED,1.0,118.0,Action|Mecha|Romance|Sci-Fi,TRIGGER,81.0,19739,649
128344,Argonavis AXIA,2023-03-24,MOVIE,FINISHED,1.0,64.0,Music,SANZIGEN,54.0,1656,16
159728,Detarame na Sekai no Melodrama,2023-03-23,ONA,FINISHED,1.0,4.0,Music,TOHO animation STUDIO,60.0,1203,12
162982,Michizure,2023-03-22,MUSIC,FINISHED,1.0,3.0,,,67.0,593,4
162981,BLUE GURASU,2023-03-22,MUSIC,FINISHED,1.0,4.0,,,59.0,234,3
159727,Neko to Wakai se na,2023-03-22,ONA,FINISHED,1.0,5.0,Drama|Music,,53.0,979,4
162778,Umi no Manimani,2023-03-21,MUSIC,FINISHED,1.0,5.0,Psychological|Supernatural,KIKO,67.0,659,14
162716,Puchi Cool Doji Danshi no Hito Koma,2023-03-21,ONA,FINISHED,2.0,12.0,Comedy|Slice of Life,AQUA ARIS,53.0,1338,8
159726,Himitsu no Hana no Niwa,2023-03-21,ONA,FINISHED,1.0,7.0,Drama|Music|Supernatural,,66.0,1132,10
157553,Yomawari Neko,2023-03-21,TV_SHORT,FINISHED,15.0,5.0,Drama|Slice of Life,Shogakukan Music & Digital Entertainment,,316,0
206853,Sinbi Apateu: Ghost Ball ZERO,2023-03-20,TV,FINISHED,11.0,24.0,Fantasy,Studio BAZOOKA,,44,1
166059,Ao no Orchestra 5-bu de Tanoshii Kurashikku,2023-03-20,TV_SHORT,FINISHED,19.0,5.0,Comedy|Music,,,183,2
162960,667-tsuu no Love Letter,2023-03-20,ONA,FINISHED,1.0,2.0,Romance,,52.0,381,2
161958,Nezumikozou Jirokichi,2023-03-20,MOVIE,FINISHED,1.0,25.0,,Studio M2,55.0,447,4
159731,Tentai Kansoku,2023-03-20,ONA,FINISHED,1.0,5.0,Music|Slice of Life,FLAT STUDIO,66.0,1784,12
152889,Xianwu Zhuan,2023-03-19,ONA,FINISHED,26.0,18.0,Action|Adventure|Fantasy|Romance,Xiaoming Taiji,66.0,943,46
186198,Oshiri Tantei: Cosmic Front,2023-03-18,SPECIAL,FINISHED,2.0,25.0,Comedy|Fantasy|Mystery,Toei Animation,,56,0
161505,Fuyu no Okurimono,2023-03-18,ONA,FINISHED,1.0,13.0,Drama|Slice of Life|Supernatural,WIT STUDIO,63.0,1303,8
166053,Akebi-chan 100 man-bu,2023-03-17,ONA,FINISHED,1.0,1.0,,,52.0,370,5
169446,INTERNET YAMERO,2023-03-16,MUSIC,FINISHED,1.0,4.0,Psychological,,73.0,1131,39
166052,Otaku-chans,2023-03-16,ONA,FINISHED,80.0,1.0,Comedy,,,130,1
166284,Yi Nian Yongheng: Ni Zhan Pian,2023-03-15,ONA,FINISHED,15.0,19.0,Action|Comedy|Fantasy,B.CMAY PICTURES,78.0,959,39
165607,Kyoufuu All Back,2023-03-15,MUSIC,FINISHED,1.0,2.0,Music,,66.0,794,14
162882,P.E.T.,2023-03-15,MUSIC,FINISHED,1.0,3.0,Psychological,,62.0,496,12
190325,Charisma Picnic,2023-03-14,MUSIC,FINISHED,1.0,4.0,Comedy,,,112,0
168560,Kkomimanyeo Rara Season 1,2023-03-13,TV_SHORT,FINISHED,13.0,11.0,Adventure|Drama|Mahou Shoujo,Anyzac,,80,1
166060,Meitantei Conan: Keisatsu Gakkou-hen - Wild Police Story CASE. Furuya Rei,2023-03-11,SPECIAL,FINISHED,1.0,25.0,Adventure|Comedy|Mystery|Psychological,TMS Entertainment,64.0,728,3
169542,Shitasaki kara Koi,2023-03-10,ONA,FINISHED,3.0,1.0,Comedy|Romance,AQUA ARIS,50.0,451,4
169163,Ratpark,2023-03-10,MUSIC,FINISHED,1.0,4.0,,,54.0,152,1
166038,Elena Evoy Gwanchal Ilji,2023-03-10,ONA,FINISHED,12.0,5.0,Fantasy|Romance,Laftel,,403,4
163821,Douluo Dalu: Haishen Chuancheng,2023-03-10,ONA,FINISHED,3.0,23.0,Action|Fantasy,Sparkly Key Animation,75.0,1019,27
158991,SSSS.DYNAZENON Movie,2023-03-10,MOVIE,FINISHED,1.0,121.0,Action|Mecha|Sci-Fi,TRIGGER,63.0,2840,31
162547,MANNEQUIN,2023-03-09,MUSIC,FINISHED,1.0,3.0,Fantasy,OTOIRO,60.0,360,2
160088,Yoru wa Neko to Issho Season 2,2023-03-08,ONA,FINISHED,30.0,3.0,Comedy|Slice of Life,Studio PuYUKAI,71.0,2215,33
155399,EVANGELION:3.0 (-46h),2023-03-08,OVA,FINISHED,1.0,11.0,Action|Mecha|Sci-Fi,Studio Khara,73.0,10725,167
172423,Koshaberi Biyori,2023-03-07,MUSIC,FINISHED,1.0,4.0,Romance,,59.0,446,7
165559,MagidesKAI: Mahou Shoujo Magical Destroyers PV,2023-03-07,ONA,FINISHED,1.0,2.0,Action|Mahou Shoujo,Project Studio Q,55.0,670,4
162529,"Kizutsukedo, Aishiteru.",2023-03-04,MUSIC,FINISHED,1.0,3.0,Psychological,,70.0,1761,31
146984,Shingeki no Kyojin: The Final Season - Kanketsu-hen Zenpen,2023-03-04,SPECIAL,FINISHED,1.0,61.0,Action|Drama|Fantasy|Mystery|Psychological,MAPPA,87.0,247513,7001
157919,Class de Otoko wa Boku Hitori!?: Kawaii Anoko-tachi ni Kakomarete,2023-03-03,OVA,FINISHED,1.0,16.0,Hentai,T-REX,69.0,3027,150
152964,Bonyuu-chan wa Dashitai.,2023-03-03,OVA,FINISHED,4.0,17.0,Hentai,T-REX,69.0,2421,142
151896,Doraemon: Nobita to Sora no Utopia,2023-03-03,MOVIE,FINISHED,1.0,107.0,Adventure|Comedy|Sci-Fi,Shin-Ei Animation,74.0,2032,35
146914,Hua Jianghu: Buliang Ren 6,2023-03-02,ONA,FINISHED,12.0,,Adventure|Drama|Romance,Rocen,62.0,248,18
169824,Tong Meng Zhi Lu,2023-02-28,ONA,FINISHED,1.0,12.0,Action|Adventure|Fantasy,,52.0,265,0
166041,Magwi,2023-02-28,ONA,FINISHED,10.0,,Drama|Fantasy|Romance,Laftel,,160,1
137639,Kyouki Sanmyaku: Naked Peak - Pilot Film,2023-02-28,SPECIAL,FINISHED,1.0,5.0,Adventure|Sports,STEREOTYPE Inc.|G-angle,64.0,1332,12
165526,Dan Dao Zongshi,2023-02-27,ONA,FINISHED,40.0,8.0,Action|Fantasy,,52.0,363,8
161981,Bokurano (Music),2023-02-24,MUSIC,FINISHED,1.0,4.0,Action|Fantasy,Folium,71.0,1735,21
160982,Yishu Xueyuan,2023-02-24,MOVIE,FINISHED,1.0,118.0,Comedy|Drama,,,331,2
157631,Majo wa Kekkyoku Sono Kyaku to... The Animation,2023-02-24,OVA,FINISHED,2.0,25.0,Fantasy|Hentai,Studio 1st,66.0,2152,87
161913,Atashi wa Mondaisaku,2023-02-20,MUSIC,FINISHED,1.0,3.0,,,72.0,829,40
165524,Lian Qi Shiwan Nian,2023-02-18,ONA,RELEASING,420.0,10.0,Action|Adventure|Fantasy,Soyep,63.0,1093,55
207488,Ninjin wa Matte Kurenai,2023-02-17,MOVIE,FINISHED,1.0,8.0,,,,60,1
163818,Douluo Dalu: Jilang Zhi Zhan,2023-02-17,ONA,FINISHED,3.0,16.0,Action|Fantasy,Sparkly Key Animation,75.0,1006,25
162923,Koumi-jima: Shuu 7 de Umeru Mesu-tachi,2023-02-17,ONA,FINISHED,2.0,16.0,Hentai,Seven,61.0,2093,121
161632,KUROMI'S PRETTY JOURNEY,2023-02-17,ONA,FINISHED,21.0,2.0,Adventure|Comedy,Qzil.la|IMAGICA DIGITALSCAPE,63.0,2032,17
153553,Aoharu Snatch,2023-02-17,OVA,FINISHED,2.0,21.0,Hentai,Studio 9 Maiami,55.0,1235,43
152122,Hirano to Kagiura,2023-02-17,SPECIAL,FINISHED,1.0,9.0,Comedy|Romance|Slice of Life,Studio DEEN,76.0,10604,163
146743,Sasaki to Miyano: Sotsugyou-hen,2023-02-17,MOVIE,FINISHED,1.0,60.0,Comedy|Romance|Slice of Life,Studio DEEN,82.0,25477,597
140499,BLUE GIANT,2023-02-17,MOVIE,FINISHED,1.0,120.0,Drama|Music,NUT,83.0,24767,802
154983,Aggressive Retsuko Season 5,2023-02-16,ONA,FINISHED,10.0,20.0,Comedy|Music|Slice of Life,Fanworks,73.0,11741,129
161923,VINLAND SAGA SEASON 2: Drowning in the Shadow,2023-02-14,ONA,FINISHED,1.0,3.0,Action|Drama|Psychological,MAPPA,75.0,12828,94
161581,Hitoribocchi Sangyou Kakumei,2023-02-14,MUSIC,FINISHED,1.0,4.0,,,,157,1
166040,No More Prince,2023-02-13,ONA,FINISHED,3.0,4.0,Drama|Fantasy|Romance,Laftel,,121,0
184761,"Ryan's World Anime ""Nangoku Daibouken""",2023-02-11,ONA,FINISHED,4.0,8.0,Adventure|Comedy,Graphinica,,37,0
184292,Uri Veranda-eseo Mannayo,2023-02-10,ONA,FINISHED,10.0,4.0,Romance,Laftel,,72,0
161363,Inochi Karagara,2023-02-10,MUSIC,FINISHED,1.0,4.0,,,50.0,173,7
159599,Fanren Xiu Xian Zhuan: Fanren Feng Qi Tian Nan Chongzhi Ban,2023-02-05,ONA,FINISHED,21.0,18.0,Action|Adventure|Fantasy|Romance,Original Force|Wonder Cat Animation,69.0,856,31
157883,Hirogaru Sky! Precure,2023-02-05,TV,FINISHED,50.0,24.0,Action|Fantasy|Mahou Shoujo,Toei Animation,74.0,7366,255
159569,Fate/Grand Order: Fujimaru Ritsuka wa Wakaranai,2023-02-04,TV_SHORT,FINISHED,33.0,2.0,Comedy,DLE,68.0,2685,32
160963,SHOCK!,2023-02-03,MUSIC,FINISHED,1.0,3.0,Fantasy,,66.0,1183,24
152556,Imouto wa GAL Kawaii,2023-02-03,OVA,FINISHED,2.0,15.0,Comedy|Hentai,NewGeneration,64.0,3453,146
135429,MAKE MY DAY,2023-02-02,ONA,FINISHED,8.0,25.0,Horror|Sci-Fi|Thriller,5 Inc.,52.0,2714,15
131485,Zuoshou Shanglan,2023-02-02,ONA,FINISHED,8.0,21.0,Sports,Heart & Soul Animation,68.0,5658,93
181470,Poplar no Dengon,2023-02-01,MUSIC,FINISHED,1.0,2.0,,,,39,0
165866,Sewing Love,2023-02-01,MOVIE,FINISHED,1.0,9.0,,,55.0,205,1
160962,Telepath,2023-02-01,MUSIC,FINISHED,1.0,5.0,Psychological,GAINAX Kyoto,61.0,536,9
160902,Ibrahim 3 Shuunen Kinen Animation,2023-02-01,ONA,FINISHED,1.0,3.0,Action|Slice of Life,,57.0,289,7
159751,Liang Bu Yi 2 Part 2,2023-02-01,ONA,FINISHED,12.0,10.0,Comedy|Romance,Paper Plane Animation Studio,75.0,1011,31
160865,Inu to Shounen,2023-01-31,ONA,FINISHED,1.0,4.0,Adventure|Sci-Fi,WIT STUDIO|Production I.G|Netflix Anime Creators' Base,46.0,1544,8
214263,Coffee Kousou,2023-01-30,ONA,FINISHED,1.0,2.0,,GYORAI EIZOU,,350,6
141876,Li Linke De Xiao Guaner 2,2023-01-30,ONA,FINISHED,10.0,15.0,Slice of Life,Delight Animation,,179,0
161468,Tsuki ni Hoeru (2023),2023-01-29,MUSIC,FINISHED,1.0,4.0,Fantasy,,51.0,207,2
169911,Lee Shi Zhentan Shiwusuo: Once Upon a Time in Lungmen,2023-01-27,ONA,FINISHED,1.0,5.0,,Gravity Well,51.0,364,2
163797,Douluo Dalu: Shenhai Mojing,2023-01-27,ONA,FINISHED,3.0,16.0,Action|Fantasy,Sparkly Key Animation,75.0,1011,25
162881,Mosh Race,2023-01-27,MUSIC,FINISHED,1.0,3.0,,,58.0,433,8
160830,Space Idol,2023-01-27,ONA,FINISHED,6.0,5.0,Sci-Fi|Slice of Life,Kenji Studio|REGARO,,277,0
160728,RUDE LOSE DANCE,2023-01-27,MUSIC,FINISHED,1.0,4.0,,,66.0,696,11
156162,Yari Agari,2023-01-27,OVA,FINISHED,2.0,25.0,Hentai,Nur,57.0,1233,48
156161,Otogibanashi no Onigokko,2023-01-27,OVA,FINISHED,2.0,17.0,Fantasy|Hentai,Majin petit,54.0,1802,70
156017,3Piece THE ANIMATION,2023-01-27,OVA,FINISHED,1.0,25.0,Hentai,Studio 1st,65.0,3255,141
154924,Lupin III VS Cat's Eye,2023-01-27,ONA,FINISHED,1.0,92.0,Action|Adventure|Comedy|Mystery,TMS Entertainment,65.0,2711,21
151300,Kin no Kuni Mizu no Kuni,2023-01-27,MOVIE,FINISHED,1.0,117.0,Adventure|Fantasy|Romance,MADHOUSE,72.0,7106,70
208209,ANTIHERO,2023-01-26,MUSIC,FINISHED,1.0,3.0,Drama|Psychological,,,71,1
138056,Shuumatsu no Valkyrie II,2023-01-26,ONA,FINISHED,10.0,24.0,Action|Drama|Fantasy|Supernatural,Graphinica|Yumeta Company,75.0,62388,1157
161445,Darling (Music),2023-01-25,MUSIC,FINISHED,1.0,2.0,Psychological,,63.0,312,9
165929,Mirage Code,2023-01-24,MUSIC,FINISHED,1.0,3.0,Music,,,85,2
160382,Bing Zhu Qi Hun Part 2,2023-01-24,ONA,FINISHED,12.0,,Action|Fantasy,Hua Dream,,192,3
137641,Jiuzhou Piaomiao Lu,2023-01-24,ONA,FINISHED,13.0,,Action|Drama|Fantasy,BYMENT,,266,6
137685,Wo Jian Qile Yi Di Shuxing,2023-01-23,ONA,FINISHED,16.0,,Action|Adventure|Fantasy,Foch,54.0,472,18
162613,CASE 143 -Japanese ver.-,2023-01-22,MUSIC,FINISHED,1.0,4.0,Comedy,,57.0,189,3
126289,Shenhai,2023-01-22,MOVIE,FINISHED,1.0,112.0,Adventure|Fantasy,October Media,70.0,1417,41
159497,Huangjin Tingyuan: Dong Ri Li De Xinnian Yuanwang,2023-01-20,ONA,FINISHED,2.0,15.0,Comedy|Slice of Life,HuaMei Animation,74.0,1539,63
158990,SSSS.GRIDMAN Movie,2023-01-20,MOVIE,FINISHED,1.0,118.0,Action|Mecha|Sci-Fi,TRIGGER,66.0,3258,37
156053,Kuroko no Basket: Zero Step,2023-01-20,MUSIC,FINISHED,1.0,5.0,Sports,Production I.G,67.0,1614,19
155738,Aikatsu! 10th STORY: Mirai e no STARWAY (2023),2023-01-20,MOVIE,FINISHED,1.0,72.0,Music,Bandai Namco Pictures,78.0,1315,39
143201,Soukyuu no Fafner: BEHIND THE LINE,2023-01-20,MOVIE,FINISHED,1.0,53.0,Drama|Mecha|Sci-Fi,Production I.G,64.0,1452,13
160547,Billimillion,2023-01-19,MUSIC,FINISHED,1.0,4.0,,,51.0,148,0
150653,Itou Junji: Maniac,2023-01-19,ONA,FINISHED,12.0,24.0,Drama|Horror|Mystery|Psychological|Supernatural|Thriller,Studio DEEN,66.0,27720,478
129238,Shixiong A Shixiong,2023-01-19,ONA,FINISHED,13.0,20.0,Action|Adventure|Fantasy|Romance,Sparkly Key Animation,71.0,1087,48
160836,Watashi no Hashtag ga Haenakute.,2023-01-18,ONA,FINISHED,1.0,3.0,Sci-Fi,Bandai Namco Filmworks,55.0,1256,2
159494,Fei Ren Zai 2 Part 2,2023-01-18,ONA,FINISHED,12.0,,Comedy|Slice of Life|Supernatural,FENZ,,173,0
159490,Wu Liuqi: Anying Suming,2023-01-18,ONA,FINISHED,10.0,15.0,Action|Comedy|Drama|Mystery|Supernatural,Sharefun Studio,82.0,16041,444
155068,Majutsushi Orphen Hagure Tabi: Urbanrama-hen,2023-01-18,TV,FINISHED,12.0,24.0,Action|Adventure|Fantasy,Studio DEEN,60.0,5657,89
138612,Xi Xing Ji: Anying Mo Cheng,2023-01-18,MOVIE,FINISHED,1.0,,Action|Adventure|Fantasy,BYMENT,,178,2
160789,Never Fear,2023-01-17,MUSIC,FINISHED,1.0,4.0,,,64.0,509,15
160147,Wo Shi Xuexiao Weiyi De Renlei,2023-01-17,ONA,FINISHED,52.0,,Comedy,MMT,,80,1
156059,HIDARI (Pilot Film),2023-01-17,ONA,FINISHED,1.0,5.0,Action,dwarf,69.0,942,14
155997,FLAGLIA: Natsuyasumi No Monogatari,2023-01-17,TV_SHORT,FINISHED,6.0,13.0,Drama,Gaina,41.0,1327,8
187592,Xiao Ling Mofa Shijie Xiaoyuan Qixiang Qu,2023-01-16,TV_SHORT,FINISHED,25.0,5.0,Adventure|Fantasy|Mahou Shoujo,Lingke Culture,,52,1
164205,Day By Day,2023-01-16,MUSIC,FINISHED,1.0,2.0,,ARCUS,54.0,330,1
147133,Jian Yu Chuanqi 2,2023-01-15,ONA,FINISHED,52.0,10.0,Action|Adventure|Fantasy,Ruo Hong Culture,58.0,473,19
199796,Samishii Anata,2023-01-14,TV_SHORT,FINISHED,12.0,5.0,Horror,,,97,0
159582,Yao Shen Ji 7,2023-01-14,ONA,FINISHED,52.0,,Action|Adventure|Fantasy|Romance,Ruo Hong Culture,71.0,953,29
155839,Shen Lan Qi Yu Wushuang Zhu 2,2023-01-14,ONA,FINISHED,15.0,,Action|Fantasy,CG Year,66.0,377,22
146954,Shin Shinka no Mi: Shiranai Uchi ni Kachigumi Jinsei,2023-01-14,TV,FINISHED,12.0,24.0,Action|Comedy|Fantasy|Romance,Hotline,54.0,43851,677
139213,Cardfight!! Vanguard: will+Dress Season 2,2023-01-14,TV,FINISHED,12.0,24.0,Action|Adventure,Kinema Citrus|Studio JEMI|Gift-o’-Animation,63.0,2174,30
125869,Hikari no Ou,2023-01-14,TV,FINISHED,10.0,24.0,Action|Adventure|Drama|Fantasy|Mystery,Signal.MD,61.0,19841,106
161442,Float Play,2023-01-13,MUSIC,FINISHED,1.0,4.0,,,63.0,349,8
160448,Tirori Mix,2023-01-13,MUSIC,FINISHED,1.0,4.0,Sci-Fi,,58.0,488,5
169830,Yinhe Zhi Xin Fan Wai Pian: Yi Bian,2023-01-12,ONA,FINISHED,1.0,8.0,Action|Sci-Fi,,,40,0
144144,Ooyukiumi no Kaina,2023-01-12,TV,FINISHED,11.0,23.0,Drama|Fantasy|Sci-Fi,POLYGON PICTURES,64.0,19995,306
137308,Toutotsu ni Egypt Shin 2,2023-01-11,TV_SHORT,FINISHED,10.0,5.0,Comedy|Fantasy|Slice of Life|Supernatural,TYPHOON GRAPHICS,63.0,1519,12
116867,Itai no wa Iya nano de Bougyoryoku ni Kyokufuri Shitai to Omoimasu. 2,2023-01-11,TV,FINISHED,12.0,24.0,Action|Adventure|Comedy|Fantasy|Slice of Life,SILVER LINK.,71.0,87882,1524
156067,Tondemo Skill de Isekai Hourou Meshi,2023-01-10,TV,FINISHED,12.0,24.0,Adventure|Comedy|Fantasy,MAPPA,76.0,118265,3623
148969,Kubo-san wa Mob wo Yurusanai,2023-01-10,TV,FINISHED,12.0,24.0,Comedy|Romance|Slice of Life,PINE JAM,74.0,94988,2371
142849,Ayakashi Triangle,2023-01-10,TV,FINISHED,12.0,24.0,Action|Comedy|Ecchi|Romance|Supernatural,CONNECT,61.0,32922,435
142193,"Eiyuu-ou, Bu wo Kiwameru Tame Tenseisu: Soshite, Sekai Saikyou no Minarai Kishi♀",2023-01-10,TV,FINISHED,12.0,24.0,Action|Adventure|Comedy|Fantasy,Studio Comet,65.0,61230,984
141785,Mononogatari,2023-01-10,TV,FINISHED,12.0,24.0,Action|Supernatural,Bandai Namco Pictures,69.0,26709,413
136430,VINLAND SAGA SEASON 2,2023-01-10,TV,FINISHED,24.0,26.0,Action|Adventure|Drama,MAPPA,88.0,272185,15309
155291,KJ File 2nd Season,2023-01-09,TV_SHORT,FINISHED,13.0,4.0,Action|Sci-Fi,yell|ILCA,46.0,568,6
142914,Kyuuketsuki Sugu Shinu 2,2023-01-09,TV,FINISHED,12.0,24.0,Comedy|Supernatural,MADHOUSE,74.0,12230,207
136435,Mou Ippon!,2023-01-09,TV,FINISHED,13.0,24.0,Slice of Life|Sports,BAKKEN RECORD,68.0,10394,122
135778,HIGH CARD,2023-01-09,TV,FINISHED,12.0,24.0,Action|Fantasy,Studio Hibari,71.0,51197,769
126529,Kyokou Suiri Season 2,2023-01-09,TV,FINISHED,12.0,25.0,Comedy|Mystery|Romance|Supernatural,Brain's Base,73.0,58048,745
162526,Egao no Hanataba,2023-01-08,MUSIC,FINISHED,1.0,3.0,,,60.0,487,12
162285,Tsunlise Mini,2023-01-08,ONA,FINISHED,12.0,1.0,Fantasy,,49.0,383,4
160054,"Ijiranaide, Nagatoro-san 2nd Attack Mini Anime",2023-01-08,ONA,FINISHED,12.0,2.0,Comedy|Romance|Slice of Life,AQUA ARIS,57.0,1991,31
152765,Rougo ni Sonaete Isekai de 8-manmai no Kinka wo Tamemasu,2023-01-08,TV,FINISHED,12.0,23.0,Comedy|Fantasy|Slice of Life,Felix Film,68.0,42394,707
151679,Nokemono-tachi no Yoru,2023-01-08,TV,FINISHED,13.0,24.0,Drama|Fantasy|Romance,Ashi Productions,63.0,17518,243
147216,D4DJ All Mix,2023-01-08,TV,FINISHED,12.0,24.0,Music|Slice of Life,SANZIGEN,74.0,7541,175
145665,NieR:Automata Ver1.1a,2023-01-08,TV,FINISHED,12.0,24.0,Action|Drama|Fantasy|Mystery|Psychological|Sci-Fi,A-1 Pictures,73.0,120326,2605
144553,Saikyou Onmyouji no Isekai Tenseiki,2023-01-08,TV,FINISHED,13.0,24.0,Action|Adventure|Fantasy|Romance|Supernatural,Studio Blanc,70.0,98380,2080
144092,"Benriya Saitou-san, Isekai ni Iku",2023-01-08,TV,FINISHED,12.0,24.0,Adventure|Comedy|Fantasy|Slice of Life,C2C,72.0,74838,1635
142853,Tokyo Revengers: Seiya Kessen-hen,2023-01-08,TV,FINISHED,13.0,24.0,Action|Drama|Romance|Supernatural,LIDENFILMS,75.0,141936,2838
140596,"Ijiranaide, Nagatoro-san 2nd Attack",2023-01-08,TV,FINISHED,12.0,24.0,Comedy|Romance|Slice of Life,OLM,73.0,101773,1715
135102,Kamitachi ni Hirowareta Otoko 2,2023-01-08,TV,FINISHED,12.0,24.0,Adventure|Fantasy|Slice of Life,Maho Film,68.0,45693,885
130588,"Maou Gakuin no Futekigousha: Shijou Saikyou no Maou no Shiso, Tensei shite Shison-tachi no Gakkou e Kayou II",2023-01-08,TV,FINISHED,12.0,24.0,Action|Fantasy,SILVER LINK.,68.0,136843,2313
169910,"Yowai 5000-nen no Soushoku Dragon, Iwarenaki Jaryuu Nintei: Chokotto",2023-01-07,ONA,FINISHED,12.0,2.0,Comedy|Fantasy,Starry Cube,,187,0
155907,Buddy Daddies,2023-01-07,TV,FINISHED,12.0,24.0,Action|Comedy|Drama|Slice of Life,P.A.WORKS,80.0,126785,4433
155089,Ars no Kyojuu,2023-01-07,TV,FINISHED,12.0,24.0,Fantasy,Asahi Production,58.0,17719,140
154969,UniteUp!,2023-01-07,TV,FINISHED,12.0,24.0,Music|Slice of Life,CloverWorks,67.0,4991,68
152523,Kaiko sareta Ankoku Heishi (30-dai) no Slow na Second Life,2023-01-07,TV,FINISHED,12.0,24.0,Fantasy|Romance|Slice of Life,Encourage Films,68.0,64957,1192
151040,TRIGUN STAMPEDE,2023-01-07,TV,FINISHED,12.0,24.0,Action|Drama|Sci-Fi,Orange,77.0,87434,2740
143338,Otonari no Tenshi-sama ni Itsunomanika Dame Ningen ni Sareteita Ken,2023-01-07,TV,FINISHED,12.0,24.0,Romance|Slice of Life,project No.9,78.0,170617,7124
143064,Tsundere Akuyaku Reijou Liselotte to Jikkyou no Endou-kun to Kaisetsu no Kobayashi-san,2023-01-07,TV,FINISHED,12.0,25.0,Comedy|Fantasy|Romance,Tezuka Productions,70.0,37877,706
196245,Xi Yangyang Yu Hui Tailang: Yong Chuang Siji Cheng,2023-01-06,TV_SHORT,FINISHED,60.0,15.0,Action|Comedy,,,25,1
163784,Douluo Dalu: Tianshi Jianglin,2023-01-06,ONA,FINISHED,3.0,17.0,Action|Fantasy,Sparkly Key Animation,75.0,1013,24
159869,Wei Jiang,2023-01-06,ONA,FINISHED,26.0,,Action|Fantasy,Elite Animation,,94,3
158997,Meitantei Conan: Haibara Ai Monogatari - Kurogane no Mystery Train,2023-01-06,MOVIE,FINISHED,1.0,90.0,Mystery,TMS Entertainment,72.0,2058,20
154785,NIJIYON ANIMATION,2023-01-06,TV_SHORT,FINISHED,12.0,4.0,Comedy|Music|Slice of Life,Sunrise,68.0,5894,67
148116,Hyouken no Majutsushi ga Sekai wo Suberu,2023-01-06,TV,FINISHED,12.0,24.0,Action|Adventure|Fantasy,CLOUDHEARTS,63.0,78501,1412
146850,Isekai Nonbiri Nouka,2023-01-06,TV,FINISHED,12.0,24.0,Fantasy|Slice of Life,Zero-G,74.0,110848,3529
146346,Inu ni Nattara Suki na Hito ni Hirowareta.,2023-01-06,TV_SHORT,FINISHED,12.0,12.0,Comedy|Ecchi|Romance|Supernatural,Quad,46.0,46636,588
141880,Wo Jia Da Shixiong Youdian Kaopu,2023-01-06,ONA,FINISHED,13.0,15.0,Action|Adventure|Comedy,Unity of Knowledge and Action Animation,54.0,718,6
139821,Sugar Apple Fairy Tale,2023-01-06,TV,FINISHED,12.0,23.0,Adventure|Fantasy|Romance,J.C.STAFF,73.0,54035,1336
130696,The Legend of Heroes: Sen no Kiseki - Northern War,2023-01-06,TV,FINISHED,12.0,24.0,Action|Adventure|Fantasy,Tatsunoko Production,52.0,16096,200
155211,Dungeon ni Deai wo Motomeru no wa Machigatteiru Darou ka IV: Shin Shou Yakusai-hen,2023-01-05,TV,FINISHED,11.0,24.0,Action|Adventure|Comedy|Fantasy|Romance,J.C.STAFF,82.0,97832,2986
155202,REVENGER,2023-01-05,TV,FINISHED,12.0,24.0,Action,Ajiado,65.0,34399,382
153841,Tsurune: Tsunagari no Issha,2023-01-05,TV,FINISHED,13.0,24.0,Drama|Slice of Life|Sports,Kyoto Animation,81.0,19816,505
151806,Tomo-chan wa Onnanoko!,2023-01-05,TV,FINISHED,13.0,24.0,Comedy|Romance|Slice of Life,Lay-duce,76.0,174396,4402
147864,Onii-chan wa Oshimai!,2023-01-05,TV,FINISHED,12.0,24.0,Comedy|Ecchi|Slice of Life,Studio Bind,75.0,73555,3053
146323,Spy Kyoushitsu,2023-01-05,TV,FINISHED,12.0,26.0,Action|Comedy|Drama|Mystery,feel.,61.0,65965,825
141062,TECHNOROID: OVERMIND,2023-01-05,TV,FINISHED,12.0,24.0,Music|Sci-Fi,Doga Kobo,59.0,6453,82
153629,Tensei Oujo to Tensai Reijou no Mahou Kakumei,2023-01-04,TV,FINISHED,12.0,24.0,Fantasy|Romance,diomedéa,76.0,89383,2940
141249,Bungou Stray Dogs 4th Season,2023-01-04,TV,FINISHED,13.0,24.0,Action|Comedy|Mystery|Supernatural,bones,84.0,108910,3017
159690,Kaiko sareta Ankoku Heishi (30-dai) no Slow na Second Life SD Mini Anime,2023-01-03,ONA,FINISHED,13.0,2.0,Comedy|Fantasy,,53.0,833,4
151252,Koori Zokusei Danshi to Cool na Douryou Joshi,2023-01-03,TV,FINISHED,12.0,24.0,Comedy|Romance|Slice of Life|Supernatural,Zero-G|Liber,72.0,94815,1911
147511,Wu Geng Ji 4 Part 2,2023-01-03,ONA,FINISHED,18.0,,Action|Fantasy|Supernatural,Sparkly Key Animation,59.0,333,17
137909,Ningen Fushin no Boukensha-tachi ga Sekai wo Sukuu you desu,2023-01-03,ONA,FINISHED,12.0,24.0,Action|Adventure|Fantasy,GEEKTOYS,62.0,68621,923
156091,Guan Miao Shenmeshi,2023-01-02,ONA,FINISHED,13.0,4.0,Comedy|Slice of Life,Space Shell,53.0,366,4
154982,Gokushufudou Season 2,2023-01-01,ONA,FINISHED,5.0,18.0,Comedy|Slice of Life,J.C.STAFF,75.0,38420,428
153492,Sanguo Yanyi 3,2023-01-01,ONA,FINISHED,26.0,,Action|Drama,Yinhe Changxing Culture,,71,1
141895,Zhongguo Qitan,2023-01-01,ONA,FINISHED,8.0,15.0,Fantasy,Shanghai Animation Film Studio,58.0,645,4
212092,Tamagoyaki no Asa,,MOVIE,FINISHED,1.0,3.0,,,,74,1
205287,Vision,,MOVIE,FINISHED,1.0,7.0,,,,42,1
185747,Mugen ∞ 15-byou Animation,,MOVIE,FINISHED,1.0,15.0,,,,33,0
183886,Kimerarenai Hito,,MOVIE,FINISHED,1.0,4.0,,,,81,2
177222,The One for Me,,MOVIE,FINISHED,1.0,3.0,,,,52,0
177221,Tomoya!,,MOVIE,FINISHED,1.0,5.0,Psychological,,,48,0
176880,Ensoku Datta Hi,,MOVIE,FINISHED,1.0,5.0,,,,42,0
169384,Fate/Grand Order: Fujimaru Ritsuka wa Wakaranai - Nenmatsu Special,2022-12-31,SPECIAL,FINISHED,1.0,7.0,Comedy,DLE,63.0,1109,7
160236,VSPO! Shin Logo Animation PV,2022-12-31,SPECIAL,FINISHED,1.0,1.0,Action,Studio Bind,57.0,225,3
159687,for Victory!,2022-12-31,MUSIC,FINISHED,1.0,2.0,Slice of Life,PINE JAM,53.0,241,2
134097,Chi Yan Jinyiwei,2022-12-31,ONA,FINISHED,24.0,,Action|Fantasy,CHOSEN|BETOBE,,283,9
166251,Xi You Ji: 72 Bian,2022-12-30,MOVIE,FINISHED,1.0,90.0,Action|Adventure|Comedy|Fantasy,G.S. Pictures Animation,,40,0
161927,Pole Princess!!: Pole Dance Show Movie,2022-12-28,MUSIC,FINISHED,7.0,3.0,Sports,Tatsunoko Production,58.0,440,3
159453,Fangyu Quan Kai,2022-12-28,ONA,FINISHED,60.0,,Action|Adventure|Fantasy,Soyep,,227,10
159406,Betsu Sekai,2022-12-28,MUSIC,FINISHED,1.0,4.0,Psychological|Romance,,63.0,746,10
159110,Fight Song,2022-12-28,MUSIC,FINISHED,1.0,5.0,Action|Supernatural,,78.0,3774,116
154887,Isekai Kita node Sukebe Skill de Zenryoku Ouka Shiyou to Omou THE ANIMATION,2022-12-27,OVA,RELEASING,,18.0,Comedy|Fantasy|Hentai,Shion,68.0,3284,180
180785,Machiawase,2022-12-26,SPECIAL,FINISHED,3.0,1.0,,,,62,1
168808,Kemonokko Tsuushin: The Animation - Nekomusume Nia,2022-12-26,ONA,FINISHED,1.0,17.0,Hentai,,62.0,1276,53
162802,Saikyou Onmyouji Mini,2022-12-26,ONA,FINISHED,18.0,2.0,Comedy|Fantasy,,48.0,852,9
153494,Xingchen Bian: An Xing Jie Pian,2022-12-26,ONA,FINISHED,28.0,,Action|Adventure|Fantasy|Romance,Foch,70.0,940,50
162284,Kobayashi-san no Tsundere Kouza,2022-12-23,ONA,FINISHED,3.0,2.0,Comedy,,49.0,579,4
160089,Shinmai Renkinjutsushi no Tenpo Keiei Mini Anime: Onsen,2022-12-23,SPECIAL,FINISHED,2.0,1.0,Comedy|Fantasy,ENGI,52.0,1047,16
159109,Shirayuki,2022-12-23,MUSIC,FINISHED,1.0,6.0,,CloverWorks,74.0,1818,50
158923,Futari-bun no Shoumei,2022-12-23,ONA,FINISHED,1.0,5.0,Drama,FLAT STUDIO,73.0,3742,83
158869,Pocket Monsters: Haruka Naru Aoi Sora,2022-12-23,SPECIAL,FINISHED,1.0,25.0,Adventure|Fantasy|Supernatural,OLM,71.0,3250,33
157693,Pole Princess!!,2022-12-23,ONA,FINISHED,8.0,6.0,Music|Slice of Life|Sports,Tatsunoko Production,51.0,2860,13
155221,Cang Lan Jue Part 2,2022-12-23,ONA,FINISHED,12.0,,Comedy|Fantasy|Romance,GARDEN,67.0,983,22
155170,Mama Katsu,2022-12-23,OVA,FINISHED,4.0,23.0,Hentai,Nur,64.0,1868,96
155169,Roshutsu-Kei Mahou Joshi Daisei Christhea,2022-12-23,OVA,FINISHED,2.0,17.0,Hentai|Mahou Shoujo,Majin petit,53.0,964,29
145739,Kagami no Kojou,2022-12-23,MOVIE,FINISHED,1.0,116.0,Drama|Fantasy|Mystery,A-1 Pictures,74.0,18689,307
140665,Lee Shi Zhentan Shiwusuo,2022-12-23,ONA,FINISHED,6.0,10.0,Action|Comedy,Gravity Well,63.0,2153,29
159107,saikai,2022-12-21,MUSIC,FINISHED,1.0,5.0,,,60.0,415,7
158914,1000-mankai Hug Nanda,2022-12-21,MUSIC,FINISHED,1.0,3.0,Slice of Life,CloverWorks,55.0,411,2
170074,Transparent Blue,2022-12-20,MUSIC,FINISHED,1.0,3.0,Slice of Life,,,66,0
141352,Nanatsu no Taizai: Ensa no Edinburgh - Zenpen,2022-12-20,ONA,FINISHED,1.0,52.0,Action|Adventure|Comedy|Fantasy,Marvy Jack|Alfred Imageworks,61.0,15166,163
158983,Slimetachi no Idobata Kaigi 2,2022-12-19,ONA,FINISHED,14.0,1.0,Comedy|Fantasy,AQUA ARIS,49.0,797,6
163783,Douluo Dalu: Senlin Shou Ying,2022-12-17,ONA,FINISHED,2.0,17.0,Action|Fantasy,Sparkly Key Animation,75.0,1032,28
158480,Jintian Shao Zhu Bu Zaijia,2022-12-17,ONA,FINISHED,7.0,6.0,Comedy|Fantasy,,,43,0
158925,STORYWRITER,2022-12-16,MUSIC,FINISHED,1.0,4.0,Psychological,maxilla|SIGNIF,57.0,455,7
155925,LUPIN ZERO,2022-12-16,ONA,FINISHED,6.0,24.0,Action|Adventure|Comedy,Telecom Animation Film,73.0,5930,88
187775,Alchemy Stars: 1.5 Shuunen Kinen Douga,2022-12-15,ONA,FINISHED,1.0,2.0,Fantasy,WIT STUDIO,,160,2
158829,Kira Killer,2022-12-15,MUSIC,FINISHED,1.0,4.0,,,65.0,602,6
214947,Sinbi Apateu Geukjangpan Chawondokkaebiwa 7-gaeui Segye,2022-12-14,MOVIE,FINISHED,1.0,103.0,Fantasy|Supernatural,STUDIO EEK|Red Dog Culture House,,15,1
155220,Shaonian Bai Ma Zui Chun Feng Part 2,2022-12-14,ONA,FINISHED,10.0,,Action|Fantasy,CG Year,,169,5
145440,ETERNITY,2022-12-10,MOVIE,FINISHED,1.0,21.0,,Mirai Film,46.0,1748,6
114123,San Ti,2022-12-10,ONA,FINISHED,15.0,,Drama|Mystery|Sci-Fi|Thriller,YHKT Entertainment,54.0,671,13
169794,Kaiketsu Zorori: Lalala♪ Star Tanjou,2022-12-09,MOVIE,FINISHED,1.0,70.0,Adventure|Comedy|Fantasy,Ajiado,,110,0
165645,Fudanshi Shoukan: Isekai de Shinjuu ni Hameraremashita Mini Anime 4th Season,2022-12-09,ONA,FINISHED,3.0,2.0,Comedy,AQUA ARIS,47.0,201,0
142298,Yi Ren Zhi Xia 5,2022-12-09,ONA,FINISHED,12.0,,Action|Drama|Mystery|Psychological|Supernatural,Qiyuan Yinghua,66.0,3163,43
142136,Showtime! 2: Uta no Onee-san datte Shitai,2022-12-09,ONA,FINISHED,8.0,7.0,Hentai|Romance,Rabbit Gate,66.0,2612,75
158539,Oemojisangjuui,2022-12-08,ONA,FINISHED,8.0,24.0,Action|Comedy|Drama|Supernatural,Studio Mir,72.0,49582,1131
153431,Onna no Sono no Hoshi,2022-12-08,OVA,FINISHED,1.0,20.0,Comedy|Slice of Life,Lapin Track,62.0,1871,16
150117,Boku to Roboco,2022-12-05,TV_SHORT,FINISHED,28.0,3.0,Comedy|Slice of Life,Studio Gallop,63.0,3964,42
180803,Tanoshii ne (2022),2022-12-04,MUSIC,FINISHED,1.0,2.0,,Koo-Ki,,38,0
166049,Kiyoneko,2022-12-04,ONA,FINISHED,10.0,13.0,Comedy,,,182,1
158230,Iiwake Bunny,2022-12-03,MUSIC,FINISHED,1.0,4.0,Comedy|Romance,OTOIRO,60.0,468,4
155325,Bing Huo Mo Chu 2,2022-12-03,ONA,FINISHED,104.0,15.0,Action|Fantasy,Joicy Studio,63.0,715,31
128207,THE FIRST SLAM DUNK,2022-12-03,MOVIE,FINISHED,1.0,124.0,Sports,Toei Animation|Dandelion Animation Studio,87.0,32044,1691
158222,Doku Ringo,2022-12-02,MUSIC,FINISHED,1.0,2.0,Fantasy,OTOIRO,57.0,251,1
139376,Joshikousei to Mahou no Note,2022-12-01,ONA,FINISHED,1.0,40.0,,Noovo Inc.,,472,2
169029,Chiisana Yume,,MUSIC,FINISHED,1.0,2.0,,,,69,0
162726,UniteUp! Mini Drama,2022-11-30,ONA,FINISHED,4.0,8.0,Comedy,,,116,0
184291,Neurin Jangma,2022-11-26,ONA,FINISHED,10.0,4.0,Drama|Romance,Laftel,,70,0
158218,Alche Miss Katrina,2022-11-26,MUSIC,FINISHED,1.0,3.0,,,52.0,210,1
121514,Dali Si Rizhi 2,2022-11-26,ONA,FINISHED,12.0,,Action|Comedy|Fantasy,Nice Boat Animation,59.0,578,17
154076,Mesudachi The Animation,2022-11-25,OVA,FINISHED,2.0,18.0,Hentai,Blue Bread,67.0,2921,143
151632,Isekai Meikyuu de Harem wo OVA,2022-11-25,OVA,FINISHED,2.0,5.0,Drama|Ecchi|Fantasy|Romance,Passione,64.0,11254,212
141864,Wuxian Shijie,2022-11-25,ONA,FINISHED,16.0,19.0,Action|Horror|Supernatural,Wonder Cat Animation|He Zhou Culture,57.0,482,11
139498,Tensei Shitara Slime Datta Ken: Guren no Kizuna-hen,2022-11-25,MOVIE,FINISHED,1.0,108.0,Action|Adventure|Comedy|Fantasy,8-bit,77.0,104545,2006
157181,Wan Jie Zhizun,2022-11-24,ONA,FINISHED,50.0,,Action|Adventure|Fantasy,Ruo Hong Culture,53.0,326,8
141893,Yuan Long 3,2022-11-24,ONA,FINISHED,16.0,,Action|Fantasy,CG Year,54.0,591,24
153496,Yi Nian Yongheng: Hezong Pian,2022-11-23,ONA,FINISHED,16.0,19.0,Action|Comedy|Fantasy,B.CMAY PICTURES,78.0,1244,57
157653,beautiful day dreamer,2022-11-22,ONA,FINISHED,1.0,10.0,Slice of Life|Sports,Yostar Pictures,68.0,2805,38
157650,Kageiro Mai,2022-11-22,MUSIC,FINISHED,1.0,4.0,,,66.0,592,5
141212,Tonikaku Kawaii: Seifuku,2022-11-22,SPECIAL,FINISHED,1.0,22.0,Comedy|Romance|Slice of Life,Seven Arcs,77.0,41728,634
165931,Niehime to Kemono no Ou Mini Anime,2022-11-21,ONA,FINISHED,44.0,1.0,Comedy|Fantasy,,49.0,375,5
157127,Douluo Dalu: Zhan Gu Zan Yie,2022-11-19,ONA,FINISHED,4.0,22.0,Action|Fantasy,Sparkly Key Animation,76.0,1139,49
157425,Protector,2022-11-18,SPECIAL,FINISHED,1.0,1.0,Action,ENISHIYA,57.0,667,2
157349,Dainouteki na Rendezvous,2022-11-16,MUSIC,FINISHED,1.0,2.0,Supernatural,Qzil.la,66.0,2478,41
114842,Kidou Senshi Gundam: Tekketsu no Orphans - Urdr Hunt,2022-11-15,ONA,FINISHED,24.0,4.0,Action|Mecha|Sci-Fi,Sunrise Beyond,54.0,3552,24
166046,Alssongdalssong Catch! Tiniping,2022-11-14,TV_SHORT,FINISHED,26.0,11.0,Comedy|Drama|Fantasy|Mahou Shoujo,,,140,5
205873,"Ryan's World Anime ""Hokkyoku Daibouken""",2022-11-13,ONA,FINISHED,3.0,8.0,Adventure|Comedy,Graphinica,,20,1
157347,Suki da,2022-11-13,MUSIC,FINISHED,1.0,4.0,Psychological|Romance,Kenji Studio|GYORAI EIZOU|REGARO|Aquastar,63.0,487,3
157062,Zen: Grogu to Makkuro-Kurosuke,2022-11-12,ONA,FINISHED,1.0,3.0,Sci-Fi,Studio Ghibli,58.0,3424,22
166058,"Big Mac® to, Susume!",2022-11-11,SPECIAL,FINISHED,1.0,1.0,Adventure|Fantasy,CoMix Wave,66.0,2723,16
159454,Tom to Jerry Gokko,2022-11-11,TV_SHORT,RELEASING,,1.0,Comedy,Fanworks|Studio Nanahoshi,62.0,1028,9
157331,GOOD LUCKER,2022-11-11,MUSIC,FINISHED,1.0,5.0,Action,FLAT STUDIO,60.0,399,1
142770,Suzume no Tojimari,2022-11-11,MOVIE,FINISHED,1.0,121.0,Adventure|Fantasy|Mystery|Supernatural,CoMix Wave,81.0,199121,6748
153499,Shen Yin Wangzuo 2,2022-11-10,ONA,FINISHED,130.0,21.0,Action|Adventure|Fantasy,Shenman Entertainment,79.0,2182,176
157173,In the Back Room,2022-11-09,MUSIC,FINISHED,1.0,3.0,,,68.0,2183,26
156759,Seishun Kippu,2022-11-08,MUSIC,FINISHED,1.0,4.0,,,64.0,655,13
156809,Jouzai,2022-11-07,MUSIC,FINISHED,1.0,3.0,Drama|Romance|Slice of Life,,63.0,2073,23
157058,Sword Art Online: FULLDIVE - Opening Eizou,2022-11-06,SPECIAL,FINISHED,1.0,2.0,,A-1 Pictures,66.0,3242,44
175787,Hi-DRIVERS!,2022-11-05,MUSIC,FINISHED,1.0,3.0,Music,,57.0,283,3
155328,Wo Zai Xianjie Zheng Jifen,2022-11-05,ONA,FINISHED,40.0,10.0,Action|Fantasy,,53.0,524,11
157419,BBOONG-UH CAFE X DOGGIE CORGI,2022-11-04,ONA,FINISHED,16.0,5.0,Slice of Life,Studio Goindol,,60,0
157287,Shin Shinka no Mi Gekijou,2022-11-04,ONA,FINISHED,15.0,2.0,Comedy,,50.0,1059,14
153346,Succubus Yondara Haha ga Kita!?,2022-11-04,OVA,FINISHED,2.0,20.0,Hentai,T-REX,73.0,5120,319
150950,Bai Lian Cheng Shen,2022-11-04,ONA,FINISHED,52.0,15.0,Action|Adventure|Fantasy,Qingxiang,68.0,1694,70
21294,KanColle: Itsuka Ano Umi de,2022-11-04,TV,FINISHED,8.0,24.0,Action|Sci-Fi,ENGI,59.0,14958,150
156189,Jing Cui Xian Zun Part 2,2022-11-02,ONA,FINISHED,10.0,10.0,Fantasy,Soyep,,115,3
126389,Xue Yu Xin,2022-11-02,ONA,FINISHED,12.0,18.0,Drama,Unity of Knowledge and Action Animation,57.0,634,15
169767,Menghuan Shuyuan Zhi Guojia Anquan Pian,2022-11-01,ONA,FINISHED,4.0,3.0,Comedy|Fantasy,Painting Dream,,30,0
156750,Momen no Handkerchief,2022-11-01,MUSIC,FINISHED,1.0,4.0,Romance,,,114,1
170058,Through the glass,2022-10-31,MUSIC,FINISHED,1.0,4.0,Fantasy,,,57,0
156153,Halloween Pajama,2022-10-31,MOVIE,FINISHED,1.0,8.0,Action|Music,,53.0,576,5
155327,Jiu Tian Xuan Di Jue 3,2022-10-31,ONA,FINISHED,52.0,10.0,Action|Fantasy,Ruo Hong Culture,52.0,342,10
155193,Ruguo Lishi Shi Yi Qun Miao 9,2022-10-30,ONA,FINISHED,12.0,7.0,Comedy,Fatchi Moxie Studio,,63,0
140660,Arknights: Reimei Zensou,2022-10-29,TV,FINISHED,8.0,24.0,Action|Fantasy,Yostar Pictures,70.0,45444,937
154979,Kame no Koura wa Abarabone,2022-10-28,MOVIE,FINISHED,1.0,67.0,Slice of Life,,43.0,600,1
152881,Eroriman 2,2022-10-28,OVA,FINISHED,2.0,24.0,Hentai,PoRO petit,59.0,1151,29
151018,Tsuma Netori 3: Kairaku ni Ochita Injiru Kyoushi-tachi,2022-10-28,OVA,FINISHED,1.0,30.0,Hentai,TEATRO Nishi Tokyo Studio,55.0,1157,40
145069,Raikou Shinki Igis Magia: PANDRA saga 3rd ignition - The Animation,2022-10-28,OVA,FINISHED,2.0,20.0,Fantasy|Hentai,BREAKBOTTLE,50.0,1094,26
155093,Douluo Dalu: Tang Men Jueding,2022-10-27,ONA,FINISHED,4.0,21.0,Action|Fantasy,Sparkly Key Animation,76.0,1168,37
154937,Zhege Nianji Huan Neng Dang Daxia Ma,2022-10-27,ONA,FINISHED,10.0,7.0,Comedy|Slice of Life,Painting Dream,,107,0
153930,Romantic Killer,2022-10-27,ONA,FINISHED,12.0,26.0,Comedy|Romance,domerica,78.0,106964,3555
156008,Clay,2022-10-26,MUSIC,FINISHED,1.0,4.0,Psychological,,52.0,195,1
156001,Kage-Jitsu!,2022-10-26,ONA,FINISHED,17.0,2.0,Comedy|Fantasy,Studio PuYUKAI,69.0,8286,113
153791,Made in Abyss: Retsujitsu no Ougonkyou - Papa to Issho,2022-10-26,SPECIAL,FINISHED,1.0,7.0,Fantasy|Slice of Life,Kinema Citrus,70.0,6832,62
151067,Jongtama PONG☆ Special,2022-10-26,SPECIAL,FINISHED,1.0,2.0,Comedy,Scooter Films,54.0,836,3
141877,Liang Bu Yi 2,2022-10-26,ONA,FINISHED,12.0,10.0,Comedy|Romance,Paper Plane Animation Studio,75.0,1696,40
139806,Choujigen Game Neptune THE ANIMATION: Nepu Nepu Darake no Festival,2022-10-26,OVA,FINISHED,1.0,27.0,Action|Comedy|Sci-Fi|Supernatural,Okuruto Noboru,64.0,2035,41
126390,Yinhe Zhi Xin,2022-10-25,ONA,FINISHED,12.0,20.0,Action|Sci-Fi,CHOSEN,51.0,396,3
158643,I Love Me Part 2,2022-10-23,TV_SHORT,FINISHED,5.0,10.0,Slice of Life,ODDJOB,,87,0
156065,Running In The Dark,2022-10-23,MUSIC,FINISHED,1.0,2.0,,,71.0,952,27
155200,Shouhu Lian Meng ROY6: Senlin Li De Minini,2022-10-23,ONA,FINISHED,16.0,3.0,Slice of Life,,,44,0
138565,Fumetsu no Anata e Season 2,2022-10-23,TV,FINISHED,20.0,25.0,Adventure|Drama|Fantasy|Psychological|Supernatural,Drive,80.0,105655,2090
157294,"Eiyuu-ou, Bu wo Kiwameru Tame Tenseisu Mini Anime",2022-10-22,ONA,FINISHED,24.0,2.0,Comedy|Fantasy,,48.0,641,7
155912,Shin Tantakatantantantanmen,2022-10-22,MUSIC,FINISHED,1.0,4.0,,,,136,0
155195,Fatchi Baike 7,2022-10-22,ONA,FINISHED,12.0,6.0,Comedy,Fatchi Moxie Studio,,31,0
140999,Sword Art Online: Progressive - Kuraki Yuuyami no Scherzo,2022-10-22,MOVIE,FINISHED,1.0,100.0,Action|Adventure|Fantasy|Romance,A-1 Pictures,76.0,60656,1017
168564,ROLY POLY PEOPLES,2022-10-21,ONA,FINISHED,30.0,3.0,Comedy,Lesprit,,91,0
146489,Bokura no Yoake,2022-10-21,MOVIE,FINISHED,1.0,120.0,Drama|Sci-Fi,Zero-G,56.0,4040,15
155884,Zanki,2022-10-20,MUSIC,FINISHED,1.0,4.0,Action|Supernatural,,68.0,2863,45
175347,Onitsuka Tiger x Urusei Yatsura to Collaboration Anime,2022-10-19,ONA,FINISHED,1.0,1.0,Comedy|Romance|Sci-Fi|Supernatural,david production,59.0,743,3
155843,THE POLiCY,2022-10-19,MUSIC,FINISHED,1.0,3.0,,TROYCA,63.0,501,6
155723,Wushen Zhuzai: Da Wei Pian,2022-10-16,ONA,RELEASING,448.0,7.0,Action|Fantasy,Ruo Hong Culture,66.0,584,46
148401,Umayuru,2022-10-16,ONA,FINISHED,24.0,3.0,Comedy|Slice of Life,Scooter Films,71.0,4636,48
146962,4-nin wa Sorezore Uso wo Tsuku,2022-10-16,TV,FINISHED,11.0,23.0,Comedy|Sci-Fi|Slice of Life|Supernatural,Studio Flad,68.0,14789,160
155692,Plantopia,2022-10-15,MUSIC,FINISHED,1.0,4.0,Action|Fantasy,OUTLINE,65.0,671,7
172844,Guardy Girls,2022-10-14,MOVIE,FINISHED,1.0,79.0,Action,Kachidoki Studio,,166,0
143277,Urusei Yatsura (2022),2022-10-14,TV,FINISHED,23.0,23.0,Comedy|Romance|Sci-Fi|Supernatural,david production,72.0,74398,1322
126425,Watashi ni Tenshi ga Maiorita!: Precious Friends,2022-10-14,MOVIE,FINISHED,1.0,67.0,Comedy|Slice of Life,Doga Kobo,74.0,10876,112
152207,Aru Asa Dummy Head Mic ni Natteita Ore-kun no Jinsei,2022-10-13,TV_SHORT,FINISHED,12.0,4.0,Comedy|Slice of Life,EKACHI EPILKA|INDIVISION,46.0,7848,51
135660,exception,2022-10-13,ONA,FINISHED,8.0,29.0,Horror|Sci-Fi|Thriller,Tatsunoko Production|5 Inc.|BAKKEN RECORD,57.0,4097,30
155767,Donna Monja TV,2022-10-12,ONA,FINISHED,2.0,4.0,,Ijigen TOKYO,56.0,1181,5
146676,Renai Flops,2022-10-12,TV,FINISHED,12.0,24.0,Comedy|Drama|Ecchi|Romance|Sci-Fi,Passione,65.0,62950,1297
127230,Chainsaw Man,2022-10-12,TV,FINISHED,12.0,25.0,Action|Drama|Horror|Supernatural,MAPPA,83.0,625828,35885
147885,Cool Doji Danshi,2022-10-11,TV_SHORT,FINISHED,24.0,11.0,Comedy|Slice of Life,Studio Pierrot,78.0,39990,1237
146438,Eikyuu Shounen: Eternal Boys,2022-10-11,TV_SHORT,FINISHED,24.0,13.0,Music|Slice of Life,LIDENFILMS,61.0,4215,39
116674,BLEACH: Sennen Kessen-hen,2022-10-11,TV,FINISHED,13.0,24.0,Action|Adventure|Supernatural,Studio Pierrot,88.0,203895,11796
155626,Yukueshirezu,2022-10-10,MUSIC,FINISHED,1.0,3.0,Psychological|Supernatural,,65.0,653,16
141400,Peter Grill to Kenja no Jikan: Super Extra,2022-10-10,TV_SHORT,FINISHED,12.0,12.0,Comedy|Ecchi|Fantasy,Seven|WolfsBane,57.0,21205,301
193812,Azur Lane: 5 Shuunen Kinen Anime PV,2022-10-09,SPECIAL,FINISHED,1.0,2.0,,studio CANDY BOX|Yostar Pictures,,153,0
142481,Yowamushi Pedal: LIMIT BREAK,2022-10-09,TV,FINISHED,25.0,25.0,Comedy|Drama|Sports,TMS Entertainment,73.0,8450,141
141949,"Fuufu Ijou, Koibito Miman.",2022-10-09,TV,FINISHED,12.0,24.0,Comedy|Drama|Ecchi|Romance,studio MOTHER,76.0,163104,6010
137822,Blue Lock,2022-10-09,TV,FINISHED,24.0,25.0,Action|Drama|Sports,8-bit,80.0,322181,13134
130003,Bocchi the Rock!,2022-10-09,TV,FINISHED,12.0,24.0,Comedy|Music|Slice of Life,CloverWorks,87.0,262793,28090
155909,Kurage,2022-10-08,MUSIC,FINISHED,1.0,3.0,,,,119,0
150188,PUI PUI Molcar: DRIVING SCHOOL,2022-10-08,TV_SHORT,FINISHED,12.0,3.0,Comedy,UchuPeople,71.0,3462,50
139092,Mairimashita! Iruma-kun 3,2022-10-08,TV,FINISHED,21.0,25.0,Comedy|Fantasy|Supernatural,Bandai Namco Pictures,78.0,73147,1765
136150,Seiken Densetsu: Legend of Mana - The Teardrop Crystal,2022-10-08,TV,FINISHED,12.0,24.0,Adventure|Fantasy,Graphinica,51.0,7450,92
155634,Kumo wo Kou,2022-10-07,MUSIC,FINISHED,1.0,3.0,Romance,,62.0,697,10
155222,Wanmei Shijie 3,2022-10-07,ONA,FINISHED,52.0,,Action|Adventure|Fantasy,Foch,74.0,981,81
152292,Boku ni Sefure ga Dekita Riyuu,2022-10-07,OVA,FINISHED,6.0,16.0,Hentai,T-REX,69.0,3293,185
151803,TIGER & BUNNY 2 Part 2,2022-10-07,ONA,FINISHED,12.0,24.0,Action|Comedy|Drama,Bandai Namco Pictures,74.0,4314,65
151379,Akiba Meido Sensou,2022-10-07,TV,FINISHED,12.0,24.0,Action|Comedy|Drama,P.A.WORKS,74.0,71723,1784
142541,Megaton-kyuu Musashi Season 2,2022-10-07,TV,FINISHED,15.0,25.0,Mecha|Sci-Fi,OLM,64.0,1871,42
141870,Lian Qi Lianle 3000 Nian,2022-10-07,ONA,FINISHED,16.0,19.0,Action|Fantasy,Foch,62.0,1931,29
139311,Kimi wo Aishita Hitori no Boku e,2022-10-07,MOVIE,FINISHED,1.0,98.0,Romance|Sci-Fi,TMS Entertainment,73.0,54318,949
139310,Boku ga Aishita Subete no Kimi e,2022-10-07,MOVIE,FINISHED,1.0,102.0,Romance|Sci-Fi,BAKKEN RECORD,74.0,57615,946
135515,Reiwa no Di Gi Charat,2022-10-07,TV_SHORT,FINISHED,16.0,4.0,Comedy,LIDENFILMS,57.0,2438,15
168559,Sylvanian Families: Freya no Happy Diary,2022-10-06,TV_SHORT,FINISHED,12.0,11.0,Slice of Life,LandQ studios,,130,1
144533,Mushikaburi-hime,2022-10-06,TV,FINISHED,12.0,24.0,Drama|Romance,MADHOUSE,67.0,29672,526
142985,Muv-Luv Alternative 2nd Season,2022-10-06,TV,FINISHED,12.0,23.0,Action|Drama|Mecha|Sci-Fi,FLAGSHIP LINE|Graphinica|Yumeta Company,63.0,6505,90
141861,Changye Kaituozhe,2022-10-06,ONA,FINISHED,16.0,15.0,Adventure|Fantasy|Sci-Fi,CG Year,57.0,444,16
140439,Mob Psycho 100 III,2022-10-06,TV,FINISHED,12.0,24.0,Action|Comedy|Drama|Psychological|Slice of Life|Supernatural,bones,87.0,262086,11967
131516,Do It Yourself!!,2022-10-06,TV,FINISHED,12.0,24.0,Slice of Life,PINE JAM,74.0,48732,958
158570,Obake Zukan!,2022-10-05,TV_SHORT,FINISHED,13.0,3.0,Comedy|Fantasy|Supernatural,Fanworks,,132,0
155775,Afuregu!: Aufregendes leben,2022-10-05,MUSIC,FINISHED,1.0,2.0,Drama|Slice of Life,Kinema Citrus,61.0,600,4
155391,KONKON Beats,2022-10-05,MUSIC,FINISHED,1.0,3.0,,,63.0,621,5
155196,Xiaolan He Ta De Pengyou,2022-10-05,ONA,FINISHED,13.0,3.0,Comedy|Slice of Life,Xiaolan Friends,,45,0
154545,Human Bug Daigaku,2022-10-05,TV,FINISHED,12.0,24.0,Comedy|Mystery|Psychological|Thriller,DLE,61.0,3842,42
146233,Futoku no Guild,2022-10-05,TV,FINISHED,12.0,24.0,Action|Comedy|Ecchi|Fantasy,TNK,63.0,40622,777
131182,Yama no Susume: Next Summit,2022-10-05,TV,FINISHED,12.0,24.0,Adventure|Comedy|Slice of Life,8-bit,77.0,10554,228
130298,Kage no Jitsuryokusha ni Naritakute!,2022-10-05,TV,FINISHED,20.0,24.0,Action|Comedy|Fantasy,Nexus,81.0,310429,16558
145604,Shinobi no Ittoki,2022-10-04,TV,FINISHED,12.0,24.0,Action,TROYCA,58.0,60508,730
140005,Meitantei Conan: Hannin no Hanzawa-san,2022-10-04,TV_SHORT,FINISHED,12.0,10.0,Comedy|Mystery,TMS Entertainment,69.0,5734,71
137704,Xing Yu Siwan Nian,2022-10-04,ONA,FINISHED,16.0,17.0,Action|Fantasy|Sci-Fi,DC Impression Vision,69.0,926,43
125910,VAZZROCK THE ANIMATION,2022-10-04,TV,FINISHED,13.0,24.0,Music,PRA,44.0,2279,21
155348,ROAD OF NARUTO,2022-10-03,SPECIAL,FINISHED,1.0,10.0,Action|Adventure|Drama|Fantasy|Supernatural,Studio Pierrot,82.0,20708,374
154828,Fengzi Wuyu: Xian Luo Pian,2022-10-03,ONA,FINISHED,20.0,16.0,Action|Adventure|Fantasy,Star Hunter Animation,,150,5
154672,Mamekichi Mameko NEET no Nichijou,2022-10-03,TV_SHORT,FINISHED,48.0,2.0,Comedy|Slice of Life,Tezuka Productions,,414,4
142343,Golden Kamuy 4th Season,2022-10-03,TV,FINISHED,13.0,24.0,Action|Adventure|Comedy,Brain's Base,81.0,36346,633
139369,Shinmai Renkinjutsushi no Tenpo Keiei,2022-10-03,TV,FINISHED,12.0,24.0,Fantasy|Slice of Life,ENGI,65.0,28271,341
137642,Juedai Shuang Jiao,2022-10-03,ONA,FINISHED,18.0,,,BYMENT,56.0,375,10
204618,Koikeya SDGs Gekijou Suss to Tina Season 3,2022-10-02,TV_SHORT,FINISHED,13.0,3.0,Action|Comedy,,,21,1
182150,Chiisana Uta,2022-10-02,MUSIC,FINISHED,1.0,2.0,,,,35,0
162271,Shukufuku,2022-10-02,MUSIC,FINISHED,1.0,3.0,Mecha|Sci-Fi,CALF|Sunrise,76.0,1946,40
155526,Punirunes,2022-10-02,TV_SHORT,FINISHED,25.0,13.0,Slice of Life,OLM,49.0,408,4
155345,Kao ni Denai Kashiwada-san to Kao ni Deru Oota-kun CM,2022-10-02,SPECIAL,FINISHED,1.0,1.0,Comedy|Slice of Life,Seven Arcs,58.0,769,14
155276,WONDER LiGHT,2022-10-02,MUSIC,FINISHED,1.0,4.0,,Kamikaze Douga,63.0,457,6
155011,Berserk: Ougon Jidai-hen - MEMORIAL EDITION,2022-10-02,TV,FINISHED,13.0,26.0,Action|Adventure|Drama|Fantasy|Horror|Supernatural,Studio 4°C,77.0,18866,459
146475,C Danchi,2022-10-02,TV,FINISHED,4.0,25.0,Horror|Supernatural,Akatsuki,50.0,12324,106
143086,Poputepipikku 2,2022-10-02,TV,FINISHED,12.0,24.0,Comedy,Space Neko Company|Kamikaze Douga,74.0,17832,246
139274,Kidou Senshi Gundam: Suisei no Majo,2022-10-02,TV,FINISHED,12.0,24.0,Action|Drama|Mecha|Sci-Fi,Sunrise,78.0,73063,2480
128890,IDOLiSH7: Third BEAT! Part 2,2022-10-02,TV,FINISHED,17.0,24.0,Drama|Music|Psychological,TROYCA,83.0,5392,268
210071,Leichte Chousaroku,2022-10-01,ONA,FINISHED,1.0,5.0,Action|Sci-Fi,studioDOT,,96,2
158669,Psycho,2022-10-01,MUSIC,FINISHED,1.0,5.0,Psychological,,61.0,360,4
150695,"Yuusha Party wo Tsuihou Sareta Beast Tamer, Saikyoushu no Nekomimi Shoujo to Deau",2022-10-01,TV,FINISHED,13.0,24.0,Adventure|Fantasy,EMT Squared,68.0,77498,1773
145815,Noumin Kanren no Skill Bakka Agetetara Naze ka Tsuyoku Natta.,2022-10-01,TV,FINISHED,12.0,24.0,Adventure|Comedy|Fantasy|Slice of Life,studio A-CAT,57.0,55845,914
142838,SPY×FAMILY Part 2,2022-10-01,TV,FINISHED,13.0,24.0,Action|Comedy|Slice of Life|Supernatural,WIT STUDIO|CloverWorks,81.0,326759,7127
142701,Koukyuu no Karasu,2022-10-01,TV,FINISHED,13.0,24.0,Drama|Fantasy|Mystery|Supernatural,Bandai Namco Pictures,73.0,44889,922
139630,Boku no Hero Academia 6,2022-10-01,TV,FINISHED,25.0,24.0,Action|Adventure,bones,82.0,267334,6652
124395,Uzaki-chan wa Asobitai! ω,2022-10-01,TV,FINISHED,13.0,24.0,Comedy|Ecchi|Romance|Slice of Life,ENGI,71.0,68943,1129
159680,Katsuren Omorosoushi,2022-09-30,ONA,FINISHED,2.0,8.0,,,44.0,179,0
155496,Shinmai Renkinjutsushi no Tenpo Keiei Mini Anime,2022-09-30,ONA,FINISHED,13.0,1.0,Comedy|Fantasy,ENGI,53.0,673,5
155179,Journey,2022-09-30,MUSIC,FINISHED,1.0,3.0,Drama|Slice of Life,,70.0,952,31
151631,Delivery Chinko wo Tanomitai Onee-san,2022-09-30,OVA,FINISHED,1.0,27.0,Hentai,Shion,63.0,2191,71
151414,Korashime 2: Kyouikuteki Depaga Shidou,2022-09-30,OVA,FINISHED,4.0,24.0,Hentai,PoRO petit,60.0,1238,40
151411,Renseijutsushi Colette no H na Sakusei Monogatari,2022-09-30,OVA,FINISHED,4.0,17.0,Adventure|Fantasy|Hentai,Majin petit,55.0,1710,61
148970,Ginga Eiyuu Densetsu: Die Neue These - Sakubou,2022-09-30,ONA,FINISHED,12.0,25.0,Action|Drama|Sci-Fi,Production I.G,81.0,5960,118
141852,Xian Wang De Richang Shenghuo 3,2022-09-30,ONA,FINISHED,12.0,18.0,Action|Comedy|Fantasy,Pb Animation,73.0,45892,832
137341,Uchi no Shishou wa Shippo ga Nai,2022-09-30,TV,FINISHED,13.0,24.0,Comedy|Fantasy|Slice of Life,LIDENFILMS,64.0,11081,87
129244,Wangu Jian Shen,2022-09-30,ONA,FINISHED,26.0,,Action|Adventure|Fantasy,2:10 Animation,57.0,555,19
212435,Bongchon Gaksi,2022-09-29,ONA,FINISHED,3.0,5.0,Drama|Romance,,,147,2
155171,Gunjou Sanka (2022),2022-09-29,MUSIC,FINISHED,1.0,5.0,Drama|Music|Slice of Life,Minakata Laboratory|Scooter Films,71.0,1232,32
156571,Dongitsune Season 2,2022-09-28,SPECIAL,FINISHED,10.0,1.0,Slice of Life|Supernatural,Tatsunoko Production|Telecom Animation Film|Studio Colorido|TMS Entertainment|Studio 4°C,54.0,504,5
153322,Futsal Boys!!!!! Short Anime,2022-09-28,SPECIAL,FINISHED,5.0,5.0,Comedy|Sports,diomedéa,48.0,541,4
139587,Tensei Shitara Ken Deshita,2022-09-28,ONA,FINISHED,12.0,24.0,Action|Adventure|Fantasy,C2C,74.0,113112,3039
170659,Chickip Dancers 2nd Season,2022-09-27,TV_SHORT,FINISHED,26.0,5.0,Comedy|Slice of Life,Fanworks,,68,0
137679,Mo You Ji,2022-09-27,ONA,FINISHED,12.0,,Fantasy,Yixiang Culture,,140,4
155206,Nee yo na,2022-09-26,MUSIC,FINISHED,1.0,3.0,,,,180,1
146921,Arifureta Shokugyou de Sekai Saikyou: Maboroshi no Bouken to Kiseki no Kaigou,2022-09-25,OVA,FINISHED,1.0,40.0,Action|Adventure|Fantasy|Psychological,Asread|studio MOTHER,71.0,20380,337
208067,Muhou no Ai,2022-09-24,MOVIE,FINISHED,1.0,23.0,Drama,,,63,0
155092,Douluo Dalu: Nu Shi Ao Zhan,2022-09-24,ONA,FINISHED,4.0,21.0,Action|Fantasy,Sparkly Key Animation,76.0,1177,37
155003,Yoru to Itoshii,2022-09-24,MUSIC,FINISHED,1.0,5.0,Romance,,,127,0
154961,The Circle Of Butterflies,2022-09-24,MUSIC,FINISHED,1.0,4.0,,Scooter Films,61.0,440,3
139820,Akuyaku Reijou nano de Last Boss wo Kattemimashita,2022-09-24,ONA,FINISHED,12.0,24.0,Comedy|Fantasy|Romance|Supernatural,Maho Film,71.0,71233,1460
154678,Watashi dake no Okosama Lunch,2022-09-23,SPECIAL,FINISHED,1.0,7.0,Mahou Shoujo|Slice of Life,Toei Animation,63.0,823,6
144687,Delicious Party♡Precure: Yumemiru♡Okosama Lunch!,2022-09-23,MOVIE,FINISHED,1.0,64.0,Action|Fantasy|Mahou Shoujo,Toei Animation,68.0,1801,21
189708,Charisma tte Ii na,2022-09-21,MUSIC,FINISHED,1.0,3.0,Comedy,,,99,1
155199,Miaomiao Ruci Yaorao,2022-09-19,ONA,FINISHED,19.0,3.0,Comedy|Slice of Life,,,47,1
154834,Rebellion,2022-09-19,MUSIC,FINISHED,1.0,3.0,Action|Psychological,,69.0,669,17
155841,Hidden Region,2022-09-18,MUSIC,FINISHED,1.0,2.0,Mystery,FLAT STUDIO,62.0,428,6
154955,Akuyaku Reijou nano de Last Boss wo Kattemimashita Mini,2022-09-17,ONA,FINISHED,27.0,1.0,Comedy|Fantasy,,53.0,1072,15
141897,Jiaonang Jihua,2022-09-16,ONA,FINISHED,12.0,,Drama|Psychological|Sci-Fi,,,358,6
139643,Ame wo Tsugeru Hyouryuu Danchi,2022-09-16,ONA,FINISHED,1.0,120.0,Adventure|Drama|Mystery|Supernatural,Studio Colorido,73.0,35816,595
154953,Mikage Nikki,2022-09-15,MUSIC,FINISHED,1.0,3.0,Psychological,Studio Gohan,52.0,235,1
154895,Natsugare,2022-09-15,MUSIC,FINISHED,1.0,4.0,Supernatural,,61.0,587,3
166218,Tunshi Xingkong 3,2022-09-14,ONA,FINISHED,33.0,21.0,Action|Sci-Fi,Sparkly Key Animation,79.0,1511,71
158562,TIME,2022-09-14,MUSIC,FINISHED,1.0,4.0,,,50.0,155,2
137819,Yojouhan Time Machine Blues,2022-09-14,ONA,FINISHED,6.0,18.0,Comedy|Mystery|Psychological|Romance|Sci-Fi,Science SARU,81.0,25606,481
120377,Cyberpunk: Edgerunners,2022-09-13,ONA,FINISHED,10.0,24.0,Action|Drama|Psychological|Sci-Fi,TRIGGER,85.0,381143,29588
158542,Dokusou Shuusa,2022-09-12,MUSIC,FINISHED,1.0,5.0,,SIGNIF,59.0,320,1
154591,Let You Down,2022-09-12,MUSIC,FINISHED,1.0,5.0,Action|Sci-Fi,Studio Massket,80.0,11978,367
157800,Tsukasa's♪Kitchen,2022-09-11,MUSIC,FINISHED,1.0,2.0,Slice of Life,,62.0,848,5
154552,Onomatopoeia Rap ~Natsu Asobi-hen~,2022-09-11,MUSIC,FINISHED,1.0,2.0,,,61.0,407,6
154468,Duxing Yueqiu,2022-09-10,ONA,FINISHED,12.0,3.0,Comedy|Sci-Fi,FENZ,,136,0
153567,Harem Camp!,2022-09-09,ONA,FINISHED,8.0,7.0,Comedy|Ecchi|Slice of Life,Studio Houkiboshi,63.0,5402,212
142769,"Natsu e no Tunnel, Sayonara no Deguchi",2022-09-09,MOVIE,FINISHED,1.0,83.0,Drama|Romance|Supernatural,CLAP,80.0,108949,3480
158568,Shijuuku Nichi,2022-09-05,MUSIC,FINISHED,1.0,4.0,,,,125,1
154341,MEE,2022-09-04,MOVIE,FINISHED,1.0,2.0,Action|Fantasy,,,140,0
153412,Duel Masters WIN,2022-09-04,TV,FINISHED,29.0,24.0,Action|Adventure|Comedy,Brain's Base,49.0,519,6
156480,UFO wo Yobu Dance,2022-09-03,MUSIC,FINISHED,1.0,4.0,,,,117,0
154150,Douluo Dalu: Nu Shi Mo Zhan,2022-09-03,ONA,FINISHED,3.0,22.0,Action|Adventure|Fantasy|Romance,Sparkly Key Animation,77.0,1204,43
151072,Iinchou wa Saimin Appli wo Shinjiteru.,2022-09-02,OVA,FINISHED,1.0,16.0,Hentai,T-REX,67.0,2515,109
132055,Uta no☆Prince-sama♪ Maji LOVE ST☆RISH Tours,2022-09-02,MOVIE,FINISHED,1.0,66.0,Music,A-1 Pictures,66.0,1777,22
188827,Mini Teukgongdae V Rangers,2022-09-01,TV_SHORT,FINISHED,26.0,11.0,Action|Mecha,SAMG Animation,,29,0
146722,JoJo no Kimyou na Bouken: Stone Ocean Part 2,2022-09-01,ONA,FINISHED,26.0,24.0,Action|Adventure|Drama|Supernatural,david production,82.0,123408,4203
122516,Tianmei de Yaohen,2022-09-01,ONA,FINISHED,12.0,11.0,Drama|Romance|Supernatural,Panda Tower Studio,60.0,4087,87
188065,RESCUE Tayo,,ONA,FINISHED,10.0,2.0,Adventure,,,29,0
169770,Xinghe Zhizun 3,2022-08-31,ONA,FINISHED,72.0,,Fantasy,Ruo Hong Culture,,83,1
186586,"NEVER LOSE, MY RULE",2022-08-30,MUSIC,FINISHED,1.0,2.0,,FLAT STUDIO,56.0,263,1
137677,Libashanhe Xi Zitang,2022-08-29,ONA,FINISHED,20.0,9.0,Fantasy,Aurora|Fengyun Animation,50.0,217,7
154688,Ryuuutto Kite Kyuuu!!!,2022-08-28,MUSIC,FINISHED,1.0,2.0,Adventure|Slice of Life,,59.0,967,8
142173,ETERNITY MEMORIES,2022-08-28,SPECIAL,FINISHED,1.0,50.0,Fantasy|Music|Slice of Life,CygamesPictures,67.0,1701,18
182545,Aware! Meisaku-kun: Ryuuguuchuu-hen,2022-08-26,TV_SHORT,FINISHED,14.0,5.0,Comedy,Pie in the sky,,54,1
150157,Kitsune Musume no Ecchi na Oyado,2022-08-26,OVA,FINISHED,2.0,17.0,Hentai,Collaboration Works petit,58.0,1563,45
147929,Kisaku Reiwa Ban,2022-08-26,OVA,FINISHED,1.0,30.0,Hentai,Seven,51.0,650,9
125440,Rilakkuma to Yuuenchi,2022-08-25,ONA,FINISHED,8.0,16.0,Comedy|Slice of Life,dwarf,67.0,2037,27
193414,MyGO!!!!! Member no Nichijou,2022-08-24,ONA,FINISHED,57.0,1.0,Comedy|Slice of Life,STUDIO MORIKEN,63.0,589,6
155842,Higasa,2022-08-24,MUSIC,FINISHED,1.0,5.0,Drama,,53.0,208,1
155631,Pocket no Naka,2022-08-24,MUSIC,FINISHED,1.0,6.0,,dwarf,53.0,201,0
154020,MILGRAM Second Season,2022-08-24,MUSIC,FINISHED,10.0,3.0,Mystery|Psychological,OTOIRO,83.0,2245,111
154001,Kaze no Yukue,2022-08-24,MUSIC,FINISHED,1.0,5.0,,Toei Animation,77.0,2478,64
148379,BANZAI! digital trippers,2022-08-24,MUSIC,FINISHED,1.0,8.0,,Sunrise,71.0,1331,16
155625,Hyouhakusha,2022-08-23,MUSIC,FINISHED,1.0,4.0,,,51.0,352,7
126439,Shan Hai Juelun,2022-08-23,ONA,FINISHED,17.0,18.0,Action|Fantasy,KIO STUDIO,,200,7
177458,Cap Kakumei Bottleman DX: Side Story,2022-08-21,ONA,FINISHED,8.0,5.0,Comedy,Gaina,,60,0
156865,Back to You,2022-08-21,ONA,FINISHED,1.0,5.0,Sci-Fi,,55.0,241,1
153931,Flashback Insanity,2022-08-21,MUSIC,FINISHED,1.0,4.0,,,,109,1
146321,D4DJ Double Mix,2022-08-19,SPECIAL,FINISHED,1.0,24.0,Music|Slice of Life,SANZIGEN,71.0,5197,73
138611,Xi Xing Ji: Qiong Qi Didong,2022-08-19,MOVIE,FINISHED,1.0,,Action|Adventure|Fantasy,BYMENT,,176,1
138065,Xin Shen Bang: Yang Jian,2022-08-19,MOVIE,FINISHED,1.0,,Fantasy,Light Chaser Animation,67.0,996,24
125261,Tsurune: Hajimari no Issha,2022-08-19,MOVIE,FINISHED,1.0,102.0,Drama|Slice of Life|Sports,Kyoto Animation,74.0,8719,63
122511,Long Zu,2022-08-19,ONA,FINISHED,17.0,18.0,Action|Drama|Fantasy,GARDEN,73.0,28642,675
157648,"Iro wo Shiru Tabi, Sekai ga Hiroku Naru.",2022-08-18,ONA,FINISHED,2.0,2.0,Slice of Life,CloverWorks,49.0,402,5
153906,Tekken: Bloodline,2022-08-18,ONA,FINISHED,6.0,25.0,Action|Sports|Supernatural,Studio Hibari|Larx Entertainment,63.0,11316,153
159052,Monster Disco,2022-08-17,MUSIC,FINISHED,1.0,3.0,Music,,51.0,225,0
158566,Tsuki ga Michiru,2022-08-17,MUSIC,FINISHED,1.0,3.0,,,56.0,179,2
153986,Tot Musica,2022-08-17,MUSIC,FINISHED,1.0,3.0,Drama|Music|Psychological,,80.0,4418,132
153777,Wan Jie Duzun 2,2022-08-16,ONA,FINISHED,224.0,,Action|Fantasy,Ruo Hong Culture,64.0,752,39
153775,Saikyoutic Polka,2022-08-16,MUSIC,FINISHED,1.0,4.0,Comedy|Slice of Life,SANZIGEN,65.0,776,10
153418,Wangu Shenhua,2022-08-15,ONA,FINISHED,280.0,8.0,Action|Adventure|Fantasy,Soyep,57.0,520,28
159455,Koneko no Haitatsuin Uunyan,2022-08-13,ONA,FINISHED,1.0,7.0,Slice of Life,Studio Nanahoshi,54.0,282,7
153507,Shanhai Jing: Zaijian Gaoshou,2022-08-13,MOVIE,FINISHED,1.0,99.0,Fantasy,Daysview Animation,,95,2
153424,Douluo Dalu: Di Ying Laixi,2022-08-13,ONA,FINISHED,3.0,22.0,Action|Adventure|Fantasy|Romance,Sparkly Key Animation,77.0,1224,43
151280,Sancun Renjian,2022-08-11,ONA,FINISHED,16.0,15.0,Action|Adventure|Fantasy,Foch,,216,10
153982,Sekai no Tsuzuki,2022-08-10,MUSIC,FINISHED,1.0,5.0,Drama,,75.0,2235,48
151691,Fei Ren Zai 2,2022-08-10,ONA,FINISHED,12.0,6.0,Comedy|Fantasy|Slice of Life|Supernatural,FENZ,52.0,247,1
155005,Unleash!!!!!,2022-08-09,MUSIC,FINISHED,1.0,3.0,Mahou Shoujo|Sci-Fi,,61.0,355,4
156061,Nanashi Kaidan,2022-08-08,ONA,FINISHED,10.0,3.0,Horror,,40.0,641,0
154418,Find Your One Way,2022-08-08,MUSIC,FINISHED,1.0,2.0,Action|Adventure|Fantasy|Sci-Fi,SANZIGEN,71.0,811,25
155207,Nee yo na,2022-08-06,MUSIC,FINISHED,1.0,2.0,,,,101,0
153973,Utakata Lullaby,2022-08-06,MUSIC,FINISHED,1.0,3.0,,,76.0,2569,61
141902,ONE PIECE FILM: RED,2022-08-06,MOVIE,FINISHED,1.0,115.0,Action|Adventure|Comedy|Drama|Fantasy|Music,Toei Animation,78.0,77722,2108
155773,Dorothy,2022-08-05,MUSIC,FINISHED,1.0,2.0,,,,139,3
153348,hololive Summer 2022,2022-08-05,ONA,FINISHED,4.0,4.0,Adventure|Comedy|Slice of Life,,59.0,994,20
146632,Gundam: G no Reconguista V - Shisen wo Koete,2022-08-05,MOVIE,FINISHED,1.0,95.0,Action|Mecha|Sci-Fi,Sunrise,69.0,1430,21
136459,Boku wa Chiisana Succubus no Shimobe,2022-08-05,OVA,FINISHED,2.0,15.0,Hentai,NewGeneration,68.0,2951,128
153287,Ima ni Mitero yo!,2022-08-04,MUSIC,FINISHED,1.0,3.0,Supernatural,,50.0,161,0
148042,Yoru wa Neko to Issho,2022-08-04,TV_SHORT,FINISHED,30.0,3.0,Comedy|Slice of Life,Studio PuYUKAI,71.0,6400,110
141351,Kakegurui Twin,2022-08-04,ONA,FINISHED,6.0,27.0,Drama|Mystery|Psychological,MAPPA,71.0,50159,520
174280,Mini Mini Pocket no Ookina Niwa de,2022-08-03,MOVIE,FINISHED,1.0,6.0,,,,93,4
150575,Sekai no Owari ni Shiba Inu to,2022-08-02,ONA,FINISHED,72.0,2.0,Adventure|Comedy|Sci-Fi|Slice of Life|Supernatural,DLE,59.0,3383,25
122509,Zhu Xian,2022-08-02,ONA,FINISHED,26.0,20.0,Action|Adventure|Fantasy,Cloud Art,71.0,1999,98
187517,Ganbare! Choushuu-kun,2022-08-01,TV_SHORT,FINISHED,60.0,1.0,Comedy,ODDJOB,,35,0
169358,Minami no Shima no Hamehameha Daiou,2022-08-01,MUSIC,FINISHED,1.0,2.0,,,,42,0
149073,Boku no Hero Academia 5 (ONA),2022-08-01,ONA,FINISHED,2.0,23.0,Action|Comedy|Sports,bones,68.0,20909,229
131912,Fuuto Tantei,2022-08-01,ONA,FINISHED,12.0,25.0,Action|Drama|Mystery|Supernatural,Studio KAI,71.0,22349,420
169030,Ai ga Oshigoto,,MUSIC,FINISHED,1.0,2.0,,,,53,0
153200,Fanren Xiu Xian Zhuan: Chu Ru Xing Hai,2022-07-31,ONA,FINISHED,12.0,19.0,Action|Adventure|Fantasy,Original Force|Wonder Cat Animation,72.0,641,29
153146,Uta no☆Prince-sama♪ Maji LOVE ST☆RISH Tours: Tabi no Hajimari,2022-07-31,SPECIAL,FINISHED,1.0,48.0,Comedy|Music|Romance,A-1 Pictures,63.0,1166,14
151659,Saint Seiya: Knights of the Zodiac Battle Sanctuary,2022-07-31,ONA,FINISHED,12.0,23.0,Action|Adventure|Fantasy,Toei Animation,57.0,1508,19
137728,Dou Po Cangqiong: Nian Fan,2022-07-31,ONA,FINISHED,52.0,24.0,Action|Adventure|Fantasy,Motion Magic,82.0,2899,186
132530,Hanhua Riji 3,2022-07-31,ONA,FINISHED,12.0,15.0,Comedy|Slice of Life|Supernatural,L² Studio,73.0,1277,26
122531,Hun Hou Richang,2022-07-31,ONA,FINISHED,24.0,,Slice of Life,BONEDD,,76,0
152962,I’m Your Treasure Box＊Anata wa Marine Senchou Otakara Bako kara Mitsuketa.,2022-07-30,MUSIC,FINISHED,1.0,4.0,Ecchi,,78.0,4265,113
152488,Mini Shijie: Juexing,2022-07-30,MOVIE,FINISHED,1.0,96.0,Adventure|Fantasy,,,49,0
151635,Fatchi Baike 6,2022-07-30,ONA,FINISHED,12.0,6.0,Comedy,Fatchi Moxie Studio,,33,0
141879,Shicao Lao Long Bei Guanyi E Long Zhi Ming,2022-07-30,ONA,FINISHED,12.0,13.0,Adventure|Comedy|Fantasy,Studio LAN,65.0,10968,146
148148,SUMMER: Inaka No Seikatsu,2022-07-29,OVA,RELEASING,,20.0,Hentai,Mousou Senka,60.0,1752,74
148147,Haji+,2022-07-29,OVA,FINISHED,2.0,25.0,Hentai,Nur,55.0,1088,31
148112,SLEEPLESS: A Midsummer Night's Dream - The Animation,2022-07-29,OVA,FINISHED,2.0,20.0,Hentai,BREAKBOTTLE,51.0,2150,53
144506,Doukyuusei Remake The Animation,2022-07-29,OVA,FINISHED,2.0,30.0,Hentai,Seven,62.0,1452,48
126394,Hei Men,2022-07-29,ONA,FINISHED,12.0,20.0,Mystery|Sci-Fi,CHOSEN,49.0,400,5
205752,Overd,2022-07-28,MUSIC,FINISHED,1.0,3.0,,,,108,3
153278,Knock on the new world,2022-07-28,MUSIC,FINISHED,1.0,4.0,Sci-Fi,,,141,1
146501,BanG Dream! Morfonication,2022-07-28,SPECIAL,FINISHED,2.0,24.0,Music|Slice of Life,SANZIGEN,73.0,4441,84
153840,Midori no Makibao: Owaranai Chоusen!!,2022-07-27,SPECIAL,FINISHED,1.0,5.0,Comedy|Sports,Studio Pierrot,,113,2
151636,Zetsubou-san,2022-07-27,MUSIC,FINISHED,1.0,3.0,,,,117,1
143082,Sasaki to Miyano: Koi ni Kizuku Mae no Chottoshita Hanashi.,2022-07-27,OVA,FINISHED,1.0,23.0,Comedy|Romance|Slice of Life,Studio DEEN,77.0,14768,229
141881,Kao Ni La! Zhanshen Xitong,2022-07-27,ONA,FINISHED,16.0,20.0,Comedy|Fantasy,Chongzhuo Animation,70.0,7902,175
141873,Xing Yuan Zhi Zhu,2022-07-27,ONA,FINISHED,48.0,8.0,Action|Fantasy,Ruo Hong Culture,50.0,291,11
133730,Shaonian Bai Ma Zui Chun Feng,2022-07-27,ONA,FINISHED,10.0,18.0,Action|Fantasy,CG Year,60.0,581,19
152804,Kumorizora no Mukou wa Hareteiru,2022-07-26,MUSIC,FINISHED,1.0,5.0,Sci-Fi|Slice of Life,CloverWorks,64.0,572,4
141866,Bai Yao Pu: Jingshi Pian,2022-07-25,ONA,FINISHED,12.0,20.0,Fantasy|Mystery|Supernatural,CMC Media,71.0,1387,32
134102,Shi Shaoxia Ganjue Hao Gudan,2022-07-25,ONA,FINISHED,36.0,9.0,Comedy,Big Firebird Cultural Media|HuaMei Animation,,356,6
149326,Saikin Yatotta Maid ga Ayashii,2022-07-24,TV,FINISHED,11.0,23.0,Comedy|Romance|Slice of Life,BLADE|SILVER LINK.,63.0,48806,635
152213,Douluo Dalu: Benfu Qianxian,2022-07-23,ONA,FINISHED,3.0,21.0,Action|Adventure|Fantasy|Romance,Sparkly Key Animation,77.0,1252,45
141900,Zhanguo Qiannian,2022-07-23,ONA,FINISHED,16.0,15.0,Action|Adventure|Fantasy,Oriental Creative Color,58.0,289,15
134101,Shen Lan Qi Yu Wushuang Zhu,2022-07-23,ONA,FINISHED,15.0,,Action|Comedy|Fantasy,CG Year,67.0,844,49
169383,Ohiru no Shocker-san: The Movie,2022-07-22,MOVIE,FINISHED,1.0,2.0,Comedy,,,40,0
153286,Natsu ni Saku,2022-07-22,MUSIC,FINISHED,1.0,3.0,,,52.0,177,1
150697,Obey Me! The Anime Season 2,2022-07-22,ONA,FINISHED,12.0,6.0,Comedy|Supernatural,,68.0,4924,91
148179,RE:cycle of the PENGUINDRUM: Kouhen - Boku wa Kimi wo Aishiteru,2022-07-22,MOVIE,FINISHED,1.0,142.0,Drama|Mystery|Psychological|Supernatural,Lapin Track,73.0,2569,40
146631,Gundam: G no Reconguista IV - Gekitou Ni Sakebu Ai,2022-07-22,MOVIE,FINISHED,1.0,101.0,Action|Mecha|Sci-Fi,Sunrise,70.0,1443,17
129251,Shen Mu,2022-07-21,ONA,FINISHED,16.0,,Action|Adventure|Fantasy,Wonder Cat Animation|Rocen,66.0,1161,43
129196,Dungeon ni Deai wo Motomeru no wa Machigatteiru Darou ka IV: Shin Shou Meikyuu-hen,2022-07-21,TV,FINISHED,11.0,24.0,Action|Adventure|Comedy|Fantasy|Romance,J.C.STAFF,77.0,127581,2436
151313,Yanguang Coffee Ting Zhi Xin You Ji,2022-07-20,ONA,FINISHED,52.0,5.0,Comedy,Sunflowers,,209,3
148334,Xian Mu,2022-07-20,ONA,FINISHED,60.0,12.0,Adventure,Soyep,,294,12
137742,Yi Nian Yongheng: Chuancheng Pian,2022-07-20,ONA,FINISHED,20.0,19.0,Action|Comedy|Fantasy,B.CMAY PICTURES,79.0,2661,102
152603,Anata no France wa Donna Tokoro?,2022-07-18,ONA,FINISHED,1.0,2.0,Slice of Life,studio daisy,55.0,492,2
154539,Chiichai! Maou-sama!!,2022-07-17,ONA,FINISHED,24.0,1.0,Comedy,AQUA ARIS,50.0,1081,9
152633,Liella no Uta 2,2022-07-17,TV_SHORT,FINISHED,12.0,1.0,Music,,67.0,1565,19
152472,I Sekai Kongou dai Butoukai,2022-07-17,MUSIC,FINISHED,1.0,4.0,Fantasy|Music,OUTLINE,50.0,143,0
140642,Love Live! Superstar!! 2nd Season,2022-07-17,TV,FINISHED,12.0,24.0,Music|Slice of Life,Sunrise,75.0,15597,352
137730,Dou Po Cangqiong: Yuanqi,2022-07-17,ONA,FINISHED,3.0,29.0,Action|Fantasy,Motion Magic,74.0,1269,59
152636,Blue Archive: 1.5 Shuunen Kinen Short Animation,2022-07-16,SPECIAL,FINISHED,1.0,9.0,Action|Slice of Life,Yostar Pictures,68.0,2733,44
137602,Chong Chu Diqiu,2022-07-16,MOVIE,FINISHED,1.0,100.0,Adventure|Fantasy|Sci-Fi,Coloroom Pictures,,189,2
196244,Xi Yangyang Yu Hui Tailang: Qimiao da Yingjiu,2022-07-15,TV_SHORT,FINISHED,60.0,15.0,Action|Comedy,,,29,1
155525,Aikatsu Planet! Movie,2022-07-15,MOVIE,FINISHED,1.0,43.0,Music|Slice of Life,Bandai Namco Pictures,59.0,801,9
150909,5-Oku-nen Button,2022-07-15,TV,FINISHED,12.0,21.0,Psychological,STUDIO SOTA,52.0,1256,14
148960,Aikatsu! 10th STORY: Mirai e no STARWAY,2022-07-15,MOVIE,FINISHED,1.0,25.0,Music,Bandai Namco Pictures,74.0,1224,15
146565,Cang Lan Jue,2022-07-15,ONA,FINISHED,12.0,,Comedy|Fantasy|Romance,GARDEN,67.0,3279,79
146922,Kidou Senshi Gundam: Suisei no Majo - PROLOGUE,2022-07-14,SPECIAL,FINISHED,1.0,24.0,Mecha|Sci-Fi,Sunrise,78.0,33702,410
130592,Hataraku Maou-sama!!,2022-07-14,TV,FINISHED,12.0,24.0,Comedy|Fantasy|Romance|Slice of Life,Studio 3Hz,65.0,156688,1674
140753,SHINE POST,2022-07-13,TV,FINISHED,12.0,23.0,Music,Studio KAI,72.0,11217,174
146637,ORIENT: Awajishima Gekitou-hen,2022-07-12,TV,FINISHED,12.0,24.0,Action|Adventure|Comedy|Fantasy,A.C.G.T.,69.0,18803,293
148492,KJ File,2022-07-11,TV_SHORT,FINISHED,13.0,4.0,Action|Sci-Fi,ILCA|yell,42.0,2567,34
145001,Extreme Hearts,2022-07-10,TV,FINISHED,12.0,24.0,Music|Sports,Seven Arcs,62.0,6066,62
142876,Dr. STONE: Ryuusui,2022-07-10,SPECIAL,FINISHED,1.0,55.0,Action|Adventure|Comedy|Sci-Fi,TMS Entertainment,81.0,122196,1928
137621,Hanabi-chan wa Okure-gachi,2022-07-10,TV_SHORT,FINISHED,12.0,5.0,Comedy|Fantasy|Slice of Life,Gaina,58.0,2572,12
136707,Isekai Yakkyoku,2022-07-10,TV,FINISHED,12.0,24.0,Fantasy,diomedéa,72.0,88506,1661
126402,Shanghai Gushi,2022-07-10,ONA,FINISHED,8.0,15.0,Drama|Slice of Life,HM Heros,,285,3
151634,Si Wuxie,2022-07-09,ONA,FINISHED,12.0,6.0,Comedy|Fantasy|Slice of Life,Da Yu,,84,1
145260,Kuro no Shoukanshi,2022-07-09,TV,FINISHED,12.0,24.0,Action|Adventure|Fantasy,Satelight,69.0,95039,1884
144509,Prima Doll,2022-07-09,TV,FINISHED,12.0,24.0,Drama|Sci-Fi|Slice of Life,Bibury Animation Studios,67.0,15050,222
144323,Hoshi no Samidare,2022-07-09,TV,FINISHED,24.0,24.0,Action|Comedy|Drama|Psychological|Supernatural,NAZ,50.0,22533,182
139093,Shadows House 2nd Season,2022-07-09,TV,FINISHED,12.0,24.0,Fantasy|Horror|Mystery|Slice of Life|Supernatural,CloverWorks,79.0,45297,908
154540,Fudanshi Shoukan: Isekai de Shinjuu ni Hameraremashita Mini Anime 3rd Season,2022-07-08,ONA,FINISHED,3.0,2.0,Comedy,AQUA ARIS,47.0,585,1
147430,Natsuyasumi Ake no Kanojo wa...,2022-07-08,OVA,FINISHED,2.0,20.0,Hentai,Studio 9 Maiami,55.0,1794,67
146650,Bucchigire!,2022-07-08,TV,FINISHED,12.0,24.0,Action|Fantasy,Geno Studio,56.0,14922,118
146583,Wo Shi Nezha 2: Danao Dong Hai,2022-07-08,ONA,FINISHED,1.0,89.0,Fantasy,,,139,4
144858,CHIMIMO,2022-07-08,TV,FINISHED,12.0,24.0,Comedy|Slice of Life|Supernatural,Shin-Ei Animation,65.0,1850,34
141391,Yofukashi no Uta,2022-07-08,TV,FINISHED,13.0,23.0,Comedy|Psychological|Romance|Slice of Life|Supernatural,LIDENFILMS,79.0,279253,11035
135177,Osomatsu-san: Hipipo-Zoku to Kagayaku Kajitsu,2022-07-08,MOVIE,FINISHED,1.0,68.0,Adventure|Comedy,Studio Pierrot,56.0,1285,10
132804,Zannen na Ikimono Jiten The Movie,2022-07-08,MOVIE,FINISHED,1.0,91.0,Comedy|Slice of Life,Fanworks,,177,2
128223,Soredemo Ayumu wa Yosetekuru,2022-07-08,TV,FINISHED,12.0,24.0,Comedy|Romance|Slice of Life,SILVER LINK.,69.0,60924,893
122688,Jian Wang 3: Xia Gan Yi Dan Shen Jianxin 3 Part 1,2022-07-08,ONA,FINISHED,12.0,20.0,Action|Adventure|Drama|Fantasy,Shengying Animation,,308,7
140187,Shin Tennis no Ouji-sama: U-17 WORLD CUP,2022-07-07,TV,FINISHED,13.0,24.0,Action|Comedy|Sports,M.S.C|Studio KAI,67.0,5105,80
138882,Kumichou Musume to Sewagakari,2022-07-07,TV,FINISHED,12.0,24.0,Comedy|Slice of Life,feel.|Gaina,77.0,85873,1944
153966,Gyakkou,2022-07-06,MUSIC,FINISHED,1.0,4.0,Drama,,80.0,3148,78
149874,Warau Arsnotoria Sun!,2022-07-06,TV,FINISHED,12.0,24.0,Fantasy|Slice of Life,LIDENFILMS,55.0,12612,98
136934,Mamahaha no Tsurego ga Motokano datta,2022-07-06,TV,FINISHED,12.0,24.0,Comedy|Romance,project No.9,66.0,107185,1840
135806,Isekai Oji-san,2022-07-06,TV,FINISHED,13.0,24.0,Adventure|Comedy|Fantasy,Atelier Pontdarc,76.0,132255,3236
127090,Isekai Meikyuu de Harem wo,2022-07-06,TV,FINISHED,12.0,24.0,Drama|Ecchi|Fantasy|Romance,Passione,63.0,79510,1694
124641,Jashin-chan Dropkick X,2022-07-06,TV,FINISHED,12.0,24.0,Comedy|Slice of Life|Supernatural,Nomad,73.0,15095,235
117196,Tokyo Mew Mew New~♡,2022-07-06,TV,FINISHED,12.0,24.0,Adventure|Comedy|Fantasy|Mahou Shoujo|Romance|Sci-Fi,Yumeta Company|Graphinica,64.0,18951,260
114745,Made in Abyss: Retsujitsu no Ougonkyou,2022-07-06,TV,FINISHED,12.0,24.0,Adventure|Drama|Fantasy|Horror|Mystery|Sci-Fi,Kinema Citrus,85.0,154872,5715
154385,"Kanojo, Okarishimasu 2nd Season Petit",2022-07-05,ONA,FINISHED,12.0,1.0,Comedy,AQUA ARIS,51.0,1805,15
151898,Overlord: Ple Ple Pleiades 4,2022-07-05,ONA,FINISHED,13.0,2.0,Comedy|Fantasy,Studio PuYUKAI,66.0,5789,57
147212,Wo Kao Chongzhi Dang Wudi,2022-07-05,ONA,FINISHED,90.0,,Fantasy,Soyep,54.0,402,10
146210,Kinsou no Vermeil: Gakeppuchi Majutsushi wa Saikyou no Yakusai to Mahou Sekai wo Tsukisusumu,2022-07-05,TV,FINISHED,12.0,24.0,Ecchi|Fantasy|Romance,Staple Entertainment,67.0,110213,2497
141878,Meng Qi Shi Shen: Huanxi Zhui Hun,2022-07-05,ONA,FINISHED,12.0,18.0,Comedy|Romance,Wawayu Animation,73.0,2511,52
139212,Cardfight!! Vanguard: will+Dress,2022-07-05,TV,FINISHED,13.0,24.0,Action|Adventure,Kinema Citrus|Studio JEMI|Gift-o’-Animation,65.0,2704,47
133844,Overlord IV,2022-07-05,TV,FINISHED,13.0,24.0,Action|Adventure|Fantasy,MADHOUSE,80.0,176752,4820
151884,Bremen,2022-07-04,MUSIC,FINISHED,1.0,5.0,,,55.0,249,2
146648,Tuanzimen De Shiming,2022-07-04,ONA,FINISHED,12.0,3.0,Comedy,Block 12,,112,1
145545,Youkoso Jitsuryoku Shijou Shugi no Kyoushitsu e 2nd Season,2022-07-04,TV,FINISHED,13.0,24.0,Drama|Mystery|Psychological,Lerche,79.0,259393,7059
136796,"Mori no Kuma-san, Toumin-chuu.",2022-07-04,ONA,FINISHED,9.0,7.0,Fantasy|Hentai|Romance,Studio Houkiboshi,55.0,1920,36
129192,"Tensei Kenja no Isekai Life: Daini no Shokugyou wo Ete, Sekai Saikyou ni Narimashita",2022-07-04,TV,FINISHED,12.0,24.0,Action|Adventure|Comedy|Fantasy,REVOROOT,61.0,85345,1404
122522,Huanmeng Shan Hai Yao,2022-07-04,ONA,FINISHED,15.0,,Fantasy,Cloud Art,,301,6
151511,Xianwu Cangqiong,2022-07-03,ONA,FINISHED,48.0,8.0,Fantasy,Ruo Hong Culture,52.0,253,10
146668,RWBY: Hyousetsu Teikoku,2022-07-03,TV,FINISHED,12.0,24.0,Action|Fantasy|Sci-Fi,Shaft,61.0,42977,585
146625,Engage Kiss,2022-07-03,TV,FINISHED,13.0,24.0,Action|Comedy|Romance|Supernatural,A-1 Pictures,66.0,91221,1466
145468,Yurei Deco,2022-07-03,TV,FINISHED,12.0,24.0,Mystery|Sci-Fi,Science SARU,57.0,8917,41
112640,Utawarerumono: Futari no Hakuoro,2022-07-03,TV,FINISHED,28.0,24.0,Action|Drama|Fantasy|Sci-Fi,WHITE FOX,73.0,12562,199
103118,Renmei Kuugun Koukuu Mahou Ongakutai: Luminous Witches,2022-07-03,TV,FINISHED,12.0,24.0,Music,Shaft,63.0,9315,111
174452,Shinsekai He,2022-07-02,MUSIC,FINISHED,1.0,4.0,,,,103,0
163274,Bath Time Planetarium,2022-07-02,MUSIC,FINISHED,1.0,4.0,,,,82,0
158639,Sakuretsu! Amabie-hime.,2022-07-02,TV_SHORT,FINISHED,12.0,3.0,Comedy,,,130,0
152212,Douluo Dalu: Gui Zong Zhi Lu,2022-07-02,ONA,FINISHED,3.0,21.0,Action|Adventure|Fantasy|Romance,Sparkly Key Animation,76.0,1253,45
151128,iii icecrin Double,2022-07-02,TV_SHORT,FINISHED,12.0,4.0,,TIA|Shin-Ei Animation,,175,1
149095,Jidao Long Shen,2022-07-02,ONA,FINISHED,40.0,,Action|Fantasy,Ruo Hong Culture,55.0,355,16
143417,Teppen!!!!!!!!!!!!!!!,2022-07-02,TV,FINISHED,12.0,24.0,Comedy|Slice of Life,Drive,63.0,9189,82
143270,Lycoris Recoil,2022-07-02,TV,FINISHED,13.0,24.0,Action|Slice of Life,A-1 Pictures,81.0,209509,9686
142095,Kami Kuzu☆Idol,2022-07-02,TV,FINISHED,10.0,24.0,Comedy|Music|Supernatural,Studio Gokumi,66.0,9356,67
141775,Shoot! Goal to the Future,2022-07-02,TV,FINISHED,13.0,24.0,Sports,EMT Squared|Magic Bus,48.0,5756,42
136064,Bakuten!! Movie,2022-07-02,MOVIE,FINISHED,1.0,90.0,Comedy|Drama|Sports,ZEXCS,76.0,8831,109
124410,"Kanojo, Okarishimasu 2nd Season",2022-07-02,TV,FINISHED,12.0,24.0,Comedy|Drama|Romance,TMS Entertainment,65.0,136283,1922
98577,Musashino!,2022-07-02,TV_SHORT,FINISHED,12.0,4.0,Comedy|Slice of Life,AlcedoAlcy,41.0,3114,9
152309,VOICE,2022-07-01,MUSIC,FINISHED,1.0,4.0,,,51.0,152,1
151743,Mahou no nai Sekai de Ikiru to Iu Koto,2022-07-01,MOVIE,FINISHED,1.0,7.0,Fantasy,,73.0,2200,55
147578,Seika Jogakuin Kounin Sao Oji-san,2022-07-01,OVA,FINISHED,6.0,17.0,Hentai,T-REX,73.0,4303,288
104460,Yuru Camp△ Movie,2022-07-01,MOVIE,FINISHED,1.0,120.0,Comedy|Slice of Life,C-Station,83.0,39222,832
153765,Petit! Tokyo Mew Mew New~♡,2022-06-30,ONA,FINISHED,43.0,1.0,Comedy|Mahou Shoujo,,54.0,687,11
144677,BASTARD!!: Ankoku no Hakaishin (ONA),2022-06-30,ONA,FINISHED,24.0,24.0,Action|Adventure|Comedy|Ecchi|Fantasy,LIDENFILMS,63.0,32173,519
158565,Noisy Rainy,2022-06-29,MUSIC,FINISHED,1.0,3.0,,,,125,1
137734,Ani ni Tsukeru Kusuri wa Nai! 5,2022-06-29,ONA,FINISHED,12.0,4.0,Comedy|Slice of Life,Planet Cartoon|Imagineer|Fever Creations,71.0,5699,69
129250,Shen Ji Long Wei,2022-06-26,ONA,FINISHED,26.0,,Fantasy,Soyep,51.0,389,16
169917,Comedy na Hero ni Nareta Nara,2022-06-24,MUSIC,FINISHED,1.0,3.0,Slice of Life,,,100,1
160856,Sore Ike! Anpanman: Dororin to Bakeru Carnival,2022-06-24,MOVIE,FINISHED,1.0,65.0,Comedy|Fantasy,TMS Entertainment,,123,0
154117,Heartbeat,2022-06-24,MUSIC,FINISHED,1.0,3.0,,,,90,0
151126,"Yuusha, Yamemasu: Kenshuu Ryokou wa Mokuteki wo Miushinau na",2022-06-24,OVA,FINISHED,2.0,14.0,Action|Adventure|Comedy|Fantasy,EMT Squared,65.0,17015,187
150080,Xing Wu Shen Jue 2,2022-06-24,ONA,FINISHED,40.0,,Action|Fantasy,Ruo Hong Culture,59.0,415,20
147287,JK Genkai Koubi: Goui Sounyuu de Bachibachi Nikuana-ka,2022-06-24,OVA,FINISHED,2.0,15.0,Hentai,NewGeneration,62.0,1874,73
146951,#Ima made de Ichiban Yokatta Sex The Animation,2022-06-24,OVA,FINISHED,2.0,17.0,Hentai,Shion,62.0,2039,67
146837,Tsugunai,2022-06-24,OVA,FINISHED,4.0,24.0,Hentai,PoRO petit,56.0,1428,54
146742,Otome wa Boku ni Koishiteru: Mittsu no Kiraboshi - The Animation (2022),2022-06-24,OVA,FINISHED,2.0,18.0,Hentai,Blue Bread,54.0,1269,18
146741,Pandemic,2022-06-24,OVA,FINISHED,1.0,20.0,Hentai,Fancy Realize Media,48.0,1224,28
145916,IDOL bu SHOW Movie,2022-06-24,MOVIE,FINISHED,1.0,64.0,Music,Amineworks|ORENDA,47.0,704,3
152308,Abyssal Zone,2022-06-23,MUSIC,FINISHED,1.0,3.0,,,55.0,126,0
151327,Shitteiru Tegami,2022-06-23,MUSIC,FINISHED,1.0,1.0,,Yostar Pictures,52.0,207,0
153964,Watashi wa Saikyou,2022-06-22,MUSIC,FINISHED,1.0,4.0,,,74.0,2454,40
151063,Menghuan Shuyuan 7,2022-06-20,ONA,FINISHED,12.0,2.0,Comedy|Fantasy,Painting Dream,,46,1
137643,Jiandao Di Yi Xian,2022-06-20,ONA,FINISHED,140.0,8.0,Action|Fantasy,Xing Yi Kai Chen,55.0,481,16
108353,SPRIGGAN (ONA),2022-06-18,ONA,FINISHED,6.0,45.0,Action|Adventure|Sci-Fi,david production,67.0,18449,229
151196,FUTURE EVE,2022-06-17,MUSIC,FINISHED,1.0,4.0,Sci-Fi,,55.0,282,4
140765,Kaitou Queen wa Circus ga Osuki,2022-06-17,OVA,FINISHED,1.0,59.0,Mystery,East Fish Studio,56.0,1532,15
214077,Rebirth: Yuu vs. Great-O-Kahn,2022-06-15,ONA,FINISHED,2.0,3.0,Comedy,LIDENFILMS,,36,1
163822,Ni Tian Jian Shen 6,2022-06-15,ONA,FINISHED,26.0,12.0,Action|Adventure|Fantasy,,,66,0
153959,Shin Jidai,2022-06-15,MUSIC,FINISHED,1.0,4.0,,,80.0,3596,78
151008,Serenade,2022-06-15,MUSIC,FINISHED,1.0,5.0,,,,105,0
150947,Shaonian Ge Xing: Feng Hua Xue Yue Pian Special,2022-06-15,ONA,FINISHED,1.0,23.0,Action|Adventure|Fantasy,CG Year,,197,6
150910,Otose Thunder,2022-06-12,MUSIC,FINISHED,1.0,4.0,,,,118,1
152211,Douluo Dalu: Ayin Fuhuo,2022-06-11,ONA,FINISHED,3.0,17.0,Action|Adventure|Fantasy|Romance,Sparkly Key Animation,77.0,1285,41
133898,Dragon Ball Super: Super Hero,2022-06-11,MOVIE,FINISHED,1.0,99.0,Action|Adventure|Fantasy|Sci-Fi,Toei Animation,76.0,52956,1193
138425,Karakai Jouzu no Takagi-san Movie,2022-06-10,MOVIE,FINISHED,1.0,73.0,Comedy|Romance|Slice of Life,Shin-Ei Animation,83.0,30592,863
117074,Isekai Quartet: Another World,2022-06-10,MOVIE,FINISHED,1.0,112.0,Comedy|Fantasy,Studio PuYUKAI,73.0,30259,291
154200,Knickknack Kingdom,2022-06-08,MUSIC,FINISHED,1.0,3.0,,,51.0,140,5
150848,HELLO CALLiNG,2022-06-08,MUSIC,FINISHED,1.0,2.0,,FLAT STUDIO,60.0,349,0
150583,Yofukashi no Uta Mini,2022-06-06,ONA,FINISHED,22.0,1.0,Comedy,AQUA ARIS,61.0,3101,53
150512,Criticism,2022-06-05,MUSIC,FINISHED,1.0,3.0,,,,148,0
149810,Shishang Zui Qiang Nan Zhujue,2022-06-05,ONA,FINISHED,48.0,,Fantasy,Ruo Hong Culture,52.0,313,10
150546,Tensei Ringo,2022-06-03,MUSIC,FINISHED,1.0,4.0,Psychological|Supernatural,,64.0,438,8
150430,Tarinai,2022-06-03,MUSIC,FINISHED,1.0,3.0,,,,116,0
146282,Kyonyuu Onna Senshi Dogeza Saimin,2022-06-03,OVA,FINISHED,2.0,16.0,Fantasy|Hentai,T-REX,65.0,2489,117
139273,Kidou Senshi Gundam: Cucuruz Doan no Shima,2022-06-03,MOVIE,FINISHED,1.0,109.0,Mecha|Sci-Fi,Sunrise,73.0,6039,78
130705,Tongari Atama no Gonta: Futatsu no Namae wo Ikita Fukushima Hisai Inu no Monogatari,2022-06-03,MOVIE,FINISHED,1.0,114.0,Drama,WAO World,,797,2
150673,milk crown,2022-06-02,MUSIC,FINISHED,1.0,4.0,,,,170,2
188064,Safari Bus Tayo,2022-06-01,ONA,FINISHED,8.0,8.0,Adventure,,,26,0
149703,Xin Weiqi Shaonian,2022-06-01,ONA,FINISHED,52.0,22.0,Fantasy,,,126,1
137736,Xi Xing Ji 4,2022-06-01,ONA,FINISHED,12.0,,Action|Adventure|Fantasy,BYMENT,57.0,287,12
154173,Nanamental,2022-05-30,ONA,FINISHED,20.0,1.0,Comedy,FIREBUG,,160,0
150202,Gekkou,2022-05-30,MUSIC,FINISHED,1.0,4.0,Psychological,Studio Gohan,54.0,281,1
129652,Xiong Bing Lian 3: Leiting Wan Jun,2022-05-29,ONA,FINISHED,27.0,,Action|Sci-Fi,Transcendence Picture,,174,9
150548,Matsurika,2022-05-28,MUSIC,FINISHED,1.0,4.0,,,,84,0
109928,Inu-ou,2022-05-28,MOVIE,FINISHED,1.0,97.0,Adventure|Music|Supernatural,Science SARU,78.0,20500,563
144996,Harem Cult side HAREM,2022-05-27,OVA,FINISHED,4.0,22.0,Hentai,Studio 9 Maiami,60.0,2039,81
174125,Gugumi-chan,2022-05-25,ONA,FINISHED,3.0,5.0,Comedy,ODDJOB,,88,0
154176,"Kanojo, Okarishimasu 2nd Season: Date Movie",2022-05-25,ONA,FINISHED,12.0,2.0,Comedy|Romance|Slice of Life,,61.0,4722,54
150545,"Sekai, Nishihara Shoukai no Sekai! Part 2 Gyaku featuring CRAZY KEN BAND",2022-05-24,MUSIC,FINISHED,1.0,7.0,,Sunrise,,82,0
154178,"Yuusha, Yamemasu Puchi Hiroma",2022-05-23,ONA,FINISHED,6.0,1.0,Comedy,,51.0,1182,9
117756,Koukaku Kidoutai: SAC_2045 Season 2,2022-05-23,ONA,FINISHED,12.0,25.0,Action|Mystery|Psychological|Sci-Fi,Production I.G|Sola Digital Arts,66.0,5653,97
153657,Youkoso Hoshi no Oyado,2022-05-22,MUSIC,FINISHED,1.0,4.0,,,50.0,205,2
149847,Mr.,2022-05-22,MUSIC,FINISHED,1.0,3.0,Sci-Fi,Liberty Animation Studio,61.0,526,3
149799,Douluo Dalu: Fenghuo Buxi,2022-05-21,ONA,FINISHED,3.0,17.0,Action|Adventure|Fantasy|Romance,Sparkly Key Animation,78.0,1362,50
149701,Jian Xian Zaici,2022-05-21,ONA,FINISHED,36.0,,Fantasy,Xing Yi Kai Chen,49.0,300,9
141882,Zanting! Rang Wo Cha Gonglüe,2022-05-21,ONA,FINISHED,12.0,18.0,Action|Comedy|Fantasy,Kung Fu Frog Animation,59.0,4015,52
150700,Hikousen,2022-05-20,MUSIC,FINISHED,1.0,4.0,Adventure,,,137,1
143388,Unmei Sensen Liddell-light,2022-05-20,SPECIAL,FINISHED,1.0,,Action|Mahou Shoujo,,,80,0
143387,Soundback: Kanade no Ishi,2022-05-20,SPECIAL,FINISHED,1.0,,Mecha,,,68,0
131520,Go-toubun no Hanayome Movie,2022-05-20,MOVIE,FINISHED,1.0,136.0,Comedy|Drama|Romance|Slice of Life,Bibury Animation Studios,78.0,115031,3582
130305,Toku: Touken Ranbu - Hanamaru - Setsugetsuka,2022-05-20,MOVIE,FINISHED,3.0,72.0,Action|Comedy|Drama|Fantasy|Slice of Life,Doga Kobo,64.0,1669,21
149871,THE FINEST,2022-05-19,MUSIC,FINISHED,1.0,3.0,,,52.0,182,1
149498,Shu Ling Ji 3,2022-05-18,ONA,FINISHED,60.0,,Fantasy|Romance,Soyep,,91,1
145813,Yuki Hodokishi Futaai,2022-05-18,ONA,FINISHED,3.0,10.0,Adventure|Fantasy,WIT STUDIO,73.0,8803,101
136303,Shin Ikkitousen,2022-05-17,TV,FINISHED,3.0,26.0,Action|Ecchi|Supernatural,ARMS,57.0,8748,90
108357,Vampire in the Garden,2022-05-16,ONA,FINISHED,5.0,26.0,Action|Adventure|Drama|Fantasy|Music|Sci-Fi,WIT STUDIO,70.0,32781,660
113689,Jewelpet: Attack Travel!,2022-05-14,ONA,FINISHED,1.0,23.0,Fantasy|Mahou Shoujo,Ashi Productions,49.0,463,3
149038,Tokyo Koya,2022-05-12,MUSIC,FINISHED,1.0,4.0,Drama,,,138,3
151661,Dakishimetai Hodo Utsukushii Hibi ni,2022-05-10,MUSIC,FINISHED,1.0,3.0,,,,110,3
183474,Yankee Hamster Season 3,2022-05-06,ONA,FINISHED,50.0,2.0,Comedy,Piso Studio,,54,0
149923,Toumei na Shinzou ga Naiteita,2022-05-06,MUSIC,FINISHED,1.0,3.0,,,51.0,148,1
148643,GIVE ME RICE,2022-05-06,MUSIC,FINISHED,1.0,3.0,,,52.0,164,2
213379,Dramatic Nounai,2022-05-05,TV_SHORT,FINISHED,4.0,3.0,Comedy|Sports,DLE|ANIMETRONICA,,32,1
147887,Qing Chi Hong Xiao Dou Ba! 0.5,2022-05-05,ONA,FINISHED,16.0,2.0,Comedy|Slice of Life,MAKING ANIMATION,,63,0
158621,Haru ni Nattara: Koguma no Yuugo Monogatari,2022-05-03,MOVIE,FINISHED,1.0,18.0,,Tomoyasu Murata Company,,93,0
148226,Jiu Tian Xuan Di Jue 2,2022-05-02,ONA,FINISHED,52.0,,Action|Fantasy,Ruo Hong Culture,57.0,439,11
122670,Wu Dong Qiankun 3,2022-05-01,ONA,FINISHED,12.0,25.0,Action|Adventure|Fantasy,DC Impression Vision,74.0,1418,69
150973,Itsuwari,2022-04-29,MUSIC,FINISHED,1.0,4.0,,,,72,1
150542,Who knows the answer,2022-04-29,MUSIC,FINISHED,1.0,5.0,Psychological|Supernatural,,,113,0
149915,Mondainai Tripper!,2022-04-29,MUSIC,FINISHED,1.0,4.0,,,53.0,208,3
148303,Noroshi,2022-04-29,MUSIC,FINISHED,1.0,4.0,,,55.0,189,3
148291,Managarmr,2022-04-29,MUSIC,FINISHED,1.0,4.0,,,,113,1
146553,AOTU Shijie 4,2022-04-29,ONA,FINISHED,20.0,18.0,Action|Adventure|Fantasy|Sci-Fi,,,85,2
132232,RE:cycle of the PENGUINDRUM: Zenpen - Kimi no Ressha wa Seizon Senryaku,2022-04-29,MOVIE,FINISHED,1.0,124.0,Drama|Mystery|Psychological|Supernatural,Lapin Track,71.0,7427,50
158671,DIVING,2022-04-28,MOVIE,FINISHED,1.0,3.0,Adventure,,51.0,180,0
148771,INSIDE,2022-04-28,MUSIC,FINISHED,1.0,3.0,,,46.0,171,0
148295,Kakkou no Iikagen!,2022-04-28,ONA,FINISHED,22.0,2.0,Adventure|Comedy,AQUA ARIS,53.0,1351,5
146409,Shen Yin Wangzuo,2022-04-28,ONA,FINISHED,26.0,20.0,Action|Adventure|Fantasy,Shenman Entertainment,78.0,3249,215
145016,Isekai Yarisaa,2022-04-28,OVA,FINISHED,2.0,20.0,Fantasy|Hentai,T-REX,66.0,3452,151
142455,Bubble,2022-04-28,ONA,FINISHED,1.0,100.0,Romance|Sci-Fi|Sports|Supernatural,WIT STUDIO,71.0,91214,1922
141898,Huang Yan,2022-04-28,ONA,FINISHED,16.0,14.0,Drama|Mystery|Psychological|Romance,Painted Edge,52.0,531,4
148819,Nana Lucky: Seven Lucky Gods,2022-04-27,ONA,FINISHED,12.0,10.0,Comedy,,40.0,213,0
148104,Marine Shukkou!!,2022-04-27,MUSIC,FINISHED,1.0,2.0,Action|Adventure|Ecchi|Fantasy,Frontier One,72.0,2627,35
147886,Shijian Qiutu 2,2022-04-27,ONA,FINISHED,12.0,15.0,Action,,,166,6
138700,Yuukoku no Moriarty OVA,2022-04-27,OVA,FINISHED,2.0,24.0,Drama|Mystery|Psychological|Thriller,Production I.G,77.0,17798,245
133866,Xun Jian,2022-04-26,ONA,FINISHED,12.0,,Action|Fantasy,Xing Yi Kai Chen,55.0,247,9
114108,Zuihou De Zhaohuan Shi,2022-04-26,ONA,FINISHED,12.0,23.0,Action|Fantasy,ASK Animation Studio,63.0,27796,458
149071,Fanren Xiu Xian Zhuan: Zai Bie Tiannan,2022-04-24,ONA,FINISHED,14.0,19.0,Action|Adventure|Fantasy,Wonder Cat Animation|Original Force,71.0,719,31
148434,Ai wo Kure,2022-04-24,MUSIC,FINISHED,1.0,3.0,,,,140,3
146729,Ruguo Lishi Shi Yi Qun Miao 8,2022-04-24,ONA,FINISHED,12.0,7.0,Comedy,Fatchi Moxie Studio,,71,0
132052,Kakkou no Iinazuke,2022-04-24,TV,FINISHED,24.0,23.0,Comedy|Romance,Shin-Ei Animation|SynergySP,67.0,112620,1875
177060,Xiaoke de Huatu Xie Hua: Pan Xie Yu Luo,2022-04-23,ONA,FINISHED,1.0,2.0,Comedy|Slice of Life,Gravity Well,54.0,241,2
169884,GYB!!,2022-04-23,MUSIC,FINISHED,1.0,2.0,,Studio KAI,52.0,183,2
159581,Yao Shen Ji 6,2022-04-23,ONA,FINISHED,52.0,8.0,Action|Adventure|Fantasy|Romance,Ruo Hong Culture,68.0,783,16
147934,Bokura no Saishuu Sensou,2022-04-23,MUSIC,FINISHED,1.0,3.0,,,,134,0
146730,Fatchi Baike 5,2022-04-23,ONA,FINISHED,12.0,6.0,Comedy,Fatchi Moxie Studio,,34,1
126369,Ni Zhenshi Ge Tiancai,2022-04-23,ONA,FINISHED,24.0,8.0,Comedy|Fantasy,Mili Pictures,53.0,330,9
172896,Tomica Heroes Jobraver: Tokusou Gattai Robo,2022-04-22,ONA,FINISHED,37.0,6.0,Action|Mecha,Infinity Vision,,87,0
148923,Amulet,2022-04-22,MUSIC,FINISHED,1.0,5.0,,,,100,0
142549,Crayon Shin-chan: Mononoke Ninja Chinpuuden,2022-04-22,MOVIE,FINISHED,1.0,100.0,Comedy,Shin-Ei Animation,69.0,1391,15
133124,Free!: the Final Stroke - Kouhen,2022-04-22,MOVIE,FINISHED,1.0,105.0,Drama|Sports,Kyoto Animation,78.0,12602,204
151780,Balala Xiao Moxian: Mofa Xing Yuan Bao,2022-04-21,TV,FINISHED,26.0,23.0,Mahou Shoujo,Alpha Animation,,168,3
141869,Jun You Yun,2022-04-21,ONA,FINISHED,24.0,15.0,Action|Fantasy,Passion Paint Animation,62.0,681,33
181831,Madtoy Chatty,2022-04-20,TV_SHORT,FINISHED,50.0,1.0,Comedy,Kachidoki Studio,,33,0
158564,Baby I Hate You,2022-04-20,MUSIC,FINISHED,1.0,3.0,Romance,,52.0,154,3
148182,Shinzou,2022-04-20,MUSIC,FINISHED,1.0,4.0,,,61.0,261,9
170056,Etopirika: Omoi wo Tsumugu Tori,2022-04-19,ONA,FINISHED,1.0,24.0,Drama|Supernatural,Mainichi Eigasha,,81,0
147933,Soumatou,2022-04-19,MUSIC,FINISHED,1.0,5.0,,,,105,1
146512,Xingji Yi You,2022-04-18,ONA,FINISHED,12.0,8.0,Adventure|Comedy|Fantasy,Yudubai Animation,,246,0
147777,Tekketsu†Gravity,2022-04-17,MUSIC,FINISHED,1.0,4.0,Action|Adventure,,,59,1
148395,Tomadoi Rythem,2022-04-15,MUSIC,FINISHED,1.0,3.0,,,,131,1
142219,Meitantei Conan: Halloween no Hanayome,2022-04-15,MOVIE,FINISHED,1.0,110.0,Action|Drama|Mystery,TMS Entertainment,80.0,6813,137
141368,"Otaku ni Yasashii Gal toka, Kyonyuu no Osananajimi toka.",2022-04-15,OVA,FINISHED,2.0,20.0,Hentai,Studio 9 Maiami,60.0,2832,91
137698,Kaiju Yi Zuo Shan,2022-04-15,ONA,FINISHED,12.0,,Action|Fantasy,Qiyuan Yinghua,,183,2
129201,Summer Time Render,2022-04-15,TV,FINISHED,25.0,24.0,Action|Drama|Mystery|Supernatural|Thriller,OLM,83.0,223843,9658
126367,Shikong Zhi Xi,2022-04-15,ONA,FINISHED,13.0,18.0,Action|Fantasy,B.CMAY PICTURES,59.0,2600,58
148816,Period Color,2022-04-14,MUSIC,FINISHED,1.0,2.0,,FLAT STUDIO,58.0,336,4
109911,ULTRAMAN Season 2,2022-04-14,ONA,FINISHED,6.0,25.0,Action|Drama|Sci-Fi,Production I.G|Sola Digital Arts,64.0,3503,49
147495,Doggy god's street,2022-04-13,MUSIC,FINISHED,1.0,3.0,,,69.0,1307,19
146541,Xinghe Zhizun 2,2022-04-13,ONA,FINISHED,40.0,,Fantasy,Ruo Hong Culture,,295,15
143150,Kaginado Season 2,2022-04-13,TV_SHORT,FINISHED,12.0,4.0,Comedy,LIDENFILMS Kyoto Studio,72.0,4863,70
143203,Kyoukai Senki Part 2,2022-04-12,TV,FINISHED,12.0,24.0,Fantasy|Mecha|Sci-Fi,Sunrise Beyond,61.0,4931,58
121176,Honzuki no Gekokujou: Shisho ni Naru Tame ni wa Shudan wo Erandeiraremasen 3rd Season,2022-04-12,TV,FINISHED,10.0,24.0,Drama|Fantasy|Slice of Life,Ajiado,79.0,59590,1259
144676,Onipan!,2022-04-11,TV_SHORT,FINISHED,60.0,3.0,Comedy,WIT STUDIO,62.0,6875,45
141350,Kunoichi Tsubaki no Mune no Uchi,2022-04-10,TV,FINISHED,13.0,24.0,Comedy|Supernatural,CloverWorks,69.0,23375,334
140350,Kingdom 4th Season,2022-04-10,TV,FINISHED,26.0,25.0,Action,Studio Pierrot|Studio Signpost,85.0,19353,569
132351,"Kono Healer, Mendokusai",2022-04-10,TV,FINISHED,12.0,24.0,Adventure|Comedy|Fantasy|Slice of Life,Jumondou,58.0,23943,246
127911,Kawaii dake ja Nai Shikimori-san,2022-04-10,TV,FINISHED,12.0,23.0,Comedy|Romance|Slice of Life,Doga Kobo,68.0,214368,4479
179870,Oshiri Tantei 6,2022-04-09,TV,FINISHED,13.0,20.0,Comedy|Fantasy|Mystery,Toei Animation,,83,0
146552,Xiao Motou Baolu La! 2,2022-04-09,ONA,FINISHED,13.0,6.0,Comedy|Fantasy,Wawayu Animation,62.0,682,14
142016,Yatogame-chan Kansatsu Nikki Yonsatsume,2022-04-09,TV_SHORT,FINISHED,10.0,3.0,Comedy|Slice of Life,Creators in Pack|Hayabusa Film,60.0,3268,23
140960,SPY×FAMILY,2022-04-09,TV,FINISHED,12.0,24.0,Action|Comedy|Slice of Life|Supernatural,CloverWorks|WIT STUDIO,83.0,565429,26417
134732,Aoashi,2022-04-09,TV,FINISHED,24.0,25.0,Sports,Production I.G,81.0,89848,3188
132171,Dance Dance Danseur,2022-04-09,TV,FINISHED,11.0,24.0,Drama|Romance|Slice of Life|Sports,MAPPA,76.0,30683,609
125367,Kaguya-sama wa Kokurasetai: Ultra Romantic,2022-04-09,TV,FINISHED,13.0,24.0,Comedy|Psychological|Romance|Slice of Life,A-1 Pictures,89.0,290012,15769
169379,Yudatte Saikоu! Revice Anime Yukemuri Paradise A Go! Go!,2022-04-08,ONA,FINISHED,5.0,8.0,Comedy,,,58,2
146886,Jian Yu Yuanzheng - Insomnia De Naxie Shier,2022-04-08,ONA,FINISHED,12.0,7.0,Comedy|Fantasy,Colored Pencil Animation,,159,2
133175,Mahoutsukai Reimeiki,2022-04-08,TV,FINISHED,12.0,24.0,Action|Adventure|Comedy|Ecchi|Fantasy,Tezuka Productions,62.0,56241,641
132010,Koi wa Sekai Seifuku no Ato de,2022-04-08,TV,FINISHED,12.0,24.0,Action|Comedy|Romance|Supernatural,project No.9,73.0,85579,1500
123330,Machikado Mazoku: 2-Choume,2022-04-08,TV,FINISHED,12.0,24.0,Comedy|Fantasy|Mahou Shoujo|Slice of Life,J.C.STAFF,78.0,28432,621
117197,TIGER & BUNNY 2,2022-04-08,ONA,FINISHED,13.0,24.0,Action|Comedy|Drama,Bandai Namco Pictures,73.0,8212,137
116605,Date A Live IV,2022-04-08,TV,FINISHED,12.0,24.0,Action|Comedy|Ecchi|Mecha|Romance|Sci-Fi,GEEKTOYS,76.0,81775,1958
149098,Mahoutsukai Reimeiki × Machikado Mazoku 2-Choume Collab Mini Anime,2022-04-07,ONA,FINISHED,2.0,2.0,Comedy,AQUA ARIS,47.0,412,5
147188,MIRROR TUNE,2022-04-07,MUSIC,FINISHED,1.0,4.0,,,67.0,727,20
142984,"Komi-san wa, Komyushou desu. 2",2022-04-07,TV,FINISHED,12.0,24.0,Comedy|Romance|Slice of Life,OLM,78.0,166567,3559
138459,Heroine Tarumono!: Kiraware Heroine to Naisho no Oshigoto,2022-04-07,TV,FINISHED,12.0,24.0,Drama|Music|Slice of Life,Lay-duce,71.0,24722,355
135384,Shachiku-san wa Youjo Yuurei ni Iyasaretai.,2022-04-07,TV,FINISHED,12.0,24.0,Comedy|Slice of Life|Supernatural,project No.9,68.0,14626,210
132474,"Gaikotsu Kishi-sama, Tadaima Isekai e Odekakechuu",2022-04-07,TV,FINISHED,12.0,24.0,Action|Adventure|Comedy|Fantasy,Studio KAI|HORNETS,70.0,118735,2309
154081,Jashin-chan Dropkick X Mame Anime,2022-04-06,ONA,FINISHED,12.0,1.0,Comedy,Nomad,53.0,588,5
141014,Tomodachi Game,2022-04-06,ONA,FINISHED,12.0,23.0,Drama|Mystery|Psychological|Thriller,Okuruto Noboru,76.0,165371,4533
140830,BIRDIE WING: Golf Girls' Story,2022-04-06,TV,FINISHED,13.0,24.0,Drama|Slice of Life|Sports,Bandai Namco Pictures,73.0,27903,470
140787,Motto! Majime ni Fumajime Kaiketsu Zorori 3rd Season,2022-04-06,TV,FINISHED,25.0,24.0,Adventure|Comedy,Bandai Namco Pictures|Ajiado,,332,0
132532,Deaimon,2022-04-06,TV,FINISHED,12.0,24.0,Slice of Life,Encourage Films,74.0,33631,523
130586,"Shijou Saikyou no Daimaou, Murabito A ni Tensei suru",2022-04-06,TV,FINISHED,12.0,24.0,Action|Ecchi|Fantasy|Romance,SILVER LINK.|BLADE,62.0,112245,1699
130319,RPG Fudousan,2022-04-06,TV,FINISHED,12.0,24.0,Comedy|Fantasy|Slice of Life,Doga Kobo,63.0,18808,190
111321,Tate no Yuusha no Nariagari Season 2,2022-04-06,TV,FINISHED,13.0,24.0,Action|Adventure|Fantasy,Kinema Citrus|DR Movie,65.0,244191,3908
140457,"Yuusha, Yamemasu",2022-04-05,TV,FINISHED,12.0,24.0,Action|Adventure|Comedy|Fantasy,EMT Squared,69.0,108416,1831
140002,Meitantei Conan: Zero no Tea Time,2022-04-05,ONA,FINISHED,6.0,15.0,Action|Comedy|Drama|Slice of Life,TMS Entertainment,69.0,5529,83
146488,Kidou Senshi Gundam 00: Revealed Chronicle,2022-04-04,ONA,FINISHED,3.0,9.0,Action|Mecha|Sci-Fi,,46.0,1168,11
144853,Insect Land,2022-04-04,TV_SHORT,FINISHED,22.0,5.0,Slice of Life,,,248,0
141136,"3-byougo, Yajuu.: Goukon de Sumi ni Ita Kare wa Midara na Nikushoku deshita",2022-04-04,ONA,FINISHED,8.0,8.0,Hentai|Romance|Slice of Life,Staple Entertainment,53.0,1890,42
140842,Chiikawa,2022-04-04,TV_SHORT,RELEASING,,2.0,Comedy|Slice of Life,Doga Kobo,84.0,10679,1019
133412,Healer Girl,2022-04-04,TV,FINISHED,12.0,24.0,Music|Slice of Life|Supernatural,Studio 3Hz,71.0,16640,425
204617,Koikeya SDGs Gekijou Suss to Tina Season 2,2022-04-03,TV_SHORT,FINISHED,13.0,3.0,Action|Comedy,Garage Film,,21,1
148376,Zombie-ttal,2022-04-03,TV_SHORT,FINISHED,26.0,11.0,Comedy|Supernatural,Durufix,,792,7
146865,Duel Masters King MAX,2022-04-03,TV,FINISHED,17.0,24.0,Action|Adventure|Comedy,Shogakukan Music & Digital Entertainment|Brain's Base,49.0,435,3
145968,Cap Kakumei Bottleman DX,2022-04-03,TV_SHORT,FINISHED,51.0,12.0,Action,Gaina,50.0,438,11
142842,Yu☆Gi☆Oh! Go Rush!!,2022-04-03,TV,FINISHED,151.0,24.0,Action|Fantasy|Sci-Fi,Bridge,52.0,2916,59
142074,Otomege Sekai wa Mob ni Kibishii Sekai desu,2022-04-03,TV,FINISHED,12.0,24.0,Action|Fantasy|Mecha|Romance,ENGI,71.0,127155,3038
139303,Black★★Rock Shooter: DAWN FALL,2022-04-03,TV,FINISHED,12.0,24.0,Action|Sci-Fi,Bibury Animation CG|Bibury Animation Studios,55.0,13804,173
136080,Magia Record: Mahou Shoujo Madoka☆Magica Gaiden Final SEASON - Asaki Yume no Akatsuki,2022-04-03,TV,FINISHED,4.0,24.0,Drama|Mahou Shoujo|Psychological|Thriller,Shaft,68.0,15862,205
132526,Build Divide: Code White,2022-04-03,TV,FINISHED,12.0,24.0,Action|Sci-Fi,LIDENFILMS,64.0,7306,96
143455,Jongtama PONG☆,2022-04-02,TV_SHORT,FINISHED,12.0,2.0,Comedy,Scooter Films,58.0,4358,29
140085,Shadowverse Flame,2022-04-02,TV,FINISHED,50.0,24.0,Fantasy,ZEXCS,65.0,2890,70
138452,Gunjou no Fanfare,2022-04-02,TV,FINISHED,13.0,24.0,Drama|Sports,Lay-duce,57.0,8709,54
137633,Love All Play,2022-04-02,TV,FINISHED,24.0,24.0,Sports,Nippon Animation|OLM,62.0,13872,122
137281,Aharen-san wa Hakarenai,2022-04-02,TV,FINISHED,12.0,24.0,Comedy|Romance|Slice of Life,Felix Film,71.0,126883,2414
133891,Love Live! Nijigasaki Gakuen School Idol Doukoukai 2,2022-04-02,TV,FINISHED,13.0,24.0,Music|Slice of Life,Sunrise,75.0,17295,453
129193,Shokei Shoujo no Virgin Road,2022-04-02,TV,FINISHED,12.0,24.0,Action|Adventure|Drama|Fantasy,J.C.STAFF,69.0,73419,1063
125124,Rikei ga Koi ni Ochita no de Shoumei shitemita. r=1-sinθ (Heart),2022-04-02,TV,FINISHED,12.0,24.0,Comedy|Romance,Zero-G,71.0,51755,679
207211,Renzoku Liella Shousetsu: Ren-chan,2022-04-01,ONA,FINISHED,1.0,6.0,Comedy,,,117,0
200372,Ootsuchi Kai Monogatari,2022-04-01,ONA,FINISHED,2.0,6.0,Slice of Life,DOLESS,,48,0
151660,Kenda Master Ken,2022-04-01,TV_SHORT,FINISHED,10.0,13.0,Action|Comedy,,48.0,348,3
147226,Suisei no Freyline: Prologue,2022-04-01,SPECIAL,FINISHED,1.0,7.0,Fantasy,STUDIO 6'oN,48.0,700,2
143286,Inkou Kyoushi no Saimin Seikatsu Shidouroku,2022-04-01,OVA,FINISHED,2.0,20.0,Hentai,T-REX,61.0,2017,96
143080,Odd Taxi: In the Woods,2022-04-01,MOVIE,FINISHED,1.0,127.0,Drama|Mystery|Psychological|Thriller,P.I.C.S.|OLM,65.0,19496,99
148660,Sayonara Plastic World,,MUSIC,FINISHED,1.0,2.0,,,,74,0
155897,Wonderism: Kimi wo Yobu Koe,2022-03-31,MUSIC,FINISHED,1.0,4.0,Fantasy|Sci-Fi,,,94,0
146934,TEMPLATE,2022-03-31,MUSIC,FINISHED,1.0,3.0,Mystery|Psychological,d00r works,71.0,1296,27
141774,Paripi Koumei,2022-03-31,TV,FINISHED,12.0,24.0,Comedy|Drama|Music|Supernatural,P.A.WORKS,79.0,103556,2808
158676,Odd Taxi Original Picture Drama,2022-03-30,SPECIAL,FINISHED,1.0,9.0,,P.I.C.S.,56.0,1116,2
155913,Rock'n Oyone,2022-03-30,ONA,FINISHED,1.0,10.0,Music,Studio elle,,120,0
155911,Kirakira Kirari☆,2022-03-30,ONA,FINISHED,1.0,10.0,,Lesprit,67.0,722,2
155910,Tenjin,2022-03-30,ONA,FINISHED,1.0,10.0,Supernatural,IMAGICA DIGITALSCAPE,45.0,278,1
155736,Uchuu Camper Chichi,2022-03-30,ONA,FINISHED,1.0,9.0,Sci-Fi,Production +h,49.0,379,0
147948,Touitten,2022-03-30,MUSIC,FINISHED,1.0,4.0,,,,120,3
146923,Genei,2022-03-30,MUSIC,FINISHED,1.0,4.0,Psychological,Studio Gohan,58.0,384,5
144336,Tensai Ouji no Akaji Kokka Saisei Jutsu: Short Drama Specials,2022-03-30,SPECIAL,FINISHED,4.0,3.0,Slice of Life,AQUA ARIS,62.0,3164,64
136226,Strike the Blood FINAL,2022-03-30,OVA,FINISHED,4.0,27.0,Action|Ecchi|Fantasy|Supernatural,CONNECT,66.0,15038,222
145841,Tesla Note: Mickey to Oliver no Agent Yousei Kouza: Tsuika Kouza,2022-03-29,SPECIAL,FINISHED,1.0,2.0,,W-Toon Studio,,169,1
143202,Princess Principal: Crown Handler - Chapter 2: Revealing Reviews,2022-03-29,OVA,FINISHED,1.0,7.0,,Actas,67.0,2591,21
200647,Ojarumaru: Heianchou Onigami Kessen,2022-03-28,SPECIAL,FINISHED,1.0,30.0,Adventure|Comedy|Fantasy,Studio Gallop,,24,0
154041,I Love Me,2022-03-28,TV_SHORT,FINISHED,3.0,10.0,,ODDJOB,,155,0
148836,Cosmos no Natsu,2022-03-28,MOVIE,FINISHED,1.0,6.0,Romance|Slice of Life,,,124,1
146866,Jongtama PONG☆Hai,2022-03-28,ONA,FINISHED,1.0,2.0,Comedy|Sports,Scooter Films,51.0,890,2
125447,Thermae Romae Novae,2022-03-28,ONA,FINISHED,11.0,29.0,Comedy|Slice of Life,NAZ,70.0,10322,141
143508,Wu Ying Sanqian Dao,2022-03-27,ONA,FINISHED,10.0,12.0,Action|Adventure|Comedy|Fantasy,Tang Kirin Culture,59.0,519,18
149974,Seven Count,2022-03-26,MUSIC,FINISHED,1.0,3.0,Fantasy,Shirogumi,61.0,403,2
148523,Samishii Hito,2022-03-25,MUSIC,FINISHED,1.0,3.0,,,,94,0
143065,Yamitsuki Mura / Melty Limit The Animation,2022-03-25,OVA,FINISHED,2.0,20.0,Hentai,BREAKBOTTLE,62.0,2318,77
135513,Kaede to Suzu THE ANIMATION,2022-03-25,OVA,FINISHED,3.0,27.0,Hentai,Studio 1st,76.0,8729,508
146655,Hakkoutai Solar Cycle,2022-03-24,MUSIC,FINISHED,1.0,5.0,,,59.0,456,1
143846,Arifureta Shokugyou de Sekai Saikyou 2nd season Special,2022-03-23,SPECIAL,FINISHED,1.0,24.0,Action|Adventure|Fantasy|Psychological,Asread|studio MOTHER,68.0,22111,346
137337,Non Non Biyori: Nonstop - Bukatsu wo Ganbatta,2022-03-23,OVA,FINISHED,1.0,22.0,Comedy|Slice of Life,SILVER LINK.,80.0,10886,116
151985,Heroine Tarumono!: Kiraware Heroine to Naisho no Oshigoto Mini Anime,2022-03-22,ONA,FINISHED,6.0,2.0,,,50.0,506,2
187219,wasimo Special: Chikyuu no Mirai wo Sukue! Washimo vs Washija,2022-03-21,SPECIAL,FINISHED,1.0,60.0,Comedy|Sci-Fi,,,22,0
170823,Echigo Bakufu,2022-03-19,SPECIAL,FINISHED,28.0,2.0,Comedy|Fantasy,Kachidoki Studio,,126,0
149099,Mahoutsukai Reimeiki Mini Anime,2022-03-19,ONA,FINISHED,20.0,2.0,Comedy,AQUA ARIS,50.0,698,3
146503,Tensei Shitara Slime Datta Ken: Sukuwareru Ramiris,2022-03-19,ONA,FINISHED,2.0,3.0,Comedy|Fantasy,8-bit,69.0,8353,138
146497,Brand new Pastel Road!,2022-03-18,MUSIC,FINISHED,1.0,4.0,Fantasy,Scooter Films,63.0,612,3
146443,YOKU,2022-03-18,MUSIC,FINISHED,1.0,3.0,,,74.0,1880,47
142806,Oshiri Tantei: SHIRIARTY,2022-03-18,MOVIE,FINISHED,1.0,50.0,Comedy|Mystery,Toei Animation|Studio Gallop,,141,3
140955,Shi Wang Zhe A?,2022-03-18,ONA,FINISHED,14.0,5.0,Comedy|Fantasy,Qiying Animation,,241,2
124032,Ginga Eiyuu Densetsu: Die Neue These - Gekitotsu,2022-03-17,ONA,FINISHED,12.0,25.0,Action|Drama|Fantasy|Sci-Fi,Production I.G,80.0,8230,167
159708,Suki ni Zen Furou!,2022-03-16,ONA,FINISHED,1.0,1.0,,Boundary,46.0,205,2
148821,CUE! Short Anime,2022-03-16,SPECIAL,FINISHED,12.0,3.0,,REVOROOT|studio daisy|GEEKTOYS|Studio Colorido,53.0,837,16
147930,A-men de Koi wo Shite,2022-03-16,MUSIC,FINISHED,1.0,3.0,Romance,,,103,0
146485,SpoGOMI: World Cup Exhibition Match-hen,2022-03-16,ONA,FINISHED,1.0,29.0,Sports,Tomason,46.0,444,1
141534,Mushoku Tensei: Isekai Ittara Honki Dasu Part 2 - Eris no Goblin Toubatsu,2022-03-16,SPECIAL,FINISHED,1.0,24.0,Adventure|Drama|Fantasy,Studio Bind,78.0,83065,1096
146471,Generic Riot!!,2022-03-15,MUSIC,FINISHED,1.0,4.0,Action|Sports,Hurray!,59.0,285,3
148005,Chameleon,2022-03-14,MUSIC,FINISHED,1.0,3.0,,,51.0,150,1
146554,Jifeng Jingshe,2022-03-14,ONA,FINISHED,52.0,15.0,Sports,,,60,1
146316,Senkou,2022-03-12,MUSIC,FINISHED,1.0,2.0,,,65.0,1089,3
207215,Taikutsu wo Saien Shinaide,2022-03-11,MUSIC,FINISHED,1.0,4.0,Psychological,,59.0,151,3
172973,Shimajirou to Kirakira Oukoku no Ouji-sama,2022-03-11,MOVIE,FINISHED,1.0,60.0,Adventure|Comedy|Fantasy,The Answer Studio,,240,0
147728,Aharen-san wa Hakarenai Mini,2022-03-11,ONA,FINISHED,18.0,1.0,Comedy,AQUA ARIS,56.0,2341,26
146441,Darkroom,2022-03-11,MUSIC,FINISHED,1.0,3.0,Psychological,,54.0,281,1
138833,Abandon: 100 Nukishinai to Derarenai Fushigi na Kyoushitsu,2022-03-11,OVA,FINISHED,2.0,16.0,Hentai,Rabbit Gate,55.0,1389,29
172179,Watashi no Saigo no Hi,2022-03-10,MUSIC,FINISHED,1.0,5.0,Fantasy|Romance,,,156,1
146140,BanG Dream! Girls Band Party!: 5th Anniversary Animation - CiRCLE THANKS PARTY!,2022-03-10,SPECIAL,FINISHED,2.0,24.0,Music|Slice of Life,SANZIGEN,74.0,3046,38
139589,Kotarou wa Hitorigurashi,2022-03-10,ONA,FINISHED,10.0,28.0,Comedy|Drama|Slice of Life,LIDENFILMS,81.0,65271,2185
130550,Totsukuni no Shoujo (2022),2022-03-10,OVA,FINISHED,1.0,70.0,Drama|Fantasy|Mystery,WIT STUDIO,75.0,32272,663
147941,Aimai Irony,2022-03-09,MUSIC,FINISHED,1.0,3.0,Psychological,,,115,1
146208,Dilemma,2022-03-09,MUSIC,FINISHED,1.0,3.0,Drama,OTOIRO,62.0,532,5
148363,Ki no Uta,2022-03-08,MUSIC,FINISHED,1.0,3.0,,,,98,0
147857,Kimi to Soda,2022-03-07,MUSIC,FINISHED,1.0,4.0,,,,98,0
149848,NEUROMANCE,2022-03-06,MUSIC,FINISHED,1.0,4.0,,,,97,0
146119,Kruel Kreator,2022-03-04,MUSIC,FINISHED,1.0,3.0,,,58.0,241,2
144916,Bukusuta The WORLD,2022-03-04,SPECIAL,FINISHED,4.0,2.0,Comedy|Slice of Life,,,216,3
141907,Ensemble Stars!!: Road to Show!!,2022-03-04,MOVIE,FINISHED,1.0,72.0,Music|Slice of Life,david production,67.0,3038,47
138379,Blue Thermal,2022-03-04,MOVIE,FINISHED,1.0,104.0,Drama|Sports,Telecom Animation Film,66.0,6963,52
126783,Doraemon: Nobita no Little Star Wars 2021,2022-03-04,MOVIE,FINISHED,1.0,108.0,Adventure|Comedy|Sci-Fi,Shirogumi,69.0,1777,12
143289,Estab-Life: Great Escape,2022-03-01,ONA,FINISHED,12.0,23.0,Action|Sci-Fi,POLYGON PICTURES,61.0,4779,34
188068,Titipo Titipo 3,2022-02-28,TV_SHORT,FINISHED,26.0,11.0,Adventure,Iconix Entertainment|Gale,,37,0
170443,"Miko Note Episode ""0"": Zenjitsutan",2022-02-28,ONA,FINISHED,1.0,11.0,Mystery|Slice of Life,Graphinica,48.0,190,1
154163,Sekigahara Gassen: Kiro ni Tatta Tarui no Bushou-tachi,2022-02-27,ONA,FINISHED,1.0,9.0,,Asura Film,42.0,205,0
150963,Tooboe,2022-02-26,MUSIC,FINISHED,1.0,3.0,,,,119,2
150541,Tricologe,2022-02-26,MUSIC,FINISHED,1.0,4.0,,,52.0,163,1
145919,Amagami,2022-02-25,MUSIC,FINISHED,1.0,4.0,Fantasy|Mystery|Supernatural,,58.0,387,7
142229,Eroriman,2022-02-25,OVA,RELEASING,,24.0,Hentai,PoRO petit,60.0,1673,49
142117,Kimi wa Yasashiku Netorareru The Animation,2022-02-25,OVA,FINISHED,6.0,16.0,Hentai,Seven,60.0,2259,130
142116,Garden: Takamine-ke no Nirinka The Animation,2022-02-25,OVA,FINISHED,1.0,30.0,Hentai,Seven,72.0,4218,207
113345,"DEEMO: Sakura no Oto - Anata no Kanadeta Oto ga, Ima mo Hibiku",2022-02-25,MOVIE,FINISHED,1.0,89.0,Music,Production I.G|Signal.MD,57.0,5458,34
148692,Mayday,2022-02-24,MUSIC,FINISHED,1.0,3.0,,,57.0,181,3
139170,Qi Jie Diyi Xian,2022-02-24,ONA,FINISHED,120.0,11.0,Fantasy,Soyep,54.0,452,12
189068,Milky☆Highway,2022-02-23,ONA,FINISHED,1.0,3.0,Adventure|Comedy|Sci-Fi,,70.0,4044,44
148704,Zurui Maboroshi,2022-02-22,MUSIC,FINISHED,1.0,4.0,,,51.0,184,0
145608,Uma Musume: Pretty Derby - 1st Anniversary Special Animation,2022-02-22,SPECIAL,FINISHED,1.0,7.0,Slice of Life|Sports,Studio KAI,70.0,8800,94
162745,Ryuukyuu Timeline 2: Tedako no Machi Tanbou,2022-02-21,ONA,FINISHED,1.0,10.0,Adventure|Fantasy,GYORAI EIZOU,48.0,405,1
155346,"Kikkake wa, KitKat de.",2022-02-21,SPECIAL,FINISHED,2.0,1.0,Slice of Life,,56.0,501,7
146397,Cosmo Samurai 2,2022-02-20,TV_SHORT,FINISHED,4.0,5.0,Action|Sci-Fi,Telecom Animation Film,,108,1
145478,hololiveERROR,2022-02-19,ONA,FINISHED,24.0,4.0,Horror|Mystery|Supernatural,NOKID,65.0,2203,65
145210,Douluo Dalu: Feng Qi Tangmen,2022-02-19,ONA,FINISHED,13.0,17.0,Action|Adventure|Fantasy|Romance,Sparkly Key Animation,78.0,1490,61
142553,Women De Dong Ao,2022-02-19,MOVIE,FINISHED,,,Sports,Shanghai Animation Film Studio,,123,0
146887,Nanako Zhichang Da Zuozhan,2022-02-18,ONA,FINISHED,12.0,1.0,Comedy|Slice of Life,Duoling Cartoon,,89,2
146336,Isekaiwhere,2022-02-18,MUSIC,FINISHED,1.0,3.0,,,,123,1
145508,Shiori,2022-02-18,MUSIC,FINISHED,1.0,4.0,Fantasy,ICHIZIKU,59.0,275,4
145388,I Wanna,2022-02-18,MUSIC,FINISHED,1.0,4.0,Slice of Life,,64.0,831,7
136302,"Goodbye, Don Glees!",2022-02-18,MOVIE,FINISHED,1.0,94.0,Adventure|Comedy|Drama,MADHOUSE,73.0,13535,231
136192,Fruits Basket: prelude,2022-02-18,MOVIE,FINISHED,1.0,88.0,Drama|Romance,TMS Entertainment,82.0,49012,983
143663,Bakemonogatari PV,2022-02-17,SPECIAL,FINISHED,1.0,3.0,Mystery|Romance|Supernatural,Shaft,73.0,5033,51
146442,MERMAID,2022-02-16,MUSIC,FINISHED,1.0,4.0,Mystery,,51.0,172,1
145959,Sode no Quilt,2022-02-16,MUSIC,FINISHED,1.0,4.0,,,59.0,348,1
142411,Boku no Hero Academia THE MOVIE: World Heroes' Mission - Tabidachi,2022-02-16,OVA,FINISHED,1.0,6.0,Action|Comedy,bones,73.0,15936,247
145925,Benghuai 3: Dong Zhi Jiyi,2022-02-15,ONA,FINISHED,1.0,2.0,Sports,Fantasier Animation,72.0,944,23
145012,Kamigawa: Neon Dynasty,2022-02-15,ONA,FINISHED,1.0,4.0,Action|Fantasy|Sci-Fi,WIT STUDIO,62.0,992,12
146131,Repaint,2022-02-14,MUSIC,FINISHED,1.0,5.0,Sci-Fi,,65.0,589,2
145994,Machikado Mazoku: 2-Choume Mini,2022-02-14,ONA,FINISHED,24.0,1.0,Comedy|Fantasy|Mahou Shoujo|Slice of Life,AQUA ARIS,53.0,907,16
170013,Penetrate Blue: Vapor Trail Another Age 2824,2022-02-13,ONA,FINISHED,1.0,24.0,Action|Mecha|Sci-Fi,,49.0,536,5
145209,melt,2022-02-13,MUSIC,FINISHED,1.0,2.0,Romance,,57.0,510,2
147190,Parasite Piano,2022-02-12,MUSIC,FINISHED,1.0,3.0,Psychological,,58.0,337,3
152005,Kyokou Suiri Mini Anime Season 2,2022-02-11,ONA,FINISHED,16.0,2.0,Comedy,AQUA ARIS,53.0,977,10
145059,A Ripple in Time,2022-02-11,ONA,FINISHED,1.0,6.0,Adventure|Fantasy,OLM,58.0,1823,6
140321,Sei Dorei Gakuen 2,2022-02-11,OVA,FINISHED,2.0,30.0,Hentai,Anime Antenna Iinkai,58.0,1315,43
145063,"Kawaru Machi, Kawareru Machi, Ishinomaki feat. Jun",2022-02-10,ONA,FINISHED,1.0,10.0,Drama|Fantasy|Psychological,monofilmo,61.0,868,11
144990,Piplup Step,2022-02-10,MUSIC,FINISHED,1.0,2.0,Slice of Life,,69.0,2375,36
195934,Shiyakusho,2022-02-08,SPECIAL,FINISHED,1.0,11.0,Drama|Psychological|Slice of Life|Supernatural,TYPHOON GRAPHICS,62.0,416,3
145895,KOF XV: Special Animated Short,2022-02-08,ONA,FINISHED,1.0,2.0,Action,Studio G-1Neo,62.0,778,6
145830,Mao Zhi Ming Specials,2022-02-08,ONA,FINISHED,5.0,5.0,Comedy|Fantasy|Slice of Life,TRCARTOON,55.0,203,1
144991,Parasite,2022-02-07,MUSIC,FINISHED,1.0,3.0,Psychological|Romance,OTOIRO,62.0,844,10
146885,Bakugan: Evolutions,2022-02-06,TV,FINISHED,30.0,22.0,Action|Comedy|Fantasy,TMS Entertainment,63.0,811,11
142080,Delicious Party♡Precure,2022-02-06,TV,FINISHED,45.0,24.0,Action|Fantasy|Mahou Shoujo,Toei Animation,66.0,6066,116
123752,Shenmue the Animation,2022-02-06,TV,FINISHED,13.0,24.0,Action|Adventure|Drama,Telecom Animation Film,63.0,7504,97
147989,Mugen no Ao,2022-02-04,MUSIC,FINISHED,1.0,7.0,Sci-Fi,,51.0,165,0
140431,Akane wa Tsumare Somerareru,2022-02-04,OVA,FINISHED,2.0,17.0,Hentai,T-REX,64.0,4402,275
140320,Himitsu no Kichi,2022-02-04,OVA,FINISHED,2.0,21.0,Hentai,Studio 9 Maiami,59.0,1926,59
134070,Hairpin Double,2022-02-04,SPECIAL,FINISHED,1.0,7.0,Mecha,Felix Film|GA-CREW,43.0,776,3
102891,Shika no Ou: Yuna to Yakusoku no Tabi,2022-02-04,MOVIE,FINISHED,1.0,113.0,Action|Adventure|Drama|Fantasy,Production I.G,68.0,15412,122
151779,Xiong Chumo: Chongfan Diqiu,2022-02-01,MOVIE,FINISHED,1.0,99.0,Adventure|Comedy|Sci-Fi,Fantawild Animation,,68,2
145852,"Ore, Tsushima x Na Mo Naki Nezumi",2022-02-01,ONA,FINISHED,2.0,2.0,Comedy|Slice of Life,AQUA ARIS,46.0,263,1
143620,Xiao Hu Dun Da Yingxiong,2022-02-01,MOVIE,FINISHED,1.0,89.0,Adventure,Soular Animation,,55,0
139669,Xi Yangyang Yu Hui Tailang: Kuang Chu Weilai,2022-02-01,MOVIE,FINISHED,1.0,94.0,Comedy|Sports,,,75,0
133661,Zhen Dao Ge: Chenshi Xing,2022-02-01,ONA,FINISHED,1.0,90.0,Action|Adventure|Drama,Infinity Animation,56.0,242,4
147698,Futsuu to Wa,,MUSIC,FINISHED,1.0,2.0,,,,53,0
147432,Omoide ni Hanashikakete Mita,,MUSIC,FINISHED,1.0,2.0,,,,48,0
184374,Jin Shancheng Cai Qiu Hua Hui Yi Shi: 2022 Bainian Ji Dan Pin,2022-01-31,ONA,FINISHED,1.0,7.0,Action,,,127,4
140502,Ryman's Club,2022-01-30,TV,FINISHED,12.0,23.0,Drama|Sports,LIDENFILMS,72.0,28402,389
137378,Eien no 831,2022-01-30,SPECIAL,FINISHED,1.0,105.0,Supernatural,Craftar,46.0,3286,11
186619,Meijou 2,2022-01-29,OVA,FINISHED,2.0,12.0,Hentai,Poly Animation,,256,9
126391,Yong Sheng,2022-01-29,ONA,FINISHED,12.0,20.0,Adventure|Drama|Fantasy,Oriental Creative Color,68.0,1102,51
144992,Kumichou Musume to Sewagakari Picture Drama,2022-01-28,ONA,FINISHED,7.0,2.0,Comedy,,54.0,1109,12
144451,stars*collection,2022-01-28,ONA,FINISHED,62.0,2.0,Comedy|Slice of Life,Cover Corp,65.0,927,21
141887,Long She Yanyi,2022-01-28,ONA,FINISHED,16.0,,Action|Adventure|Drama,Xuni Pictures|Wonder Cat Animation,61.0,476,15
140883,Ero Ishi,2022-01-28,OVA,FINISHED,4.0,22.0,Hentai,PoRO petit,58.0,1460,40
138717,Otome wa Boku ni Koishiteru: Mittsu no Kiraboshi - The Animation,2022-01-28,OVA,FINISHED,1.0,25.0,Drama|Romance,EXNOA,49.0,2399,35
129243,Zhu Tian Ji,2022-01-28,ONA,FINISHED,26.0,15.0,Action|Adventure|Fantasy,2:10 Animation,63.0,762,37
101705,Chikyuugai Shounen Shoujo,2022-01-28,ONA,FINISHED,6.0,32.0,Adventure|Sci-Fi,Production +h,68.0,19690,210
153843,NoriPro Anime,2022-01-27,ONA,RELEASING,,2.0,Comedy|Slice of Life,,,222,4
145824,Wan Yu Zhi Wang,2022-01-27,ONA,FINISHED,24.0,12.0,Action|Fantasy,Xing Yi Kai Chen,,236,6
145823,Xian Yu Ge Specials,2022-01-27,ONA,FINISHED,2.0,25.0,Comedy|Slice of Life,717 Studio,,77,0
141132,Shaonian Ge Xing: Feng Hua Xue Yue Pian Part 2,2022-01-26,ONA,FINISHED,16.0,15.0,Action|Adventure|Fantasy,CG Year,59.0,315,14
137740,Wan Sheng Jie 3,2022-01-26,ONA,FINISHED,12.0,5.0,Comedy|Fantasy|Slice of Life|Supernatural,HMCH,79.0,4278,89
143485,Onmyoji: Heian Monogatari 3,2022-01-25,ONA,FINISHED,12.0,5.0,Comedy|Slice of Life|Supernatural,Studio Massket,50.0,365,4
137738,Xingchen Bian: Po Tian Mi Ju,2022-01-23,ONA,FINISHED,16.0,26.0,Action|Adventure|Fantasy|Romance,Foch,72.0,1087,52
144251,Omoikou,2022-01-22,MUSIC,FINISHED,1.0,1.0,,,65.0,764,11
178150,Sincereality,2022-01-21,MUSIC,FINISHED,1.0,3.0,Drama|Music|Slice of Life,,,75,0
148901,Inochi wa Dare no Mono,2022-01-21,MUSIC,FINISHED,1.0,3.0,,,,114,0
147337,Ain't Seen Nothing Like This,2022-01-21,MUSIC,FINISHED,1.0,2.0,,ARCUS,61.0,540,7
144190,konomachi ni hare wa konai,2022-01-21,MUSIC,FINISHED,1.0,5.0,,,63.0,720,8
142794,Pocket Monsters (2019): Kami to Yobareshi Arceus,2022-01-21,SPECIAL,FINISHED,4.0,17.0,Action|Adventure|Fantasy,OLM,66.0,4851,38
139592,TALES OF LUMINARIA: The Fateful Crossroad,2022-01-21,ONA,FINISHED,2.0,27.0,Action|Adventure|Fantasy,Kamikaze Douga,58.0,2541,20
137725,Hua Jianghu: Buliang Ren 5,2022-01-20,ONA,FINISHED,12.0,25.0,Adventure|Drama|Romance,Rocen,58.0,255,14
126400,Qian Cong Shou,2022-01-20,ONA,FINISHED,16.0,23.0,Action,Painted Edge,53.0,507,7
145708,Talk with God,2022-01-19,MUSIC,FINISHED,1.0,4.0,Supernatural,Mirai Film,47.0,156,0
143483,Mao Xian Dong De Shou,2022-01-19,ONA,FINISHED,15.0,,Comedy|Slice of Life,Painted Edge,,128,1
136436,Kobayashi-san Chi no Maidragon S: Nippon no Omotenashi (Attend wa Dragon desu),2022-01-19,OVA,FINISHED,1.0,24.0,Comedy|Fantasy|Slice of Life,Kyoto Animation,77.0,32689,339
176912,Inou no AICis Dai-0-wa,2022-01-18,SPECIAL,FINISHED,1.0,32.0,Supernatural|Thriller,,,80,1
133786,Jing Cui Xian Zun,2022-01-18,ONA,FINISHED,20.0,10.0,Fantasy,Soyep,,200,3
148004,Love Veggie,2022-01-17,MUSIC,FINISHED,1.0,1.0,,,,76,0
144189,Sugar Loss,2022-01-16,MUSIC,FINISHED,1.0,3.0,Supernatural,,60.0,309,2
148365,Kimi wo ugatsu,2022-01-15,MUSIC,FINISHED,1.0,5.0,,,,58,0
146582,Xiangzhe Mingliang Na Fang,2022-01-15,MOVIE,FINISHED,1.0,83.0,Fantasy|Slice of Life,,,71,0
141899,Xiao Motou Baolu La!,2022-01-15,ONA,FINISHED,13.0,8.0,Comedy|Fantasy,Wawayu Animation,61.0,2020,37
135136,Vanitas no Carte Part 2,2022-01-15,TV,FINISHED,12.0,24.0,Action|Drama|Fantasy|Mystery|Supernatural,bones,81.0,101367,2952
148932,Inzai Aru Aru Monogatari,2022-01-14,ONA,FINISHED,1.0,18.0,Slice of Life,Asura Film,44.0,315,0
138912,Atasha Kawashiri Kodama da yo: Dangerous Lifehacker no Tadareta Seikatsu,2022-01-14,TV_SHORT,FINISHED,24.0,3.0,Slice of Life,Lapin Track,53.0,3750,24
175343,Parallel World,2022-01-13,MUSIC,FINISHED,1.0,3.0,Fantasy,,,62,0
143863,It'll be fine!,2022-01-13,MUSIC,FINISHED,1.0,3.0,,OLM,67.0,1664,25
141871,Wo De Yi Jie Zhi Lu,2022-01-13,ONA,FINISHED,40.0,11.0,Comedy|Fantasy,Ruo Hong Culture,54.0,651,18
139675,Puchi Seka,2022-01-13,ONA,FINISHED,10.0,3.0,Comedy|Music|Slice of Life,Scooter Films,66.0,3848,64
112323,Arifureta Shokugyou de Sekai Saikyou 2nd season,2022-01-13,TV,FINISHED,12.0,24.0,Action|Adventure|Fantasy|Psychological,Asread|studio MOTHER,70.0,131650,2896
165978,Datte Kyou made Koiwazurai,2022-01-12,MUSIC,FINISHED,1.0,3.0,,,50.0,160,1
143708,ChroNoiR x vaultroom,2022-01-12,SPECIAL,FINISHED,1.0,1.0,,,51.0,220,1
143612,"""Anata wo Hitokoto de Arawashite Kudasai"" no Shitsumon ga Nigate da.",2022-01-12,ONA,FINISHED,1.0,5.0,Sci-Fi,Sunrise,56.0,936,5
143416,BABY-HAMITANG,2022-01-12,TV_SHORT,FINISHED,6.0,4.0,,Robot,46.0,250,2
134252,Fantasy Bishoujo Juniku Oji-san to,2022-01-12,TV,FINISHED,12.0,24.0,Adventure|Comedy|Fantasy|Romance,OLM,70.0,64722,1003
127050,Koroshi Ai,2022-01-12,TV,FINISHED,12.0,24.0,Action|Psychological|Romance,Platinum Vision,67.0,65057,1017
119056,Kenja no Deshi wo Nanoru Kenja,2022-01-12,TV,FINISHED,12.0,24.0,Adventure|Fantasy,studio A-CAT,60.0,43594,570
149346,Gon De Hanta: Tata Turan Xiangdao 2,2022-01-11,ONA,FINISHED,12.0,6.0,Comedy|Slice of Life,Block 12,,62,1
143621,Suki Datta (Hazu Datta),2022-01-11,MUSIC,FINISHED,1.0,4.0,Romance,,50.0,173,0
143415,Ohiru no Shocker-san,2022-01-11,TV_SHORT,FINISHED,50.0,1.0,Comedy,MMDGP,,115,2
137247,Gensou Sangokushi: Tengen Reishinki,2022-01-11,TV,FINISHED,12.0,25.0,Fantasy,GEEKTOYS,44.0,6842,62
130591,Sabikui Bisco,2022-01-11,TV,FINISHED,12.0,24.0,Action|Adventure|Fantasy,OZ|NAZ,70.0,83726,1283
129190,Tensai Ouji no Akaji Kokka Saisei Jutsu,2022-01-11,TV,FINISHED,12.0,24.0,Comedy|Fantasy,Yokohama Animation Lab,72.0,109330,2167
122808,Princess Connect! Re:Dive Season 2,2022-01-11,TV,FINISHED,12.0,24.0,Action|Adventure|Comedy|Fantasy,CygamesPictures,76.0,43918,891
142826,Yami Shibai 10,2022-01-10,TV_SHORT,FINISHED,13.0,5.0,Horror|Supernatural,ILCA,56.0,3172,23
142216,Garugaku. II: Lucky Stars,2022-01-10,TV_SHORT,FINISHED,50.0,3.0,Comedy|Music,OLM,52.0,595,7
141874,Hua Kaizhang Meili,2022-01-10,ONA,FINISHED,12.0,5.0,Comedy|Romance,Hui Guang Studio,,131,0
139804,TRIBE NINE,2022-01-10,TV,FINISHED,12.0,24.0,Action|Sci-Fi|Sports,LIDENFILMS,56.0,16989,137
135848,Ouji no Honmei wa Akuyaku Reijou,2022-01-10,ONA,FINISHED,8.0,6.0,Fantasy|Hentai|Romance,Studio Houkiboshi,56.0,2694,48
131681,Shingeki no Kyojin: The Final Season Part 2,2022-01-10,TV,FINISHED,12.0,24.0,Action|Drama|Fantasy|Mystery|Psychological,MAPPA,87.0,436777,15740
126288,Sasaki to Miyano,2022-01-10,TV,FINISHED,12.0,24.0,Comedy|Romance|Slice of Life,Studio DEEN,81.0,80473,4192
144993,Hotaru wa Inakatta,2022-01-09,MUSIC,FINISHED,1.0,4.0,Slice of Life,Studio Gohan,58.0,309,3
144852,Aka-chan Honbuchou 2nd Season,2022-01-09,TV_SHORT,FINISHED,8.0,5.0,Comedy,Tomovies,,111,0
141063,On Air Dekinai!,2022-01-09,TV_SHORT,FINISHED,12.0,3.0,Comedy,Jinnan Studio|Space Neko Company,48.0,836,6
139648,Genjitsu Shugi Yuusha no Oukoku Saikenki Part 2,2022-01-09,TV,FINISHED,13.0,24.0,Action|Adventure|Fantasy|Romance,J.C.STAFF,73.0,89335,1510
136428,Kaijin Kaihatsubu no Kuroitsu-san,2022-01-09,TV,FINISHED,12.0,24.0,Comedy|Fantasy,Quad,65.0,20885,233
132405,Sono Bisque Doll wa Koi wo Suru,2022-01-09,TV,FINISHED,12.0,24.0,Comedy|Ecchi|Romance|Slice of Life,CloverWorks,80.0,424574,19926
131548,Akebi-chan no Sailor Fuku,2022-01-09,TV,FINISHED,12.0,24.0,Slice of Life,CloverWorks,75.0,73371,1627
124060,Baraou no Souretsu,2022-01-09,TV,FINISHED,24.0,24.0,Action|Drama|Supernatural,J.C.STAFF,56.0,21888,256
112719,Futsal Boys!!!!!,2022-01-09,TV,FINISHED,12.0,24.0,Sports,diomedéa,50.0,10975,84
109820,Sabiiro no Armor: Reimei,2022-01-09,TV,FINISHED,12.0,24.0,Action,Kigumi,28.0,2296,12
142274,Ninjala,2022-01-08,TV,RELEASING,,23.0,Action|Comedy|Sci-Fi,OLM,47.0,1405,34
138424,Karakai Jouzu no Takagi-san 3,2022-01-08,TV,FINISHED,12.0,24.0,Comedy|Romance|Slice of Life,Shin-Ei Animation,82.0,56259,1522
129191,Shikkakumon no Saikyou Kenja,2022-01-08,TV,FINISHED,12.0,24.0,Action|Adventure|Comedy|Fantasy|Romance|Slice of Life,J.C.STAFF,61.0,96543,1260
128828,Dolls' Frontline,2022-01-08,TV,FINISHED,12.0,25.0,Action|Drama,Asahi Production,53.0,19496,222
125682,CUE!,2022-01-08,TV,FINISHED,24.0,24.0,Music,Graphinica|Yumeta Company,64.0,9751,117
169377,Taiko no Tatsujin (2022),2022-01-07,ONA,RELEASING,,7.0,Comedy|Music|Slice of Life,,,117,0
153320,Nani Yattemo Umaku Ikanai (feat. asmi),2022-01-07,MUSIC,FINISHED,1.0,2.0,,,60.0,260,7
146004,Girigiri Warukunai Watame,2022-01-07,ONA,RELEASING,,1.0,Comedy|Slice of Life,,69.0,1284,64
145814,Yong Mei,2022-01-07,ONA,FINISHED,1.0,23.0,Drama|Romance|Supernatural,,,90,2
145405,New Initial D Movie: BATTLE DIGEST,2022-01-07,OVA,FINISHED,1.0,47.0,Action|Sports,SANZIGEN|LIDENFILMS,74.0,3060,42
127549,Slow Loop,2022-01-07,TV,FINISHED,12.0,24.0,Slice of Life|Sports,CONNECT,71.0,28735,480
118465,Shuumatsu no Harem,2022-01-07,TV,FINISHED,11.0,24.0,Ecchi|Sci-Fi,AXsiZ|Studio Gokumi,55.0,77107,1049
143405,My song,2022-01-06,MUSIC,FINISHED,1.0,4.0,,Qzil.la,71.0,1051,24
140643,Tokyo 24-ku,2022-01-06,TV,FINISHED,12.0,24.0,Mystery|Sci-Fi,CloverWorks,60.0,25003,204
128400,Saiyuuki RELOAD: ZEROIN,2022-01-06,TV,FINISHED,13.0,24.0,Action|Adventure|Supernatural,LIDENFILMS,60.0,3737,31
128034,ORIENT,2022-01-06,TV,FINISHED,12.0,24.0,Action|Adventure|Comedy|Fantasy,A.C.G.T.,62.0,43685,537
189717,GO! GO! TOKYO MER: Kinkyuujitai to Tatakau Nakama-tachi,2022-01-05,ONA,RELEASING,,2.0,Comedy,FUNNY MOVIE,,30,0
143413,Teiko Penguin,2022-01-05,TV_SHORT,FINISHED,13.0,5.0,Slice of Life,Plott,,214,2
140950,Irodorimidori,2022-01-05,TV_SHORT,FINISHED,8.0,3.0,Music,Akatsuki,54.0,4081,25
137312,Hakozume: Kouban Joshi no Gyakushuu,2022-01-05,TV,FINISHED,13.0,24.0,Comedy|Drama|Slice of Life,MADHOUSE,68.0,18496,185
130166,Leadale no Daichi nite,2022-01-05,TV,FINISHED,12.0,24.0,Adventure|Fantasy,Maho Film,68.0,59089,1150
141890,Bing Zhu Qi Hun,2022-01-04,ONA,FINISHED,12.0,21.0,Action|Fantasy,Hua Dream,51.0,377,13
140430,Kyonyuu Elf Oyako Saimin,2022-01-01,ONA,FINISHED,2.0,16.0,Hentai,T-REX,67.0,3664,159
137745,Xing Hai Qishi: Xinghuo Chongran,2022-01-01,ONA,FINISHED,1.0,32.0,Action|Sci-Fi,D.ROCK-ART,55.0,246,9
117765,BanG Dream! Poppin' Dream!,2022-01-01,MOVIE,FINISHED,1.0,70.0,Music,SANZIGEN,78.0,6797,120
183825,Okaeri,,MUSIC,FINISHED,1.0,4.0,,,,85,0
183103,Toumei,,MOVIE,FINISHED,1.0,7.0,Drama|Fantasy,,,581,0
180969,Fuyu no Suta-furu-tsu,,MOVIE,FINISHED,1.0,7.0,Romance|Slice of Life,,,37,0
180968,Fun Ochita Yama Tonda,,MOVIE,FINISHED,1.0,9.0,Fantasy|Mystery|Psychological|Romance,,,47,0
180967,Liminal Park,,MOVIE,FINISHED,1.0,4.0,Horror|Supernatural,,,55,0
180966,HA・NA・KU・SO,,MOVIE,FINISHED,1.0,8.0,Comedy,,,40,0
180965,Hitsuyōna Sonzai ni Naritakatta na.,,MOVIE,FINISHED,1.0,12.0,Drama|Slice of Life,,,47,1
179943,Niwa no Shigaku,,MOVIE,FINISHED,1.0,7.0,Psychological,,,62,1
179940,Hakumei,,MOVIE,FINISHED,1.0,7.0,Slice of Life,,,72,0
179939,Kyuu Ichi Kyuu,,MOVIE,FINISHED,1.0,5.0,Drama|Supernatural,,,57,0
179761,Sakanatou Ibukuro san Choume,,MOVIE,FINISHED,1.0,17.0,Drama|Fantasy,,,39,0
179758,nowhere,,MOVIE,FINISHED,1.0,8.0,Adventure|Sci-Fi,,,33,0
179747,Nokoriga,,MOVIE,FINISHED,1.0,2.0,Psychological,,,36,0
179730,Hanakusourumeito,,MOVIE,FINISHED,1.0,7.0,Comedy|Fantasy,,,30,0
178753,Yon Jikanme no Pool,,MOVIE,FINISHED,1.0,6.0,Romance|Slice of Life,,,115,1
177440,Space delivery,,MOVIE,FINISHED,1.0,1.0,Comedy|Sci-Fi,,,61,0
177430,Lusi He,,MOVIE,FINISHED,1.0,20.0,Drama,,,53,0
148835,"Ame, nochi",,MOVIE,FINISHED,1.0,4.0,Slice of Life,,50.0,263,3
148834,Sagashimono (Movie),,MOVIE,FINISHED,1.0,4.0,Fantasy,,,104,0
148833,Aru Kasenshiki Nite,,MOVIE,FINISHED,1.0,3.0,Slice of Life,,,78,0
148832,Mahou no Cupid Wink・Non,,MOVIE,FINISHED,1.0,12.0,Fantasy|Mahou Shoujo|Romance,,51.0,190,2
148831,5-ten no Watashi,,MOVIE,FINISHED,1.0,3.0,,,,74,1
148830,Onaka no ka Ichi Yuusan,,MOVIE,FINISHED,1.0,4.0,Comedy,,,71,0
148829,Friend Ship,,MOVIE,FINISHED,1.0,6.0,Drama,,,86,1
148828,Gu,,MOVIE,FINISHED,1.0,4.0,,,,66,0
148827,Yomoyama Tanhenshuu,,MOVIE,FINISHED,1.0,4.0,,,,97,1
148826,object,,MOVIE,FINISHED,1.0,3.0,,,49.0,144,1
148825,Gaitou to Neko,,MOVIE,FINISHED,1.0,5.0,Slice of Life,,58.0,174,1
148824,Ahiru ga Tonda Hi,,MOVIE,FINISHED,1.0,2.0,Fantasy|Slice of Life,,,117,0
148823,lovesome,,MOVIE,FINISHED,1.0,2.0,,,,131,3
147335,Sangsil-ui Jib,,MOVIE,FINISHED,1.0,10.0,Drama|Psychological,Geidai Animation,58.0,308,2
145894,Hantou no Tori,,MOVIE,FINISHED,1.0,16.0,,,,134,1
140700,Sora-iro Utility,2021-12-31,SPECIAL,FINISHED,1.0,15.0,Slice of Life|Sports,Yostar Pictures,65.0,8043,50
136344,"Lord El-Melloi II-sei no Jikenbo: ""Rail Zeppelin"" Grace note Tokubetsu-hen",2021-12-31,SPECIAL,FINISHED,1.0,53.0,Drama|Fantasy|Mystery,TROYCA,74.0,14385,149
130389,Mahouka Koukou no Rettousei: Tsuioku-hen,2021-12-31,SPECIAL,FINISHED,1.0,71.0,Action|Romance|Sci-Fi|Supernatural,8-bit,75.0,34545,496
151778,Wo Cong Zhu Tian Wan Jie Guilai,2021-12-30,ONA,RELEASING,,,Adventure|Comedy|Fantasy,,,103,6
148622,Ame yo Ame yo Fure,2021-12-29,MUSIC,FINISHED,1.0,4.0,,,,121,0
143759,CORUSCATE -DNA-,2021-12-29,MUSIC,FINISHED,1.0,2.0,,SANZIGEN,66.0,785,2
134283,Tunshi Xingkong 2,2021-12-29,ONA,FINISHED,26.0,21.0,Action|Sci-Fi,Sparkly Key Animation,80.0,2528,165
146347,Dou Hun Wei Zhi Xuan Yue Qi Yuan 5,2021-12-28,ONA,FINISHED,13.0,19.0,Adventure|Fantasy,Yi Chen Animation,,90,4
143145,The Missing 8,2021-12-28,ONA,FINISHED,8.0,15.0,Sci-Fi,,58.0,2197,32
142716,Wan Yu Feng Shen,2021-12-28,ONA,FINISHED,60.0,13.0,Fantasy,Soyep,55.0,345,12
143133,Tenshi no agape,2021-12-27,MUSIC,FINISHED,1.0,2.0,,,64.0,821,9
137739,Xue Ying Lingzhu 3,2021-12-27,ONA,FINISHED,26.0,19.0,Action|Adventure|Fantasy|Romance,Mili Pictures,65.0,613,27
143118,Kemonokko Tsuushin: The Animation - Ushi Musume Bell,2021-12-25,ONA,FINISHED,1.0,18.0,Hentai,,60.0,2746,114
114106,Huan You Lieren,2021-12-25,ONA,FINISHED,12.0,,Drama|Fantasy|Sci-Fi,Colored Pencil Animation,51.0,737,9
147936,The Grown Dinosaur,2021-12-24,MUSIC,FINISHED,1.0,5.0,,,,80,0
145857,Christmas of a Wandering Ghost,2021-12-24,MUSIC,FINISHED,1.0,4.0,Fantasy,,58.0,243,4
145705,dTV Original Anime: Youkai Watch ♪,2021-12-24,ONA,FINISHED,3.0,9.0,Comedy|Supernatural,OLM,,99,0
144803,Girls und Panzer: Daikon War!,2021-12-24,OVA,FINISHED,1.0,11.0,Comedy,Actas,72.0,3939,40
143012,Aisai,2021-12-24,MUSIC,FINISHED,1.0,5.0,,,67.0,793,14
139883,Papa Katsu!,2021-12-24,OVA,FINISHED,4.0,22.0,Hentai,Nur,59.0,2092,81
139637,Girls Rush The Animation,2021-12-24,OVA,FINISHED,2.0,16.0,Hentai,Studio 1st,66.0,3003,74
139466,Getsuyoubi no Tawawa 2 Special,2021-12-24,SPECIAL,FINISHED,1.0,8.0,Ecchi|Slice of Life,Yokohama Animation Lab,64.0,6288,66
139451,"Ganbare, Douki-chan Special",2021-12-24,SPECIAL,FINISHED,1.0,6.0,Comedy|Ecchi|Romance|Slice of Life,Atelier Pontdarc,62.0,6410,50
138360,Anehame: Ore no Hatsukoi ga Jisshi na wake ga nai,2021-12-24,OVA,FINISHED,2.0,18.0,Hentai,BREAKBOTTLE,68.0,4243,214
133787,Zhenwu Dianfeng,2021-12-24,ONA,FINISHED,40.0,9.0,Action|Fantasy,Ruo Hong Culture,64.0,938,36
131573,Jujutsu Kaisen 0,2021-12-24,MOVIE,FINISHED,1.0,105.0,Action|Supernatural,MAPPA,83.0,432060,12372
121532,Konbini Shoujo Z,2021-12-24,OVA,FINISHED,4.0,17.0,Hentai,Suzuki Mirano petit,56.0,1538,54
155209,Battou,2021-12-22,MUSIC,FINISHED,1.0,4.0,,,52.0,203,1
145611,Zichuan: Yincang Hudong Ju,2021-12-21,ONA,FINISHED,9.0,20.0,Action|Fantasy,Build Dream,,228,8
143328,Echoes of Silence,2021-12-21,MUSIC,FINISHED,1.0,5.0,Sci-Fi,,,111,1
118201,Zichuan,2021-12-21,ONA,FINISHED,42.0,20.0,Action|Fantasy,Build Dream,64.0,921,39
148820,Oni no Hanayome wa Taberaretai,2021-12-20,ONA,FINISHED,2.0,10.0,Romance|Supernatural,Magia Doraglier,,390,5
145444,ALGO,2021-12-17,MUSIC,FINISHED,1.0,3.0,,,46.0,116,0
145433,Follow Your Fantasy,2021-12-17,MUSIC,FINISHED,1.0,2.0,,,64.0,1187,12
142808,Shanshen Yu Xiaozao,2021-12-17,ONA,FINISHED,18.0,13.0,Drama|Fantasy|Romance|Slice of Life|Supernatural,Seven Stone Entertainment,,240,2
134469,Shishunki no Obenkyou,2021-12-17,OVA,RELEASING,6.0,16.0,Hentai,Studio 1st,72.0,4440,256
134089,Feng Qi Luoyang: Shen Ji Shaonian,2021-12-17,ONA,FINISHED,16.0,18.0,Action|Fantasy,CHOSEN,55.0,248,12
131994,Xiongshi Shaonian,2021-12-17,MOVIE,FINISHED,1.0,104.0,Action|Comedy|Drama,Yi Animation,63.0,573,17
127619,Aggressive Retsuko Season 4,2021-12-16,ONA,FINISHED,10.0,18.0,Comedy|Music|Slice of Life,Fanworks,72.0,18575,169
150506,Ni Tian Jian Shen 5,2021-12-15,ONA,FINISHED,26.0,12.0,Action|Adventure|Fantasy,,,83,2
132312,Hua Jianghu: Gui Yexing Part 2,2021-12-14,ONA,FINISHED,20.0,,Action,Rocen,,64,1
189509,Otsucharisma! Bounenkai,2021-12-13,MUSIC,FINISHED,1.0,4.0,Comedy,,,89,1
142731,Winter Wonder Wander,2021-12-13,MUSIC,FINISHED,1.0,4.0,,,,123,0
113363,KAIJU DECODE,2021-12-13,ONA,FINISHED,1.0,9.0,Action|Sci-Fi,Toei Animation|Arect,,934,6
213428,Itoshi no Zako Haishinsha-chan,2021-12-12,ONA,RELEASING,,4.0,Slice of Life,Ishikawa Pro,,100,1
143757,Moshimo Inochi ga Egaketara,2021-12-12,MUSIC,FINISHED,1.0,3.0,,,63.0,416,4
129245,Bing Huo Mo Chu,2021-12-11,ONA,FINISHED,52.0,19.0,Action|Adventure|Fantasy,Joicy Studio,67.0,1303,62
169404,Hisui Kobanashi,2021-12-10,ONA,FINISHED,2.0,2.0,Fantasy|Slice of Life,dwarf,52.0,490,1
148391,RANGEFINDER,2021-12-10,MUSIC,FINISHED,1.0,4.0,,,,70,0
142458,SOS! Chao Wei Zhichang Ren,2021-12-10,ONA,FINISHED,7.0,,Comedy,Sheng Guang Qishi Tuan,,45,0
150544,Kasumi ga Tsuite Kuru,2021-12-09,MUSIC,FINISHED,1.0,4.0,,,,120,5
154386,Umayon: Shinsaku Short Anime,2021-12-08,SPECIAL,FINISHED,12.0,2.0,Comedy|Slice of Life,DMM.futureworks|W-Toon Studio,66.0,2329,18
147949,Nisshin Gekkou,2021-12-08,MUSIC,FINISHED,1.0,4.0,,,,69,0
120125,Shushan Qi Xian Lu Part 1,2021-12-08,ONA,FINISHED,10.0,,Action|Adventure|Fantasy,Wawayu Animation,,313,12
177411,Wan Jie Xian Zong 6,2021-12-06,ONA,FINISHED,240.0,7.0,Action|Adventure|Fantasy|Romance,Ruo Hong Culture,,179,4
131477,Kanashiki Debu Neko-chan,2021-12-06,TV_SHORT,FINISHED,10.0,3.0,Slice of Life,Cyclone Graphics,48.0,584,4
152434,Dreaming All Alone,2021-12-05,MUSIC,FINISHED,1.0,3.0,,Hurray!,51.0,173,1
142329,Kimetsu no Yaiba: Yuukaku-hen,2021-12-05,TV,FINISHED,11.0,24.0,Action|Adventure|Fantasy|Supernatural,ufotable,86.0,479988,17215
144811,Fire Emblem Heroes: Fuyu no Mini Chara Theater,2021-12-04,ONA,FINISHED,1.0,5.0,Adventure|Comedy,,52.0,207,3
147935,Montage,2021-12-03,MUSIC,FINISHED,1.0,3.0,,,,64,0
145709,Artiswitch Picture Drama,2021-12-03,ONA,FINISHED,5.0,6.0,Slice of Life|Supernatural,Sunrise,62.0,1105,9
130558,ARIA The BENEDIZIONE,2021-12-03,MOVIE,FINISHED,1.0,60.0,Fantasy|Sci-Fi|Slice of Life,J.C.STAFF,80.0,6646,100
125841,Hula Fulla Dance,2021-12-03,MOVIE,FINISHED,1.0,110.0,Comedy|Drama|Music|Slice of Life|Sports,Bandai Namco Pictures,60.0,2917,21
120220,Dawang Raoming,2021-12-03,ONA,FINISHED,12.0,25.0,Action|Fantasy,Big Firebird Cultural Media,73.0,39479,749
145898,Chinzei Hachirou Tametomo (ONA),2021-12-02,ONA,FINISHED,13.0,5.0,Action|Adventure|Comedy,Production I.G,,244,2
145316,Neko Reset,2021-12-02,MUSIC,FINISHED,1.0,4.0,Music,,64.0,485,7
142218,Tsubame,2021-12-02,MUSIC,FINISHED,1.0,4.0,,,62.0,495,2
143309,Tae-il,2021-12-01,MOVIE,FINISHED,1.0,99.0,Drama,Studio Roomer,,177,0
142262,Kira Kira,2021-12-01,MUSIC,FINISHED,1.0,3.0,,OTOIRO,64.0,774,9
142261,"Nonbiri to,",2021-12-01,MUSIC,FINISHED,1.0,3.0,,,55.0,452,3
134710,Given: Uragawa no Sonzai,2021-12-01,OVA,FINISHED,1.0,22.0,Drama|Music|Romance|Slice of Life,Lerche,81.0,32595,669
131942,JoJo no Kimyou na Bouken: Stone Ocean,2021-12-01,ONA,FINISHED,12.0,24.0,Action|Adventure|Drama|Supernatural,david production,80.0,191028,5921
142260,Sore wo Sekai to Iu nda ne,2021-11-30,MUSIC,FINISHED,1.0,4.0,,,50.0,158,2
142217,Introduction,2021-11-30,MUSIC,FINISHED,1.0,4.0,Slice of Life,,67.0,737,7
142052,Massara,2021-11-30,ONA,FINISHED,1.0,7.0,Music|Slice of Life,ENISHIYA,67.0,1608,20
137675,Shen Yi Jiu Xiaojie,2021-11-30,ONA,FINISHED,80.0,11.0,Fantasy|Romance,Soyep,54.0,440,12
142178,Jian Yu Chuanqi,2021-11-28,ONA,FINISHED,40.0,10.0,Action|Adventure|Fantasy,Ruo Hong Culture,61.0,659,23
181468,"Kumo no Ue wa Itsumo, Hare",2021-11-27,ONA,FINISHED,1.0,18.0,Drama|Slice of Life,Shobi University,,131,0
132679,Idol Land PriPara,2021-11-27,ONA,FINISHED,13.0,24.0,Action|Comedy|Music|Slice of Life,Tatsunoko Production,70.0,1503,35
154247,Kagari Hibana,2021-11-26,ONA,FINISHED,1.0,17.0,Action|Fantasy|Romance|Supernatural,,56.0,553,10
147954,RECEPTION,2021-11-26,MUSIC,FINISHED,1.0,3.0,,,,94,0
138658,Cosplay Change: Pure-kei Joshidaisei no Kiken na Seiheki,2021-11-26,OVA,FINISHED,4.0,21.0,Hentai,Mousou Senka,52.0,1662,43
138411,Mama x Holic: Miwaku no Mama to Ama Ama Kankei The Animation,2021-11-26,OVA,FINISHED,2.0,20.0,Hentai,Seven,68.0,2517,117
98471,EUREKA: Koukyoushihen Eureka Seven Hi-Evolution,2021-11-26,MOVIE,FINISHED,1.0,116.0,Action|Adventure|Drama|Mecha|Sci-Fi,bones,61.0,4920,55
145829,Xin Qin Shi Mingyue,2021-11-25,ONA,FINISHED,39.0,20.0,Action|Adventure|Fantasy,Sparkly Key Animation,,194,6
109946,Super Crooks,2021-11-25,ONA,FINISHED,13.0,25.0,Action|Drama|Supernatural|Thriller,bones,71.0,40014,598
142048,Mahou no Uta,2021-11-24,MUSIC,FINISHED,1.0,4.0,,,52.0,281,5
119956,Munyeodo,2021-11-24,MOVIE,FINISHED,1.0,87.0,Drama,Meditation With a Pencil,,276,3
142033,Rapport,2021-11-23,MUSIC,FINISHED,1.0,4.0,Psychological,,65.0,793,15
142015,CHARMS!! PV,2021-11-22,ONA,FINISHED,1.0,2.0,,ENISHIYA,50.0,196,0
142017,Mou Sukoshi dake,2021-11-21,MUSIC,FINISHED,1.0,4.0,,,60.0,425,2
142172,Xun Guang,2021-11-20,ONA,FINISHED,1.0,3.0,Sci-Fi,Pb Animation|Studio LAN|UOU Studio,50.0,170,0
141802,Douluo Dalu: Xiaowu Fuhuo,2021-11-20,ONA,FINISHED,13.0,21.0,Action|Adventure|Fantasy|Romance,Sparkly Key Animation,78.0,1606,72
154974,Argonavis Movie: Ryuusei no Obligato,2021-11-19,MOVIE,FINISHED,1.0,89.0,Music,SANZIGEN,,395,5
142018,Hisui,2021-11-19,MUSIC,FINISHED,1.0,4.0,,entity,48.0,153,1
140788,Taimanin Shiranui: Inyoku no Dorei Shoufu,2021-11-19,OVA,FINISHED,1.0,22.0,Hentai,TEATRO Nishi Tokyo Studio,55.0,1408,51
142019,Hibana Chiru,2021-11-17,MUSIC,FINISHED,1.0,4.0,,,53.0,260,0
141779,"Sore, Sunawachi Sketch.",2021-11-17,ONA,FINISHED,12.0,13.0,Comedy,,,320,4
137709,Bai Yue Er,2021-11-17,ONA,FINISHED,1.0,9.0,Drama,Wolf Smoke Studio|Nice Boat Animation,52.0,212,3
137743,Jing: Shuang Cheng,2021-11-15,ONA,FINISHED,18.0,19.0,Action|Adventure|Fantasy|Romance,Foch,,271,10
140645,Fanren Xiu Xian Zhuan: Modao Zhengfeng,2021-11-14,ONA,FINISHED,25.0,19.0,Action|Adventure|Fantasy,Wonder Cat Animation|Original Force,74.0,1312,42
139386,Hakuouki OVA (2021),2021-11-13,OVA,FINISHED,3.0,27.0,Action|Drama|Supernatural,Studio DEEN,64.0,1969,21
105931,BLADE RUNNER: BLACK LOTUS,2021-11-13,TV,FINISHED,13.0,22.0,Action|Sci-Fi,Sola Digital Arts,58.0,9801,95
145958,"Youkai Watch ♪: Keita to Orecchi no Deai Hen da Nyan ♪ Wa, Watakushi mo ♪♪",2021-11-12,MOVIE,FINISHED,1.0,55.0,Comedy|Supernatural,OLM,,238,2
141528,Episodeⁿ | Kuusou,2021-11-12,ONA,FINISHED,1.0,2.0,Fantasy,ENISHIYA,61.0,947,5
138899,Koukaku Kidoutai: SAC_2045 - Jizoku Kanou Sensou,2021-11-12,MOVIE,FINISHED,1.0,120.0,Action|Mystery|Sci-Fi,Production I.G|Sola Digital Arts,59.0,2741,35
130050,Summer Ghost,2021-11-12,MOVIE,FINISHED,1.0,40.0,Drama|Supernatural,FLAT STUDIO,78.0,60243,1697
141959,Otogibanashi no Youna Kiseki,2021-11-11,MUSIC,FINISHED,1.0,3.0,Slice of Life|Supernatural,,56.0,467,2
141328,SUPERGIRL,2021-11-06,MUSIC,FINISHED,1.0,4.0,Supernatural,,55.0,294,2
141309,Zhu Dick: Lan Hai Qi Yuan,2021-11-06,MOVIE,FINISHED,1.0,86.0,Adventure,Pass Media,,44,0
141056,Ikuta no Kita,2021-11-06,MOVIE,FINISHED,1.0,64.0,Adventure|Fantasy|Psychological,"Yamamura Animation, Inc.",62.0,1909,46
130033,Soukyuu no Fafner: Dead Aggressor - THE BEYOND Part 4,2021-11-05,MOVIE,FINISHED,3.0,30.0,Drama|Mecha|Sci-Fi,I.G Zwei,71.0,1434,21
125931,Sumikko Gurashi Movie: Aoi Tsukiyo no Mahou no Ko,2021-11-05,MOVIE,FINISHED,1.0,65.0,Comedy,Fanworks,57.0,529,3
213463,Neko Jockey Season 2,2021-11-04,TV_SHORT,FINISHED,4.0,3.0,Comedy,DLE,,12,1
147013,Nomino Sukune,2021-11-03,MOVIE,FINISHED,1.0,2.0,Action,,,173,0
145799,Fudanshi Shoukan: Isekai de Shinjuu ni Hameraremashita Mini Anime 2nd Season,2021-11-03,ONA,FINISHED,3.0,2.0,Comedy,AQUA ARIS,50.0,502,2
141329,Rinne,2021-11-03,MUSIC,FINISHED,1.0,4.0,Psychological|Supernatural,STEREOTYPE Inc.,62.0,537,12
141325,Sanbunteki LIFE,2021-11-03,MUSIC,FINISHED,1.0,4.0,Slice of Life,,51.0,221,1
141073,Viking,2021-11-03,MUSIC,FINISHED,1.0,4.0,Action,,54.0,216,0
189085,Charisma 1-shuukan,2021-11-01,MUSIC,FINISHED,1.0,5.0,Comedy,,,95,0
141055,Cinderella,2021-11-01,MUSIC,FINISHED,1.0,4.0,Fantasy,monofilmo,72.0,2861,50
153771,"Brunetto-sensei, Koko ni Oide Deshita ka?",2021-10-31,MOVIE,FINISHED,1.0,4.0,,,,53,0
146415,TSUNE,2021-10-31,MUSIC,FINISHED,1.0,3.0,Sci-Fi,,51.0,167,0
137729,Dou Po Cangqiong: San Nian Zhi Yue,2021-10-31,ONA,FINISHED,13.0,23.0,Action|Adventure|Fantasy,Motion Magic,83.0,2504,154
148471,Wareware no 2,2021-10-30,MOVIE,FINISHED,1.0,6.0,Fantasy,,,41,0
146348,Wangu Jian Shen,2021-10-30,ONA,FINISHED,38.0,12.0,Adventure|Fantasy,,50.0,527,10
139986,Yao Shen Ji 5,2021-10-30,ONA,FINISHED,52.0,8.0,Action|Adventure|Fantasy|Romance,Ruo Hong Culture,69.0,1314,35
139563,Fatchi Baike 4,2021-10-30,ONA,FINISHED,12.0,6.0,Comedy,Fatchi Moxie Studio,,34,0
126357,Xian Wang De Richang Shenghuo 2,2021-10-30,ONA,FINISHED,12.0,18.0,Action|Comedy|Fantasy,Pb Animation,74.0,69300,1223
124140,Sword Art Online: Progressive - Hoshinaki Yoru no Aria,2021-10-30,MOVIE,FINISHED,1.0,97.0,Action|Adventure|Fantasy|Romance,A-1 Pictures,78.0,100149,2072
139353,Shouji Li de Huanxiong Xiaozhen 2,2021-10-29,ONA,FINISHED,26.0,5.0,Comedy,TThunDer Animation,,56,0
137264,Onaho Kyoushitsu: Joshi Zenin Ninshin Keikaku The Animation,2021-10-29,OVA,FINISHED,1.0,27.0,Hentai,Studio 1st,67.0,3422,116
132893,Battle Spirits: Mirage,2021-10-29,ONA,FINISHED,4.0,24.0,Adventure|Sci-Fi,Bandai Namco Pictures,55.0,558,16
123899,Ai no Utagoe wo Kikasete,2021-10-29,MOVIE,FINISHED,1.0,109.0,Music|Sci-Fi,J.C.STAFF,75.0,44420,617
160205,Kimi wa Houkago Insomnia Special Animation PV,2021-10-28,SPECIAL,FINISHED,1.0,1.0,Romance|Slice of Life,LIDENFILMS,64.0,1928,21
154198,Jashin-chan Dropkick Mame Anime,2021-10-28,ONA,FINISHED,14.0,1.0,Comedy,Nomad,49.0,329,8
139564,Wo Jiao MT: Guilai,2021-10-27,ONA,FINISHED,10.0,22.0,Comedy|Fantasy,Coco Legends,,42,0
137678,Renjian Zui Deyi,2021-10-27,ONA,FINISHED,60.0,,Fantasy,Soyep,54.0,397,20
204542,Pastel Tea Time,2021-10-26,MUSIC,FINISHED,1.0,4.0,,,,62,2
169825,Be Your Light!!,2021-10-26,MUSIC,FINISHED,1.0,2.0,Music,Studio KAI,52.0,178,0
116010,Mao Zhi Ming,2021-10-26,ONA,FINISHED,12.0,8.0,Action|Comedy|Fantasy,TRCARTOON,60.0,666,13
149454,Menghuan Shuyuan 6,2021-10-25,ONA,FINISHED,12.0,3.0,Comedy|Fantasy,Painting Dream,,40,0
140701,Makafushigi,2021-10-25,MUSIC,FINISHED,1.0,3.0,Supernatural,CloverWorks,63.0,553,5
140689,SHAREDOL,2021-10-25,ONA,FINISHED,1.0,3.0,Music,Toei Animation|Dangun Pictures,62.0,935,2
208068,yoidore,2021-10-24,MUSIC,FINISHED,1.0,3.0,,,,50,0
145912,Bukkanseii Catharsis,2021-10-24,MUSIC,FINISHED,1.0,4.0,,,,127,0
135864,Tropical-Rouge! Precure: Yuki no Princess to Kiseki no Yubiwa!,2021-10-23,MOVIE,FINISHED,1.0,70.0,Action|Fantasy|Mahou Shoujo,Toei Animation,69.0,2217,29
148150,Anaphylaxis,2021-10-22,MUSIC,FINISHED,1.0,4.0,,,,96,3
145893,Oz.,2021-10-22,MUSIC,FINISHED,1.0,3.0,Fantasy,WIT STUDIO,75.0,3268,66
140687,Koufukuron,2021-10-22,MUSIC,FINISHED,1.0,4.0,Psychological,,65.0,1092,19
165557,Kaguya-sama wa Kokurasetai: Ultra Romantic 3rd Season Teaser PV - Ishigami Yuu wa Kataritai,2021-10-21,ONA,FINISHED,1.0,10.0,Comedy|Romance,A-1 Pictures,79.0,14854,129
145842,M,2021-10-19,MUSIC,FINISHED,1.0,4.0,,,,94,1
139436,Bu Baichi Hua Shanhai Jing,2021-10-19,ONA,FINISHED,41.0,3.0,Comedy,Chongliyuhua,,59,0
135645,Gundam Breaker Battlogue,2021-10-19,ONA,FINISHED,6.0,8.0,Mecha,,57.0,2550,27
141904,fly with the night,2021-10-18,MUSIC,FINISHED,1.0,2.0,,SANZIGEN,63.0,591,1
140474,Kamisama no Idenshi,2021-10-18,MUSIC,FINISHED,1.0,5.0,,,54.0,294,3
148528,Red Club,2021-10-17,MUSIC,FINISHED,1.0,3.0,,,,120,1
139434,Ruguo Lishi Shi Yi Qun Miao 7,2021-10-17,ONA,FINISHED,12.0,6.0,Comedy,Fatchi Moxie Studio,,60,1
137799,Zoku Oujo & Onna Kishi W Dogehin Roshutsu: Chijoku no Misemono Dorei,2021-10-15,OVA,FINISHED,2.0,18.0,Fantasy|Hentai,Anime Antenna Iinkai,51.0,1162,21
133411,180-byou de Kimi no Mimi wo Shiawase ni Dekiru ka?,2021-10-15,TV_SHORT,FINISHED,12.0,3.0,Slice of Life,EKACHI EPILKA|INDIVISION,49.0,12324,100
132300,Otoppe: Papa Don't Cry,2021-10-15,MOVIE,FINISHED,1.0,60.0,Comedy|Fantasy|Music,Robot|pH Studio,,126,0
113717,Ousama Ranking,2021-10-15,TV,FINISHED,23.0,23.0,Action|Adventure|Drama|Fantasy,WIT STUDIO,83.0,222576,10124
177230,Ponkotsu Quest: Maou to Haken no Mamono-tachi Season 7,2021-10-13,ONA,FINISHED,12.0,4.0,Adventure|Comedy|Fantasy,,,51,0
136947,Deep Insanity: THE LOST CHILD,2021-10-13,TV,FINISHED,12.0,24.0,Action|Adventure|Sci-Fi,SILVER LINK.,50.0,15659,111
132528,Kaginado,2021-10-13,TV_SHORT,FINISHED,12.0,4.0,Comedy,LIDENFILMS Kyoto Studio,69.0,10377,109
135432,BRIGHT: Samurai Soul,2021-10-12,ONA,FINISHED,1.0,80.0,Action|Adventure|Fantasy,Arect,49.0,2060,9
131878,Gyakuten Sekai no Denchi Shoujo,2021-10-11,TV,FINISHED,12.0,24.0,Action|Comedy|Mecha|Sci-Fi,Lerche,60.0,8692,80
126393,Toushinki G's Frame,2021-10-11,ONA,FINISHED,12.0,24.0,Action|Mecha|Sci-Fi,Seven Stone Entertainment,52.0,2297,20
143287,Rick and Morty: The Great Yokai Battle of Akihabara,2021-10-10,SPECIAL,FINISHED,1.0,11.0,Comedy|Mecha,Sola Digital Arts|YAMATOWORKS,56.0,716,7
140175,Shiguang Dailiren: Xiao Juchang,2021-10-10,ONA,FINISHED,18.0,6.0,Comedy|Slice of Life|Supernatural,Studio LAN,73.0,5298,114
140168,Kyoukaisen,2021-10-10,MUSIC,FINISHED,1.0,5.0,Mystery|Psychological,,70.0,2500,26
134623,Lupin III: PART 6,2021-10-10,TV,FINISHED,25.0,23.0,Action|Adventure|Comedy|Mystery,TMS Entertainment,70.0,9077,121
132525,Build Divide: Code Black,2021-10-10,TV,FINISHED,12.0,24.0,Action|Sci-Fi,LIDENFILMS,62.0,19368,217
129874,Kimetsu no Yaiba: Mugen Ressha-hen (TV),2021-10-10,TV,FINISHED,7.0,23.0,Action|Adventure|Drama|Fantasy|Mystery|Supernatural,ufotable,82.0,357881,7379
127400,World Trigger 3rd Season,2021-10-10,TV,FINISHED,14.0,23.0,Action|Sci-Fi,Toei Animation,82.0,36559,966
126363,Ba Ma Laizi Erci Yuan,2021-10-10,ONA,FINISHED,24.0,3.0,Comedy|Slice of Life,White Paper Animation,56.0,686,9
120646,Senpai ga Uzai Kouhai no Hanashi,2021-10-10,TV,FINISHED,12.0,24.0,Comedy|Romance|Slice of Life,Doga Kobo,74.0,113648,2095
105119,Shikizakura,2021-10-10,TV,FINISHED,12.0,23.0,Sci-Fi,Sublimation,54.0,6183,38
140252,Hongse Jiangshan: Huangma Fenghuo,2021-10-09,TV_SHORT,FINISHED,13.0,13.0,Drama,Boruntong,,132,0
139348,Meng Qi Shi Shen: Zaijie Liangyuan,2021-10-09,ONA,FINISHED,12.0,18.0,Comedy|Romance,Wawayu Animation,73.0,3416,63
132545,Dakaretai Otoko 1-i ni Odosarete Imasu.: Spain-hen,2021-10-09,MOVIE,FINISHED,1.0,78.0,Comedy|Drama|Romance,CloverWorks,74.0,12569,268
132473,Saihate no Paladin,2021-10-09,TV,FINISHED,12.0,24.0,Action|Adventure|Fantasy|Mystery|Psychological,Children's Playground Entertainment,68.0,107268,1452
131584,Visual Prison,2021-10-09,TV,FINISHED,12.0,24.0,Music|Supernatural,A-1 Pictures,60.0,18043,321
127412,Taishou Otome Otogibanashi,2021-10-09,TV,FINISHED,12.0,24.0,Comedy|Drama|Romance|Slice of Life,SynergySP,76.0,53519,1416
137757,Wanmei Shijie 2,2021-10-08,ONA,FINISHED,52.0,21.0,Action|Adventure|Fantasy,Foch,74.0,1198,88
129549,Macross Frontier: Toki no Meikyuu,2021-10-08,MOVIE,FINISHED,1.0,13.0,Action|Mecha|Music|Romance|Sci-Fi|Supernatural,Satelight,71.0,2455,31
127401,Platinum End,2021-10-08,TV,FINISHED,24.0,24.0,Drama|Mystery|Psychological|Romance|Supernatural,Signal.MD,58.0,128983,1540
118390,Kamiarizuki no Kodomo,2021-10-08,MOVIE,FINISHED,1.0,100.0,Adventure|Supernatural,LIDENFILMS,64.0,9120,84
118126,Macross Δ: Zettai LIVE!!!!!!,2021-10-08,MOVIE,FINISHED,1.0,110.0,Action|Mecha|Music|Romance|Sci-Fi,Satelight,77.0,4875,156
112019,Uchuu Senkan Yamato 2205: Aratanaru Tabidachi,2021-10-08,OVA,FINISHED,8.0,24.0,Action|Sci-Fi,Satelight,73.0,3372,50
135171,BanG Dream! Garupa☆Pico Fever!,2021-10-07,TV_SHORT,FINISHED,26.0,3.0,Comedy|Music,W-Toon Studio,76.0,3994,53
133965,"Komi-san wa, Komyushou desu.",2021-10-07,TV,FINISHED,12.0,24.0,Comedy|Romance|Slice of Life,OLM,76.0,318402,9028
132193,Gokushufudou Part 2,2021-10-07,ONA,FINISHED,5.0,18.0,Comedy|Slice of Life,J.C.STAFF,74.0,57963,644
126368,Lie Huo Jiao Chou,2021-10-07,ONA,FINISHED,12.0,20.0,Action|Drama|Supernatural,Shengying Animation,69.0,3394,95
112716,Muv-Luv Alternative,2021-10-07,TV,FINISHED,12.0,23.0,Action|Drama|Mecha|Romance|Sci-Fi,Graphinica|Yumeta Company|FLAGSHIP LINE,55.0,16211,185
108987,Sakugan,2021-10-07,TV,FINISHED,12.0,24.0,Adventure|Mecha|Sci-Fi,Satelight,63.0,34643,362
140081,Tsuki ni Hoeru,2021-10-06,MUSIC,FINISHED,1.0,4.0,Supernatural,,58.0,316,4
131565,takt op.Destiny,2021-10-06,TV,FINISHED,12.0,24.0,Action|Fantasy|Music,MADHOUSE|MAPPA,69.0,168353,3272
129898,"Sekai Saikou no Ansatsusha, Isekai Kizoku ni Tensei suru",2021-10-06,TV,FINISHED,12.0,24.0,Action|Adventure|Drama|Fantasy|Mystery|Romance,SILVER LINK.|Studio Palette,72.0,201111,4615
126793,Puraore!: PRIDE OF ORANGE,2021-10-06,TV,FINISHED,12.0,24.0,Music|Slice of Life|Sports,C2C,59.0,11054,87
126213,"Shin no Nakama ja Nai to Yuusha no Party wo Oidasareta node, Henkyou de Slow Life suru Koto ni shimashita",2021-10-06,TV,FINISHED,13.0,24.0,Action|Adventure|Fantasy|Romance|Slice of Life,WolfsBane|Studio Flad,68.0,124898,2143
140163,DENONBU Novel: Shibuya-hen PV,2021-10-05,ONA,FINISHED,1.0,2.0,Music,GEEKTOYS,52.0,334,8
131005,Kyoukai Senki,2021-10-05,TV,FINISHED,13.0,24.0,Fantasy|Mecha|Sci-Fi,Sunrise Beyond,59.0,12049,111
130962,Chickip Dancers,2021-10-05,TV_SHORT,FINISHED,26.0,5.0,Comedy|Slice of Life,Fanworks,,345,1
129068,Shinka no Mi: Shiranai Uchi ni Kachigumi Jinsei,2021-10-05,TV,FINISHED,12.0,24.0,Adventure|Comedy|Fantasy|Romance,Hotline,59.0,72385,1014
128827,Cardfight!! Vanguard: overDress Season 2,2021-10-05,TV,FINISHED,13.0,25.0,Action|Adventure,Gift-o’-Animation|Studio JEMI|Kinema Citrus,64.0,2942,41
138063,Showtime!: Uta no Onee-san datte Shitai,2021-10-04,ONA,FINISHED,8.0,7.0,Hentai|Romance,Rabbit Gate,65.0,5598,137
131019,Tsuki to Laika to Nosferatu,2021-10-04,TV,FINISHED,12.0,24.0,Drama|Romance|Sci-Fi|Supernatural,Arvo Animation,72.0,57823,922
127720,Mushoku Tensei: Isekai Ittara Honki Dasu Part 2,2021-10-04,TV,FINISHED,12.0,24.0,Adventure|Drama|Ecchi|Fantasy,Studio Bind,85.0,320239,13349
118103,Kyuuketsuki Sugu Shinu,2021-10-04,TV,FINISHED,12.0,24.0,Comedy|Supernatural,MADHOUSE,70.0,33365,652
204616,Koikeya SDGs Gekijou Suss to Tina,2021-10-03,TV_SHORT,FINISHED,13.0,3.0,Action|Comedy,Garage Film,,21,1
140162,Arifureta Itsuka,2021-10-03,MUSIC,FINISHED,1.0,4.0,Fantasy,,60.0,803,7
137309,Digimon Ghost Game,2021-10-03,TV,FINISHED,67.0,23.0,Action|Adventure|Fantasy|Horror|Mystery|Sci-Fi,Toei Animation,66.0,8977,184
136119,Waccha PriMagi!,2021-10-03,TV,FINISHED,51.0,24.0,Mahou Shoujo|Music|Slice of Life,Tatsunoko Production|Dongwoo Animation,67.0,3453,98
133510,GUNMACHAN,2021-10-03,TV,FINISHED,13.0,24.0,Slice of Life,Ascension,53.0,487,5
132071,Tesla Note,2021-10-03,TV,FINISHED,13.0,24.0,Action|Comedy|Drama|Thriller,Gambit,40.0,9155,53
131586,86: Eighty Six Part 2,2021-10-03,TV,FINISHED,12.0,24.0,Action|Drama|Mecha|Sci-Fi,A-1 Pictures,87.0,194669,13635
131083,Mieruko-chan,2021-10-03,TV,FINISHED,12.0,24.0,Comedy|Horror|Slice of Life|Supernatural,Passione,72.0,161838,2923
129259,Shijian Qiutu,2021-10-03,ONA,FINISHED,12.0,15.0,Action,,53.0,283,6
126897,Sankaku Mado no Sotogawa wa Yoru,2021-10-03,TV,FINISHED,12.0,24.0,Drama|Mystery|Supernatural,Zero-G,64.0,16539,225
109745,MUTEKING THE Dancing HERO,2021-10-03,TV,FINISHED,12.0,24.0,Action|Comedy|Music|Sci-Fi,Tezuka Productions|Tatsunoko Production,56.0,3122,27
142020,the last bullet,2021-10-02,MUSIC,FINISHED,1.0,4.0,,,60.0,313,9
139479,Ashuai 6,2021-10-02,ONA,FINISHED,34.0,4.0,Comedy,,,52,0
137227,Deji Meets Girl,2021-10-02,TV_SHORT,FINISHED,12.0,2.0,Slice of Life|Supernatural,LIDENFILMS,60.0,11132,75
135939,Yakunara Mug Cup Mo: Niban Gama,2021-10-02,TV_SHORT,FINISHED,12.0,15.0,Comedy|Slice of Life,Nippon Animation,68.0,6888,63
132806,Isekai Shokudou 2,2021-10-02,TV,FINISHED,12.0,24.0,Fantasy|Slice of Life,OLM,76.0,34029,570
131264,Hanyou no Yashahime: Ni no Shou,2021-10-02,TV,FINISHED,24.0,24.0,Action|Adventure|Fantasy,Sunrise,69.0,13733,245
129973,Maou Evelogia ni Mi wo Sasageyo,2021-10-02,ONA,FINISHED,9.0,7.0,Fantasy|Hentai|Romance,Studio Houkiboshi,55.0,4379,64
122292,Yuuki Yuuna wa Yuusha de Aru: Dai-Mankai no Shou,2021-10-02,TV,FINISHED,12.0,24.0,Action|Drama|Fantasy|Mahou Shoujo|Psychological,Studio Gokumi,73.0,10548,192
182152,Oto no Niwa,2021-10-01,MUSIC,FINISHED,1.0,2.0,,TECARAT,,31,0
138383,Kimi to Fit Boxing,2021-10-01,TV_SHORT,FINISHED,12.0,5.0,Sports,Imagineer|Story Effect,,390,3
136221,Riku wa Yowakunai,2021-10-01,MOVIE,FINISHED,1.0,62.0,Slice of Life,Juumonji|Kachidoki Studio,,176,0
136049,Chizuru-chan Kaihatsu Nikki,2021-10-01,OVA,FINISHED,6.0,20.0,Hentai,T-REX,66.0,3160,158
126790,SELECTION PROJECT,2021-10-01,TV,FINISHED,13.0,24.0,Music|Slice of Life,Doga Kobo,70.0,18518,333
87502,Megaton-kyuu Musashi,2021-10-01,TV,FINISHED,13.0,25.0,Mecha|Sci-Fi,OLM,59.0,6274,71
139811,Zhen Dao Ge Specials,2021-09-30,ONA,FINISHED,2.0,,Action|Adventure|Drama,Infinity Animation,,159,2
139772,Gunjou Sanka,2021-09-30,MUSIC,FINISHED,1.0,5.0,Fantasy|Slice of Life,,70.0,1325,26
139351,Mei Chuxi De Yinyangshi Yijia 3,2021-09-30,ONA,FINISHED,12.0,5.0,Comedy|Fantasy|Slice of Life,Green Monster Team,,143,1
136829,Otome Game no Hametsu Flag shika Nai Akuyaku Reijou ni Tensei shiteshimatta… X: Unmei no Hito ni Deatte Shimatta...,2021-09-30,OVA,FINISHED,1.0,28.0,Comedy|Fantasy|Romance|Slice of Life,SILVER LINK.,68.0,11736,105
124195,Hanma Baki,2021-09-30,ONA,FINISHED,12.0,23.0,Action|Sports,TMS Entertainment,76.0,61617,1046
148293,Selepro-chan! Gekijou,2021-09-29,ONA,FINISHED,13.0,1.0,Slice of Life,,49.0,315,1
145840,Tesla Note: Mickey to Oliver no Agent Yousei Kouza,2021-09-29,ONA,FINISHED,14.0,2.0,,W-Toon Studio,,222,1
134081,Xie Wang Zhui Qi: Shennü Guilai,2021-09-29,ONA,FINISHED,16.0,21.0,Action|Drama|Fantasy|Romance,Big Firebird Cultural Media,67.0,2041,53
120205,Shi Ye Miao Yin,2021-09-29,ONA,FINISHED,11.0,24.0,Adventure|Fantasy|Supernatural,Thundray,54.0,532,13
146315,Torokeru Tetsugaku,2021-09-28,MUSIC,FINISHED,1.0,4.0,Psychological,,,117,0
135255,Princess Principal: Crown Handler - Chapter 1: BUSY EASY MONEY,2021-09-28,OVA,FINISHED,1.0,6.0,,Actas,68.0,3441,25
140601,Honekami,2021-09-26,MOVIE,FINISHED,1.0,10.0,Adventure|Slice of Life,"Yamamura Animation, Inc.",51.0,325,2
140180,Nani Yattemo Umaku Ikanai,2021-09-26,MUSIC,FINISHED,1.0,2.0,,,56.0,285,3
139880,Yakou wo Yobu,2021-09-25,MUSIC,FINISHED,1.0,5.0,,,53.0,220,2
139813,"Hachigatsu no Cinderella Nine: Tsudzuku, Monogatari",2021-09-25,SPECIAL,FINISHED,1.0,24.0,Sports,TMS Entertainment,59.0,1138,11
128705,Blue Period,2021-09-25,ONA,FINISHED,12.0,24.0,Drama|Slice of Life,Seven Arcs,77.0,153990,4900
185776,Guardian Tales Anime PVs,2021-09-24,SPECIAL,FINISHED,3.0,1.0,,Qzil.la|Yostar Pictures,,47,0
139375,Yamitsuki Pheromone The Animation,2021-09-24,ONA,FINISHED,2.0,17.0,Hentai,Shion,61.0,2031,60
136270,Soshite Watashi wa Sensei ni......,2021-09-24,OVA,FINISHED,4.0,25.0,Hentai,Nur,58.0,1841,71
136190,Torokase Orgasm The Animation,2021-09-24,OVA,FINISHED,1.0,28.0,Hentai,,66.0,3195,153
122631,Yi Ren Zhi Xia 4,2021-09-24,ONA,FINISHED,12.0,23.0,Action|Drama|Mystery|Psychological|Supernatural,Qiyuan Yinghua,66.0,5724,74
139586,Go! Saitama,2021-09-23,ONA,FINISHED,1.0,2.0,Action|Comedy,Village Studio,72.0,7867,93
129759,Princess Principal: Crown Handler - Chapter 2,2021-09-23,MOVIE,FINISHED,1.0,56.0,Action|Adventure|Sci-Fi,Actas,77.0,8832,79
157304,Banjjagbanjjag Catch! Tiniping,2021-09-22,TV_SHORT,FINISHED,26.0,11.0,Comedy|Drama|Fantasy|Mahou Shoujo,,,174,2
155201,Shouhu Lian Meng ROY6: Baobao Senlin De Maoxian,2021-09-22,ONA,FINISHED,8.0,,Slice of Life,,,36,0
138060,Star Wars: Visions,2021-09-22,ONA,FINISHED,9.0,16.0,Action|Adventure|Sci-Fi,Kinema Citrus|TRIGGER|Kamikaze Douga|Geno Studio|Studio Colorido|Production I.G|Science SARU,70.0,41070,506
136143,KU-RU-KU-RU Cruller!,2021-09-22,MUSIC,FINISHED,1.0,8.0,Fantasy|Slice of Life,,72.0,1335,16
188943,Mecha Mecha Charisma,2021-09-21,MUSIC,FINISHED,1.0,6.0,Comedy,,,127,4
208066,MAHOROBA,2021-09-20,MOVIE,FINISHED,1.0,14.0,Drama,,,79,0
139449,Getsuyoubi no Tawawa 2,2021-09-20,ONA,FINISHED,12.0,6.0,Ecchi|Slice of Life,Yokohama Animation Lab,64.0,22982,257
137877,"Ganbare, Douki-chan",2021-09-20,ONA,FINISHED,12.0,6.0,Comedy|Ecchi|Romance|Slice of Life,Atelier Pontdarc,63.0,43481,468
137686,Yan Wang,2021-09-19,ONA,FINISHED,12.0,7.0,Drama,Nice Boat Animation,52.0,736,18
154068,Takano Kousaten,2021-09-17,MOVIE,FINISHED,1.0,6.0,Slice of Life,,61.0,480,2
140101,Benghuai 3: Qian Qishilu,2021-09-17,ONA,FINISHED,1.0,2.0,Action|Fantasy,wonderium|miHoYo Anime,69.0,670,15
139304,Kono Kaisha... Nanika Okashii!,2021-09-17,ONA,FINISHED,2.0,17.0,Hentai,Bomb! Cute! Bomb!,52.0,1336,50
107203,Free!: the Final Stroke - Zenpen,2021-09-17,MOVIE,FINISHED,1.0,86.0,Drama|Slice of Life|Sports,Kyoto Animation,77.0,24482,297
183160,Sinbi Apateu : Ghost Ball Z,2021-09-16,TV,FINISHED,24.0,24.0,Fantasy|Supernatural,,,59,0
139276,Taishou Roman,2021-09-16,MUSIC,FINISHED,1.0,3.0,Romance,Shaft,67.0,970,4
138714,Heike Monogatari,2021-09-16,ONA,FINISHED,11.0,23.0,Drama|Supernatural,Science SARU,77.0,36224,930
139342,UMISEA,2021-09-15,ONA,FINISHED,4.0,4.0,Adventure|Comedy|Slice of Life,Cover Corp,63.0,1661,11
137804,Kobayashi-san Chi no Maidragon S: Mini Dra EX,2021-09-15,SPECIAL,FINISHED,5.0,2.0,Comedy|Slice of Life,Kyoto Animation,72.0,14174,123
126186,Alice Gear Aegis: Doki! Actress Darake no Mermaid Grand Prix ♥,2021-09-15,OVA,FINISHED,3.0,15.0,Mecha|Sci-Fi|Slice of Life,Nomad,51.0,1873,15
163831,"Shousetsu ""Tokimori-tachi no Last Dance"" ""Tanabata no Yoru ni Okaeri"" PV",2021-09-14,ONA,FINISHED,1.0,2.0,Fantasy|Mahou Shoujo,,48.0,195,1
139228,Levitating,2021-09-13,MUSIC,FINISHED,1.0,3.0,Mahou Shoujo|Sci-Fi,,64.0,674,5
193906,Azur Lane: 4 Shuunen Kinen Anime PV,2021-09-12,SPECIAL,FINISHED,1.0,2.0,,studio CANDY BOX|Yostar Pictures,,159,0
150505,Ni Tian Jian Shen 4,2021-09-11,ONA,FINISHED,26.0,12.0,Action|Adventure|Fantasy,,,79,2
139354,It's Been A Long Time,2021-09-10,SPECIAL,FINISHED,1.0,1.0,,Studio 4°C,44.0,193,0
138880,Yuuseiboushi,2021-09-10,MUSIC,FINISHED,1.0,4.0,Psychological|Supernatural,,75.0,1566,46
130713,Mahoutsukai no Yome: Nishi no Shounen to Seiran no Kishi,2021-09-10,OVA,FINISHED,3.0,23.0,Drama|Fantasy|Supernatural,Studio Kafka,75.0,33795,397
138699,Pokémon Evolutions,2021-09-09,ONA,FINISHED,8.0,8.0,Action|Fantasy,OLM,73.0,11527,133
158615,Ego Rock,2021-09-07,MUSIC,FINISHED,1.0,3.0,,,52.0,193,7
140082,Peace,2021-09-07,MUSIC,FINISHED,1.0,3.0,,,,114,0
140371,Doggie Corgi 3,2021-09-05,ONA,FINISHED,20.0,2.0,Slice of Life,Studio Goindol,,83,0
138723,Felicia,2021-09-05,MUSIC,FINISHED,1.0,5.0,,,59.0,461,3
122652,Xingchen Bian: Xichen Yao Hai,2021-09-05,ONA,FINISHED,12.0,,Action|Adventure|Fantasy|Romance,Foch,70.0,1260,52
139751,Geu Yeoreum,2021-09-04,ONA,FINISHED,7.0,10.0,Drama|Romance|Slice of Life,Red Dog Culture House,68.0,4819,87
188826,Mini Teukgongdae Animaltron,2021-09-03,TV_SHORT,FINISHED,26.0,11.0,Action|Mecha,SAMG Animation,,28,0
134288,Jashin Shoukan: Inran Kyonyuu Oyako Ikenie Gishiki,2021-09-03,OVA,FINISHED,2.0,17.0,Hentai,T-REX,67.0,4202,199
113254,Ryouma! The Prince of Tennis Shinsei Tennis no Ouji-sama,2021-09-03,MOVIE,FINISHED,1.0,100.0,Action|Comedy|Sports,The Monk Studios|Keika Co. Ltd.,55.0,1706,17
138716,Seikan Sekai,2021-09-02,MUSIC,FINISHED,1.0,2.0,Sci-Fi,Studio KAI,59.0,506,16
188062,Kkoma Bus Tayo 6,2021-09-01,TV_SHORT,FINISHED,26.0,11.0,Adventure,,,34,0
138609,Love Letter,2021-08-31,MUSIC,FINISHED,1.0,4.0,,,67.0,1097,14
169746,Vapor Trail,2021-08-30,MOVIE,FINISHED,1.0,35.0,Action|Mecha|Sci-Fi,,52.0,1277,11
139074,Unmei,2021-08-27,MUSIC,FINISHED,1.0,4.0,Psychological,Studio Gohan,52.0,277,3
138260,Shiguang Dailiren: Xiaoyao Sanren De Weituo,2021-08-27,ONA,FINISHED,1.0,16.0,Comedy,Studio LAN,61.0,5009,36
134946,Usamimi Bouken-tan: Sekuhara Shinagara Sekai wo Sukue,2021-08-27,OVA,FINISHED,4.0,17.0,Adventure|Fantasy|Hentai,Majin petit,56.0,2045,52
132209,Kuroinu II THE ANIMATION,2021-08-27,OVA,FINISHED,1.0,27.0,Fantasy|Hentai,Seven,56.0,2822,80
125838,Misaki no Mayoiga,2021-08-27,MOVIE,FINISHED,1.0,100.0,Fantasy,david production,65.0,6320,29
118743,Fate/kaleid liner Prisma☆Illya: Licht - Namae no Nai Shoujo,2021-08-27,MOVIE,FINISHED,1.0,94.0,Action|Drama|Fantasy|Mahou Shoujo,SILVER LINK.,71.0,15275,164
143290,Saturday (Japanese Anime Edition),2021-08-26,MUSIC,FINISHED,1.0,3.0,Psychological,,,130,0
138351,Liang Bu Yi Part 2,2021-08-25,ONA,FINISHED,12.0,10.0,Comedy|Romance,Paper Plane Animation Studio,76.0,1542,43
137075,VOY@GER,2021-08-25,MOVIE,FINISHED,1.0,8.0,Music|Sci-Fi,CloverWorks,75.0,3089,52
130046,Ichiban Chikakute Tooi Hoshi,2021-08-24,ONA,FINISHED,1.0,4.0,,FLAT STUDIO,63.0,2603,17
206845,Milk no Kevin THE MOVIE,2021-08-21,MOVIE,FINISHED,1.0,47.0,Drama,SLEE PRODUCTION,,40,1
140076,Careless,2021-08-21,MUSIC,FINISHED,1.0,4.0,,,59.0,686,5
138345,Vivy: Fluorite Eye’s Song - PILOT MOVIE,2021-08-21,SPECIAL,FINISHED,1.0,2.0,Action|Music|Sci-Fi,WIT STUDIO,72.0,7031,104
137761,Douluo Dalu: Chongfan Haotian,2021-08-21,ONA,FINISHED,13.0,21.0,Action|Adventure|Fantasy|Romance|Supernatural,Sparkly Key Animation,78.0,1664,65
136397,Xiao Hua Da Dianying: Qiji Shaonü,2021-08-21,MOVIE,FINISHED,1.0,90.0,Mahou Shoujo,Taomee,,70,1
138120,Howling,2021-08-20,MUSIC,FINISHED,1.0,4.0,Supernatural,,66.0,928,11
138119,Fate/kaleid liner Prisma☆Illya: Licht - Namae no Nai Shoujo Special Mini Anime,2021-08-20,ONA,FINISHED,3.0,3.0,Slice of Life,,46.0,1014,4
116676,Kiniro Mosaic: Thank you!!,2021-08-20,MOVIE,FINISHED,1.0,82.0,Comedy|Slice of Life,AXsiZ|Studio Gokumi,75.0,6322,61
116610,BanG Dream! FILM LIVE 2nd Stage,2021-08-20,MOVIE,FINISHED,1.0,84.0,Music,SANZIGEN,77.0,4387,62
138064,Wo Qi Ku Le Baiwan Xiulianzhe,2021-08-19,ONA,FINISHED,190.0,11.0,Fantasy,Soyep,53.0,491,19
140882,"""Hataraku"" no 100-nenshi",2021-08-18,ONA,FINISHED,1.0,2.0,Slice of Life,GYORAI EIZOU,54.0,504,3
127371,Tonikaku Kawaii: SNS,2021-08-18,OVA,FINISHED,1.0,24.0,Comedy|Romance|Slice of Life,Seven Arcs,79.0,63568,1081
138109,Subarashii Shin Sekai,2021-08-17,MUSIC,FINISHED,1.0,5.0,Romance|Sci-Fi,,54.0,329,4
138047,Sayonara Natsu no Hi,2021-08-17,MUSIC,FINISHED,1.0,5.0,Romance,,52.0,226,4
137978,Po,2021-08-16,MUSIC,FINISHED,1.0,2.0,Psychological,,59.0,874,12
133774,Jiu Tian Xuan Di Jue,2021-08-16,ONA,FINISHED,40.0,10.0,Action|Fantasy,Ruo Hong Culture,61.0,692,25
122052,Kaizoku Oujo,2021-08-15,TV,FINISHED,12.0,24.0,Action|Adventure|Romance,Production I.G,69.0,72795,979
148896,hAngedmAn_A,2021-08-14,MUSIC,FINISHED,1.0,4.0,,,,83,0
143380,Hokkyokuguma Suggoku Hima,2021-08-14,MOVIE,FINISHED,1.0,7.0,,"Yamamura Animation, Inc.",,130,0
139588,Yami Shibai 9 Special,2021-08-14,SPECIAL,FINISHED,1.0,4.0,Horror|Supernatural,,51.0,980,3
132381,Huyao Xiao Hongniang: Yue Hong 2,2021-08-14,ONA,FINISHED,1.0,65.0,Adventure|Romance|Supernatural,Success,54.0,363,7
138271,Kohakutou no Yacht,2021-08-13,MUSIC,FINISHED,1.0,4.0,Adventure,Studio Gohan,53.0,245,0
132698,Oshiri Tantei: Sufuure-tou no Himitsu,2021-08-13,MOVIE,FINISHED,1.0,38.0,Comedy|Fantasy|Mystery,Toei Animation,,86,0
132444,Shinkai no Survival!,2021-08-13,MOVIE,FINISHED,1.0,41.0,Action|Comedy,Studio Gallop|Toei Animation,,221,2
143551,A Viva Non Non,2021-08-11,MUSIC,FINISHED,1.0,4.0,,,48.0,171,0
140008,Uranomito,2021-08-11,MUSIC,FINISHED,1.0,4.0,Fantasy,,50.0,247,0
137939,"Kore wa, Watashi no Monogatari.",2021-08-11,ONA,FINISHED,1.0,2.0,Slice of Life,,59.0,770,7
137898,Tensai Ouji no Akaji Kokka Saisei Jutsu: Short Drama,2021-08-11,ONA,FINISHED,5.0,3.0,Slice of Life,AQUA ARIS,53.0,1581,13
137806,Bad Habits,2021-08-11,MUSIC,FINISHED,1.0,4.0,Romance,,58.0,471,1
137800,Unison,2021-08-11,MUSIC,FINISHED,1.0,4.0,Ecchi,,72.0,2606,66
138446,Kaisou Ressha,2021-08-09,MUSIC,FINISHED,1.0,4.0,Slice of Life,,66.0,950,5
140028,Osumo-san,2021-08-08,ONA,FINISHED,1.0,1.0,Comedy,,,148,0
129263,Dahouji Yu Gongzhu Qun,2021-08-08,ONA,FINISHED,13.0,14.0,Drama|Romance,2:10 Animation,57.0,670,6
138530,Ashita wa Nichiyoubi,2021-08-07,MUSIC,FINISHED,1.0,4.0,Psychological,,55.0,271,1
121467,Modao Zushi 3,2021-08-07,ONA,FINISHED,12.0,24.0,Action|Adventure|Drama|Fantasy|Mystery|Supernatural,B.CMAY PICTURES,86.0,25102,1264
140103,Benghuai 3: Reburn: II,2021-08-06,ONA,FINISHED,1.0,3.0,Adventure|Fantasy,miHoYo Anime|Project Studio Q,64.0,637,9
137983,Jia You,2021-08-06,ONA,FINISHED,1.0,5.0,Sports,Nice Boat Animation,,84,0
132203,Imaizumin-chi wa Douyara Gal no Tamariba ni Natteru Rashii,2021-08-06,OVA,RELEASING,,17.0,Hentai,T-REX,77.0,10471,685
126659,Boku no Hero Academia THE MOVIE: World Heroes' Mission,2021-08-06,MOVIE,FINISHED,1.0,104.0,Action|Adventure|Sci-Fi,bones,76.0,102582,1728
186150,Tian Zhen Yu Kung Fu Wa,2021-08-03,TV_SHORT,FINISHED,52.0,11.0,Action|Comedy|Mahou Shoujo,,,58,0
180801,Sunabikisou,2021-08-02,MUSIC,FINISHED,1.0,2.0,,,,35,0
139079,Funbari Onsen Hanjouki,2021-08-02,ONA,FINISHED,10.0,2.0,Comedy|Slice of Life,,47.0,643,7
137537,Rick and Morty: Summer Meets God,2021-08-02,SPECIAL,FINISHED,1.0,15.0,Action|Sci-Fi,Telecom Animation Film,53.0,2149,6
180743,Fate/Grand Order: Haishin 6 Shuunen Kinen Animation PV,2021-08-01,SPECIAL,FINISHED,1.0,3.0,,A-1 Pictures,58.0,402,5
150742,Natsu no Mahou,2021-08-01,MUSIC,FINISHED,1.0,4.0,Romance,,,106,0
148371,Patchwork,2021-08-01,MUSIC,FINISHED,1.0,3.0,,,,90,2
132456,Jahy-sama wa Kujikenai!,2021-08-01,TV,FINISHED,20.0,24.0,Comedy|Fantasy|Slice of Life|Supernatural,SILVER LINK.,68.0,84790,1076
117002,Magia Record: Mahou Shoujo Madoka☆Magica Gaiden 2nd SEASON - Kakusei Zenya,2021-08-01,TV,FINISHED,8.0,24.0,Drama|Mahou Shoujo|Mystery|Psychological|Thriller,Shaft,70.0,24406,284
139756,HololiveEN PVs,2021-07-31,ONA,FINISHED,2.0,2.0,,,58.0,507,4
115853,Jiu Jiu Ba Shi Yi,2021-07-31,ONA,FINISHED,4.0,14.0,Adventure|Fantasy,TWR Entertainment,,151,4
157764,Hen (Music),2021-07-30,MUSIC,FINISHED,1.0,3.0,,,,111,0
134116,Succubus Appli: Gakuen Saimin,2021-07-30,OVA,FINISHED,4.0,20.0,Hentai,Studio 9 Maiami,62.0,2818,98
133483,Anette-san to Liliana-san THE ANIMATION,2021-07-30,OVA,FINISHED,1.0,30.0,Hentai,,65.0,2341,75
127331,Crayon Shin-chan: Nazo Meki! Hana no Tenkasu Gakuen,2021-07-30,MOVIE,FINISHED,1.0,105.0,Comedy,Shin-Ei Animation,73.0,1611,23
116756,Fate/Grand Order: Shuukyoku Tokuiten - Kani Jikan Shinden Solomon,2021-07-30,MOVIE,FINISHED,1.0,94.0,Action|Fantasy|Supernatural,CloverWorks,76.0,30868,557
115833,Can Ci Pin: Fangzhu Xingkong,2021-07-30,ONA,FINISHED,16.0,18.0,Action|Mecha|Sci-Fi,LX Animation Studio,63.0,1362,35
137850,Yoru no Pierrot (TeddyLoid Remix),2021-07-29,MUSIC,FINISHED,1.0,4.0,Sci-Fi,,67.0,1058,24
136657,Sansan De Shenghuo Guoran You Wenti,2021-07-29,ONA,FINISHED,10.0,5.0,Slice of Life,Sansan Studio,,37,0
126440,Xian Yu Ge,2021-07-29,ONA,FINISHED,16.0,15.0,Comedy|Slice of Life,717 Studio,,287,5
157074,Etotama: Nyankyaku Banrai - Etotama Pretty Gekijou,2021-07-28,SPECIAL,FINISHED,1.0,2.0,Comedy,Shirogumi,49.0,318,2
137319,TOUBOU,2021-07-28,MUSIC,FINISHED,1.0,3.0,,,50.0,212,2
136137,Hetalia World★Stars OVA,2021-07-28,OVA,FINISHED,3.0,5.0,Comedy,Studio DEEN,65.0,1800,20
132904,NOMAD: Megalo Box 2 - Hachidori to tabibito.,2021-07-28,SPECIAL,FINISHED,1.0,11.0,,TMS Entertainment,61.0,2106,19
122671,Quanzhi Fashi 5,2021-07-28,ONA,FINISHED,12.0,20.0,Action|Fantasy,Foch,71.0,9897,171
120321,Shaonian Ge Xing: Feng Hua Xue Yue Pian,2021-07-28,ONA,FINISHED,16.0,15.0,Action|Adventure|Fantasy,CG Year,60.0,461,19
148352,Ejanaika,2021-07-27,MUSIC,FINISHED,1.0,4.0,,,,96,0
138106,Shuumatsu no Valkyrie Mini Anime,2021-07-27,ONA,FINISHED,14.0,2.0,Comedy|Fantasy,,52.0,1286,14
120208,Youxia Zhanji,2021-07-27,ONA,FINISHED,20.0,,Fantasy,TMX Art|Zhongce Picture,,212,7
137144,Uchuu no Kisetsu,2021-07-26,MUSIC,FINISHED,1.0,4.0,,,64.0,912,10
168583,Sakananishitajodan,2021-07-24,MUSIC,FINISHED,1.0,2.0,Psychological|Slice of Life,,,53,1
136635,Fatchi Baike 3,2021-07-24,ONA,FINISHED,12.0,6.0,Comedy,Fatchi Moxie Studio,,33,1
139071,Nakayoshi Step,2021-07-23,MUSIC,FINISHED,1.0,4.0,,,,120,2
136706,Tomorrow’s Leaves,2021-07-23,MOVIE,FINISHED,1.0,8.0,Adventure|Fantasy,Studio Ponoc,61.0,1371,6
130190,Bai She 2: Qing She Jie Qi,2021-07-23,MOVIE,FINISHED,1.0,131.0,Action|Fantasy,Light Chaser Animation,73.0,2363,70
126397,Maoling Xiangce,2021-07-23,ONA,FINISHED,21.0,5.0,Fantasy|Slice of Life,7doc|Painted Edge,,253,2
122434,Heion Sedai no Idaten-tachi,2021-07-23,TV,FINISHED,11.0,23.0,Action|Adventure|Fantasy,MAPPA,74.0,61714,1187
137039,COLOURS,2021-07-22,ONA,FINISHED,1.0,4.0,Slice of Life,Haoliners Animation|Studio Tumble,62.0,852,4
136976,DROP,2021-07-22,MUSIC,FINISHED,1.0,5.0,,10GAUGE,67.0,813,12
136461,Wu Geng Ji 4 Part 1,2021-07-22,ONA,FINISHED,24.0,16.0,Action|Fantasy|Supernatural,Sparkly Key Animation,62.0,480,19
132324,Gundam: G no Reconguista III - Uchuu kara no Isan,2021-07-22,MOVIE,FINISHED,1.0,104.0,Action|Mecha|Sci-Fi,Sunrise,68.0,1749,15
107625,Cider no You ni Kotoba ga Wakiagaru,2021-07-22,MOVIE,FINISHED,1.0,87.0,Romance|Slice of Life,Signal.MD|Sublimation,73.0,100884,2138
148266,Seishun no Hikari to Kage,2021-07-21,MUSIC,FINISHED,1.0,4.0,,,,92,0
142963,Sprechchor,2021-07-21,MUSIC,FINISHED,1.0,2.0,,SANZIGEN,67.0,612,3
136582,Fei Ren Zai: Dongzhi Pian,2021-07-21,ONA,FINISHED,12.0,5.0,Comedy|Fantasy|Slice of Life|Supernatural,FENZ,,248,3
137275,Gugong Li De Da Guaishou: Dong Guang Baoshi De Mimi,2021-07-20,ONA,FINISHED,26.0,14.0,Adventure|Fantasy,Original Force,,47,2
136309,Ling Yun Daima,2021-07-20,ONA,FINISHED,20.0,,Sci-Fi,Unity of Knowledge and Action Animation,,166,4
128703,Assault Lily: FRUITS,2021-07-20,ONA,FINISHED,13.0,3.0,Comedy|Slice of Life,Shaft,61.0,2427,12
126350,Heibai Wushuang 3,2021-07-19,ONA,FINISHED,12.0,20.0,Action|Fantasy,Wawayu Animation,53.0,762,19
137613,Shabake,2021-07-18,ONA,FINISHED,1.0,3.0,Fantasy,Shuka,46.0,277,0
126347,Bai Yao Pu 2,2021-07-18,ONA,FINISHED,12.0,20.0,Fantasy|Mystery|Supernatural,Haoliners Animation,71.0,1672,29
139527,Ji Gong: Jiang Long Jiangshi,2021-07-16,MOVIE,FINISHED,1.0,92.0,Action|Fantasy,Ruichen Pictures,,126,2
137894,Revolver,2021-07-16,MUSIC,FINISHED,1.0,4.0,Psychological,,,109,2
136862,Ni Tian Zhizun,2021-07-16,ONA,RELEASING,580.0,12.0,Action|Fantasy,Soyep,65.0,1167,74
132126,Sonny Boy,2021-07-16,TV,FINISHED,12.0,25.0,Drama|Mystery|Psychological|Sci-Fi|Supernatural,MADHOUSE,78.0,134547,7151
131880,Obey Me!,2021-07-16,ONA,FINISHED,12.0,5.0,Comedy|Supernatural,Colored Pencil Animation Japan,69.0,17359,480
128077,Mayonaka no Yuugi -Nora ver.-,2021-07-16,SPECIAL,FINISHED,1.0,5.0,Hentai,White Lily,52.0,426,12
127271,Ryuu to Sobakasu no Hime,2021-07-16,MOVIE,FINISHED,1.0,122.0,Drama|Music|Mystery|Sci-Fi,Studio Chizu,73.0,69723,2011
136795,Natsu ga Hajimaru.,2021-07-15,ONA,FINISHED,1.0,2.0,Music|Sports,,62.0,620,11
126366,Dinghai Fusheng Lu,2021-07-15,ONA,FINISHED,12.0,20.0,Action|Fantasy,Foch,64.0,1285,33
125868,NIGHT HEAD 2041,2021-07-15,TV,FINISHED,12.0,23.0,Drama|Mystery|Psychological|Sci-Fi|Supernatural,Shirogumi,61.0,14719,158
140099,Ryza no Atelier: Short Anime,2021-07-14,ONA,FINISHED,7.0,2.0,Slice of Life,,50.0,756,20
117989,Megami-ryou no Ryoubo-kun.,2021-07-14,TV,FINISHED,10.0,24.0,Comedy|Ecchi|Romance|Slice of Life,Asread,62.0,68216,1081
138992,Tatehoko Tsubasa,2021-07-13,MUSIC,FINISHED,1.0,4.0,,,63.0,819,4
126047,Deatte 5-byou de Battle,2021-07-13,TV,FINISHED,12.0,24.0,Action|Drama|Supernatural,Vega Entertainment|SynergySP,66.0,73539,1024
114118,Hong Huang,2021-07-13,ONA,FINISHED,13.0,15.0,Action|Adventure|Sci-Fi,Maten Animation,,180,7
140079,Shimi,2021-07-12,MUSIC,FINISHED,1.0,3.0,Romance,,67.0,1269,18
137063,Hitoriiro,2021-07-12,MUSIC,FINISHED,1.0,4.0,,entity,50.0,252,0
135108,Yami Shibai 9,2021-07-12,TV_SHORT,FINISHED,13.0,5.0,Horror|Supernatural,ILCA,53.0,3822,17
139409,Liella no Uta,2021-07-11,TV_SHORT,FINISHED,12.0,1.0,Music,,68.0,2162,24
114979,Love Live! Superstar!!,2021-07-11,TV,FINISHED,12.0,24.0,Music|Slice of Life,Sunrise,78.0,29856,959
136569,Caesura of Despair,2021-07-10,MUSIC,FINISHED,1.0,2.0,Fantasy,,65.0,1004,12
135923,Renou Xueyuan,2021-07-10,ONA,FINISHED,10.0,5.0,Comedy|Slice of Life,Painting Dream|miHoYo Anime,70.0,1113,28
130997,D_CIDE TRAUMEREI THE ANIMATION,2021-07-10,TV,FINISHED,13.0,24.0,Action|Adventure|Drama|Fantasy,SANZIGEN,53.0,8205,62
127366,100-man no Inochi no Ue ni Ore wa Tatteiru 2nd Season,2021-07-10,TV,FINISHED,12.0,24.0,Action|Drama|Fantasy,Maho Film,66.0,53409,608
139106,Mahouka Koukou no Rettousei: 10th Shuunen Kinen PV,2021-07-09,SPECIAL,FINISHED,1.0,2.0,Action|Romance|Sci-Fi,8-bit,68.0,2704,53
131783,Xi Yangyang Yu Hui Tailang: Juezhan Ci Shidai,2021-07-09,TV_SHORT,FINISHED,60.0,,Action|Comedy,,,93,0
128545,Shiroi Suna no Aquatope,2021-07-09,TV,FINISHED,24.0,24.0,Drama|Slice of Life|Supernatural,P.A.WORKS,73.0,63577,1242
127227,Kakushigoto: Himegoto wa Nandesuka,2021-07-09,MOVIE,FINISHED,1.0,79.0,Comedy|Slice of Life,Ajiado,76.0,14297,127
120608,Meikyuu Black Company,2021-07-09,TV,FINISHED,12.0,24.0,Comedy|Fantasy,SILVER LINK.,70.0,75151,1125
116740,100-Nichikan Ikita Wani,2021-07-09,MOVIE,FINISHED,1.0,63.0,Drama|Slice of Life,TIA,54.0,957,2
157175,Kyoto Animation:  Meiji-hen,2021-07-08,ONA,FINISHED,1.0,1.0,,,60.0,1149,2
136452,Kyoto Animation: Souzou-hen,2021-07-08,ONA,FINISHED,1.0,1.0,,Kyoto Animation,63.0,1483,2
131009,Chunqiu Feng Shen,2021-07-08,ONA,FINISHED,24.0,17.0,Action|Adventure|Fantasy,LX Animation Studio,52.0,277,14
124494,Biohazard: Infinite Darkness,2021-07-08,ONA,FINISHED,4.0,26.0,Action|Horror|Sci-Fi,Quebico,60.0,6308,76
107717,Kobayashi-san Chi no Maidragon S,2021-07-08,TV,FINISHED,12.0,24.0,Comedy|Fantasy|Slice of Life,Kyoto Animation,81.0,165207,4511
148506,Miharu no Tsukikari,2021-07-07,MUSIC,FINISHED,1.0,4.0,,,54.0,148,1
139754,Shingeki no Kyojin: Chimi Kyara Gekijou - Final,2021-07-07,SPECIAL,FINISHED,2.0,5.0,Comedy|Fantasy,MAPPA,78.0,10344,193
139752,Azur Lane: Bisoku Zenshin! Hokorashiki Bokou ni Shukusai wo,2021-07-07,OVA,FINISHED,1.0,6.0,Ecchi|Slice of Life,Yostar Pictures|Studio Lings,64.0,3220,52
136538,KICK&SLIDE,2021-07-07,TV_SHORT,FINISHED,12.0,3.0,Comedy,Craftar,42.0,230,0
125909,TSUKIPRO THE ANIMATION 2,2021-07-07,TV,FINISHED,13.0,24.0,Music,PRA,63.0,1791,21
125206,Tsuki ga Michibiku Isekai Douchuu,2021-07-07,TV,FINISHED,12.0,24.0,Action|Adventure|Comedy|Fantasy,C2C,77.0,171258,5463
114302,Cheat Kusushi no Slow Life: Isekai ni Tsukurou Drugstore,2021-07-07,TV,FINISHED,12.0,24.0,Comedy|Fantasy|Slice of Life,EMT Squared,61.0,51205,615
180850,Ankoku Kazoku Warabi-san,2021-07-06,ONA,FINISHED,20.0,4.0,Comedy|Slice of Life,ODDJOB,,42,0
138402,Humanity!,2021-07-06,MUSIC,FINISHED,1.0,3.0,Slice of Life,,,95,0
137102,Fire Emblem Heroes: Part 2 - Mini Chara Theater,2021-07-06,ONA,FINISHED,1.0,4.0,Adventure|Comedy|Drama|Fantasy,,55.0,296,4
136517,Mini Van Large,2021-07-06,ONA,FINISHED,26.0,3.0,Comedy|Slice of Life,OLM|DLE|Infinity Vision,55.0,420,2
136474,Shiroi Suna no Aquatope Mini,2021-07-06,ONA,FINISHED,29.0,1.0,Slice of Life,,53.0,1215,4
126546,Seirei Gensouki,2021-07-06,TV,FINISHED,12.0,24.0,Action|Drama|Fantasy|Romance,TMS Entertainment|WAO World,69.0,138444,3321
126432,Sou Xuan Lu: Chen Ling Ji,2021-07-06,ONA,FINISHED,6.0,18.0,Action|Fantasy,SJYNEXCUS,,223,4
116742,Tensei Shitara Slime Datta Ken 2nd Season Part 2,2021-07-06,TV,FINISHED,12.0,24.0,Action|Adventure|Comedy|Fantasy,8-bit,82.0,267642,8390
112802,Uramichi Oniisan,2021-07-06,TV,FINISHED,13.0,24.0,Comedy|Slice of Life,Studio Blanc,76.0,86601,2392
136263,Isekai Cheat Magician: Yoiboshi no Matsuri to Majutsushi,2021-07-05,SPECIAL,FINISHED,1.0,24.0,Action|Adventure|Fantasy,Encourage Films,61.0,14944,163
135801,Yuan Shen Haojie,2021-07-05,ONA,FINISHED,52.0,12.0,Action|Mystery|Sci-Fi,,,764,8
128947,Yubisaki Kara Honki no Netsujou 2: Koibito wa Shouboushi,2021-07-05,ONA,FINISHED,8.0,7.0,Comedy|Hentai|Romance,,58.0,3158,43
136512,"Ore, Tsushima (ONA)",2021-07-04,ONA,FINISHED,93.0,2.0,Comedy|Slice of Life,AQUA ARIS,57.0,1325,10
136400,Chuuken Hachi,2021-07-04,MUSIC,FINISHED,1.0,3.0,,,62.0,333,7
136360,Baka ja Nai noni,2021-07-04,MUSIC,FINISHED,1.0,4.0,Psychological|Romance,,64.0,665,11
130549,RE-MAIN,2021-07-04,TV,FINISHED,12.0,23.0,Drama|Sports,MAPPA,69.0,49817,642
129277,Shinigami Bocchan to Kuro Maid,2021-07-04,TV,FINISHED,12.0,24.0,Comedy|Drama|Romance|Supernatural,J.C.STAFF,74.0,84910,1837
128712,"Tantei wa mou, Shindeiru.",2021-07-04,TV,FINISHED,12.0,24.0,Comedy|Drama|Mystery|Romance|Supernatural,ENGI,61.0,128018,1852
127721,IDOLiSH7: Third BEAT!,2021-07-04,TV,FINISHED,13.0,24.0,Drama|Music|Psychological,TROYCA,81.0,7961,331
125640,Getter Robo Arc,2021-07-04,TV,FINISHED,13.0,24.0,Action|Mecha|Sci-Fi,Bee Media|studio A-CAT,60.0,3105,57
125446,Kageki Shoujo!!,2021-07-04,TV,FINISHED,13.0,24.0,Drama|Slice of Life,PINE JAM,76.0,35268,687
117612,Genjitsu Shugi Yuusha no Oukoku Saikenki,2021-07-04,TV,FINISHED,13.0,24.0,Action|Adventure|Fantasy|Romance,J.C.STAFF,71.0,138346,2631
136310,Sangenshoku,2021-07-03,MUSIC,FINISHED,1.0,4.0,,CloverWorks,69.0,914,12
131646,Vanitas no Carte,2021-07-03,TV,FINISHED,12.0,23.0,Action|Drama|Fantasy|Mystery|Supernatural,bones,78.0,208458,7108
130392,"Ore, Tsushima",2021-07-03,TV_SHORT,FINISHED,12.0,2.0,Comedy|Slice of Life,Fanworks|Space Neko Company,64.0,6548,59
127688,Mahouka Koukou no Yuutousei,2021-07-03,TV,FINISHED,13.0,24.0,Fantasy|Sci-Fi,CONNECT,64.0,37291,406
126360,Yuan Long 2,2021-07-03,ONA,FINISHED,16.0,20.0,Fantasy,CG Year,64.0,867,26
126192,Kanojo mo Kanojo,2021-07-03,TV,FINISHED,12.0,24.0,Comedy|Ecchi|Romance|Slice of Life,Tezuka Productions,63.0,131353,2100
120209,Otome Game no Hametsu Flag shika Nai Akuyaku Reijou ni Tensei shiteshimatta… X,2021-07-03,TV,FINISHED,12.0,24.0,Comedy|Fantasy|Romance|Slice of Life,SILVER LINK.,71.0,78215,1113
114065,Bokutachi no Remake,2021-07-03,TV,FINISHED,12.0,24.0,Drama|Romance|Slice of Life,feel.,72.0,111322,2016
150919,Hebi Ringo,2021-07-02,MUSIC,FINISHED,1.0,4.0,,,,94,0
130692,Mako-chan Kaihatsu Nikki,2021-07-02,OVA,FINISHED,4.0,17.0,Hentai,T-REX,64.0,3931,188
128740,Nanatsu no Taizai: Hikari ni Norowareshi Mono-tachi,2021-07-02,MOVIE,FINISHED,1.0,80.0,Action|Adventure|Comedy|Ecchi|Fantasy,Studio DEEN,70.0,38659,457
136619,Meiying Da Leyuan,2021-07-01,ONA,FINISHED,31.0,3.0,Comedy|Fantasy,,,56,0
133798,Yoshimaho,2021-07-01,ONA,FINISHED,12.0,1.0,,,41.0,1521,11
131150,SCARLET NEXUS,2021-07-01,TV,FINISHED,26.0,24.0,Action|Adventure|Fantasy|Sci-Fi|Supernatural,Sunrise,53.0,35701,550
131149,Higurashi no Naku Koro ni Sotsu,2021-07-01,TV,FINISHED,15.0,24.0,Horror|Mystery|Psychological|Supernatural|Thriller,Passione,64.0,38454,684
122441,Peach Boy Riverside,2021-07-01,TV,FINISHED,12.0,24.0,Adventure|Fantasy,Asahi Production,60.0,60841,631
148041,Nonnon,2021-06-30,MUSIC,FINISHED,1.0,4.0,,,48.0,157,0
131773,Wonder Egg Priority: Tokubetsu-hen,2021-06-30,SPECIAL,FINISHED,1.0,47.0,Action|Drama|Fantasy|Mystery|Psychological|Sci-Fi|Thriller,CloverWorks,50.0,66192,521
115900,Zhihao Beipan Diqiule,2021-06-29,ONA,FINISHED,72.0,11.0,Comedy|Drama|Romance|Sci-Fi,Shengying Animation,,271,4
136297,Mado wo Akete,2021-06-28,MUSIC,FINISHED,1.0,4.0,,CLAP,70.0,1066,18
136146,Wan Jie Xian Zong 5,2021-06-28,ONA,FINISHED,48.0,7.0,Action|Adventure|Fantasy|Romance,Ruo Hong Culture,61.0,677,34
131826,Eroge de Subete wa Kaiketsu Dekiru! THE ANIMATION,2021-06-25,OVA,FINISHED,2.0,28.0,Hentai,Seven,70.0,3706,177
121180,Xiao Hua Xian 5: Sishi Hua Yu - Chun Xia 2: Xia,2021-06-25,ONA,FINISHED,26.0,13.0,Mahou Shoujo,,,76,1
117764,BanG Dream! Episode of Roselia II: Song I am.,2021-06-25,MOVIE,FINISHED,1.0,71.0,Music,SANZIGEN,79.0,5848,155
115895,Sore Ike! Anpanman: Fuwa Fuwa Fuwaly to Kumo no Kuni,2021-06-25,MOVIE,FINISHED,1.0,60.0,Comedy|Fantasy,TMS Entertainment,,211,0
110224,Journey: Taiko Arabia Hantou de no Kiseki to Tatakai no Monogatari,2021-06-25,MOVIE,FINISHED,1.0,110.0,Action|Adventure,Toei Animation,66.0,6369,85
148629,7-jigen GIRL wa Nekoze,2021-06-23,MUSIC,FINISHED,1.0,4.0,,,,89,0
137916,Rainy Boots,2021-06-23,MUSIC,FINISHED,1.0,3.0,,,69.0,653,13
148002,Katarina Nounai Kaigi X,2021-06-21,ONA,FINISHED,23.0,1.0,Comedy,AQUA ARIS,53.0,1018,3
147996,Dragon Ball: Annecy Festival 60th Anniversary,2021-06-20,ONA,FINISHED,1.0,1.0,Action|Adventure,Toei Animation,56.0,607,6
145837,Shinsekai Pygmalion,2021-06-20,MUSIC,FINISHED,1.0,4.0,,,,127,0
136128,Dennou,2021-06-20,MUSIC,FINISHED,1.0,4.0,,G-angle|WIT STUDIO|S.o.K,60.0,585,12
135866,Youjo Senki: Sabaku no Pasta Daisakusen,2021-06-19,ONA,FINISHED,1.0,17.0,Action|Fantasy,NUT,74.0,26551,273
145555,Osomatsu-san 3 Short Episode Anime: Gekokujou,2021-06-18,SPECIAL,FINISHED,2.0,2.0,Comedy,,,119,0
143456,Shokuzai,2021-06-18,ONA,FINISHED,1.0,2.0,Horror|Psychological,,,97,0
136307,Aitsura Zenin Dousoukai,2021-06-18,MUSIC,FINISHED,1.0,4.0,Psychological|Supernatural,,60.0,497,3
135836,Peeping Life 12th anniversary,2021-06-18,ONA,FINISHED,1.0,5.0,Comedy|Slice of Life,Forest Hunting One,,76,0
150006,Byakuya,2021-06-17,MUSIC,FINISHED,1.0,2.0,Action|Adventure|Fantasy,,56.0,266,6
127399,Shuumatsu no Valkyrie,2021-06-17,ONA,FINISHED,12.0,24.0,Action|Drama|Fantasy|Supernatural,Graphinica,67.0,130335,2562
143315,Climbing,2021-06-16,MOVIE,FINISHED,1.0,77.0,Horror|Psychological,,,102,0
143293,One Piece: Annecy Festival 60th Anniversary,2021-06-16,ONA,FINISHED,1.0,1.0,Action|Adventure,Toei Animation,53.0,759,2
117573,Juan Siliang,2021-06-14,ONA,FINISHED,15.0,15.0,Fantasy|Mystery|Romance,Year Young Culture,67.0,897,42
137339,Ashuai 5,2021-06-12,ONA,FINISHED,34.0,4.0,Comedy,,,48,0
135626,Shiny Racers,2021-06-12,MUSIC,FINISHED,1.0,4.0,,Hurray!,67.0,1042,9
148899,Panspermia,2021-06-11,MUSIC,FINISHED,1.0,3.0,,,49.0,137,1
127958,Gyokou no Nikuko-chan,2021-06-11,MOVIE,FINISHED,1.0,97.0,Comedy|Drama|Slice of Life,Studio 4°C,70.0,6393,85
126275,"""Uchuu Senkan Yamato"" to Iu Jidai: Seireki 2202-nen no Sentaku",2021-06-11,MOVIE,FINISHED,1.0,120.0,Action|Drama|Sci-Fi,studio MOTHER,67.0,1314,17
123645,Sayonara Watashi no Cramer: First Touch,2021-06-11,MOVIE,FINISHED,1.0,104.0,Drama|Sports,LIDENFILMS,68.0,5334,60
105595,Kidou Senshi Gundam: Senkou no Hathaway,2021-06-11,MOVIE,FINISHED,1.0,95.0,Action|Drama|Mecha|Sci-Fi,Sunrise,79.0,20150,567
129239,Xinghe Zhizun,2021-06-10,ONA,FINISHED,45.0,7.0,Fantasy,Ruo Hong Culture,53.0,568,21
139649,Juukyuu-gatsu,2021-06-09,MUSIC,FINISHED,1.0,4.0,Psychological|Sci-Fi,,,111,0
136118,drivers license,2021-06-08,MUSIC,FINISHED,1.0,4.0,,,49.0,247,0
135572,Tie Jie Gang Bing 2,2021-06-07,ONA,FINISHED,55.0,,Adventure|Sci-Fi,,,136,8
136206,Pretty All Friends Selection,2021-06-06,TV,FINISHED,16.0,24.0,Music,Dongwoo Animation|Tatsunoko Production,55.0,678,6
130074,Netosis,2021-06-04,OVA,FINISHED,1.0,17.0,Hentai,T-REX,52.0,3915,124
130073,Netokano,2021-06-04,OVA,FINISHED,1.0,17.0,Hentai,T-REX,57.0,3683,131
113024,Shoujo☆Kageki Revue Starlight Movie,2021-06-04,MOVIE,FINISHED,1.0,120.0,Action|Drama|Music|Psychological,Kinema Citrus,87.0,20909,2438
99900,Eiga Daisuki Pompo-san,2021-06-04,MOVIE,FINISHED,1.0,94.0,Comedy|Drama,CLAP,81.0,31354,934
99730,Sidonia no Kishi: Ai Tsumugu Hoshi,2021-06-04,MOVIE,FINISHED,1.0,110.0,Action|Drama|Mecha|Sci-Fi,POLYGON PICTURES,73.0,9051,116
140878,Non-breath oblige,2021-06-02,MUSIC,FINISHED,1.0,3.0,Psychological,,63.0,422,20
127149,Fate/Grand Carnival,2021-06-02,OVA,FINISHED,4.0,15.0,Comedy|Fantasy|Supernatural,Lerche,75.0,21929,305
122630,Xi Xing Ji 3,2021-06-02,ONA,FINISHED,20.0,,Action|Adventure|Fantasy,BYMENT,57.0,364,13
143755,Yuukei,2021-06-01,MUSIC,FINISHED,1.0,5.0,Drama|Slice of Life,,48.0,143,0
153770,Yuuyake,,MUSIC,FINISHED,1.0,3.0,,,,45,0
140012,Chiisaki Monotachi,,MUSIC,FINISHED,1.0,2.0,,,,103,0
136322,passion,,MUSIC,FINISHED,1.0,2.0,,,,85,0
136145,Shiguang Dailiren Special,2021-05-28,ONA,FINISHED,1.0,24.0,Mystery|Supernatural,Studio LAN,78.0,24051,271
134120,Artiswitch,2021-05-28,ONA,FINISHED,6.0,8.0,Drama|Psychological,Sunrise,70.0,10267,251
133413,Bai Gui Youeryuan 4,2021-05-28,ONA,FINISHED,12.0,5.0,Comedy|Fantasy,Painting Dream,,116,0
130654,Kazoku: Haha to Shimai no Kyousei,2021-05-28,OVA,FINISHED,6.0,24.0,Hentai,PoRO petit,65.0,3243,158
130653,Karada de Kaiketsu ♡: Hyakkiya Tantei Jimusho - Hyakkiya Hikari no Youkai Jikenbo,2021-05-28,OVA,FINISHED,4.0,17.0,Hentai,Mousou Senka,59.0,2036,63
109217,Eden,2021-05-27,ONA,FINISHED,4.0,25.0,Adventure|Sci-Fi,Qubic Pictures|CGCG Studio Inc.,61.0,9083,77
134413,Yuru Camp△ SEASON 2 OVA,2021-05-26,OVA,FINISHED,2.0,5.0,Comedy|Slice of Life,C-Station,74.0,10867,98
101216,Etotama: Nyankyaku Banrai,2021-05-26,ONA,FINISHED,1.0,30.0,Action|Comedy|Fantasy,Shirogumi,61.0,3130,20
152001,Peach Boy Riverside Mini Anime,2021-05-25,ONA,FINISHED,12.0,1.0,,,47.0,800,0
140393,nag,2021-05-25,MUSIC,FINISHED,1.0,5.0,,,54.0,193,3
136946,Celia-sensei no Wakuwaku Magical Kyoushitsu,2021-05-25,ONA,FINISHED,18.0,2.0,Comedy|Fantasy|Slice of Life,AQUA ARIS,56.0,2170,18
136664,Lockdown,2021-05-25,MUSIC,FINISHED,1.0,4.0,,,51.0,137,0
134840,The Naked King: Utsukushiki Waga Jinsei wo,2021-05-25,MUSIC,FINISHED,1.0,4.0,Drama|Romance|Supernatural,,66.0,930,18
138683,VIVA LA EVOLUCION,2021-05-23,MUSIC,FINISHED,1.0,4.0,Action|Fantasy|Sci-Fi,Craftar,,53,0
134462,Real Melancholy,2021-05-22,MUSIC,FINISHED,1.0,4.0,,,61.0,580,6
134168,Douluo Dalu: Shan Yu Yu Lai,2021-05-22,ONA,FINISHED,13.0,20.0,Action|Adventure|Fantasy|Romance|Supernatural,Sparkly Key Animation,79.0,1801,76
151987,"Tantei wa mou, Shindeiru. Mini Anime",2021-05-21,ONA,FINISHED,5.0,2.0,,ENGI,52.0,1122,14
140377,Cogimyun 2nd,2021-05-21,ONA,FINISHED,10.0,1.0,Slice of Life,Gathering,50.0,201,2
134107,Wu Shang Shen Di 2,2021-05-21,ONA,RELEASING,620.0,7.0,Action|Adventure|Fantasy,Ruo Hong Culture,66.0,894,50
129963,HOLOLIVE ALTERNATIVE Teaser PVs,2021-05-21,ONA,RELEASING,,2.0,Fantasy,,78.0,5639,116
133869,Kuang Shenmo Zun,2021-05-20,ONA,FINISHED,62.0,,Fantasy,Soyep,56.0,482,12
132305,Xing Hai Qishi Part 2,2021-05-19,ONA,FINISHED,7.0,20.0,Action|Sci-Fi,D.ROCK-ART,57.0,260,6
125368,Kaguya-sama wa Kokurasetai: Tensaitachi no Renai Zunousen OVA,2021-05-19,OVA,FINISHED,1.0,24.0,Comedy|Ecchi|Romance|Slice of Life,A-1 Pictures,75.0,91337,1048
138676,PERFECT MAGIC,2021-05-17,MUSIC,FINISHED,1.0,5.0,Action|Fantasy|Sci-Fi,Craftar,,58,0
138554,Closure no Kimitsu File,2021-05-16,ONA,FINISHED,17.0,2.0,Comedy|Slice of Life,,56.0,407,2
129222,Tai Yi Xian Mo Lu: Ling Fei Ji 4,2021-05-16,ONA,FINISHED,12.0,,Action|Adventure|Fantasy,Dancing CG Studio,,150,2
139229,Oka no Ue no Charlie Trailer,2021-05-15,ONA,FINISHED,1.0,1.0,Adventure|Comedy|Fantasy,,,85,0
134289,Daisan no Shinzou,2021-05-15,MUSIC,FINISHED,1.0,4.0,Psychological,Studio Gohan,58.0,561,7
134045,Ling Long Special,2021-05-15,ONA,FINISHED,1.0,42.0,Action|Horror|Sci-Fi,YHKT Entertainment,72.0,812,22
121528,Zhen Hun Jie 2 Chongzhi Ban,2021-05-15,ONA,FINISHED,10.0,23.0,Action|Adventure|Drama|Supernatural,L² Studio,65.0,2019,24
103277,Fate/Grand Order: Shinsei Entaku Ryouiki Camelot - Paladin; Agateram,2021-05-15,MOVIE,FINISHED,1.0,96.0,Action|Fantasy,Production I.G,76.0,31436,504
136779,Rhythmens,2021-05-14,ONA,FINISHED,6.0,2.0,Music|Slice of Life,VCRWORKS,50.0,143,2
140027,About you,2021-05-13,MOVIE,FINISHED,1.0,4.0,Psychological,,43.0,211,1
140026,Fragile,2021-05-13,MOVIE,FINISHED,1.0,3.0,Psychological,,,216,5
176922,JUBITO,2021-05-12,MOVIE,FINISHED,1.0,2.0,,,,118,1
150504,Ni Tian Jian Shen 3,2021-05-12,ONA,FINISHED,26.0,12.0,Action|Adventure|Fantasy,,,83,2
133728,Hua Jianghu: Huan Shi Men Sheng 2,2021-05-12,ONA,FINISHED,19.0,19.0,Action|Drama|Fantasy|Romance,Rocen,,163,3
137270,Kimi no Suki ni Deaou.,2021-05-09,SPECIAL,FINISHED,2.0,1.0,Romance,Liberty Animation Studio,48.0,412,2
127363,Jaku-Chara Tomozaki-kun OVA,2021-05-07,OVA,FINISHED,2.0,13.0,Comedy|Romance,project No.9,67.0,22007,201
213462,Neko Jockey,2021-05-06,TV_SHORT,FINISHED,4.0,3.0,Comedy,DLE,,17,1
134861,Fei Ba! Lanqiu: Xuzhang,2021-05-06,ONA,FINISHED,1.0,24.0,Sports,Reike Eyes Animation,,117,1
129228,Fengzi Wuyu: Yinhe Pian,2021-05-04,ONA,FINISHED,20.0,18.0,Action|Adventure|Fantasy,Star Hunter Animation,,150,10
138679,CALL OF JUSTICE,2021-05-03,MUSIC,FINISHED,1.0,5.0,Action|Fantasy|Sci-Fi,Craftar,,66,0
126833,Ling Long Final Chapter,2021-05-01,ONA,FINISHED,2.0,43.0,Action|Drama|Horror|Mecha|Mystery|Sci-Fi|Thriller,YHKT Entertainment,73.0,1022,32
138550,Biohazard Village × Ningyou Geki,2021-04-30,ONA,FINISHED,3.0,3.0,Comedy,,,160,0
136646,Ndaho Kekkon Omedetou!!,2021-04-30,ONA,FINISHED,1.0,4.0,Music|Romance|Slice of Life,LIDENFILMS,46.0,217,0
133442,Trepanation,2021-04-30,MUSIC,FINISHED,1.0,4.0,,,60.0,637,6
133425,Ningen Kaishuusha,2021-04-30,ONA,FINISHED,8.0,9.0,Mystery|Supernatural,Sorajima Studio,,231,5
133410,Yoru wa Honoka,2021-04-30,MUSIC,FINISHED,1.0,3.0,,,74.0,1639,36
129115,Shidoukan Day after THE ANIMATION,2021-04-30,OVA,FINISHED,2.0,17.0,Hentai,Seven,55.0,2003,46
128623,Sakusei Byoutou THE ANIMATION,2021-04-30,OVA,FINISHED,10.0,20.0,Hentai,Seven,64.0,4537,221
126403,Shiguang Dailiren,2021-04-30,ONA,FINISHED,11.0,24.0,Drama|Mystery|Supernatural|Thriller,Studio LAN,86.0,173268,11253
133340,Chocosanji,2021-04-29,ONA,FINISHED,12.0,2.0,Comedy,,51.0,345,7
131930,Yasuke,2021-04-29,ONA,FINISHED,6.0,29.0,Action|Fantasy|Mecha|Sci-Fi,MAPPA,56.0,30823,246
123375,Hua Jianghu: Buliang Ren 4,2021-04-29,ONA,FINISHED,13.0,27.0,Adventure|Drama|Romance,Rocen,57.0,242,9
158611,masui,2021-04-28,MOVIE,FINISHED,1.0,2.0,Slice of Life,,,113,1
147956,Anzu no Hana,2021-04-28,MUSIC,FINISHED,1.0,4.0,,,,124,4
139096,Genius,2021-04-28,MUSIC,FINISHED,1.0,4.0,Fantasy,,,66,0
133463,Mirai Note,2021-04-28,MUSIC,FINISHED,1.0,4.0,,GAINAX Kyoto|Studio elle,55.0,301,2
131647,Chao Shikong Kuaidi,2021-04-28,ONA,CANCELLED,12.0,6.0,Comedy|Sci-Fi,Xiyang Culture,,41,0
130058,Uchi no Otouto Maji de Dekain dakedo Mi ni Konai?,2021-04-28,OVA,FINISHED,2.0,17.0,Hentai,T-REX,74.0,10493,608
127368,Dungeon ni Deai wo Motomeru no wa Machigatteiru Darou ka III OVA,2021-04-28,OVA,FINISHED,1.0,28.0,Action|Adventure|Comedy|Ecchi|Fantasy|Romance,J.C.STAFF,67.0,29418,329
139297,Yi Shijie Zhongyao Pu 2,2021-04-27,ONA,FINISHED,60.0,12.0,Drama|Fantasy,Soyep,,105,0
126395,Li Linke De Xiao Guaner,2021-04-27,ONA,FINISHED,10.0,19.0,Slice of Life,Delight Animation,57.0,621,8
132527,Aoi Hane Mitsuketa!,2021-04-26,ONA,FINISHED,6.0,4.0,Fantasy,pH Studio|Noovo Inc.,,218,1
126354,Tianbao Fuyao Lu 2,2021-04-25,ONA,FINISHED,13.0,19.0,Action|Fantasy,Sparkly Key Animation,73.0,1462,51
139300,Jinsei wa Saikou no Himatsubushi,2021-04-24,MUSIC,FINISHED,1.0,4.0,Slice of Life,,60.0,393,8
131239,Luo Xiaohei Zhan Ji: Zhongsheng Zhi Men,2021-04-24,ONA,FINISHED,12.0,8.0,Action|Adventure|Comedy|Supernatural,HMCH,73.0,946,29
139120,Eureka,2021-04-23,MUSIC,FINISHED,1.0,3.0,Psychological,,47.0,218,1
129750,Bitch na In`ane-sama,2021-04-23,OVA,FINISHED,4.0,20.0,Hentai,Studio 9 Maiami,60.0,2965,137
120218,Wanmei Shijie,2021-04-23,ONA,FINISHED,26.0,20.0,Action|Adventure|Fantasy,Foch,73.0,3583,140
117763,BanG Dream! Episode of Roselia I: Yakusoku,2021-04-23,MOVIE,FINISHED,1.0,77.0,Music,SANZIGEN,76.0,6393,105
138414,Glory or Dust,2021-04-22,MUSIC,FINISHED,1.0,6.0,,Production I.G,64.0,546,13
188619,Natsume Yuujinchou × Kumamoto-ken: Hitoyoshi Kuma de no Yasashii Jikan,2021-04-21,ONA,FINISHED,1.0,2.0,Fantasy|Slice of Life|Supernatural,Shuka,66.0,965,13
114114,Liang Bu Yi,2021-04-21,ONA,FINISHED,12.0,10.0,Comedy|Romance,Paper Plane Animation Studio,75.0,4558,125
136165,Qian Wu Gu Ren,2021-04-20,ONA,FINISHED,22.0,7.0,Romance,,,488,8
121477,Wo Zhen de Meiyong Mie?,2021-04-19,ONA,FINISHED,12.0,8.0,Comedy,MAKING ANIMATION,,98,0
148536,Nigella,2021-04-18,MUSIC,FINISHED,1.0,3.0,,,,67,0
138685,LIBERATION,2021-04-18,MUSIC,FINISHED,1.0,5.0,Action|Fantasy|Sci-Fi,Craftar,,53,1
137333,Hyper Positive Yogoremon,2021-04-18,TV_SHORT,FINISHED,12.0,2.0,Comedy,,41.0,186,1
135605,Live Beyond!!,2021-04-18,MUSIC,FINISHED,1.0,2.0,,SANZIGEN,59.0,473,0
168627,Bashinhurudanuki,2021-04-17,MUSIC,FINISHED,1.0,2.0,Psychological|Slice of Life,,,56,1
158625,Saishin,2021-04-17,MUSIC,FINISHED,1.0,4.0,,,,124,1
116338,Mairimashita! Iruma-kun 2,2021-04-17,TV,FINISHED,21.0,25.0,Comedy|Fantasy|Supernatural,Bandai Namco Pictures,80.0,105416,2844
132283,Yoru no Kuni,2021-04-16,ONA,FINISHED,3.0,9.0,Fantasy,studio daisy,72.0,6966,92
114112,Mi Bao Zhi Guo,2021-04-16,ONA,FINISHED,10.0,16.0,Adventure|Fantasy|Mystery,2:10 Animation,49.0,981,13
113653,Meitantei Conan: Hiiro no Dangan,2021-04-16,MOVIE,FINISHED,1.0,110.0,Action|Drama|Mystery,TMS Entertainment,77.0,8267,159
131475,Shi Yi Chang'an: Mingyue Ji Shi You 2,2021-04-15,ONA,FINISHED,13.0,15.0,Drama|Romance,Lingsanwu Animation,69.0,1689,33
125867,Cestvs: The Roman Fighter,2021-04-15,TV,FINISHED,11.0,23.0,Action|Drama|Sports,Bandai Namco Pictures,52.0,6017,54
143553,AISOUZE!,2021-04-14,MUSIC,FINISHED,1.0,3.0,,Mirai Film,46.0,212,2
135381,Blue Reflection Ray!,2021-04-14,ONA,FINISHED,24.0,1.0,Comedy|Slice of Life,,51.0,532,2
124675,Osananajimi ga Zettai ni Makenai Love Come,2021-04-14,TV,FINISHED,12.0,24.0,Comedy|Romance,Doga Kobo,58.0,86722,1035
139397,Moshi Juexing: Suyuan Part 2,2021-04-13,ONA,FINISHED,13.0,23.0,Action|Sci-Fi,Oriental Creative Color,,61,1
132692,GHOST,2021-04-13,MUSIC,FINISHED,1.0,5.0,,,77.0,2695,83
188825,Mini Teukgongdae Super Gongnyong Power: Super Dino 7,2021-04-12,SPECIAL,FINISHED,4.0,11.0,Action|Mecha,SAMG Animation,,22,0
136135,ColoColo Animal Otogibanashi,2021-04-12,TV_SHORT,FINISHED,12.0,5.0,Comedy,,,92,0
133849,Ensemble Stars!! 5th Anniversary ANIMATION PV,2021-04-12,ONA,FINISHED,1.0,5.0,Music|Slice of Life,david production,69.0,1212,12
132467,Tokyo Revengers: Chibi Reve,2021-04-12,ONA,FINISHED,24.0,2.0,Comedy,Studio PuYUKAI,73.0,8273,156
131650,Menghuan Shuyuan: Keyue Xiao Jizhe,2021-04-12,ONA,FINISHED,12.0,2.0,Comedy|Fantasy,Painting Dream,,48,0
128369,Itazura Guma no Gloomy,2021-04-12,TV_SHORT,FINISHED,12.0,1.0,Comedy|Horror|Slice of Life,,48.0,3541,32
114535,Fumetsu no Anata e,2021-04-12,TV,FINISHED,20.0,25.0,Adventure|Drama|Fantasy|Psychological|Supernatural,Brain's Base,81.0,315428,10677
131649,Ruguo Lishi Shi Yi Qun Miao 6,2021-04-11,ONA,FINISHED,13.0,6.0,Comedy,Fatchi Moxie Studio,,63,0
130777,Mewkledreamy Mix!,2021-04-11,TV,FINISHED,50.0,24.0,Adventure|Comedy|Fantasy|Mahou Shoujo|Slice of Life,J.C.STAFF,62.0,1449,13
125038,Shadows House,2021-04-11,TV,FINISHED,13.0,24.0,Fantasy|Horror|Mystery|Slice of Life|Supernatural,CloverWorks,77.0,101194,2493
120697,"Ijiranaide, Nagatoro-san",2021-04-11,TV,FINISHED,12.0,24.0,Comedy|Romance|Slice of Life,Telecom Animation Film,69.0,266194,5982
120534,Battle Athletess Daiundoukai: ReSTART!,2021-04-11,TV,FINISHED,12.0,24.0,Action|Adventure|Sci-Fi|Sports,Seven,46.0,3197,29
120120,Tokyo Revengers,2021-04-11,TV,FINISHED,24.0,24.0,Action|Drama|Romance|Supernatural,LIDENFILMS,77.0,442949,17541
119683,EDENS ZERO,2021-04-11,TV,FINISHED,25.0,23.0,Action|Adventure|Comedy|Fantasy|Sci-Fi,J.C.STAFF,70.0,89588,1589
116589,86: Eighty Six,2021-04-11,TV,FINISHED,11.0,24.0,Action|Drama|Mecha|Sci-Fi,A-1 Pictures,83.0,320229,18997
113428,Bishounen Tanteidan,2021-04-11,TV,FINISHED,12.0,24.0,Comedy|Mystery|Sci-Fi,Shaft,69.0,48688,592
149086,IIZUNA FAIR,2021-04-10,MOVIE,FINISHED,1.0,12.0,Psychological,,,128,7
129814,BLUE REFLECTION RAY,2021-04-10,TV,FINISHED,24.0,25.0,Drama|Fantasy|Mahou Shoujo|Psychological,J.C.STAFF,53.0,12175,123
120376,Subarashiki Kono Sekai The Animation,2021-04-10,TV,FINISHED,12.0,24.0,Action|Supernatural,Shin-Ei Animation|domerica,58.0,27388,312
119042,Yuuki Yuuna wa Yuusha de Aru Churutto!,2021-04-10,TV_SHORT,FINISHED,12.0,1.0,Comedy|Slice of Life,W-Toon Studio|DMM.futureworks,59.0,2506,12
112608,"Slime Taoshite 300-nen, Shiranai Uchi ni Level MAX ni Nattemashita",2021-04-10,TV,FINISHED,12.0,24.0,Adventure|Comedy|Fantasy|Slice of Life,REVOROOT,68.0,138624,2419
131675,AOTU Shijie Fan Wai Pian,2021-04-09,ONA,FINISHED,5.0,15.0,Action|Adventure|Fantasy|Sci-Fi,7doc,,72,1
130445,Youkai Watch ♪,2021-04-09,TV,FINISHED,98.0,25.0,Comedy|Supernatural,OLM,58.0,1030,23
128737,Shinkansen Henkei Robo Shinkalion Z,2021-04-09,TV,FINISHED,41.0,24.0,Action|Mecha,OLM,55.0,915,14
125839,Bakuten!!,2021-04-09,TV,FINISHED,12.0,23.0,Comedy|Drama|Sports,ZEXCS,74.0,41101,759
117448,Isekai Maou to Shoukan Shoujo no Dorei Majutsu Ω,2021-04-09,TV,FINISHED,10.0,24.0,Comedy|Ecchi|Fantasy,Tezuka Productions|Okuruto Noboru,66.0,128109,2039
128399,Fairy Ranmaru: Anata no Kokoro Otasuke Shimasu,2021-04-08,TV,FINISHED,12.0,24.0,Ecchi|Mahou Shoujo|Slice of Life,Studio Comet,53.0,9146,147
126664,SD Gundam World Heroes,2021-04-08,ONA,FINISHED,24.0,24.0,Action|Mecha,Sunrise,50.0,1104,8
125426,Gokushufudou,2021-04-08,ONA,FINISHED,5.0,17.0,Comedy|Slice of Life,J.C.STAFF,71.0,158744,3153
110733,Zombie Land Saga: Revenge,2021-04-08,TV,FINISHED,12.0,24.0,Comedy|Music|Supernatural,MAPPA,79.0,71457,1734
136141,Hajimari wa Kimi no Sora,2021-04-07,MUSIC,FINISHED,1.0,6.0,,Sunrise,68.0,1181,4
132096,Kobayashi-san Chi no Maidragon S: Mini Dra,2021-04-07,ONA,FINISHED,16.0,2.0,Comedy|Slice of Life,Kyoto Animation,73.0,27486,305
130516,Uchuu Nanchara Kotetsu-kun,2021-04-07,TV_SHORT,FINISHED,64.0,10.0,Comedy|Sci-Fi,Fanworks,,302,1
126791,Kyuukyoku Shinka Shita Full Dive RPG ga Genjitsu yori mo Kusogee Dattara,2021-04-07,TV,FINISHED,12.0,24.0,Action|Comedy|Ecchi|Fantasy|Romance,ENGI,62.0,82987,1171
113418,Super Cub,2021-04-07,TV,FINISHED,12.0,24.0,Slice of Life,Studio KAI,72.0,47883,1272
131929,Wan Jie Duzun,2021-04-06,ONA,FINISHED,50.0,,Action|Fantasy,Ruo Hong Culture,65.0,1082,48
130514,iii icecrin,2021-04-06,TV_SHORT,FINISHED,12.0,2.0,,TIA|Shin-Ei Animation,50.0,277,1
128547,Odd Taxi,2021-04-06,TV,FINISHED,13.0,24.0,Drama|Mystery|Psychological|Thriller,OLM|P.I.C.S.,85.0,149339,7166
124194,Fruits Basket: The Final,2021-04-06,TV,FINISHED,13.0,24.0,Comedy|Drama|Psychological|Romance|Slice of Life|Supernatural,TMS Entertainment,89.0,175807,11942
123802,Seijo no Maryoku wa Bannou desu,2021-04-06,TV,FINISHED,12.0,24.0,Fantasy|Romance|Slice of Life,diomedéa,72.0,78677,1492
116741,Tensei Shitara Slime Datta Ken: Tensura Nikki,2021-04-06,TV,FINISHED,12.0,24.0,Adventure|Comedy|Fantasy|Slice of Life,8-bit,74.0,99898,1695
115183,MARS RED,2021-04-06,TV,FINISHED,13.0,24.0,Action|Drama|Sci-Fi|Supernatural,Signal.MD,63.0,44847,430
129801,Kuro Gal ni Natta kara Shinyuu to Shitemita.,2021-04-05,ONA,FINISHED,8.0,5.0,Hentai|Romance,Elias,57.0,9123,157
129386,Seven Knights Revolution: Eiyuu no Keishousha,2021-04-05,TV,FINISHED,12.0,24.0,Action|Fantasy,domerica|LIDENFILMS,60.0,17213,190
114232,Hige wo Soru. Soshite Joshikousei wo Hirou.,2021-04-05,TV,FINISHED,13.0,24.0,Drama|Romance|Slice of Life,project No.9,70.0,186844,4253
130584,DUEL MASTERS King!,2021-04-04,TV,FINISHED,43.0,24.0,Action|Adventure|Comedy,Brain's Base|Shogakukan Music & Digital Entertainment,57.0,536,4
130515,Dinosaur Biyori,2021-04-04,TV_SHORT,FINISHED,26.0,2.0,Slice of Life,Fanworks,49.0,611,5
130512,MAZICA PARTY,2021-04-04,TV,FINISHED,51.0,25.0,Adventure,OLM,46.0,815,8
124858,Yuukoku no Moriarty Part 2,2021-04-04,TV,FINISHED,13.0,24.0,Drama|Mystery|Psychological|Thriller,Production I.G,82.0,84428,2755
123494,Sayonara Watashi no Cramer,2021-04-04,TV,FINISHED,13.0,24.0,Drama|Sports,LIDENFILMS,56.0,16922,246
122562,Daomu Biji: Qinling Shen Shu,2021-04-04,ONA,FINISHED,12.0,23.0,Adventure|Mystery|Supernatural,Qiyuan Yinghua,58.0,1635,22
116588,"Sentouin, Hakenshimasu!",2021-04-04,TV,FINISHED,12.0,25.0,Action|Adventure|Comedy|Ecchi|Fantasy|Sci-Fi,J.C.STAFF,68.0,123070,1996
113359,NOMAD: Megalo Box 2,2021-04-04,TV,FINISHED,13.0,24.0,Action|Drama|Sci-Fi|Sports,TMS Entertainment,81.0,58231,1590
112376,"Dragon, Ie wo Kau.",2021-04-04,TV,FINISHED,12.0,24.0,Comedy|Fantasy,Signal.MD,59.0,21427,237
132697,Oshiri Tantei 5,2021-04-03,TV,FINISHED,13.0,20.0,Comedy|Fantasy|Mystery,Toei Animation,,174,0
131648,Fatchi Baike 2,2021-04-03,ONA,FINISHED,13.0,6.0,Comedy,Fatchi Moxie Studio,,34,0
130442,Dosukoi Sushi-Zumou,2021-04-03,ONA,FINISHED,52.0,5.0,Comedy|Sports,Shirogumi,48.0,392,1
128546,Vivy: Fluorite Eye’s Song,2021-04-03,TV,FINISHED,13.0,23.0,Action|Drama|Music|Sci-Fi|Thriller,WIT STUDIO,82.0,179614,7534
122348,Mashiro no Oto,2021-04-03,TV,FINISHED,12.0,24.0,Drama|Music,Shin-Ei Animation,73.0,46854,733
122148,Yakunara Mug Cup Mo,2021-04-03,TV_SHORT,FINISHED,12.0,15.0,Comedy|Slice of Life,Nippon Animation,64.0,19622,145
121962,Cardfight!! Vanguard: overDress,2021-04-03,TV,FINISHED,12.0,25.0,Action|Adventure,Kinema Citrus|Studio JEMI|Gift-o’-Animation,58.0,6357,68
120859,Shakunetsu Kabaddi,2021-04-03,TV,FINISHED,12.0,24.0,Action|Drama|Sports,TMS Entertainment,67.0,36530,464
119806,Thunderbolt Fantasy: Touriken Yuuki 3,2021-04-03,TV,FINISHED,13.0,24.0,Action|Drama|Fantasy,Pili International Multimedia,79.0,2167,85
139682,Obey Me! Special Anime: Makai Dai Ryokou!,2021-04-02,SPECIAL,FINISHED,1.0,4.0,Comedy|Fantasy,Colored Pencil Animation Japan,69.0,3048,32
131866,Tenchi Souzou Design-bu: Tokubetsu-hen,2021-04-02,ONA,FINISHED,1.0,24.0,Comedy|Fantasy|Slice of Life,Asahi Production,71.0,5815,42
130253,Beyblade Burst DB,2021-04-02,ONA,FINISHED,52.0,12.0,Action|Adventure|Comedy|Sci-Fi|Sports,OLM,60.0,2541,48
127126,JK Fuuzoku Gakuensai,2021-04-02,OVA,FINISHED,2.0,20.0,Hentai,T-REX,69.0,4635,155
126835,Motto! Majime ni Fumajime Kaiketsu Zorori 2nd Season,2021-04-02,TV,FINISHED,25.0,24.0,Adventure|Comedy,Ajiado|Bandai Namco Pictures,50.0,338,0
122322,Utau Soccer Panda Mifanda,2021-04-02,TV_SHORT,FINISHED,12.0,7.0,Music|Slice of Life,,,137,0
122039,Xi You Ji: Zai Shi Yao Wang,2021-04-02,MOVIE,FINISHED,1.0,95.0,Action|Fantasy,FILMKO,54.0,332,5
113950,SSSS.DYNAZENON,2021-04-02,TV,FINISHED,12.0,24.0,Action|Mecha|Romance|Sci-Fi,TRIGGER,74.0,51611,1251
138182,Oretachi Majikou Destroy,2021-04-01,MUSIC,FINISHED,1.0,3.0,Slice of Life,MAPPA,51.0,571,6
133136,Children Record (Re:boot),2021-04-01,MUSIC,FINISHED,1.0,3.0,,,66.0,499,14
132516,"Shixiong, Qing An Juben Lai!",2021-04-01,ONA,FINISHED,24.0,8.0,Fantasy|Romance,,,88,1
131867,Fate/Grand Order x Thunderbolt Fantasy 3,2021-04-01,ONA,FINISHED,1.0,6.0,Action|Fantasy,Pili International Multimedia,60.0,849,9
125351,Hetalia World★Stars,2021-04-01,ONA,FINISHED,12.0,5.0,Comedy,Studio DEEN,65.0,6750,91
119675,SHAMAN KING (2021),2021-04-01,TV,FINISHED,52.0,24.0,Action|Adventure|Comedy|Supernatural,Bridge,64.0,78409,1053
142049,smile smile ship Start!,2021-03-31,MUSIC,FINISHED,1.0,5.0,,,64.0,867,3
129664,Jouran: THE PRINCESS OF SNOW AND BLOOD,2021-03-31,ONA,FINISHED,12.0,23.0,Action|Supernatural,BAKKEN RECORD,57.0,30390,180
134060,Sangenshoku,2021-03-30,MUSIC,FINISHED,1.0,3.0,Slice of Life,,66.0,565,5
131927,wasimo 9,2021-03-30,TV_SHORT,FINISHED,40.0,10.0,Comedy|Sci-Fi,Studio DEEN,,85,0
131764,Amakamisama,2021-03-30,MUSIC,FINISHED,1.0,4.0,,,55.0,292,4
131755,Kan Saete Kuyashii wa,2021-03-30,MUSIC,FINISHED,1.0,4.0,Adventure|Mystery|Psychological|Supernatural,,67.0,899,20
130513,Aka-chan Honbuchou,2021-03-29,TV_SHORT,FINISHED,8.0,5.0,Comedy,Tomovies,,266,1
114840,Koi to Yobu ni wa Kimochi Warui,2021-03-29,ONA,FINISHED,12.0,24.0,Comedy|Romance|Slice of Life,Nomad,68.0,66285,1160
131047,BATEN KAITOS,2021-03-28,MUSIC,FINISHED,2.0,4.0,Sci-Fi,A-1 Pictures,66.0,1516,16
122639,Dou Po Cangqiong 4,2021-03-28,ONA,FINISHED,24.0,24.0,Action|Adventure|Fantasy|Mystery|Romance,Motion Magic,80.0,2608,131
131991,Huaguo Shan Zhuan,2021-03-27,ONA,FINISHED,2.0,7.0,Action|Fantasy,Ten Tails Animation,,57,0
117193,Boku no Hero Academia 5,2021-03-27,TV,FINISHED,25.0,24.0,Action|Adventure|Comedy|Sci-Fi,bones,73.0,411906,8162
136140,Ryuusatsu no Kyoukotsu,2021-03-26,ONA,FINISHED,1.0,10.0,Fantasy,,45.0,210,0
136139,DELIVER POLICE: Nishitokyo-shi Deliver Keisatsutai,2021-03-26,ONA,FINISHED,1.0,10.0,Action,Imagica Lab.,47.0,397,0
136138,Hachimitsu Suicide Machine,2021-03-26,ONA,FINISHED,1.0,10.0,Horror,,45.0,641,0
131708,Doki Doki! Mini Mini! Kakushi Dungeon Gekijou Artist Collab,2021-03-26,ONA,FINISHED,2.0,1.0,Comedy|Fantasy,,49.0,367,3
130846,HOME!,2021-03-26,ONA,FINISHED,1.0,8.0,Sci-Fi|Supernatural,Orange,65.0,3064,27
130323,Huyao Xiao Hongniang: Liang Sheng Hua,2021-03-26,ONA,FINISHED,12.0,19.0,Adventure|Fantasy|Romance|Supernatural,GARDEN,58.0,630,8
128516,"Tooi Kimi ni, Boku wa Todokanai",2021-03-26,OVA,FINISHED,2.0,21.0,Hentai,Studio 9 Maiami,52.0,1889,66
124115,Girls und Panzer: Saishuushou 3,2021-03-26,MOVIE,FINISHED,1.0,48.0,Action|Sports,Actas,81.0,13009,256
163803,Supyeongseon,2021-03-25,SPECIAL,FINISHED,1.0,,Adventure|Drama|Psychological,,,333,11
131568,Yasashii Suisei,2021-03-25,MUSIC,FINISHED,1.0,4.0,Drama|Psychological,,74.0,2157,26
124786,Godzilla: Singular Point,2021-03-25,ONA,FINISHED,13.0,24.0,Action|Mecha|Mystery|Sci-Fi,Orange|bones,65.0,23340,367
122043,Huanji 45 Miao,2021-03-25,ONA,FINISHED,13.0,20.0,Action|Music|Sci-Fi,Visual Persistence,,116,0
149040,Ooya-san to Boku 3,2021-03-24,TV_SHORT,FINISHED,5.0,5.0,Slice of Life,Fanworks,,53,0
131476,Candy Caries,2021-03-24,ONA,FINISHED,1.0,1.0,,,54.0,641,0
128394,Shikaruneko,2021-03-22,TV_SHORT,RELEASING,,1.0,Slice of Life,,,526,2
136019,Ginga Dento,2021-03-20,MUSIC,FINISHED,1.0,3.0,,,49.0,209,0
131118,Powerful Pro Yakyuu: Powerful Koukou-hen,2021-03-20,ONA,FINISHED,4.0,13.0,Sports,CloverWorks,50.0,291,1
131045,Tropical-Rouge! Precure Petit Tobikome! Collabo♡Dance Party!,2021-03-20,MOVIE,FINISHED,1.0,4.0,Mahou Shoujo,Toei Animation,64.0,1192,10
129046,6 LOVERS,2021-03-20,OVA,FINISHED,6.0,4.0,Comedy|Drama|Romance|Slice of Life|Supernatural,,52.0,4908,81
121026,Healin' Good♥Precure: Yume no Machi de Kyun! Tto GoGo! Dai Henshin!!,2021-03-20,MOVIE,FINISHED,1.0,72.0,Action|Fantasy|Mahou Shoujo,Toei Animation,71.0,1931,26
145847,Ed to Lilly,2021-03-19,MOVIE,FINISHED,1.0,6.0,Fantasy,,,62,0
131142,Palette,2021-03-18,MUSIC,FINISHED,1.0,4.0,,,73.0,1616,43
102498,B: The Beginning Succession,2021-03-18,ONA,FINISHED,6.0,24.0,Action|Mystery|Psychological|Supernatural|Thriller,Production I.G,61.0,28592,189
132418,Ikinuke! Bakusou! Kusohamu-chan!,2021-03-17,ONA,FINISHED,24.0,3.0,Comedy,,,97,1
131053,Musician,2021-03-17,MUSIC,FINISHED,1.0,4.0,,,67.0,717,15
122690,Wan Jie Shenzhu 3,2021-03-17,ONA,FINISHED,208.0,9.0,Adventure|Fantasy,Ruo Hong Culture,59.0,350,20
133103,Tandemoon Rendezvous,2021-03-16,MUSIC,FINISHED,1.0,3.0,,,51.0,205,1
132061,Sayonara Watashi no Cramer Mini Anime,2021-03-16,ONA,FINISHED,24.0,1.0,Comedy,,44.0,354,4
136163,Lianai Shang Shang Qian,2021-03-14,ONA,FINISHED,20.0,8.0,Drama|Romance,,,98,3
131944,Isekai Maou to Shoukan Shoujo no Dorei Majutsu Ω Mini Anime,2021-03-14,ONA,FINISHED,18.0,1.0,Comedy,AQUA ARIS,52.0,2012,15
137106,Chocomatsu-san: White Day-hen,2021-03-13,ONA,FINISHED,3.0,4.0,Comedy,10GAUGE,49.0,443,2
133146,Monogatari wo kimi e. #2 - Fukakai 2 Q2 Ending Animation,2021-03-13,ONA,FINISHED,1.0,1.0,Music,FLAT STUDIO,55.0,509,15
154978,Ichiban Kuji Natsume Yuujinchou: Nyanko-sensei to Hana Shirabe,2021-03-12,ONA,FINISHED,1.0,2.0,Fantasy|Slice of Life|Supernatural,,58.0,787,5
150201,Ojamajo Doremi: Honobono Gekijou,2021-03-12,OVA,FINISHED,5.0,5.0,Comedy|Mahou Shoujo,,60.0,439,4
132821,Semantic Error Special,2021-03-12,ONA,FINISHED,4.0,3.0,Comedy|Romance,Laftel,72.0,5871,125
130921,S-ke ni Totsuida M-jou no Nichijou,2021-03-12,ONA,FINISHED,2.0,16.0,Hentai,Bomb! Cute! Bomb!,51.0,985,32
130781,Shimajirou to Sora Tobu Fune,2021-03-12,MOVIE,FINISHED,1.0,80.0,Adventure|Comedy|Fantasy,Shirogumi|Coyote,,117,2
130911,Yuusei Koukou Tenmon-bu,2021-03-11,ONA,FINISHED,20.0,2.0,,AQUA ARIS,,130,1
133138,Shichigahama de Mitsuketa,2021-03-10,ONA,FINISHED,1.0,20.0,,Jichitai Anime,50.0,412,2
130714,Boy,2021-03-10,MUSIC,FINISHED,1.0,5.0,,,66.0,945,15
140107,Amemiya-san,2021-03-09,ONA,FINISHED,3.0,1.0,Comedy,,62.0,642,3
133514,Koe Dake ga,2021-03-09,MUSIC,FINISHED,1.0,4.0,Adventure|Fantasy,,56.0,710,3
162744,Ryuukyuu Timeline: Mirai Shoujo to Inishie no Ou,2021-03-08,ONA,FINISHED,1.0,9.0,Adventure|Fantasy,GYORAI EIZOU,49.0,430,1
135538,Gradations,2021-03-08,MOVIE,FINISHED,1.0,8.0,Psychological|Slice of Life,,,53,0
3786,Shin Evangelion Movie:||,2021-03-08,MOVIE,FINISHED,1.0,155.0,Action|Drama|Mecha|Psychological|Sci-Fi,Studio Khara,85.0,116887,7144
130841,Deep Blue,2021-03-07,MUSIC,FINISHED,1.0,5.0,Psychological,,,224,2
130707,Oshiete Hokusai! THE ANIMATION,2021-03-07,ONA,FINISHED,10.0,10.0,Comedy|Fantasy|Slice of Life,CoMix Wave,50.0,326,0
132634,Initial D BATTLE STAGE 3,2021-03-05,OVA,FINISHED,1.0,93.0,Action|Sports,SynergySP,72.0,3553,47
130568,Kaijuu Iro no Shima PV,2021-03-05,SPECIAL,FINISHED,1.0,2.0,Drama|Slice of Life,Seven Arcs,60.0,633,5
117556,ARIA The CREPUSCOLO,2021-03-05,MOVIE,FINISHED,1.0,60.0,Fantasy|Sci-Fi|Slice of Life,J.C.STAFF,78.0,7901,91
145800,Fudanshi Shoukan: Isekai de Shinjuu ni Hameraremashita Mini Anime Tokubetsu-hen,2021-03-04,ONA,FINISHED,1.0,2.0,Romance,AQUA ARIS,,139,0
132234,Akogare Ranraran,2021-03-04,MUSIC,FINISHED,1.0,4.0,,,64.0,866,4
132615,Kimi wa Tennenshoku,2021-03-03,MUSIC,FINISHED,1.0,5.0,,,57.0,750,6
132460,Gebi You Zhi Taohua Yao,2021-03-03,ONA,FINISHED,22.0,6.0,Romance,,,91,1
130619,Shouxi Yu Ling Shi 2,2021-03-03,ONA,FINISHED,60.0,12.0,Action|Fantasy,Soyep,,235,9
21569,Alice in Deadly School,2021-03-03,OVA,FINISHED,1.0,42.0,Supernatural|Thriller,Hoods Entertainment,50.0,7121,43
115567,Saezuru Tori wa Habatakanai: Don't stay gold,2021-03-01,OVA,FINISHED,1.0,24.0,Drama|Romance,GRIZZLY,69.0,4850,63
140114,Blink in the Desert,,MOVIE,FINISHED,1.0,11.0,Psychological,,,177,2
126905,Tropical-Rouge! Precure,2021-02-28,TV,FINISHED,46.0,24.0,Action|Comedy|Fantasy|Mahou Shoujo,Toei Animation,74.0,7847,233
132569,Kagirinaku Hai Iro e,2021-02-26,MUSIC,FINISHED,1.0,5.0,,,56.0,221,2
130620,Meijou,2021-02-26,ONA,FINISHED,1.0,12.0,Hentai,Poly Animation,47.0,849,35
126820,Toilet no Hanako-san VS Kukkyou Taimashi,2021-02-26,OVA,FINISHED,4.0,17.0,Fantasy|Hentai|Supernatural,Suzuki Mirano petit,63.0,3305,134
126571,Real Eroge Situation! 2 The Animation,2021-02-26,OVA,FINISHED,2.0,26.0,Hentai,Studio 1st,67.0,2945,87
126531,Rikujoubu Joshi wa Ore no Nama Onaho!!! The Animation,2021-02-26,OVA,FINISHED,2.0,20.0,Hentai,BREAKBOTTLE,59.0,2326,90
116069,Tokyo 7th Sisters: Bokura wa Aozora ni Naru,2021-02-26,MOVIE,FINISHED,1.0,86.0,Music,LandQ studios,59.0,2281,21
132192,Kamiari Algorithm,2021-02-25,MUSIC,FINISHED,1.0,4.0,Adventure|Supernatural,TriF studio,68.0,1053,14
130354,Wo Shi Da Shenxian 2,2021-02-25,ONA,FINISHED,16.0,20.0,Action|Fantasy,IDREAM Entertainment,61.0,400,15
125428,Tenkuu Shinpan,2021-02-25,ONA,FINISHED,12.0,25.0,Action|Horror|Mystery,Zero-G,66.0,135500,2310
117067,Maiko-san Chi no Makanai-san,2021-02-25,TV,FINISHED,12.0,25.0,Slice of Life,J.C.STAFF,67.0,7769,104
137821,Shiawase nara Niku wo Morou! The Animation,2021-02-24,ONA,FINISHED,1.0,14.0,Hentai,,51.0,1304,34
130318,MOGU MOGU YUMMY!,2021-02-23,MUSIC,FINISHED,1.0,3.0,,,72.0,1581,39
145897,OneroomWorldTour,2021-02-20,MOVIE,FINISHED,1.0,4.0,Fantasy,,,47,0
129946,Douluo Dalu: Haishen Zhi Guang,2021-02-20,ONA,FINISHED,13.0,20.0,Action|Adventure|Fantasy|Romance|Supernatural,Sparkly Key Animation,80.0,1929,92
124472,Himote House: Dai Panic! Minna de Gokiburi Taiji,2021-02-20,OVA,FINISHED,1.0,16.0,Comedy|Slice of Life,Bouncy,53.0,586,3
158701,Yume no Tsuzuki,2021-02-19,MUSIC,FINISHED,1.0,4.0,,,,103,1
148289,Bloody Mary,2021-02-19,MUSIC,FINISHED,1.0,4.0,,,53.0,145,3
132466,Antenna,2021-02-18,MUSIC,FINISHED,1.0,4.0,,,52.0,184,1
135889,niconiconnect!,2021-02-17,MUSIC,FINISHED,1.0,2.0,,SANZIGEN,58.0,500,1
131015,Ashuai 4,2021-02-17,ONA,FINISHED,34.0,3.0,Comedy,,,52,0
130303,Wan Jie Qi Yuan,2021-02-17,ONA,FINISHED,40.0,7.0,Action|Drama|Fantasy,iQIYI|Ruo Hong Culture,56.0,434,12
133078,FAKE LAND,2021-02-16,MUSIC,FINISHED,1.0,4.0,,,54.0,197,2
130979,Chongsheng Xiangfeng: Gei Ni Wo De Dujia Chong Ni,2021-02-16,ONA,FINISHED,20.0,4.0,,,,150,3
126356,Tian Guan Ci Fu Special,2021-02-16,ONA,FINISHED,1.0,22.0,Drama|Fantasy|Romance,Haoliners Animation,84.0,22466,874
132459,Huangshang Jixiang,2021-02-15,ONA,FINISHED,12.0,4.0,Comedy,,,36,0
130974,Xiuluo Jian Zun,2021-02-15,ONA,FINISHED,156.0,10.0,Action|Fantasy,,,128,8
148151,Purple Hype,2021-02-14,MUSIC,FINISHED,1.0,4.0,Psychological,,,92,2
132903,Chocotto no Answer,2021-02-14,MUSIC,FINISHED,1.0,4.0,Romance,,62.0,468,9
132468,Over!,2021-02-14,MUSIC,FINISHED,1.0,4.0,,,,146,3
130040,Heart Challenger,2021-02-14,MUSIC,FINISHED,1.0,5.0,,,65.0,1048,13
129627,Chuukou Ikkan!! Kimetsu Gakuen Monogatari: Valentine-hen,2021-02-14,ONA,FINISHED,4.0,3.0,Comedy,ufotable,68.0,18657,217
129540,Ai Zai Xi Yuan Qian 2,2021-02-14,ONA,FINISHED,16.0,,Drama|Fantasy|Romance,Taikong Works,,323,4
127691,Okashi na Sabaku no Suna to Manu,2021-02-14,TV_SHORT,FINISHED,50.0,1.0,Fantasy,Kachidoki Studio,47.0,480,1
110200,Vlad Love,2021-02-14,ONA,FINISHED,12.0,24.0,Comedy|Supernatural,Drive|Production I.G,56.0,14268,116
137097,Chocomatsu-san: Valentine's Day-hen,2021-02-13,ONA,FINISHED,3.0,4.0,Comedy,10GAUGE,51.0,500,2
130296,Inou no AICis - ESP & HIGH SCHOOL DETECTIVE,2021-02-13,ONA,FINISHED,15.0,14.0,Psychological|Sci-Fi|Supernatural,,47.0,1117,12
123476,Shin Tennis no Ouji-sama: Hyoutei vs Rikkai - Game of Future,2021-02-13,ONA,FINISHED,2.0,48.0,Sports,Studio KAI|M.S.C,65.0,2055,24
140363,Shinya Haikai,2021-02-12,MUSIC,FINISHED,1.0,3.0,Slice of Life,,47.0,145,1
129872,URVAN,2021-02-12,ONA,FINISHED,1.0,6.0,Action|Sci-Fi,Toei Animation,54.0,777,8
122695,Lie Yang Tiandao II,2021-02-12,ONA,FINISHED,1.0,67.0,Action|Fantasy,Tencent Penguin Pictures|Sparkly Key Animation,,137,3
116982,Xin Shen Bang: Nezha Chonsheng,2021-02-12,MOVIE,FINISHED,1.0,117.0,Action|Fantasy|Sci-Fi,Light Chaser Animation,71.0,2649,66
131770,Meitantei Conan: Hiiro no Fuzai Shoumei,2021-02-11,MOVIE,FINISHED,1.0,94.0,Action|Comedy|Drama|Mystery,TMS Entertainment,70.0,2578,33
130188,Nüwushen de Canzhuo: Xinchun SP,2021-02-11,ONA,FINISHED,1.0,10.0,Comedy|Slice of Life,Thundray|BLADE,68.0,1433,19
103712,Bishoujo Senshi Sailor Moon: Eternal - Kouhen,2021-02-11,MOVIE,FINISHED,1.0,80.0,Drama|Fantasy|Mahou Shoujo|Romance,Toei Animation|Studio DEEN,76.0,10315,230
101595,Princess Principal: Crown Handler - Chapter 1,2021-02-11,MOVIE,FINISHED,1.0,53.0,Action|Adventure|Sci-Fi,Actas,75.0,18076,148
150502,Ni Tian Jian Shen 2,2021-02-10,ONA,FINISHED,26.0,12.0,Action|Adventure|Fantasy,,,86,2
148686,Doctorine,2021-02-10,MUSIC,FINISHED,1.0,3.0,,,,96,0
139006,TheEarnestGame,2021-02-10,MUSIC,FINISHED,1.0,3.0,Action,,,69,0
137893,Diamond City,2021-02-10,MUSIC,FINISHED,1.0,3.0,,,,114,0
130307,Motto ne!,2021-02-10,MUSIC,FINISHED,1.0,4.0,,,66.0,869,7
129706,Mune no Kemuri,2021-02-10,MUSIC,FINISHED,1.0,4.0,Psychological|Supernatural,,63.0,441,1
135576,Zongyou Yaoguai Xiang Hai Zhen,2021-02-08,ONA,FINISHED,24.0,7.0,Drama|Romance,,,74,0
135571,Tie Jie Gang Bing,2021-02-08,ONA,FINISHED,24.0,7.0,Adventure|Sci-Fi,,,272,8
120213,Shanhe Jian Xin,2021-02-08,ONA,FINISHED,16.0,26.0,Action|Adventure|Fantasy,Motion Magic,75.0,4050,178
129789,Ichinichi ni Shite Narazu,2021-02-07,ONA,FINISHED,1.0,7.0,Romance|Slice of Life,GEEKTOYS,44.0,380,1
148567,Sekai ga Horobiru Mae ni Kimi ni Aitai,2021-02-06,OVA,FINISHED,1.0,31.0,Drama|Romance|Sci-Fi,,41.0,1123,5
130529,Cosmo Samurai,2021-02-06,TV_SHORT,FINISHED,4.0,3.0,Action|Adventure|Sci-Fi,Telecom Animation Film,47.0,210,3
122527,Jueding,2021-02-06,ONA,FINISHED,26.0,,Action|Comedy,Seven Stone Entertainment,,217,0
148280,Clover Game,2021-02-05,MUSIC,FINISHED,1.0,4.0,,,,92,1
132479,Wei Jin Xiao Juchang,2021-02-05,ONA,FINISHED,12.0,2.0,Comedy,,,42,0
132470,Jidao Zongshi,2021-02-05,ONA,FINISHED,24.0,11.0,Action,,,63,1
131078,Nitian Xie Shen 2,2021-02-05,ONA,RELEASING,118.0,12.0,Action|Fantasy,,,256,13
129832,Zhen Dao Ge,2021-02-05,ONA,FINISHED,12.0,16.0,Action|Adventure|Drama,Infinity Animation,60.0,663,10
129462,Heikousen,2021-02-05,MUSIC,FINISHED,1.0,5.0,Slice of Life,10GAUGE|Studio Durian,75.0,3168,49
128563,♪D4DJ Petit Mix,2021-02-05,TV_SHORT,FINISHED,26.0,3.0,Comedy|Music|Slice of Life,DMM.futureworks|W-Toon Studio,67.0,3599,40
122954,Ijirare: Fukushuu Saimin,2021-02-05,OVA,FINISHED,4.0,17.0,Hentai,T-REX,71.0,8019,361
129571,Bingxue Zhi Yue,2021-02-04,ONA,FINISHED,10.0,1.0,Sports,FENZ,,57,0
129208,Wei Wo Du Shen,2021-02-04,ONA,FINISHED,50.0,10.0,Action|Fantasy,Ruo Hong Culture|ManHoo Culture,53.0,405,8
143552,Haru Matsu Waltz,2021-02-03,MUSIC,FINISHED,1.0,2.0,,,,97,0
132461,Jueshi Zhan Hun (2021),2021-02-03,ONA,FINISHED,25.0,8.0,Action|Adventure|Fantasy,,,351,9
130447,Fei Ren Zai: Xianzhi Pian,2021-02-03,ONA,FINISHED,12.0,5.0,Comedy|Fantasy|Slice of Life|Supernatural,FENZ,59.0,375,3
148264,Error Suisei,2021-02-02,MUSIC,FINISHED,1.0,4.0,,,,107,2
139694,Hibi,2021-02-02,MUSIC,FINISHED,1.0,5.0,Slice of Life,,,77,1
129628,Yueqiu Shou,2021-02-02,ONA,FINISHED,1.0,3.0,Action|Fantasy|Supernatural,2:10 Animation,51.0,350,3
157417,BBOONG-UH CAFE,2021-02-01,ONA,FINISHED,20.0,1.0,Slice of Life,Pingo Entertainment,,101,0
132417,Bessatsu Kamen Rider Saber: Tanpen Katsudou Mangashuu,2021-02-01,ONA,FINISHED,6.0,6.0,,,,146,2
130439,Zannen na Ikimono Jiten (2021),2021-01-31,TV_SHORT,FINISHED,5.0,5.0,Comedy|Slice of Life,Fanworks,,91,0
188077,Luna-ui Mabeobdogam,2021-01-30,SPECIAL,FINISHED,6.0,2.0,Adventure|Fantasy,,,27,0
129202,Fanren Xiu Xian Zhuan: Yanjiabao Pu Zhan,2021-01-30,ONA,FINISHED,4.0,19.0,Action|Adventure|Fantasy|Romance,Original Force|Wonder Cat Animation,71.0,1239,34
128417,Doushi Miao Qitan,2021-01-30,ONA,FINISHED,20.0,,,,,144,0
151053,Kizu to Mitsu,2021-01-29,MUSIC,FINISHED,1.0,3.0,,,,64,0
134222,Tasuuketsu Judgement Assizes: THE ORIGINAL ANIMATION,2021-01-29,OVA,FINISHED,1.0,7.0,Action|Psychological,Imagica Lab.,41.0,395,2
132471,Qiang Huo Tian Ling,2021-01-29,ONA,FINISHED,30.0,8.0,Action,,,51,0
125516,Kimi ga Suki. THE ANIMATION,2021-01-29,OVA,FINISHED,2.0,26.0,Hentai|Romance,Seven,65.0,4215,107
125515,Haitoku no Kyoukai,2021-01-29,OVA,FINISHED,2.0,21.0,Hentai,Nur,60.0,1796,50
129342,Boku wa Boku wo Suki ni Naru,2021-01-28,MUSIC,FINISHED,1.0,5.0,Drama,monofilmo,52.0,260,4
129203,Xing Wu Shen Jue,2021-01-28,ONA,FINISHED,40.0,8.0,Action|Fantasy,Ruo Hong Culture,62.0,925,26
129123,Santa Company: Manatsu no Merry Christmas,2021-01-28,MOVIE,FINISHED,1.0,27.0,Fantasy,,46.0,1001,3
129037,Liuxing Huan Jian,2021-01-28,ONA,FINISHED,60.0,12.0,Fantasy,Soyep,46.0,309,9
127863,Bear Bear Bear Kuma! Kumadam-hen,2021-01-27,SPECIAL,FINISHED,3.0,1.0,Comedy|Mecha,,59.0,2289,35
127595,Wu Liuqi: Xuanwu Guo Pian,2021-01-27,ONA,FINISHED,10.0,15.0,Action|Comedy,Sharefun Studio,83.0,28397,945
131329,Micchiri Neko March Deluxe!,2021-01-26,MUSIC,FINISHED,1.0,3.0,,Frencel,58.0,209,2
131017,Huangdi Bixia de Tianjia Baobei,2021-01-26,ONA,FINISHED,26.0,11.0,Fantasy|Romance,,,79,1
129048,Fondant Step,2021-01-26,MUSIC,FINISHED,1.0,4.0,,,56.0,256,2
138416,Blue Archive Anime PVs,2021-01-25,SPECIAL,RELEASING,,1.0,Action|Fantasy,Yostar Pictures|studio Stellation|STUDIO PPURI|Shanghai Phantom Animation|bees inc.,69.0,2288,42
132166,Nani mo Kowakunai,2021-01-24,MUSIC,FINISHED,1.0,2.0,Action,,,176,4
131598,"Tokimeki wa, Sugu Soba ni.",2021-01-24,SPECIAL,FINISHED,3.0,2.0,Romance|Slice of Life|Sports,The Answer Studio,57.0,908,7
131096,Bakugan: Geogan Rising,2021-01-24,TV,FINISHED,26.0,22.0,Action|Comedy|Fantasy,TMS Entertainment,60.0,1038,10
126392,Chang Jian Fengyun,2021-01-22,ONA,FINISHED,10.0,15.0,Action|Drama,Xuni Pictures,56.0,376,8
131971,Gudetama: Muhоu Chitai de Jiyuu mo Fujiyuu,2021-01-21,ONA,FINISHED,18.0,3.0,Comedy,,,245,2
131732,Xi Yangyang Yu Hui Tailang: Kuang Chu Shengli,2021-01-21,TV_SHORT,FINISHED,60.0,15.0,Comedy|Sports,,,105,0
131664,Shouji Li de Huanxiong Xiaozhen,2021-01-21,ONA,FINISHED,26.0,5.0,Comedy,TThunDer Animation,,93,1
128752,Kuraku Kuroku,2021-01-20,MUSIC,FINISHED,1.0,4.0,Adventure|Psychological|Sci-Fi|Supernatural,,76.0,2275,60
117085,Majutsushi Orphen Hagure Tabi: Kimluck-hen,2021-01-20,TV,FINISHED,11.0,24.0,Action|Adventure|Fantasy,Studio DEEN,61.0,8441,75
113595,planetarian: Snow Globe,2021-01-20,OVA,FINISHED,1.0,37.0,Drama|Fantasy|Romance|Sci-Fi,Okuruto Noboru,70.0,5852,61
104329,BEAN BANDIT,2021-01-20,OVA,FINISHED,1.0,8.0,Action,,46.0,2393,5
130257,Encore,2021-01-18,MUSIC,FINISHED,1.0,5.0,Music,,66.0,768,9
120159,Kuiba: Shu Tu,2021-01-17,ONA,FINISHED,7.0,23.0,Adventure|Fantasy,Vasoon Animation,,321,6
124132,Natsume Yuujinchou: Ishi Okoshi to Ayashiki Raihousha,2021-01-16,MOVIE,FINISHED,1.0,51.0,Drama|Fantasy|Slice of Life|Supernatural,Shuka,80.0,11566,148
128675,Mashiro no Oto Mini,2021-01-15,ONA,FINISHED,33.0,1.0,,AQUA ARIS,47.0,490,3
127689,Kintamani Dog,2021-01-15,TV_SHORT,FINISHED,50.0,1.0,Slice of Life,Kachidoki Studio,,115,0
126819,Gintama: THE SEMI-FINAL,2021-01-15,SPECIAL,FINISHED,2.0,24.0,Action|Comedy,Bandai Namco Pictures,83.0,31601,559
132472,Xianwu Dizun,2021-01-14,ONA,RELEASING,,9.0,Action|Adventure|Fantasy,,,176,10
113936,Dr. STONE: STONE WARS,2021-01-14,TV,FINISHED,11.0,24.0,Action|Adventure|Comedy|Sci-Fi,TMS Entertainment,81.0,333261,8192
124845,Wonder Egg Priority,2021-01-13,TV,FINISHED,12.0,23.0,Action|Drama|Fantasy|Mystery|Psychological|Sci-Fi|Thriller,CloverWorks,74.0,283669,8070
121681,World Witches Hasshin Shimasu!,2021-01-13,TV_SHORT,FINISHED,12.0,14.0,Comedy|Sci-Fi,Acca effe|Giga Production,61.0,4129,41
120150,Bungou Stray Dogs Wan!,2021-01-13,TV_SHORT,FINISHED,12.0,12.0,Comedy|Slice of Life|Supernatural,Nomad|bones,80.0,37829,1228
116752,Nanatsu no Taizai: Funnu no Shinpan,2021-01-13,TV,FINISHED,24.0,24.0,Action|Adventure|Comedy|Ecchi|Fantasy|Supernatural,Studio DEEN|Marvy Jack,65.0,138553,2070
114862,Log Horizon: Entaku Houkai,2021-01-13,TV,FINISHED,12.0,25.0,Action|Adventure|Comedy|Fantasy,Studio DEEN,69.0,71134,852
113425,Kaifuku Jutsushi no Yarinaoshi,2021-01-13,TV,FINISHED,12.0,24.0,Action|Adventure|Ecchi|Fantasy,TNK,58.0,147539,3363
130402,WAVE!! Surfing Yappe!! (TV),2021-01-12,TV,FINISHED,12.0,24.0,Slice of Life|Sports,Asahi Production,57.0,11399,71
128419,PEKORANDOMBRAIN!,2021-01-12,MUSIC,FINISHED,1.0,2.0,,,66.0,1156,29
124612,Dogeza de Tanondemita: Isekai-hen,2021-01-12,SPECIAL,FINISHED,1.0,4.0,Comedy|Ecchi|Fantasy,Adnero,53.0,9313,126
114473,Azur Lane: Bisoku Zenshin!,2021-01-12,TV_SHORT,FINISHED,12.0,9.0,Ecchi|Slice of Life,Yostar Pictures|studio CANDY BOX,67.0,15821,270
114304,Shin Chuuka Ichiban! 2,2021-01-12,TV,FINISHED,12.0,24.0,Comedy,NAS|Production I.G,63.0,1920,10
108511,Tensei Shitara Slime Datta Ken 2nd Season,2021-01-12,TV,FINISHED,12.0,24.0,Action|Adventure|Comedy|Fantasy,8-bit,83.0,318458,11088
129001,Menghuan Shuyuan: Huxi Jiankang Kepu,2021-01-11,ONA,FINISHED,13.0,3.0,Fantasy,,,47,0
126678,Yami Shibai 8,2021-01-11,TV_SHORT,FINISHED,13.0,5.0,Horror|Supernatural,ILCA,53.0,4724,30
109403,Non Non Biyori: Nonstop,2021-01-11,TV,FINISHED,12.0,24.0,Comedy|Slice of Life,SILVER LINK.,83.0,40714,938
108465,Mushoku Tensei: Isekai Ittara Honki Dasu,2021-01-11,TV,FINISHED,11.0,24.0,Adventure|Drama|Ecchi|Fantasy,Studio Bind,82.0,452518,26341
106503,EX-ARM,2021-01-11,TV,FINISHED,12.0,24.0,Action|Sci-Fi,Visual Flight,21.0,25471,201
128872,Aikatsu Planet!,2021-01-10,TV,FINISHED,25.0,24.0,Music,Bandai Namco Pictures,59.0,2352,38
124394,Yatogame-chan Kansatsu Nikki Sansatsume,2021-01-10,TV_SHORT,FINISHED,12.0,4.0,Comedy|Slice of Life,Saetta|Creators in Pack,62.0,4709,39
124153,SK∞,2021-01-10,TV,FINISHED,12.0,24.0,Action|Drama|Sports,bones,80.0,234161,12051
124080,Horimiya,2021-01-10,TV,FINISHED,13.0,24.0,Comedy|Romance|Slice of Life,CloverWorks,81.0,536062,33524
123779,Kai Byoui Ramune,2021-01-10,TV,FINISHED,12.0,24.0,Drama|Psychological|Supernatural,Platinum Vision,69.0,28502,546
114087,World Trigger 2nd Season,2021-01-10,TV,FINISHED,12.0,23.0,Action|Sci-Fi,Toei Animation,80.0,45740,923
114085,Kemono Jihen,2021-01-10,TV,FINISHED,12.0,24.0,Action|Drama|Mystery|Supernatural,Ajiado,72.0,126132,2363
113814,IDOLY PRIDE,2021-01-10,TV,FINISHED,12.0,24.0,Drama|Music|Slice of Life|Supernatural,Lerche,71.0,25170,450
131967,End Like This,2021-01-09,MUSIC,FINISHED,1.0,2.0,Action|Fantasy,,63.0,578,13
131964,Rakka-sei,2021-01-09,MOVIE,FINISHED,1.0,2.0,Mystery|Supernatural,FLAT STUDIO,56.0,1104,6
131701,Haru Dorobou,2021-01-09,MUSIC,FINISHED,1.0,5.0,Drama|Psychological|Romance,MORIE Inc.,67.0,867,15
128526,2.43 Mini Anime: inside story,2021-01-09,ONA,FINISHED,10.0,1.0,Slice of Life|Sports,,43.0,460,2
128367,Doki Doki! Mini Mini! Kakushi Dungeon Gekijou,2021-01-09,ONA,FINISHED,12.0,1.0,Comedy|Fantasy,Okuruto Noboru,53.0,1460,7
123785,Praeter no Kizu,2021-01-09,TV,FINISHED,13.0,24.0,Action|Fantasy|Sci-Fi,GoHands,52.0,11348,108
118375,Ore dake Haireru Kakushi Dungeon,2021-01-09,TV,FINISHED,12.0,24.0,Action|Adventure|Comedy|Ecchi|Fantasy|Romance,Okuruto Noboru,61.0,127300,1926
116944,WIXOSS DIVA(A)LIVE,2021-01-09,TV,FINISHED,12.0,24.0,Music|Sci-Fi,J.C.STAFF,51.0,4577,41
114307,Back Arrow,2021-01-09,TV,FINISHED,24.0,24.0,Action|Adventure|Fantasy|Mecha|Sci-Fi,Studio VOLN,58.0,16237,170
131923,ID: INDEED,2021-01-08,ONA,FINISHED,12.0,2.0,Comedy,,50.0,1640,11
130941,Shao Shuai Mei Tian Dou Zai Chicu,2021-01-08,ONA,FINISHED,30.0,6.0,Romance,,,161,7
129600,Seer 11,2021-01-08,ONA,FINISHED,30.0,14.0,Action|Adventure|Fantasy|Sci-Fi,Taomee,,68,0
128390,Enen no Shouboutai Mini Anime,2021-01-08,ONA,FINISHED,30.0,1.0,Comedy,,57.0,3754,54
128306,Re:Zero kara Hajimeru Kyuukei Jikan (Break Time) 2nd Season Part 2,2021-01-08,ONA,FINISHED,12.0,3.0,Adventure|Comedy|Fantasy,Studio PuYUKAI,69.0,5774,91
124555,Idolls!,2021-01-08,TV_SHORT,FINISHED,10.0,8.0,Drama|Music|Supernatural,Shin-Ei Animation,47.0,2622,17
117696,Tenchi Souzou Design-bu,2021-01-08,TV,FINISHED,12.0,24.0,Comedy|Fantasy|Slice of Life,Asahi Production,69.0,26843,388
117533,Hataraku Saibou BLACK,2021-01-08,TV,FINISHED,13.0,24.0,Action|Drama|Sci-Fi,LIDENFILMS,73.0,65877,651
114129,Gintama: THE FINAL,2021-01-08,MOVIE,FINISHED,1.0,104.0,Action|Comedy|Drama|Sci-Fi,Bandai Namco Pictures,91.0,55099,3356
113231,2.43: Seiin Koukou Danshi Volley-bu,2021-01-08,TV,FINISHED,12.0,23.0,Drama|Slice of Life|Sports,david production,60.0,46148,413
112443,Jaku-Chara Tomozaki-kun,2021-01-08,TV,FINISHED,12.0,24.0,Comedy|Drama|Romance|Slice of Life,project No.9,70.0,141332,2375
109261,Go-toubun no Hanayome ∬,2021-01-08,TV,FINISHED,12.0,24.0,Comedy|Drama|Romance|Slice of Life,Bibury Animation Studios,80.0,231085,8692
108725,Yakusoku no Neverland 2,2021-01-08,TV,FINISHED,11.0,23.0,Action|Adventure|Drama|Fantasy|Horror|Psychological|Thriller,CloverWorks,52.0,320335,4675
108631,Hataraku Saibou!!,2021-01-08,TV,FINISHED,8.0,24.0,Action|Comedy|Sci-Fi,david production,72.0,91514,850
103713,Bishoujo Senshi Sailor Moon: Eternal - Zenpen,2021-01-08,MOVIE,FINISHED,1.0,80.0,Drama|Fantasy|Mahou Shoujo|Romance,Toei Animation|Studio DEEN,74.0,11635,225
103632,"Kumo desu ga, Nani ka?",2021-01-08,TV,FINISHED,24.0,24.0,Action|Adventure|Comedy|Fantasy|Mystery,Millepensee|exsa,72.0,152431,4420
131926,Jin Guang Yu Jiu Jie: Xian Gu Kuang Tao,2021-01-07,ONA,FINISHED,32.0,80.0,Action|Fantasy,,,72,2
128527,2.43 Mini Anime: Fukui-ben Kouza,2021-01-07,ONA,FINISHED,8.0,1.0,Slice of Life|Sports,,42.0,446,3
127692,ABCiee Shuugyou Nikki,2021-01-07,TV_SHORT,FINISHED,12.0,3.0,Comedy,Fanworks,49.0,1257,4
119123,Soukou Musume Senki,2021-01-07,TV,FINISHED,12.0,24.0,Action|Mecha|Sci-Fi,studio A-CAT,53.0,5695,51
114301,Hortensia Saga,2021-01-07,TV,FINISHED,12.0,24.0,Action|Adventure|Drama|Fantasy,LIDENFILMS,55.0,24387,383
114194,BEASTARS 2nd Season,2021-01-07,TV,FINISHED,12.0,23.0,Drama|Mystery|Psychological|Romance|Slice of Life,Orange,78.0,139828,2532
113476,SHOW BY ROCK!! STARS!!,2021-01-07,TV,FINISHED,12.0,24.0,Comedy|Music,Kinema Citrus,71.0,5404,94
104459,Yuru Camp△ SEASON 2,2021-01-07,TV,FINISHED,13.0,24.0,Comedy|Slice of Life,C-Station,84.0,78510,2916
132238,With All Our Hearts,2021-01-06,ONA,FINISHED,1.0,4.0,Fantasy|Music,,62.0,772,7
122530,Shui Tun Tang Guan,2021-01-06,ONA,FINISHED,20.0,,Comedy,,,57,0
119661,Re:Zero kara Hajimeru Isekai Seikatsu 2nd Season Part 2,2021-01-06,TV,FINISHED,12.0,30.0,Action|Adventure|Drama|Fantasy|Psychological|Romance|Thriller,WHITE FOX,84.0,304318,11157
109010,I★CHU: HALFWAY THROUGH THE IDOL,2021-01-06,TV,FINISHED,12.0,24.0,Music,Lay-duce,62.0,6249,88
127690,PUI PUI Molcar,2021-01-05,TV_SHORT,FINISHED,12.0,3.0,Comedy,Shin-Ei Animation,78.0,9390,420
125068,Himawari wa Yoru ni Saku,2021-01-05,ONA,FINISHED,1.0,17.0,Hentai,T-REX,66.0,4383,301
125067,Ajisai no Chiru Koro ni,2021-01-05,ONA,FINISHED,1.0,17.0,Hentai,T-REX,62.0,4171,198
124223,Uma Musume: Pretty Derby Season 2,2021-01-05,TV,FINISHED,13.0,24.0,Drama|Slice of Life|Sports,Studio KAI,83.0,46650,3111
124131,Gekidol,2021-01-05,TV,FINISHED,12.0,23.0,Drama|Psychological|Sci-Fi,Hoods Entertainment,51.0,7548,62
126242,Jimihen!!: Jimiko wo Kaechau Jun Isei Kouyuu,2021-01-04,ONA,FINISHED,8.0,7.0,Hentai|Romance,Studio Houkiboshi,60.0,8720,182
116287,Ura Sekai Picnic,2021-01-04,TV,FINISHED,12.0,24.0,Adventure|Fantasy|Horror|Mystery|Sci-Fi|Supernatural,LIDENFILMS|Felix Film,64.0,48333,720
112649,Tatoeba Last Dungeon Mae no Mura no Shounen ga Joban no Machi de Kurasu Youna Monogatari,2021-01-04,TV,FINISHED,12.0,24.0,Adventure|Comedy|Fantasy,LIDENFILMS,62.0,95132,1359
148623,Darling Klaxon Baby,2021-01-02,MUSIC,FINISHED,1.0,3.0,,,,78,0
131044,Mugen Shougatsu,2021-01-02,MUSIC,FINISHED,1.0,3.0,Slice of Life,,56.0,789,3
124136,Otona no Bouguya-san II,2021-01-02,ONA,FINISHED,12.0,10.0,Comedy|Ecchi|Fantasy,Imagica Lab.,50.0,5625,62
206733,Oboete Ite,2021-01-01,MOVIE,FINISHED,1.0,9.0,Drama|Slice of Life,,,28,1
132469,Laogong Wo Yao Chi Kua Ni,2021-01-01,ONA,FINISHED,50.0,1.0,Romance,,,101,7
131668,D5 Xiaodui 2,2021-01-01,ONA,FINISHED,12.0,5.0,Comedy,Doumu Animation,,46,0
130930,Shanliang de Adai,2021-01-01,ONA,FINISHED,42.0,8.0,Action|Adventure|Fantasy,,,189,11
129276,Perfect SEKAI,2021-01-01,MUSIC,FINISHED,1.0,5.0,,,67.0,1036,7
127536,Youjo Shachou,2021-01-01,ONA,FINISHED,13.0,2.0,Comedy,project No.9,62.0,2270,17
113692,Seitokai Yakuindomo Movie 2,2021-01-01,MOVIE,FINISHED,1.0,80.0,Comedy|Slice of Life,GoHands,76.0,11626,139
184400,Shanhe Jian Xin Xiao Juchang,,ONA,FINISHED,95.0,1.0,Comedy|Fantasy,,,118,0
180950,Te,,MOVIE,FINISHED,1.0,2.0,Psychological,,,38,0
180949,Kyo mo Chanto Ningen ni Narou,,MOVIE,FINISHED,1.0,3.0,Comedy|Supernatural,,,44,0
179479,Akai Inei,,MOVIE,FINISHED,1.0,6.0,,,,37,0
177441,Shinai naru Uirusutachi e,,MOVIE,FINISHED,1.0,3.0,Psychological,,,46,1
173255,blink,,MOVIE,FINISHED,1.0,2.0,Slice of Life,,,80,0
173254,Entamesutorakku,,MOVIE,FINISHED,1.0,3.0,Comedy,,,38,1
172819,Amane Nikki,,MOVIE,FINISHED,1.0,5.0,Psychological|Slice of Life,,,127,1
172818,Ikinuki no Susume,,MOVIE,FINISHED,1.0,4.0,Psychological|Slice of Life,,,130,0
171773,MUNCH MUNCH,,MOVIE,FINISHED,1.0,3.0,Fantasy|Slice of Life,,,46,1
171772,Broter,,MOVIE,FINISHED,1.0,4.0,Comedy|Mystery,,,62,0
171771,Ou Fuku Niku Fuu o,,MOVIE,FINISHED,1.0,4.0,Psychological,,,41,0
171770,aka,,MOVIE,FINISHED,1.0,3.0,Slice of Life,,48.0,393,0
169919,Seigi Funsou,,MOVIE,FINISHED,1.0,3.0,Slice of Life,,,69,0
169757,In My Room,,MOVIE,FINISHED,1.0,2.0,Horror|Psychological,,,112,2
169483,Destiny,,MOVIE,FINISHED,1.0,7.0,Comedy|Drama,,,82,0
169022,Asagumori wa Hare,,MOVIE,FINISHED,1.0,7.0,Psychological|Slice of Life,,,36,0
169019,Boku-tachi wa Chigaunda,,MOVIE,FINISHED,1.0,7.0,Drama|Psychological,,,43,0
166045,Parallax,,MOVIE,FINISHED,1.0,33.0,Psychological,,,61,0
151078,Journey to the Bosei no Mezame,,MOVIE,FINISHED,1.0,5.0,Psychological|Slice of Life,,,118,1
150004,Still Life,,MOVIE,FINISHED,1.0,4.0,,,,47,0
149102,REDTABLE,,MOVIE,FINISHED,1.0,7.0,,Studio 8 Dogs,,39,0
148638,Pukkulapottas to Mori no Jikan,,MOVIE,FINISHED,1.0,16.0,Fantasy,TECARAT,,153,3
148378,Fuan na Karada,,MOVIE,FINISHED,1.0,6.0,,,,123,1
145434,Chuushajou de Ame wo Tabete ne,,MOVIE,FINISHED,1.0,6.0,Drama,,,40,1
143542,KRASUE,,MOVIE,FINISHED,1.0,12.0,Action|Horror,,,60,0
143302,COIN ADVENTURE,,MOVIE,FINISHED,1.0,6.0,Adventure|Comedy|Psychological,,,49,0
140915,URUTAU the stargazer,,MOVIE,FINISHED,1.0,7.0,,,,92,1
140750,moni moni morning,,MOVIE,FINISHED,1.0,3.0,,,49.0,195,2
140366,Watashi no Touchika,,MOVIE,FINISHED,1.0,15.0,Drama,,52.0,235,2
140347,Mori no Obake,,MOVIE,FINISHED,1.0,4.0,Fantasy,,,100,0
140345,Jigoku no Hi,,MOVIE,FINISHED,1.0,3.0,Psychological,,50.0,238,3
140344,Tai no Hane,,MOVIE,FINISHED,1.0,5.0,Fantasy,,52.0,193,2
140343,Le Retour,,MOVIE,FINISHED,1.0,5.0,,,,69,0
140342,In full bloom,,MOVIE,FINISHED,1.0,4.0,Drama|Psychological,,50.0,141,0
136642,Taiban!,2020-12-31,ONA,FINISHED,7.0,25.0,Music,,50.0,586,6
127984,Changan Huan Jie,2020-12-31,ONA,FINISHED,40.0,14.0,Fantasy,Soyep,53.0,293,4
122654,Xue Ying Lingzhu 2,2020-12-31,ONA,FINISHED,22.0,19.0,Action|Adventure|Fantasy|Romance,Mili Pictures,68.0,697,24
120194,Xing Hai Qishi,2020-12-30,ONA,FINISHED,7.0,20.0,Action|Sci-Fi,D.ROCK-ART,58.0,551,12
119321,Aya to Majo,2020-12-30,MOVIE,FINISHED,1.0,82.0,Fantasy,Studio Ghibli,51.0,8154,68
131999,Kindan Joshi,2020-12-29,TV_SHORT,FINISHED,5.0,5.0,Comedy|Romance,HAPPYMAN♥,41.0,272,0
127908,Feel Free!,2020-12-27,MUSIC,FINISHED,1.0,4.0,,Polygon Magic,,185,4
113585,Skate-Leading☆Stars,2020-12-27,TV,FINISHED,12.0,24.0,Drama|Sports,J.C.STAFF,62.0,15338,162
132319,PUNISHMENT,2020-12-26,MUSIC,FINISHED,1.0,3.0,,,53.0,195,3
131660,Dou Jiang Meng Ya de Shui Qian Xiao Gushi,2020-12-26,ONA,FINISHED,100.0,1.0,Comedy,,,35,0
127716,HOLOGRAM CIRCUS,2020-12-26,MUSIC,FINISHED,1.0,5.0,,,67.0,1006,12
145553,Atsumare! Minna no Contematsu-san!,2020-12-25,SPECIAL,FINISHED,6.0,1.0,Comedy,,,137,0
127957,Holy Knight Light,2020-12-25,SPECIAL,FINISHED,1.0,10.0,Action|Fantasy,Yostar Pictures,70.0,3003,48
123434,Kono Sekai no Tanoshimikata: Secret Story Film,2020-12-25,MOVIE,FINISHED,1.0,66.0,Music,CLAP,69.0,1842,34
115830,An Jie Shen Shi,2020-12-25,ONA,FINISHED,22.0,20.0,Adventure|Fantasy,Coastline Animation Studio,,273,12
114564,Pocket Monsters: Coco,2020-12-25,MOVIE,FINISHED,1.0,100.0,Action|Adventure|Fantasy,OLM,72.0,11904,129
113596,Josee to Tora to Sakanatachi,2020-12-25,MOVIE,FINISHED,1.0,98.0,Drama|Romance|Slice of Life,bones,83.0,184169,7755
98776,Entotsu-machi no Poupelle,2020-12-25,MOVIE,FINISHED,1.0,100.0,Fantasy,Studio 4°C,61.0,3552,22
128535,Gekidan Nanatsu no Taizai,2020-12-24,ONA,FINISHED,13.0,2.0,Comedy|Fantasy|Supernatural,,53.0,1948,18
127686,Takusareta Omoi-hen,2020-12-24,SPECIAL,FINISHED,1.0,1.0,Fantasy,G-angle,55.0,288,0
157172,Munou na Nana Mini Anime: Yaminabe Party,2020-12-23,SPECIAL,FINISHED,1.0,4.0,Comedy,Bridge,51.0,911,2
145903,Komaneko Short Movie 2021,2020-12-23,SPECIAL,FINISHED,1.0,1.0,Slice of Life,dwarf,,88,0
122691,Moshi Juexing: Suyuan,2020-12-22,ONA,FINISHED,13.0,23.0,Adventure|Sci-Fi,Oriental Creative Color,,140,4
142730,Shen Wu Tianzun 2,2020-12-21,ONA,FINISHED,227.0,10.0,Action|Adventure|Fantasy,,,146,16
128541,Jiu Ye Shen Zhuan,2020-12-21,ONA,FINISHED,13.0,20.0,Action|Adventure|Fantasy,Yi Chen Animation,,259,4
127991,Wan Jie Fa Shen,2020-12-21,ONA,FINISHED,54.0,6.0,Adventure|Fantasy|Romance,Ruo Hong Culture,67.0,828,30
142964,TITLE IDOL,2020-12-20,MUSIC,FINISHED,1.0,2.0,,SANZIGEN,59.0,489,2
145752,Aigatari na Itte,2020-12-18,MUSIC,FINISHED,1.0,5.0,,,51.0,155,1
127402,Haruka,2020-12-18,MUSIC,FINISHED,1.0,4.0,,,64.0,734,7
125183,Ano Ko no Kawari ni Suki na Dake,2020-12-18,OVA,FINISHED,2.0,21.0,Hentai,Studio 9 Maiami,61.0,2110,83
131702,Tadashiku Narenai,2020-12-17,MUSIC,FINISHED,1.0,4.0,Drama|Psychological,,62.0,572,10
183799,Haru no Hi,2020-12-16,MUSIC,FINISHED,1.0,4.0,Drama|Slice of Life,,,59,0
179778,Zetsumetsu Kigu-shun. (2020),2020-12-16,ONA,FINISHED,4.0,6.0,Slice of Life,GEEKTOYS,,63,0
176863,Tales of Crestoria Off Shot Movie,2020-12-15,ONA,FINISHED,1.0,5.0,Comedy|Fantasy,,,131,1
200641,Haruzora to Akizora,2020-12-14,MOVIE,FINISHED,1.0,22.0,Drama,,,58,0
127977,Anime Kaisha de Hanasu Koto ka yo,2020-12-14,ONA,RELEASING,,3.0,,Pie in the sky,,58,0
139736,HOWL,2020-12-13,MUSIC,FINISHED,1.0,3.0,Action,OTOIRO,53.0,189,5
127546,Hakushi,2020-12-13,MUSIC,FINISHED,1.0,3.0,Action,,47.0,184,2
130251,Uzattaina,2020-12-12,MUSIC,FINISHED,1.0,3.0,,Space Neko Company,,143,0
127245,Robomi,2020-12-12,MUSIC,FINISHED,1.0,2.0,Action|Mecha,,49.0,304,3
127225,Slimetachi no Idobata Kaigi: Slime Tsukai to Slime no Maou,2020-12-11,ONA,FINISHED,1.0,2.0,Comedy,AQUA ARIS,63.0,4395,87
122672,Huyao Xiao Hongniang: Mu Tiancheng,2020-12-11,ONA,FINISHED,12.0,19.0,Adventure|Fantasy|Romance|Supernatural,GARDEN,61.0,723,9
118936,Marudase Kintarou,2020-12-11,MOVIE,FINISHED,1.0,9.0,Action|Comedy|Ecchi,Seven,34.0,3123,20
115846,Xie Wang Zhui Qi: Yishi Qingcheng,2020-12-11,ONA,FINISHED,12.0,23.0,Action|Drama|Fantasy|Romance,Big Firebird Cultural Media,71.0,3240,78
112930,Yes ka No ka Hanbun ka,2020-12-11,MOVIE,FINISHED,1.0,53.0,Romance,Lesprit,69.0,21125,399
188076,Madeob Bus Tayo,2020-12-10,TV_SHORT,FINISHED,10.0,12.0,Adventure|Fantasy,Iconix Entertainment|Gale,,31,0
133353,Chinzei Hachirou Tametomo,2020-12-10,MUSIC,FINISHED,1.0,5.0,,Production I.G,50.0,232,0
157418,BBOONG-UH CAFE Pilot,2020-12-08,ONA,FINISHED,4.0,1.0,Slice of Life,Pingo Entertainment,,68,0
126898,Shinkai,2020-12-07,MUSIC,FINISHED,1.0,4.0,Psychological,,74.0,3285,96
123474,Toutotsu ni Egypt Shin,2020-12-07,ONA,FINISHED,10.0,5.0,Comedy|Fantasy|Slice of Life|Supernatural,TYPHOON GRAPHICS,63.0,3789,43
110277,Shingeki no Kyojin: The Final Season,2020-12-07,TV,FINISHED,16.0,24.0,Action|Drama|Fantasy|Mystery,MAPPA,87.0,638216,30872
126896,CONNECTED...,2020-12-06,SPECIAL,FINISHED,1.0,2.0,Psychological|Sci-Fi,Production I.G|Take-Y Inc.|monofilmo,46.0,741,1
103276,Fate/Grand Order: Shinsei Entaku Ryouiki Camelot - Wandering; Agateram,2020-12-05,MOVIE,FINISHED,1.0,89.0,Action|Fantasy,Signal.MD,68.0,36946,413
127180,Lengxue Kuang Yan,2020-12-04,MOVIE,FINISHED,1.0,129.0,Action|Fantasy,,,184,3
116697,Hajimete no Orusuban,2020-12-04,OVA,FINISHED,2.0,18.0,Hentai,BREAKBOTTLE,59.0,2626,82
130283,Yume ja Nai,2020-12-03,MUSIC,FINISHED,1.0,4.0,Adventure|Fantasy,,55.0,387,11
128019,Tadaima! Chibigodzilla Season 2,2020-12-02,ONA,FINISHED,13.0,1.0,Comedy|Fantasy|Slice of Life,Helo,48.0,252,0
126506,Pont Qiao Booth,2020-12-02,TV_SHORT,FINISHED,22.0,5.0,Comedy,Bridge,,227,1
128539,#Aqua Iro Palette,2020-12-01,MUSIC,FINISHED,1.0,5.0,Romance,,69.0,1356,42
127044,Gunjou,2020-12-01,MUSIC,FINISHED,1.0,4.0,,,71.0,1150,18
126706,Kangurei,2020-12-01,MUSIC,FINISHED,1.0,4.0,Supernatural,,68.0,761,16
114721,OBSOLETE Part II,2020-12-01,ONA,FINISHED,6.0,13.0,Mecha|Sci-Fi,Buemon,57.0,840,7
145880,Boku wa Omocha,,MUSIC,FINISHED,1.0,2.0,,,,83,0
136716,Sugar Foot,2020-11-29,MUSIC,FINISHED,1.0,4.0,Mecha,,46.0,125,0
128398,2.43 Mini Anime: Volleyball Kouza-hen,2020-11-29,ONA,FINISHED,10.0,2.0,Slice of Life|Sports,,44.0,493,2
117012,Tunshi Xingkong,2020-11-29,ONA,FINISHED,26.0,20.0,Action|Sci-Fi,Sparkly Key Animation|Axis Studios,77.0,3942,190
142967,First Step,2020-11-28,MUSIC,FINISHED,1.0,3.0,Slice of Life,Lerche,67.0,772,21
104749,Kud Wafter,2020-11-28,MOVIE,FINISHED,1.0,51.0,Drama|Romance|Supernatural,J.C.STAFF,69.0,7444,86
130104,Neo-Neon,2020-11-27,MUSIC,FINISHED,1.0,3.0,Romance,OTOIRO,58.0,358,4
123383,White Blue,2020-11-27,OVA,FINISHED,4.0,25.0,Hentai,PoRO petit,53.0,1976,50
123360,One → Shota ← One THE ANIMATION,2020-11-27,OVA,FINISHED,1.0,28.0,Hentai,Studio 1st,65.0,4279,153
120892,Grisaia: Phantom Trigger THE ANIMATION - Stargazer,2020-11-27,MOVIE,FINISHED,1.0,60.0,Action,Bibury Animation Studios,67.0,11849,111
116226,Kimi wa Kanata,2020-11-27,MOVIE,FINISHED,1.0,95.0,Fantasy,Digital Network Animation,57.0,25919,274
131414,Chong Qi Chengyin: Lu Shao de Xinjian Chong 2,2020-11-26,ONA,FINISHED,19.0,8.0,Drama|Romance,,,113,2
126874,MARS RED Mini Anime: Zero Kikan Nippou,2020-11-24,ONA,FINISHED,5.0,1.0,Comedy,AQUA ARIS,52.0,1241,6
176084,Bborongbborong Bbororo 7,2020-11-23,TV_SHORT,FINISHED,26.0,11.0,,Ocon Studios,,43,0
126831,Tokyo Gambo,2020-11-22,TV_SHORT,FINISHED,5.0,2.0,Slice of Life,Juumonji,44.0,1010,1
129351,Douluo Dalu: Hanhai Qiankun,2020-11-21,ONA,FINISHED,13.0,20.0,Action|Adventure|Fantasy|Romance|Supernatural,Sparkly Key Animation,80.0,1935,80
126287,PUPARIA,2020-11-20,ONA,FINISHED,1.0,3.0,Fantasy|Psychological,,75.0,28898,711
123845,Shikoyaka naru Toki mo Hameru Toki mo,2020-11-20,OVA,FINISHED,2.0,20.0,Hentai,Studio 9 Maiami,60.0,2243,64
122575,STAND BY ME Doraemon 2,2020-11-20,MOVIE,FINISHED,1.0,96.0,Adventure|Comedy|Sci-Fi,Shin-Ei Animation|Robot|Shirogumi,79.0,7712,182
129466,Xiurong Zhen,2020-11-19,ONA,FINISHED,1.0,27.0,Drama|Fantasy,Arc Anime,,132,0
139039,Liberty,2020-11-18,MUSIC,FINISHED,1.0,4.0,Adventure,,,52,0
129330,Heliotrope,2020-11-18,MUSIC,FINISHED,1.0,5.0,,,,114,1
126315,Kaoru no Taisetsu na Mono,2020-11-18,TV_SHORT,FINISHED,50.0,1.0,Comedy,Kachidoki Studio,,197,1
122520,Tian Huang Zhan Shen,2020-11-18,ONA,FINISHED,80.0,8.0,Adventure|Fantasy,Ruo Hong Culture,57.0,526,14
99659,Chu Feng: Eden Zhi Zi,2020-11-18,ONA,FINISHED,12.0,28.0,Action|Fantasy|Mecha|Romance|Sci-Fi,Thundray,51.0,688,13
176878,Stella,2020-11-16,MUSIC,FINISHED,1.0,5.0,,,,65,1
126676,PekoMiko Daisensou!!,2020-11-16,MUSIC,FINISHED,1.0,4.0,Comedy,,68.0,1447,31
121679,Hanhua Riji 2,2020-11-15,ONA,FINISHED,12.0,10.0,Comedy|Slice of Life|Supernatural,L² Studio,72.0,1393,28
126662,Gundam Build Divers Battlogue,2020-11-13,ONA,FINISHED,1.0,11.0,Action|Mecha,Sunrise Beyond,61.0,1438,11
121034,Date A Bullet: Nightmare or Queen,2020-11-13,MOVIE,FINISHED,1.0,29.0,Sci-Fi,GEEKTOYS,74.0,28003,586
117758,Soukyuu no Fafner: Dead Aggressor - THE BEYOND Part 3,2020-11-13,MOVIE,FINISHED,3.0,30.0,Drama|Mecha|Sci-Fi,I.G Zwei,71.0,1812,16
108630,Majo Minarai wo Sagashite,2020-11-13,MOVIE,FINISHED,1.0,92.0,Comedy|Mahou Shoujo,Toei Animation,76.0,5639,105
120203,Wo Shi Da Shenxian,2020-11-12,ONA,FINISHED,16.0,20.0,Action|Fantasy,IDREAM Entertainment,61.0,624,19
133610,Yummy Yummy Yummy,2020-11-11,MUSIC,FINISHED,1.0,3.0,,,55.0,234,2
120268,Hua Jianghu: Gui Yexing,2020-11-10,ONA,FINISHED,20.0,18.0,Action,Rocen,,167,6
126907,Keshin,2020-11-08,MUSIC,FINISHED,1.0,4.0,Action,Kamikaze Douga,53.0,306,4
125491,Gebaude=Baude,2020-11-08,TV_SHORT,FINISHED,10.0,3.0,Comedy|Sci-Fi,Jinni's Animation Studio,58.0,775,6
125647,"Eiyuu-ou, Bu wo Kiwameru Tame Tenseisu: Soshite, Sekai Saikyou no Minarai Kishi♀ Mini",2020-11-07,ONA,FINISHED,2.0,2.0,Comedy|Fantasy,,50.0,764,4
98875,Hizukuri,2020-11-07,ONA,FINISHED,1.0,26.0,Adventure|Fantasy|Sci-Fi,,50.0,2610,8
156907,OTMGirls no YOKIYOKI Channel: Birthday special story,2020-11-06,ONA,FINISHED,2.0,2.0,Comedy|Music|Slice of Life,Fanworks,48.0,333,2
132013,Kimi ga Tobioriru no Naraba,2020-11-06,MUSIC,FINISHED,1.0,3.0,,,56.0,258,4
116962,Monster Strike THE MOVIE: Lucifer - Zetsubou no Yoake,2020-11-06,MOVIE,FINISHED,1.0,127.0,Action|Fantasy,Dynamo Pictures|Studio Anima,61.0,1274,22
130255,Chuchuru,2020-11-05,MUSIC,FINISHED,1.0,3.0,Slice of Life,,,82,0
125308,Hakumei no Tsubasa EXPANSION: Hoshi no Matsuri,2020-11-05,ONA,FINISHED,1.0,6.0,Adventure|Fantasy,Studio Colorido,68.0,3896,12
136451,Sphere,2020-11-04,MUSIC,FINISHED,1.0,4.0,,,51.0,184,1
123769,Dokyuu Hentai HxEros OVA,2020-11-04,OVA,FINISHED,2.0,25.0,Action|Comedy|Ecchi|Romance|Supernatural,,60.0,7907,123
125785,Evangelion x KATE CM,2020-11-03,SPECIAL,FINISHED,1.0,1.0,,,57.0,4495,39
125796,Evangelion × Attack ZERO,2020-11-02,ONA,FINISHED,1.0,1.0,,WIT STUDIO|Studio Durian,55.0,4233,43
128397,2.43 Mini Anime,2020-11-01,ONA,FINISHED,8.0,1.0,Slice of Life|Sports,,44.0,505,1
128540,Koyoi wa Halloween Night!,2020-10-31,MUSIC,FINISHED,1.0,2.0,Supernatural,,66.0,998,14
113260,Tian Guan Ci Fu,2020-10-31,ONA,FINISHED,11.0,25.0,Adventure|Drama|Fantasy|Romance,Haoliners Animation,83.0,61988,4543
112612,Precure Miracle Leap: Minna to no Fushigi na Ichinichi,2020-10-31,MOVIE,FINISHED,1.0,71.0,Adventure|Fantasy|Mahou Shoujo|Sci-Fi,Toei Animation,71.0,1945,26
125517,Star Smash PV,2020-10-30,ONA,FINISHED,1.0,1.0,Music|Sports,Tatsunoko Production,50.0,242,4
125425,Toromitsu Musume no Hitou Service: Torottoro Churu Churu Gohoushi Sasete Kudasai,2020-10-30,ONA,FINISHED,1.0,15.0,Hentai,Bomb! Cute! Bomb!,65.0,2341,94
124600,Taimanin Asagi: Toraware no Niku Ningyou,2020-10-30,OVA,FINISHED,1.0,19.0,Hentai|Supernatural,ZIZ Entertainment,56.0,1324,30
122442,Knight of Erin,2020-10-30,OVA,FINISHED,4.0,17.0,Hentai,Majin petit,62.0,2886,81
122201,Toshoshitsu no Kanojo: Seiso na Kimi ga Ochiru made THE ANIMATION,2020-10-30,OVA,FINISHED,6.0,19.0,Hentai,Seven|Shion,58.0,3618,174
122199,Kaa-chan no Tomodachi ni Shikotteru Tokoro Mirareta. THE ANIMATION,2020-10-30,OVA,FINISHED,1.0,28.0,Hentai,Seven,67.0,3046,142
116400,Yuutousei Ayaka no Uraomote,2020-10-30,OVA,FINISHED,2.0,17.0,Hentai,NewGeneration,65.0,2945,94
115069,D4DJ First Mix,2020-10-30,TV,FINISHED,13.0,24.0,Music|Slice of Life,SANZIGEN,74.0,19834,533
115907,Wo Jia Da Shixiong Shi Ge Fanpai,2020-10-29,ONA,FINISHED,13.0,15.0,Action|Adventure|Comedy,Magilm Pictures,61.0,1129,19
127996,Shu Ling Ji 2,2020-10-28,ONA,FINISHED,40.0,11.0,Fantasy|Romance,Soyep,,147,1
114117,Shi Yi Chang'an: Mingyue Ji Shi You,2020-10-28,ONA,FINISHED,12.0,16.0,Drama|Romance,Lingsanwu Animation,66.0,3966,66
124338,Zhan Shuang Panini,2020-10-27,ONA,FINISHED,12.0,6.0,Action|Comedy|Sci-Fi,Big Firebird Cultural Media,61.0,336,17
127040,Tounen-bun no Watashi e,2020-10-25,MOVIE,FINISHED,1.0,2.0,Drama,FLAT STUDIO,60.0,1141,9
122521,Jueshi Wu Hun,2020-10-25,ONA,FINISHED,440.0,11.0,Adventure|Fantasy,Soyep,61.0,943,52
114030,Toji no Miko: Kizamishi Issen no Tomoshibi,2020-10-25,OVA,FINISHED,2.0,24.0,Action|Fantasy,project No.9,63.0,2661,33
132320,BE ALL LIE,2020-10-24,MUSIC,FINISHED,1.0,5.0,,,55.0,215,1
123379,Jian Wang 3: Xia Gan Yi Dan Shen Jianxin - Chang Piao,2020-10-24,ONA,FINISHED,20.0,7.0,Comedy,Shengying Animation,,230,3
148302,Cocoon,2020-10-23,MUSIC,FINISHED,1.0,4.0,,,,94,1
134786,Ontology,2020-10-23,MUSIC,FINISHED,1.0,6.0,,,56.0,242,4
126641,Imaginary Express,2020-10-23,MUSIC,FINISHED,1.0,4.0,Fantasy,,61.0,426,3
125321,Yakusoku,2020-10-23,MUSIC,FINISHED,1.0,5.0,Psychological,CloverWorks,68.0,1586,26
113416,Dounika Naru Hibi,2020-10-23,MOVIE,FINISHED,1.0,54.0,Drama|Romance|Slice of Life,LIDENFILMS Kyoto Studio,51.0,10124,65
124339,Fatchi Baike,2020-10-22,ONA,FINISHED,12.0,6.0,Comedy,Fatchi Moxie Studio,,67,0
142962,ONE OF US,2020-10-19,MUSIC,FINISHED,1.0,2.0,,SANZIGEN,63.0,489,3
125870,Kusoge-tte Iuna! Animation,2020-10-19,ONA,FINISHED,12.0,3.0,Comedy,Charaction,47.0,1110,6
125208,TALES OF CRESTORIA: Toga Waga wo Shoite Kare wa Tatsu,2020-10-18,SPECIAL,FINISHED,1.0,15.0,Adventure|Drama|Fantasy,Kamikaze Douga,60.0,1409,11
120193,Yingxiong Zailin,2020-10-18,ONA,FINISHED,12.0,15.0,Action|Fantasy|Sci-Fi,Big Firebird Cultural Media|Green Monster Team,67.0,14257,272
147764,Zoids Wild Senki,2020-10-17,ONA,FINISHED,4.0,6.0,Action|Adventure|Comedy|Mecha|Sci-Fi,OLM,,243,3
126619,Loveit,2020-10-16,MUSIC,FINISHED,1.0,4.0,,,62.0,393,4
120270,Qin Xia,2020-10-16,ONA,FINISHED,12.0,20.0,Action|Adventure|Fantasy,Qiyuan Yinghua,56.0,670,12
112151,Kimetsu no Yaiba: Mugen Ressha-hen,2020-10-16,MOVIE,FINISHED,1.0,117.0,Action|Adventure|Drama|Fantasy|Mystery|Supernatural,ufotable,84.0,505006,15061
158561,Butta ni Natte yeah yeah,2020-10-15,MUSIC,FINISHED,1.0,3.0,,,,91,1
139182,POCARI SWEAT CM: SWEAT FOR DREAM!,2020-10-15,ONA,FINISHED,1.0,1.0,Slice of Life,,51.0,341,2
139064,Yowishigure,2020-10-15,MUSIC,FINISHED,1.0,4.0,,,,68,0
126640,Magic,2020-10-14,MUSIC,FINISHED,1.0,4.0,,,53.0,312,3
126170,Bouken-tai: Mori no Yuusha,2020-10-14,MUSIC,FINISHED,1.0,4.0,,,56.0,314,3
122497,Wan Sheng Jie 2,2020-10-14,ONA,FINISHED,12.0,5.0,Comedy|Fantasy|Slice of Life|Supernatural,HMCH,79.0,6054,162
122137,Dogeza de Tanondemita,2020-10-14,TV_SHORT,FINISHED,12.0,4.0,Comedy|Ecchi,Adnero,51.0,26033,253
124028,Sore dake ga Neck,2020-10-13,TV_SHORT,FINISHED,12.0,4.0,Comedy|Mystery,TIA,53.0,2558,9
120851,Osomatsu-san 3rd Season,2020-10-13,TV,FINISHED,25.0,24.0,Comedy|Slice of Life,Studio Pierrot,73.0,7429,143
120405,Xin Jue,2020-10-13,ONA,FINISHED,13.0,,Action|Fantasy|Sci-Fi,CG Year,52.0,388,11
117755,Magatsu Wahrheit: ZUERST,2020-10-13,TV,FINISHED,12.0,24.0,Action|Fantasy,Yokohama Animation Lab,61.0,11655,89
111145,A3! SEASON AUTUMN & WINTER,2020-10-13,TV,FINISHED,12.0,24.0,Comedy|Drama,P.A.WORKS|Studio 3Hz,71.0,8442,169
124397,Menghuan Shuyuan 4,2020-10-12,ONA,FINISHED,14.0,2.0,Comedy|Fantasy,Painting Dream,,65,0
108713,Ochikobore Fruit Tart,2020-10-12,TV,FINISHED,12.0,24.0,Comedy|Ecchi|Music|Slice of Life,feel.,65.0,17741,186
125887,Onegai Patron-sama!,2020-10-11,ONA,FINISHED,41.0,7.0,Slice of Life,TANOism,,351,3
124703,Boukyaku Battery,2020-10-11,OVA,FINISHED,1.0,20.0,Comedy|Sports,MAPPA,61.0,2541,25
124204,Ruguo Lishi Shi Yi Qun Miao 5,2020-10-11,ONA,FINISHED,13.0,7.0,Comedy,Fatchi Moxie Studio,,65,0
122807,Taisou Zamurai,2020-10-11,TV,FINISHED,11.0,23.0,Drama|Sports,MAPPA,69.0,23353,378
118419,Kamisama ni Natta Hi,2020-10-11,TV,FINISHED,12.0,24.0,Comedy|Drama|Romance|Sci-Fi|Slice of Life,P.A.WORKS,65.0,95767,1479
114124,Yuukoku no Moriarty,2020-10-11,TV,FINISHED,11.0,24.0,Drama|Mystery|Psychological|Thriller,Production I.G,80.0,155863,6270
110632,Maesetsu!,2020-10-11,TV,FINISHED,12.0,24.0,Comedy|Slice of Life,Studio Gokumi|AXsiZ,53.0,5658,37
127041,Monogatari wo kimi e. - Fukakai 2 Q1 Ending Animation,2020-10-10,ONA,FINISHED,1.0,2.0,Music,FLAT STUDIO,56.0,599,10
124896,Bear Bear Bear Kuma!,2020-10-10,ONA,FINISHED,12.0,1.0,Adventure|Comedy|Fantasy|Slice of Life,EMT Squared,63.0,3947,36
104198,Gochuumon wa Usagi desu ka? BLOOM,2020-10-10,TV,FINISHED,12.0,25.0,Comedy|Slice of Life,Encourage Films,78.0,22480,506
129839,Haiiro no Saga,2020-10-09,MUSIC,FINISHED,1.0,3.0,,,61.0,814,8
126650,Cap Kakumei Bottleman,2020-10-09,ONA,FINISHED,25.0,5.0,Action,Gaina,46.0,557,4
123803,Munou na Nana: Mini Anime,2020-10-09,ONA,FINISHED,12.0,3.0,Comedy,Bridge,56.0,2223,17
121799,Anime Kapibara-san,2020-10-09,TV_SHORT,FINISHED,24.0,1.0,Adventure|Slice of Life,Shin-Ei Animation|Lesprit,61.0,1785,29
109287,Adachi to Shimamura,2020-10-09,TV,FINISHED,12.0,24.0,Romance|Slice of Life,Tezuka Productions,70.0,77314,1603
128392,Maou-jou de Oyasumi Mini Anime,2020-10-08,ONA,FINISHED,12.0,2.0,Comedy,AQUA ARIS,55.0,1239,9
117086,Guraburu!,2020-10-08,TV_SHORT,FINISHED,12.0,3.0,Comedy,DMM.futureworks,54.0,6167,34
116566,Akudama Drive,2020-10-08,TV,FINISHED,12.0,24.0,Action|Drama|Sci-Fi|Thriller,Studio Pierrot,75.0,163367,4128
116005,NOBLESSE,2020-10-08,TV,FINISHED,13.0,24.0,Action|Supernatural,Production I.G,66.0,96872,1733
109940,Qin Shi Mingyue: Canghai Hengliu,2020-10-08,ONA,FINISHED,23.0,22.0,Action|Adventure|Fantasy,Sparkly Key Animation,,295,2
103119,Strike Witches: Dai-501 Tougou Sentou Koukuudan ROAD to BERLIN,2020-10-08,TV,FINISHED,12.0,24.0,Action|Ecchi|Sci-Fi,david production,72.0,10075,174
142051,!NVADE SHOW!,2020-10-07,MUSIC,FINISHED,1.0,2.0,,SANZIGEN,58.0,719,3
126656,Tsukiusa. Gekijou,2020-10-07,ONA,FINISHED,12.0,1.0,Comedy,,,123,1
124833,Sore Yuke! Gakkyuu Iinchou,2020-10-07,MUSIC,FINISHED,1.0,5.0,,,55.0,252,6
124230,Shaonü Qianxian: Renxing Xiaojuchang 2,2020-10-07,ONA,FINISHED,12.0,6.0,Comedy|Sci-Fi,Big Firebird Cultural Media,65.0,1103,24
121567,Seizei Ganbare! Mahou Shoujo Kurumi 3,2020-10-07,TV_SHORT,FINISHED,25.0,4.0,Comedy|Mahou Shoujo,Pie in the sky,51.0,609,3
114340,Kuma Kuma Kuma Bear,2020-10-07,TV,FINISHED,12.0,24.0,Adventure|Comedy|Fantasy|Slice of Life,EMT Squared,70.0,60192,1353
112667,"Kimi to Boku no Saigo no Senjo, Arui wa Sekai ga Hajimaru Seisen",2020-10-07,TV,FINISHED,12.0,24.0,Action|Fantasy|Romance,SILVER LINK.,66.0,111089,2100
105244,Tsukiuta. THE ANIMATION 2,2020-10-07,TV,FINISHED,13.0,24.0,Music,Children's Playground Entertainment,63.0,2582,33
157171,Doushitemo Eto ni Hairitai 2,2020-10-06,TV_SHORT,FINISHED,13.0,6.0,Comedy,,,105,0
116147,One Room: Third Season,2020-10-06,TV_SHORT,FINISHED,12.0,4.0,Romance|Slice of Life,Zero-G,61.0,12130,115
111428,Maou-jou de Oyasumi,2020-10-06,TV,FINISHED,12.0,24.0,Comedy|Fantasy|Slice of Life,Doga Kobo,78.0,78856,2795
111324,Ikebukuro West Gate Park,2020-10-06,TV,FINISHED,12.0,24.0,Drama|Mystery,Doga Kobo,65.0,42549,479
142729,Shen Wu Tianzun,2020-10-05,ONA,FINISHED,26.0,10.0,Action|Adventure|Fantasy,,,285,13
126271,Awajishima no Shichifukujin,2020-10-05,TV_SHORT,FINISHED,25.0,5.0,Comedy|Supernatural,,,111,0
125153,Himitsukessha Taka no Tsume: Golden Spell,2020-10-05,TV_SHORT,FINISHED,12.0,15.0,Comedy|Supernatural,DLE,52.0,581,4
124340,Su Shen Xiaoren,2020-10-05,ONA,FINISHED,12.0,5.0,Comedy,Saiji,,94,0
123081,Otona nya Koi no Shikata ga Wakaranee!,2020-10-05,ONA,FINISHED,8.0,7.0,Ecchi|Romance,Ether Kitten,52.0,3143,24
121645,Eternity: Shinya no Nurekoi Channel♡,2020-10-05,TV,FINISHED,12.0,16.0,Hentai|Romance,Seven,50.0,1670,29
110355,Golden Kamuy 3rd Season,2020-10-05,TV,FINISHED,12.0,24.0,Action|Adventure|Comedy,Geno Studio,83.0,53631,1546
125274,DiSCOVER THE FUTURE,2020-10-04,MUSIC,FINISHED,1.0,3.0,,Kamikaze Douga,62.0,587,1
125264,Kaeru no Pickles: Kimochi no Iro,2020-10-04,TV_SHORT,FINISHED,12.0,5.0,Slice of Life,,45.0,445,2
117757,Iwa Kakeru!: Sport Climbing Girls,2020-10-04,TV,FINISHED,12.0,24.0,Comedy|Drama|Sports,BLADE,62.0,34163,313
117343,Munou na Nana,2020-10-04,TV,FINISHED,13.0,24.0,Drama|Horror|Mystery|Psychological|Supernatural|Thriller,Bridge,70.0,121698,2348
115740,Kamitachi ni Hirowareta Otoko,2020-10-04,TV,FINISHED,12.0,24.0,Adventure|Fantasy|Slice of Life,Maho Film,68.0,79143,1769
112300,Mahouka Koukou no Rettousei: Raihousha-hen,2020-10-04,TV,FINISHED,13.0,24.0,Action|Romance|Sci-Fi|Supernatural,8-bit,72.0,114307,1976
131517,Wangu Shen Wang,2020-10-03,ONA,FINISHED,52.0,10.0,Action|Fantasy,,,153,11
124114,Mulan: Hengkong Chushi,2020-10-03,MOVIE,FINISHED,1.0,98.0,Action|Adventure|Drama,Gold Valley Films,,510,1
118399,Hanyou no Yashahime,2020-10-03,TV,FINISHED,24.0,24.0,Action|Adventure|Fantasy,Sunrise,65.0,35940,568
118376,King's Raid: Ishi wo Tsugumonotachi,2020-10-03,TV,FINISHED,26.0,24.0,Action|Adventure|Fantasy,OLM|Sunrise Beyond,55.0,23652,270
116700,Inu to Neko Docchi mo Katteru to Mainichi Tanoshii,2020-10-03,TV_SHORT,FINISHED,24.0,1.0,Comedy|Slice of Life,Team TillDawn,68.0,5735,61
116267,Tonikaku Kawaii,2020-10-03,TV,FINISHED,12.0,24.0,Comedy|Romance|Slice of Life,Seven Arcs,77.0,244562,8491
116173,Senyoku no Sigrdrifa,2020-10-03,TV,FINISHED,12.0,24.0,Action|Fantasy,A-1 Pictures,61.0,18582,164
114263,Rail Romanesque,2020-10-03,TV_SHORT,FINISHED,12.0,4.0,Slice of Life,Saetta,47.0,11528,68
114099,Dragon Quest: Dai no Daibouken (2020),2020-10-03,TV,FINISHED,100.0,24.0,Action|Adventure|Fantasy,Toei Animation,73.0,23838,708
113970,Love Live! Nijigasaki Gakuen School Idol Doukoukai,2020-10-03,TV,FINISHED,13.0,24.0,Music|Slice of Life,Sunrise,73.0,32690,963
113652,Hypnosis Mic -Division Rap Battle- Rhyme Anima,2020-10-03,TV,FINISHED,13.0,24.0,Action|Music|Sci-Fi,A-1 Pictures,64.0,25349,605
113538,Haikyuu!! TO THE TOP 2,2020-10-03,TV,FINISHED,12.0,24.0,Comedy|Drama|Sports,Production I.G,85.0,253623,8385
113415,Jujutsu Kaisen,2020-10-03,TV,FINISHED,24.0,24.0,Action|Drama|Supernatural,MAPPA,84.0,963920,70096
112124,Dungeon ni Deai wo Motomeru no wa Machigatteiru Darou ka III,2020-10-03,TV,FINISHED,12.0,24.0,Action|Adventure|Comedy|Fantasy|Romance,J.C.STAFF,74.0,198432,3882
119350,Aku no Onna Kanbu: Full Moon Night R,2020-10-02,OVA,FINISHED,2.0,16.0,Hentai,T-REX,65.0,2635,73
119258,BEM: BECOME HUMAN,2020-10-02,MOVIE,FINISHED,1.0,90.0,Action|Horror|Supernatural,Production I.G,64.0,4697,42
116673,BURN THE WITCH,2020-10-02,ONA,FINISHED,3.0,21.0,Action|Fantasy,Studio Colorido|Team Yamahitsuji,70.0,101994,1344
116242,100-man no Inochi no Ue ni Ore wa Tatteiru,2020-10-02,TV,FINISHED,12.0,24.0,Action|Drama|Fantasy,Maho Film,63.0,99687,1358
115836,Wo Wei Ge Kuang: Xuanlu Chongqi,2020-10-02,ONA,FINISHED,12.0,23.0,Music|Slice of Life,Shanghai Animation Film Studio,,228,2
112609,Majo no Tabitabi,2020-10-02,TV,FINISHED,12.0,24.0,Adventure|Fantasy|Slice of Life,C2C,74.0,151864,4340
112479,Assault Lily: BOUQUET,2020-10-02,TV,FINISHED,12.0,24.0,Action|Fantasy,Shaft,62.0,35399,483
111137,WAVE!! Surfing Yappe!!,2020-10-02,MOVIE,FINISHED,3.0,90.0,Slice of Life|Sports,Asahi Production,60.0,14955,136
187055,Sylvanian Families: Mini Story Peony,2020-10-01,TV_SHORT,FINISHED,12.0,3.0,Slice of Life,Shogakukan Music & Digital Entertainment,,37,0
132658,Philip,2020-10-01,MUSIC,FINISHED,1.0,4.0,Action|Drama,,58.0,271,3
126201,Gekka Bijin,2020-10-01,MUSIC,FINISHED,1.0,5.0,,,,126,0
114446,Higurashi no Naku Koro ni Gou,2020-10-01,TV,FINISHED,24.0,24.0,Drama|Horror|Mystery|Psychological|Supernatural|Thriller,Passione,69.0,82273,1328
114120,Jiang Ziya,2020-10-01,MOVIE,FINISHED,1.0,110.0,Action|Adventure|Fantasy,One & All Animation Studio|Coco Cartoon,70.0,2412,41
188824,Mini Teukgongdae: Haembeogeogoemurui Seupgyeok,2020-09-30,MOVIE,FINISHED,1.0,86.0,Action|Mecha,,,24,0
141950,Jiyi Guanli Ju,2020-09-30,ONA,FINISHED,1.0,18.0,Action|Mystery|Psychological,Flint Sugar,75.0,6687,113
127403,Laundry,2020-09-30,MUSIC,FINISHED,1.0,4.0,,,53.0,189,2
124561,GOTCHA!,2020-09-29,MUSIC,FINISHED,1.0,3.0,Adventure,bones,82.0,11606,369
124345,Hallelujah - Unmei no Sentaku,2020-09-28,ONA,FINISHED,1.0,54.0,,Yokohama Animation Lab,47.0,444,0
122632,Saikyou Kamizmode!,2020-09-28,ONA,FINISHED,52.0,13.0,Action,Bandai Namco Pictures,49.0,521,3
154197,Hawk no Onayami Soudanshitsu Special,2020-09-25,SPECIAL,FINISHED,1.0,1.0,Comedy,,46.0,413,4
143917,Wish You Luck,2020-09-25,MUSIC,FINISHED,1.0,2.0,,SANZIGEN,67.0,738,8
129692,Benghuai 3: Guilai,2020-09-25,ONA,FINISHED,1.0,2.0,Action|Fantasy|Sci-Fi,miHoYo Anime|wonderium,71.0,942,18
126909,Kamonegi no Kazoe Uta,2020-09-25,MUSIC,FINISHED,1.0,3.0,,,51.0,384,3
120506,Uwaki to Honki THE ANIMATION,2020-09-25,OVA,FINISHED,1.0,17.0,Hentai,Seven,63.0,2939,72
102997,Quanzhi Gaoshou 2,2020-09-25,ONA,FINISHED,12.0,27.0,Action|Drama,Colored Pencil Animation|Colored Pencil Animation Japan,77.0,31747,626
126166,Wasurenai yo ni,2020-09-24,MUSIC,FINISHED,1.0,1.0,,,,46,0
136546,Balala Xiao Moxian: Mofa Hai Ying Bao 2,2020-09-21,TV,FINISHED,26.0,,Mahou Shoujo,,,142,0
127508,Oshi to Tsunagare Nakute Yamu Onnanoko no Kyoku,2020-09-20,MUSIC,FINISHED,1.0,2.0,Drama|Romance,,58.0,331,3
126611,Cotton Candy Ei-Ei-Oh!,2020-09-20,MUSIC,FINISHED,1.0,5.0,Psychological,,66.0,1065,16
133397,Fall in Sunset,2020-09-19,MUSIC,FINISHED,1.0,5.0,,,,96,0
125331,Sirotsumekusa,2020-09-19,MOVIE,FINISHED,1.0,112.0,Thriller,Horipro,,198,0
109125,"Omoi, Omoware, Furi, Furare",2020-09-18,MOVIE,FINISHED,1.0,103.0,Drama|Romance,A-1 Pictures,71.0,30673,402
103047,Violet Evergarden Movie,2020-09-18,MOVIE,FINISHED,1.0,140.0,Drama|Fantasy|Slice of Life,Kyoto Animation,87.0,199426,8426
128418,The IDOLM@STER Cinderella Girls: Starlight Stage CMs,2020-09-17,SPECIAL,FINISHED,10.0,1.0,Music|Slice of Life,CloverWorks|Studio KAI,53.0,475,3
108356,Dragon’s Dogma,2020-09-17,ONA,FINISHED,7.0,26.0,Action|Adventure|Fantasy|Supernatural,Sublimation,54.0,8353,73
114249,22/7: 8+3=?,2020-09-16,OVA,FINISHED,1.0,24.0,Music,A-1 Pictures,62.0,3910,23
193907,Azur Lane: 3 Shuunen Kinen Anime PV,2020-09-15,SPECIAL,FINISHED,1.0,2.0,,MADHOUSE,,172,1
122689,Wan Jie Xian Zong 4,2020-09-14,ONA,FINISHED,48.0,8.0,Action|Adventure|Fantasy|Romance,Ruo Hong Culture,66.0,710,15
125293,Telecaster B-Boy,2020-09-12,MUSIC,FINISHED,1.0,3.0,,,62.0,498,14
127465,Adachi to Shimamura Mini Anime,2020-09-11,ONA,FINISHED,30.0,1.0,Comedy,AQUA ARIS,53.0,1128,8
123948,Sakugasaku,2020-09-11,MUSIC,FINISHED,1.0,4.0,,WIT STUDIO,61.0,496,3
120272,Ling Jian Zun 4,2020-09-11,ONA,FINISHED,560.0,11.0,Action|Adventure|Fantasy,Soyep,66.0,936,41
115082,Kouya no Kotobuki Hikoutai: Kanzenban,2020-09-11,MOVIE,FINISHED,1.0,119.0,Action|Adventure,GEMBA,52.0,1045,6
112788,Umibe no Étranger,2020-09-11,MOVIE,FINISHED,1.0,59.0,Drama|Romance|Slice of Life,Studio Hibari,78.0,80536,3569
111312,Crayon Shin-chan: Gekitotsu! Rakuga Kingdom to Hobo Yonin no Yuusha,2020-09-11,MOVIE,FINISHED,1.0,104.0,Comedy|Fantasy,Shin-Ei Animation,68.0,1255,14
123903,Fudanshi Shoukan: Isekai de Shinjuu ni Hameraremashita Mini Anime,2020-09-10,ONA,FINISHED,4.0,2.0,Romance,AQUA ARIS,52.0,1020,12
123198,Xin Yu Gong Yu Shan,2020-09-10,MOVIE,FINISHED,1.0,83.0,Adventure,,,178,3
108978,Chuan Shu Zijiu Zhinan,2020-09-10,ONA,FINISHED,10.0,20.0,Action|Adventure|Drama|Fantasy|Supernatural,Djinn Power,76.0,8205,488
154196,Tsugu Tsugumomo Mini Anime Specials,2020-09-09,SPECIAL,FINISHED,8.0,1.0,Comedy,AQUA ARIS,45.0,347,3
119978,Gigigoegoe: Sunghyungsoo,2020-09-09,MOVIE,FINISHED,1.0,85.0,Horror|Thriller,Studio Animal,57.0,1372,18
120325,Fushigi Dagashiya: Zenitendou,2020-09-08,TV_SHORT,FINISHED,148.0,9.0,Mystery,Toei Animation|Kanaban Graphics|Studio Gallop,51.0,994,16
136044,Kanzen Houki Sengen,2020-09-07,MUSIC,FINISHED,1.0,4.0,,,59.0,256,4
121797,Ookami-san wa Taberaretai,2020-09-06,ONA,FINISHED,3.0,6.0,Hentai|Romance,Peak Hunt,56.0,6124,90
130939,Kesshouban: Eigakan e Iku,2020-09-05,SPECIAL,FINISHED,1.0,3.0,Comedy,david production,51.0,989,1
127213,Tensei mae no Ryouma to Tabuchi,2020-09-05,ONA,FINISHED,20.0,2.0,Comedy,AQUA ARIS,47.0,272,1
120404,Jingzhong Baoguo,2020-09-03,ONA,FINISHED,1.0,18.0,Action,Hong Ying Animation,,62,0
124960,OTMGirls no YOKIYOKI Channel,2020-09-02,ONA,FINISHED,13.0,2.0,Comedy|Music|Slice of Life,Fanworks,54.0,671,3
123994,Go Just Go!,2020-09-02,MUSIC,FINISHED,1.0,3.0,Slice of Life,CloverWorks,63.0,681,4
123612,Sakura Kakumei: Hanasaku Otome-tachi,2020-09-02,ONA,FINISHED,1.0,24.0,Action|Mecha,CloverWorks,54.0,936,5
114195,Ore wo Suki nano wa Omae dake ka yo: Oretachi no Game Set,2020-09-02,OVA,FINISHED,1.0,70.0,Comedy|Drama|Romance|Slice of Life,CONNECT,74.0,43744,739
138261,because,2020-09-01,MUSIC,FINISHED,1.0,4.0,,,47.0,132,0
124963,Aggressive Girl,2020-09-01,MUSIC,FINISHED,1.0,3.0,,Fanworks,63.0,701,6
126940,Wanderer,2020-08-29,MUSIC,FINISHED,1.0,3.0,Psychological,,58.0,319,4
130473,LIP×LIP FILM×LIVE Mini Anime,2020-08-28,ONA,FINISHED,2.0,3.0,Comedy,CLAP,47.0,285,0
123436,Kako ni Torawareteiru,2020-08-28,MUSIC,FINISHED,1.0,4.0,Psychological,Hurray!,71.0,662,20
119491,Oujo & Onna Kishi W Dogehin Roshutsu: Chijoku no Misemono Dorei,2020-08-28,OVA,FINISHED,2.0,19.0,Fantasy|Hentai,Anime Antenna Iinkai,54.0,2214,70
119484,Shikiyoku INFINITE,2020-08-28,OVA,FINISHED,2.0,21.0,Hentai,Studio 9 Maiami,63.0,3880,169
119254,Kanojo ga Yatsu ni Dakareta hi,2020-08-28,OVA,FINISHED,4.0,25.0,Hentai,Nur,57.0,2039,96
118860,Succubus Stayed Life The Animation,2020-08-28,OVA,FINISHED,2.0,26.0,Hentai,Seven,68.0,4418,172
114943,Battle Spirits: Kakumei no Gallet,2020-08-28,ONA,FINISHED,5.0,24.0,Adventure|Sci-Fi,Bandai Namco Pictures,55.0,649,7
188822,Mini Teukgongdae: Super Gongnyong Power Part 2,2020-08-27,TV_SHORT,FINISHED,26.0,11.0,Action|Mecha,,,29,0
110857,Aggressive Retsuko Season 3,2020-08-27,ONA,FINISHED,10.0,15.0,Comedy|Music|Slice of Life,Fanworks,77.0,28566,456
154541,Chuukou Ikkan!! Kimetsu Gakuen Monogatari: Kimetsu no Utage Tokubetsu-hen,2020-08-26,SPECIAL,FINISHED,3.0,2.0,Comedy,ufotable,67.0,4596,62
150491,Ni Tian Jian Shen,2020-08-26,ONA,FINISHED,26.0,12.0,Action|Adventure|Fantasy,,,232,7
117532,Kabukichou Sherlock OVA,2020-08-26,OVA,FINISHED,6.0,5.0,Comedy|Mystery,Production I.G,63.0,2470,22
120419,Renlei Bowuguan,2020-08-25,ONA,FINISHED,36.0,1.0,Comedy,Haoliners Animation,,139,2
184576,Tell Me Answer,2020-08-23,MUSIC,FINISHED,1.0,3.0,Slice of Life,,,94,2
148284,Inside Night Looper,2020-08-23,MUSIC,FINISHED,1.0,3.0,,,,106,0
140362,Mister Jewel Box,2020-08-22,MUSIC,FINISHED,1.0,3.0,Drama,,63.0,325,4
129350,Douluo Dalu: Xingdou Xianji,2020-08-22,ONA,FINISHED,13.0,20.0,Action|Adventure|Fantasy|Romance|Supernatural,Sparkly Key Animation,80.0,1993,69
111734,Given Movie,2020-08-22,MOVIE,FINISHED,1.0,60.0,Drama|Music|Romance,Lerche,81.0,95169,4704
155918,Yichang Shengwu Jianwen Lu Special,2020-08-21,ONA,FINISHED,1.0,21.0,Comedy|Supernatural,MMT,,105,3
126165,Eien Hanahadashii,2020-08-21,MUSIC,FINISHED,1.0,4.0,,,60.0,261,10
124668,Slimetachi no Idobata Kaigi,2020-08-21,ONA,FINISHED,12.0,1.0,Comedy,AQUA ARIS,51.0,1231,14
123885,Rebirth: Virtual to no Souguu,2020-08-21,SPECIAL,FINISHED,1.0,3.0,Comedy|Slice of Life,LIDENFILMS,53.0,808,10
123464,"Kanojo, Okarishimasu Collab Mini Animation",2020-08-21,ONA,FINISHED,3.0,2.0,Comedy,AQUA ARIS,53.0,1626,18
123952,Dazzling White Town,2020-08-19,MUSIC,FINISHED,1.0,10.0,,Sunrise,70.0,1459,14
118637,Tteotda Keunyeo!! another step,2020-08-18,ONA,FINISHED,1.0,8.0,Comedy|Romance,,56.0,242,5
122349,Boku no Hero Academia: Ikinokore! Kesshi no Survival Kunren,2020-08-16,ONA,FINISHED,2.0,24.0,Action|Adventure|Comedy,bones,70.0,55198,592
122875,Sore wo Ai to Yobu Dake,2020-08-15,MUSIC,FINISHED,1.0,4.0,Drama|Romance,TIA|ENISHIYA,67.0,1001,24
121215,Dahua: Shaonian You,2020-08-15,ONA,FINISHED,16.0,18.0,Adventure|Fantasy,DC Impression Vision,,227,4
115834,Jing: Shuang Cheng - Feng Qi Pian,2020-08-15,ONA,FINISHED,4.0,21.0,Action|Adventure|Fantasy|Romance,Foch,57.0,371,10
21719,Fate/stay night [Heaven's Feel] III. spring song,2020-08-15,MOVIE,FINISHED,1.0,122.0,Action|Drama|Fantasy|Psychological|Supernatural|Thriller,ufotable,85.0,118450,6210
156063,Fushigi Dagashiya: Zenitendou - Tsuri Taiyaki,2020-08-14,MOVIE,FINISHED,1.0,9.0,,Toei Animation,,202,0
148351,cynthia,2020-08-14,MUSIC,FINISHED,1.0,4.0,,,,95,1
140029,Kata no Ato,2020-08-14,MOVIE,FINISHED,1.0,4.0,Romance,,52.0,399,2
116224,Oshiri Tantei: Tentou Mushi Iseki no Nazo,2020-08-14,MOVIE,FINISHED,1.0,40.0,Comedy|Mystery,,,117,1
111852,Date A Bullet: Dead or Bullet,2020-08-14,MOVIE,FINISHED,1.0,25.0,Sci-Fi,GEEKTOYS,73.0,33483,615
110595,Yi Nian Yongheng,2020-08-12,ONA,FINISHED,52.0,19.0,Action|Comedy|Fantasy,B.CMAY PICTURES,77.0,6892,222
122735,Ham,2020-08-11,MUSIC,FINISHED,1.0,4.0,Psychological,,63.0,737,9
180742,Fate/Grand Order: Haishin 5 Shuunen Kinen Animation PV,2020-08-10,SPECIAL,FINISHED,1.0,2.0,Comedy|Fantasy,A-1 Pictures,61.0,427,4
137803,Renzhe Bixu Si: Yue Hu Zhi Zhan,2020-08-10,ONA,FINISHED,1.0,5.0,Action|Fantasy,HuaMei Animation,,42,0
130379,Kimi to Boku no Resonance,2020-08-08,MUSIC,FINISHED,1.0,4.0,,,,141,1
121684,Kyoshin to Hyouka no Shiro,2020-08-08,ONA,FINISHED,4.0,1.0,Drama|Mystery|Supernatural,TriF studio,53.0,1579,8
136532,Natsu wo Ikiru,2020-08-07,MUSIC,FINISHED,1.0,4.0,,,52.0,181,0
123746,Hukakumei Zenya,2020-08-07,MUSIC,FINISHED,1.0,4.0,,,57.0,199,10
113669,Doraemon: Nobita no Shin Kyoryuu,2020-08-07,MOVIE,FINISHED,1.0,110.0,Adventure|Comedy|Sci-Fi,Shin-Ei Animation,74.0,2469,52
113023,Shoujo☆Kageki Revue Starlight: Rondo Rondo Rondo,2020-08-07,MOVIE,FINISHED,1.0,119.0,Action|Drama|Music,Kinema Citrus,76.0,5801,100
110699,Mindiao Ju Yi Wen Lu,2020-08-07,ONA,FINISHED,12.0,24.0,Action|Supernatural|Thriller,B.CMAY PICTURES,60.0,2871,49
124243,Miao Qiansui de Chengnian Li,2020-08-06,ONA,FINISHED,7.0,2.0,Adventure,,,120,0
120126,Lie Yang Tiandao,2020-08-06,ONA,FINISHED,1.0,,Action|Fantasy,Sparkly Key Animation|Transcendence Picture,,159,5
136866,DERO,2020-08-05,MUSIC,FINISHED,1.0,3.0,,,51.0,184,3
120046,Ani ni Tsukeru Kusuri wa Nai! 4,2020-08-05,ONA,FINISHED,12.0,4.0,Comedy|Slice of Life,Fanworks|Imagineer|Planet Cartoon,74.0,9334,105
129227,Renwu Dashi,2020-08-03,ONA,FINISHED,6.0,13.0,Action|Adventure|Fantasy,1IN,,113,0
169772,Matatabi Movie Labo,2020-08-01,ONA,FINISHED,13.0,10.0,Comedy,,,49,0
140881,Neputa no Mondoriko,2020-08-01,MUSIC,FINISHED,1.0,3.0,Horror,,,65,0
138401,Carol (Music),2020-08-01,MUSIC,FINISHED,1.0,4.0,,,56.0,300,4
131781,Zhiqu Yang Xuetang: Yangyang Qu Maoxian,2020-08-01,ONA,FINISHED,26.0,12.0,Adventure|Comedy,,,51,0
126172,Never Giving Up!,2020-08-01,MUSIC,FINISHED,1.0,4.0,,,62.0,1044,3
124698,Ekaki Uta,2020-08-01,MUSIC,FINISHED,1.0,3.0,,,59.0,450,8
139140,Mushi no Tsubuyaki,,MUSIC,FINISHED,1.0,2.0,,,,87,0
131367,Jintai no Survival!,2020-07-31,MOVIE,FINISHED,1.0,46.0,Action|Comedy,Studio Gallop|Toei Animation,,325,2
120343,Modao Zushi Q,2020-07-31,ONA,FINISHED,30.0,5.0,Comedy|Fantasy|Supernatural,B.CMAY PICTURES,81.0,7383,281
120300,Ling Long Part 2,2020-07-31,ONA,FINISHED,6.0,30.0,Action|Drama|Horror|Mecha|Mystery|Sci-Fi|Thriller,YHKT Entertainment,73.0,1295,37
118166,Isekai Harem Monogatari,2020-07-31,OVA,FINISHED,4.0,17.0,Fantasy|Hentai,Majin petit,71.0,8928,418
117773,Kohakuiro no Hunter THE ANIMATION,2020-07-31,OVA,FINISHED,2.0,30.0,Fantasy|Hentai,Seven,58.0,2716,94
117761,Natsu ga Owaru made The Animation,2020-07-31,OVA,FINISHED,2.0,18.0,Hentai,BREAKBOTTLE,59.0,2840,107
114333,Miao Xiansheng,2020-07-31,MOVIE,FINISHED,1.0,89.0,Action|Drama|Fantasy,Gudong Animation Studio,,448,4
200643,"Kanojo wa Utau, Dakara Boku wa.",2020-07-30,ONA,FINISHED,1.0,6.0,Music,,,68,0
126663,Ahoy!! Warera Houshou Kaizoku-dan☆,2020-07-30,MUSIC,FINISHED,1.0,2.0,Adventure,,75.0,3034,71
120521,Sansan De Ezuoju Chufang,2020-07-30,ONA,FINISHED,10.0,1.0,Comedy,Sansan Studio,,66,0
139283,Showtime,2020-07-29,MUSIC,FINISHED,1.0,4.0,,,50.0,141,1
123155,Mirai Harmony,2020-07-29,MUSIC,FINISHED,1.0,2.0,Music,Sunrise,69.0,940,13
122979,Muteki-kyuu*Believer,2020-07-29,MUSIC,FINISHED,1.0,4.0,Music,Sunrise,73.0,2734,17
125330,Jouyatou,2020-07-27,MUSIC,FINISHED,1.0,4.0,,,52.0,284,3
131969,Last Of Me,2020-07-26,MUSIC,FINISHED,1.0,2.0,Action|Fantasy,,63.0,568,8
107069,Wu Shan Wu Xing: Zhuo Yuan Shen Huo,2020-07-26,ONA,FINISHED,3.0,26.0,Action|Drama|Fantasy,Samsara Studio,77.0,22190,443
122536,Rick and Morty vs. Genocider,2020-07-25,SPECIAL,FINISHED,1.0,9.0,Action|Adventure|Sci-Fi,Telecom Animation Film,60.0,1977,24
115844,Fanren Xiu Xian Zhuan,2020-07-25,ONA,FINISHED,17.0,18.0,Action|Adventure|Fantasy|Romance,Original Force|Wonder Cat Animation,73.0,2599,113
121956,Chen Feng Gui,2020-07-24,ONA,FINISHED,1.0,10.0,Action|Drama|Fantasy,Paper Plane Animation Studio|Studio Tumble,69.0,890,21
148279,Anthracite,2020-07-23,MUSIC,FINISHED,1.0,4.0,,,,95,0
129548,AOTU Xueyuan 2,2020-07-23,ONA,FINISHED,20.0,,Comedy,7doc,,56,0
121867,Teiketsu Bolt,2020-07-23,MUSIC,FINISHED,1.0,3.0,,,62.0,516,3
121592,Kamen Rider Zero-One: EVERYONE'S DAILY LIFE,2020-07-23,ONA,FINISHED,5.0,6.0,Comedy|Slice of Life,,54.0,347,7
204399,Aisarenakute mo Kimi ga Iru feat. Hatsune Miku,2020-07-22,MUSIC,FINISHED,1.0,5.0,Music,,56.0,144,3
149074,Asi Yu Xiao Liangdang,2020-07-22,ONA,RELEASING,,2.0,Comedy|Romance,,,84,1
130249,Keshiki,2020-07-22,MUSIC,FINISHED,1.0,5.0,,,60.0,337,8
120486,Liu Yi Chuanqi,2020-07-22,ONA,FINISHED,26.0,13.0,Action|Comedy|Fantasy,,,181,2
117014,Dawang Bu Gaoxing 2,2020-07-21,ONA,FINISHED,12.0,15.0,Comedy|Fantasy|Supernatural,Haoliners Animation,56.0,744,15
144827,A lot of life,2020-07-20,MUSIC,FINISHED,1.0,2.0,,SANZIGEN,63.0,599,1
128859,Tabun,2020-07-20,MUSIC,FINISHED,1.0,4.0,Romance,,70.0,923,18
123406,Yuusei,2020-07-19,MUSIC,FINISHED,1.0,3.0,Psychological|Slice of Life,,,106,2
122030,Kakkoyoku Naritai,2020-07-18,MUSIC,FINISHED,1.0,4.0,,,59.0,499,7
131731,Xi Yangyang Yu Hui Tailang: Yiguo Da Yingjiu,2020-07-17,TV_SHORT,FINISHED,60.0,15.0,Adventure|Comedy,,,75,0
123901,"Kanojo, Okarishimasu Petit",2020-07-17,ONA,FINISHED,11.0,1.0,Comedy,AQUA ARIS,58.0,7263,52
119696,Valkyrie no Shokutaku II,2020-07-17,ONA,FINISHED,8.0,8.0,Comedy|Slice of Life,BLADE|Thundray,70.0,3974,67
119113,Shingeki no Kyojin: Chronicle,2020-07-17,MOVIE,FINISHED,1.0,120.0,Action|Drama|Fantasy|Mystery,WIT STUDIO,77.0,34583,476
118656,Muramata-san no Himitsu,2020-07-17,OVA,FINISHED,2.0,20.0,Hentai,Studio 9 Maiami,63.0,3599,114
118167,Soukou Seiki Ysphere: Ingyaku no Sennou Kaizou,2020-07-17,OVA,FINISHED,2.0,30.0,Fantasy|Hentai,Anime Antenna Iinkai,54.0,1270,31
139809,Lagtrain,2020-07-16,MUSIC,FINISHED,1.0,4.0,,,77.0,1553,55
114116,Shi Zhi Ge - Hua Yu Yan De Kuangxiang Shi,2020-07-16,ONA,FINISHED,13.0,20.0,Adventure|Fantasy,Aqua Entertainment,51.0,539,10
110371,Koi to Producer: EVOL×LOVE,2020-07-16,TV,FINISHED,12.0,24.0,Drama|Romance|Sci-Fi,MAPPA,59.0,21452,275
136950,XPICE,2020-07-15,ONA,FINISHED,1.0,5.0,Action|Adventure|Music,Marza Animation Planet,52.0,245,2
126661,Boku no Hero Academia THE MOVIE: Heroes:Rising - Epilogue Plus: Yume wo Genjitsu ni,2020-07-15,SPECIAL,FINISHED,1.0,10.0,Comedy,bones,74.0,21602,317
122248,Tadaima! Chibigodzilla,2020-07-15,ONA,FINISHED,12.0,1.0,Comedy|Fantasy|Slice of Life,Helo,47.0,411,2
120519,Mei Chuxi De Yinyangshi Yijia 2,2020-07-15,ONA,FINISHED,12.0,5.0,Comedy|Fantasy|Slice of Life,Green Monster Team,,258,0
110446,Gibiate,2020-07-15,TV,FINISHED,12.0,25.0,Action|Horror,l-a-unch・BOX|Studio elle,32.0,20999,136
121236,TOKYO-STATION,2020-07-13,MUSIC,FINISHED,1.0,4.0,,,,141,3
121234,MILABO,2020-07-13,MUSIC,FINISHED,1.0,4.0,,,66.0,713,9
120180,Ninja Collection,2020-07-13,TV_SHORT,FINISHED,13.0,5.0,Horror,ILCA|DRAWIZ|TIA,32.0,5018,15
117034,ARP Backstage Pass: Paradise,2020-07-13,OVA,FINISHED,1.0,24.0,Music,Dynamo Pictures,49.0,529,7
121177,Wu Dong Qiankun 2,2020-07-12,ONA,FINISHED,12.0,25.0,Action|Adventure|Fantasy,Motion Magic,73.0,1565,62
114308,Sword Art Online: Alicization - War of Underworld Part 2,2020-07-12,TV,FINISHED,11.0,24.0,Action|Adventure|Fantasy,A-1 Pictures,74.0,195727,5027
113286,Monster Musume no Oisha-san,2020-07-12,TV,FINISHED,12.0,24.0,Comedy|Ecchi|Fantasy|Romance,Arvo Animation,62.0,67006,949
148661,Candy Alien,2020-07-11,MUSIC,FINISHED,1.0,4.0,,,,115,0
131014,Ashuai 3,2020-07-11,ONA,FINISHED,34.0,3.0,Comedy,,,48,0
122247,Mabuta,2020-07-11,MUSIC,FINISHED,1.0,3.0,,,,93,0
120320,Yuan Long,2020-07-11,ONA,FINISHED,16.0,18.0,Fantasy,CG Year,68.0,1299,50
120301,Xian Feng Jian Yu Lu,2020-07-11,ONA,FINISHED,70.0,8.0,Fantasy,Ruo Hong Culture,54.0,400,11
117150,GET UP! GET LIVE! #Geragera,2020-07-11,TV_SHORT,FINISHED,10.0,2.0,Comedy|Drama|Slice of Life,Spell Bound,42.0,404,5
113813,"Kanojo, Okarishimasu",2020-07-11,TV,FINISHED,12.0,24.0,Comedy|Drama|Romance,TMS Entertainment,65.0,307171,6873
111965,Peter Grill to Kenja no Jikan,2020-07-11,TV_SHORT,FINISHED,12.0,12.0,Comedy|Ecchi|Fantasy,WolfsBane,53.0,60956,789
120700,Re:Zero kara Hajimeru Kyuukei Jikan (Break Time) 2nd Season,2020-07-10,ONA,FINISHED,13.0,3.0,Adventure|Comedy|Fantasy,Studio PuYUKAI,69.0,12634,135
119923,Qing Chi Hong Xiaodou Ba! 4,2020-07-10,ONA,FINISHED,12.0,5.0,Comedy,MAKING ANIMATION,,89,0
115901,You Yao,2020-07-10,ONA,FINISHED,12.0,,Action|Comedy|Fantasy,Shengying Animation,61.0,1334,26
115113,Uzaki-chan wa Asobitai!,2020-07-10,TV,FINISHED,12.0,24.0,Comedy|Ecchi|Romance|Slice of Life,ENGI,67.0,149647,2832
112803,No Guns Life 2,2020-07-10,TV,FINISHED,12.0,24.0,Action|Drama|Sci-Fi,MADHOUSE,69.0,23713,234
108489,Yahari Ore no Seishun Love Come wa Machigatteiru. Kan,2020-07-10,TV,FINISHED,12.0,24.0,Comedy|Drama|Romance|Slice of Life,feel.,82.0,222932,9857
122742,Love,2020-07-09,MUSIC,FINISHED,1.0,1.0,Psychological,,57.0,390,7
112357,Nihon Chinbotsu: 2020,2020-07-09,ONA,FINISHED,10.0,25.0,Drama|Sci-Fi,Science SARU,64.0,53734,595
149345,Gon De Hanta: Tata Turan Xiangdao,2020-07-08,ONA,FINISHED,12.0,3.0,Comedy|Slice of Life,Block 12,,65,0
110353,Deca-Dence,2020-07-08,TV,FINISHED,12.0,24.0,Action|Adventure|Sci-Fi,NUT,71.0,100426,1422
108632,Re:Zero kara Hajimeru Isekai Seikatsu 2nd Season,2020-07-08,TV,FINISHED,13.0,26.0,Action|Adventure|Drama|Fantasy|Psychological|Thriller,WHITE FOX,83.0,376099,12970
110028,Muhyo to Rouji no Mahouritsu Soudan Jimusho 2,2020-07-07,TV,FINISHED,12.0,24.0,Action|Comedy|Mystery|Supernatural,Studio DEEN,65.0,7977,63
108941,Umayon,2020-07-07,TV_SHORT,FINISHED,12.0,3.0,Comedy|Slice of Life,W-Toon Studio|DMM.futureworks,67.0,10559,98
120522,Mengyou Dunhuang,2020-07-06,ONA,FINISHED,5.0,3.0,Comedy|Fantasy,Painting Dream,,70,0
116648,Kyojinzoku no Hanayome,2020-07-06,ONA,FINISHED,9.0,6.0,Ecchi|Fantasy|Romance,Studio Houkiboshi,49.0,7351,98
116006,THE GOD OF HIGH SCHOOL,2020-07-06,TV,FINISHED,13.0,24.0,Action|Fantasy,MAPPA,70.0,297490,6678
112258,Chou Futsuu Toshi Kashiwa Densetsu R,2020-07-06,TV_SHORT,FINISHED,10.0,5.0,Comedy|Fantasy,Super Normal Studio,41.0,1753,8
116182,Tianbao Fuyao Lu,2020-07-05,ONA,FINISHED,13.0,18.0,Action|Fantasy,Sparkly Key Animation,73.0,3038,99
131008,Chunqiu Feng Shen: Luanshi Chang Ge,2020-07-04,ONA,FINISHED,12.0,11.0,Fantasy,,,64,3
123490,Mr.Fixer,2020-07-04,MUSIC,FINISHED,1.0,4.0,Mystery|Psychological,NAZ,69.0,1326,17
114236,Enen no Shouboutai: Ni no Shou,2020-07-04,TV,FINISHED,24.0,24.0,Action|Drama|Sci-Fi|Supernatural,david production,78.0,299046,6316
112818,Dokyuu Hentai HxEros,2020-07-04,TV,FINISHED,12.0,24.0,Action|Comedy|Ecchi|Romance|Supernatural,project No.9,54.0,49196,621
112301,"Maou Gakuin no Futekigousha: Shijou Saikyou no Maou no Shiso, Tensei shite Shison-tachi no Gakkou e Kayou",2020-07-04,TV,FINISHED,13.0,24.0,Action|Comedy|Fantasy,SILVER LINK.,72.0,265086,6499
104937,Lapis Re:LiGHTs,2020-07-04,TV,FINISHED,12.0,24.0,Fantasy|Music,Yokohama Animation Lab,64.0,19559,357
119812,Murenase! Seton Gakuen EX: Juu Joshi-tachi no Yuzame Chuuihou,2020-07-03,SPECIAL,FINISHED,1.0,6.0,Comedy|Ecchi|Romance,Studio Gokumi,62.0,4465,30
145904,Untitled World,2020-07-01,MUSIC,FINISHED,1.0,1.0,Action|Fantasy,,66.0,781,10
116259,Obake Zukan,2020-07-01,TV_SHORT,FINISHED,39.0,3.0,Fantasy|Mystery|Supernatural,Fanworks,44.0,554,1
130448,Wasureta Furi wo Shite,2020-06-30,MOVIE,FINISHED,1.0,13.0,Slice of Life,CALF,53.0,552,4
120607,"Ame wo Matsu,",2020-06-30,MUSIC,FINISHED,1.0,5.0,,,75.0,3614,77
139535,Tunshi Yongheng,2020-06-26,ONA,FINISHED,30.0,12.0,Action|Adventure|Fantasy,,,149,3
116946,Kutsujoku 2 The Animation,2020-06-26,OVA,FINISHED,2.0,20.0,Hentai,BREAKBOTTLE,58.0,2022,42
154156,Feng Huan Chao,2020-06-25,ONA,FINISHED,20.0,7.0,Romance,,,82,2
143477,Xian Zun Naiba Dang Zhuixu,2020-06-25,ONA,FINISHED,132.0,10.0,Comedy|Fantasy|Romance,,,311,4
120339,Shisouhan,2020-06-24,MUSIC,FINISHED,1.0,4.0,Psychological,,66.0,527,8
123778,Ninjala Cartoon Anime,2020-06-23,ONA,FINISHED,5.0,11.0,Action|Drama|Fantasy|Sci-Fi,domerica|Studio Hibari,48.0,373,1
139044,Jongtama PV,2020-06-22,SPECIAL,FINISHED,5.0,1.0,Fantasy|Supernatural,Yostar Pictures|SILVER LINK.,50.0,385,3
130248,Yokubari,2020-06-22,MUSIC,FINISHED,1.0,3.0,,,48.0,138,0
120326,Fengyu Lang Qiao,2020-06-20,ONA,FINISHED,1.0,22.0,Action|Drama,Nice Boat Animation|Mote Stop-Motion Animation,,84,1
119928,Shouxi Yu Ling Shi,2020-06-20,ONA,FINISHED,40.0,12.0,Action|Fantasy,Soyep,54.0,428,11
117572,Huyao Xiao Hongniang: Jin Chenxi,2020-06-19,ONA,FINISHED,10.0,19.0,Adventure|Fantasy|Romance|Supernatural,Haoliners Animation|GARDEN,63.0,905,14
140160,Suisei ni Nareta Nara,2020-06-18,MUSIC,FINISHED,1.0,4.0,,Studio Gohan,55.0,232,2
119927,Dubu Xiaoyao,2020-06-18,ONA,FINISHED,480.0,12.0,Action|Adventure|Comedy|Romance,Soyep,63.0,1087,55
114963,Nakitai Watashi wa Neko wo Kaburu,2020-06-18,MOVIE,FINISHED,1.0,104.0,Drama|Fantasy|Romance,Studio Colorido,73.0,189500,3896
120055,Fei Ren Zai: Lichun Pian,2020-06-17,ONA,FINISHED,12.0,5.0,Comedy|Fantasy|Slice of Life|Supernatural,FENZ,62.0,436,4
114622,Dorohedoro: Ma no Omake,2020-06-17,OVA,FINISHED,1.0,25.0,Comedy|Fantasy|Horror,MAPPA,71.0,24426,243
138729,Oshimai no Mirai Yori,2020-06-15,MUSIC,FINISHED,1.0,4.0,,,50.0,157,1
120757,ATRI -My Dear Moments- Special Animation PV,2020-06-14,ONA,FINISHED,3.0,1.0,,CloverWorks,60.0,848,25
162800,"Kanojo, Okarishimasu: Date Movie",2020-06-13,ONA,FINISHED,32.0,2.0,Comedy|Romance|Slice of Life,,54.0,1682,24
126665,Douse Nakunaru Dake,2020-06-13,MUSIC,FINISHED,1.0,3.0,Drama|Psychological,,68.0,936,12
143491,BAKEYO,2020-06-12,MUSIC,FINISHED,1.0,3.0,,Mirai Film,44.0,108,1
136855,Tokimeki,2020-06-12,MUSIC,FINISHED,1.0,3.0,,,,105,0
120211,Hulaing Babies Aratame: Staying Babies,2020-06-10,TV_SHORT,FINISHED,5.0,5.0,Comedy|Slice of Life,Gaina,44.0,448,1
149039,Ooya-san to Boku 2,2020-06-08,TV_SHORT,FINISHED,5.0,5.0,Slice of Life,Fanworks,,46,0
133132,Yoakemade,2020-06-08,MUSIC,FINISHED,1.0,5.0,Sci-Fi,,,99,2
138161,Erase,2020-06-06,MUSIC,FINISHED,1.0,4.0,,,59.0,424,8
137126,Alba,2020-06-05,MUSIC,FINISHED,1.0,4.0,,SUSPENDERS,50.0,164,0
115138,Ane wa Yanmama Junyuu-chuu,2020-06-05,OVA,FINISHED,2.0,17.0,Hentai,T-REX,74.0,12281,831
126168,Mottainai Baasan,2020-06-04,ONA,FINISHED,4.0,6.0,Slice of Life,LIDENFILMS,,118,0
119964,POKÉTOON,2020-06-04,ONA,FINISHED,8.0,10.0,Comedy|Fantasy|Slice of Life,Dandelion Animation Studio|Pancake|Studio Colorido|Team Yamahitsuji|mimoid|StudioGOONEYS|Magic Bus,71.0,4870,58
108522,Baki: Dai Raitaisai-hen,2020-06-04,ONA,FINISHED,13.0,24.0,Action|Sports,TMS Entertainment,75.0,55690,718
120079,Haru Hisagi,2020-06-03,MUSIC,FINISHED,1.0,4.0,,,60.0,411,7
110349,GREAT PRETENDER,2020-06-02,ONA,FINISHED,23.0,23.0,Action|Comedy|Drama|Thriller,WIT STUDIO,81.0,229578,9459
120485,Dai Luan - Zhou Enlai Tongnian Dushu de Gushi,2020-06-01,ONA,FINISHED,1.0,16.0,Slice of Life,,,47,1
125576,Nescafé Hong Kong TVCM,,SPECIAL,FINISHED,1.0,2.0,,FILMONY,58.0,441,5
153521,Gu Xiong: Huo Qi,2020-05-31,ONA,FINISHED,1.0,27.0,Action,Aisi Animation Studio,,104,0
138474,Super Secret,2020-05-30,ONA,FINISHED,22.0,10.0,Comedy|Drama|Romance|Supernatural,,62.0,996,12
115656,Cardfight!! Vanguard Gaiden: if,2020-05-30,TV,FINISHED,25.0,24.0,Action|Adventure|Comedy|Mahou Shoujo,OLM,63.0,1982,18
152181,Koguma no Yuugo,2020-05-29,ONA,RELEASING,,1.0,,,,57,1
132348,Maeumuisori Season 2,2020-05-29,TV,FINISHED,20.0,24.0,Comedy,Durufix,,49,0
116251,Shihai no Kyoudan,2020-05-29,OVA,FINISHED,4.0,24.0,Hentai,PoRO petit,60.0,2125,60
116181,Sex Friend Osananajimi: Shojo to Doutei wa Hazukashii tte Minna ga Iu kara - The Animation,2020-05-29,OVA,FINISHED,1.0,29.0,Hentai,Seven,64.0,2365,88
115136,Yarichin Kateikyoushi Netori Houkoku: Dosukebe Kyonyuu Oyakodon,2020-05-29,OVA,FINISHED,2.0,17.0,Hentai,T-REX,68.0,5151,281
177513,Arawi Keiichi Tanpen,2020-05-28,ONA,FINISHED,1.0,2.0,Comedy,,53.0,448,1
115800,Quanzhi Fashi 4,2020-05-27,ONA,FINISHED,12.0,18.0,Action|Fantasy,Foch,71.0,12767,191
118971,Zetsubou Funsai Shoujo ∞ Amida,2020-05-25,MUSIC,FINISHED,1.0,4.0,Action,MADHOUSE,60.0,852,8
129349,Douluo Dalu: Xiaowu Juebie,2020-05-23,ONA,FINISHED,13.0,20.0,Action|Adventure|Fantasy|Romance|Supernatural,Tencent Penguin Pictures,80.0,2121,70
119884,Since 1998.,2020-05-23,MUSIC,FINISHED,1.0,4.0,Psychological,,56.0,192,3
120771,Minegishi-san wa Ootsu-kun ni Tabesasetai Mini Anime,2020-05-22,ONA,FINISHED,4.0,2.0,Comedy|Romance|Slice of Life,AQUA ARIS,57.0,1230,11
118857,Inochi no Tabekata,2020-05-22,MUSIC,FINISHED,1.0,4.0,Supernatural,,78.0,4787,146
113947,Hajimete no Hitozuma,2020-05-22,OVA,FINISHED,6.0,17.0,Hentai,NewGeneration,66.0,4149,267
120324,Bai Gui Youeryuan 3,2020-05-21,ONA,FINISHED,12.0,5.0,Comedy,Painting Dream,,159,1
119086,Mamoru: Hikitsugu - Watashitachi no Kurashi,2020-05-20,MOVIE,FINISHED,1.0,4.0,Slice of Life,,49.0,152,0
118856,Anemone,2020-05-20,MUSIC,FINISHED,1.0,3.0,,,54.0,215,2
119925,Dou Hun Wei Zhi Xuan Yue Qi Yuan 4,2020-05-19,ONA,FINISHED,13.0,,Adventure|Fantasy,Yi Chen Animation,,126,5
119924,Wu Shang Shen Di,2020-05-18,ONA,FINISHED,64.0,7.0,Action|Fantasy,Ruo Hong Culture,66.0,1120,39
128862,MILGRAM,2020-05-15,MUSIC,FINISHED,11.0,4.0,Mystery|Psychological,OTOIRO,81.0,6825,298
121888,Kaze wa Fuiteru ka?,2020-05-15,MUSIC,FINISHED,1.0,2.0,,,57.0,444,4
118609,Obenkyou Shitoiteyo,2020-05-14,MUSIC,FINISHED,1.0,5.0,,,76.0,2440,47
130156,Halzion,2020-05-11,MUSIC,FINISHED,1.0,3.0,Psychological|Romance,,71.0,1299,16
118448,Final Fantasy Brave Exvius - Gen'ei Sensou Animated PV,2020-05-11,SPECIAL,FINISHED,1.0,2.0,Action|Adventure|Fantasy,WIT STUDIO,,352,7
121593,Mabushigariya,2020-05-10,MUSIC,FINISHED,1.0,4.0,,,,131,3
138956,Mukashi Keiba Nashi 2,2020-05-09,TV_SHORT,FINISHED,4.0,5.0,Comedy|Fantasy|Sports,,,85,0
138481,Curry to Ieba,2020-05-09,MUSIC,FINISHED,1.0,6.0,,,47.0,109,0
136639,"Hana ni Ame wo, Kimi ni Uta wo",2020-05-09,MUSIC,FINISHED,1.0,4.0,,,,172,6
119960,Katarina to Manabou,2020-05-09,ONA,FINISHED,9.0,1.0,Comedy,AQUA ARIS,53.0,1868,9
119929,Yi Shijie Zhongyao Pu,2020-05-08,ONA,FINISHED,40.0,10.0,Drama|Fantasy,Soyep,52.0,279,3
113906,BanG Dream! Garupa☆Pico: Oomori,2020-05-07,TV_SHORT,FINISHED,26.0,3.0,Comedy|Music,DMM.futureworks|W-Toon Studio|SANZIGEN,75.0,5811,78
109148,Li Shi,2020-05-07,ONA,FINISHED,16.0,24.0,Action|Mystery|Supernatural,B.CMAY PICTURES,53.0,1185,19
121856,Xi Xing Ji: Zaijian Wu Kong,2020-05-04,MOVIE,FINISHED,1.0,65.0,Action|Adventure|Fantasy|Romance,BYMENT,58.0,370,9
147957,Flopnik,2020-05-03,MUSIC,FINISHED,1.0,3.0,,,52.0,156,1
119938,Xingchen Bian: Yuli Canghai,2020-05-03,ONA,FINISHED,12.0,25.0,Action|Adventure|Fantasy|Romance,Foch,70.0,1509,48
139771,Penguin Minna Kyou Dai 2020,2020-04-30,MUSIC,FINISHED,1.0,4.0,,,,117,0
122041,Toaru Kagaku no Railgun T: Motto Marutto Railgun,2020-04-30,SPECIAL,FINISHED,2.0,10.0,Comedy,J.C.STAFF,66.0,5004,51
118131,Kurayukaba Pilot,2020-04-30,SPECIAL,FINISHED,1.0,4.0,,Makaria,53.0,570,2
118125,Jashin-chan Dropkick’: Chitose-hen,2020-04-30,SPECIAL,FINISHED,1.0,24.0,Comedy|Slice of Life|Supernatural,Nomad,70.0,5956,66
114981,Heya Camp△: Sauna to Gohan to Sanrin Bike,2020-04-29,OVA,FINISHED,1.0,11.0,Slice of Life,C-Station,74.0,9392,51
163259,Watashi to Isshoni Tobu,2020-04-28,MUSIC,FINISHED,1.0,5.0,Action|Fantasy,,48.0,209,2
131413,Chong Qi Chengyin: Lu Shao de Xinjian Chong,2020-04-28,ONA,FINISHED,20.0,9.0,Drama|Romance,,,187,5
127114,Wakusei,2020-04-28,MUSIC,FINISHED,1.0,5.0,Romance,,54.0,266,3
148288,Karma,2020-04-27,MUSIC,FINISHED,1.0,4.0,,,,73,0
139843,Himitsu,2020-04-26,MUSIC,FINISHED,2.0,5.0,,Studio Gohan,57.0,322,3
117000,Guan Hai Ce 2nd Season,2020-04-26,ONA,FINISHED,16.0,,,Bright Studio,,101,1
114136,Bai Yao Pu,2020-04-25,ONA,FINISHED,12.0,24.0,Fantasy|Mystery|Supernatural,Haoliners Animation,69.0,6469,91
126171,MUG,2020-04-24,MUSIC,FINISHED,1.0,3.0,,,51.0,229,0
115671,"Tenioha! 2: Limit Over - Mada Mada Ippai, Ecchi Shiyo? THE ANIMATION",2020-04-24,OVA,FINISHED,1.0,26.0,Hentai,Studio 1st,64.0,2136,45
115405,Haritsuke,2020-04-24,OVA,FINISHED,2.0,20.0,Hentai,Studio 9 Maiami,51.0,1550,43
115115,Chiisana Tsubomi no Sono Oku ni...,2020-04-24,OVA,FINISHED,4.0,25.0,Hentai,Nur,61.0,3571,117
115114,Sotsugyou Chikan Densha,2020-04-24,OVA,FINISHED,4.0,17.0,Hentai,Suzuki Mirano petit,47.0,1285,32
115077,Suketto Sanjou!! THE ANIMATION,2020-04-24,OVA,FINISHED,2.0,18.0,Hentai|Sports,Seven,65.0,3467,117
105401,Yi Ren Zhi Xia 3,2020-04-24,ONA,FINISHED,8.0,20.0,Action|Drama|Mystery|Psychological|Supernatural,Big Firebird Cultural Media,66.0,11525,163
104040,Sexfriend Gakuen,2020-04-24,OVA,FINISHED,1.0,22.0,Hentai,Fancy Realize Media,49.0,1698,43
124341,Arad: Gyakuten no Wa,2020-04-23,ONA,FINISHED,16.0,24.0,Action|Adventure|Fantasy,LIDENFILMS,48.0,772,9
106154,Koukaku Kidoutai: SAC_2045,2020-04-23,ONA,FINISHED,12.0,24.0,Action|Mystery|Sci-Fi,Sola Digital Arts|Production I.G,62.0,13155,165
115186,Bessatsu Olympia Kyklos,2020-04-20,TV_SHORT,FINISHED,24.0,5.0,Comedy|Fantasy|Slice of Life|Sports,Gosay Studio,67.0,7141,85
185528,Sekai wa Mada Hajimatte sura Inai,2020-04-17,MUSIC,FINISHED,1.0,4.0,Slice of Life,,,120,2
144822,Happy Music♪,2020-04-17,MUSIC,FINISHED,1.0,2.0,,SANZIGEN,61.0,510,1
124082,Azur Lane Anime PVs,2020-04-17,SPECIAL,RELEASING,,1.0,Action|Slice of Life,MADHOUSE|Yostar Pictures|TRIGGER|San Blas Animation|studio CANDY BOX|Greenleaf Animation|Studio Silver,62.0,1776,40
116965,Wangu Xian Qiong 4,2020-04-16,ONA,FINISHED,12.0,,Adventure|Comedy|Fantasy,ASK Animation Studio,,256,6
116320,TV Yarou Nanaana: Kaibutsu Kraken wo Oe!,2020-04-16,TV_SHORT,FINISHED,24.0,5.0,Adventure|Comedy,Studio Crocodile,53.0,483,5
118168,Youkoso Japari Park 2,2020-04-15,ONA,FINISHED,12.0,4.0,Adventure|Comedy|Fantasy,,48.0,292,2
133391,INSIDE MY CORE,2020-04-14,MUSIC,FINISHED,1.0,4.0,Psychological,,58.0,193,5
135722,Mela!,2020-04-13,MUSIC,FINISHED,1.0,4.0,Fantasy,,58.0,300,1
119926,Wan Jie Chun Qiu,2020-04-13,ONA,FINISHED,56.0,8.0,Action|Fantasy,Ruo Hong Culture,54.0,453,9
108629,Kitsutsuki Tantei Dokoro,2020-04-13,TV,FINISHED,12.0,24.0,Mystery,LIDENFILMS,57.0,9651,80
114402,Hakushon Daimaou 2020,2020-04-11,TV,FINISHED,20.0,24.0,Comedy|Fantasy,Tatsunoko Production|Nippon Animation,51.0,545,4
114043,Shokugeki no Souma: Gou no Sara,2020-04-11,TV,FINISHED,13.0,24.0,Comedy|Drama|Ecchi,J.C.STAFF,72.0,148655,2281
113051,ARGONAVIS from BanG Dream!,2020-04-11,TV,FINISHED,13.0,24.0,Drama|Music,SANZIGEN,62.0,5512,95
112641,Kaguya-sama wa Kokurasetai?: Tensaitachi no Renai Zunousen,2020-04-11,TV,FINISHED,12.0,25.0,Comedy|Psychological|Romance|Slice of Life,A-1 Pictures,85.0,431938,18047
114891,Zashiki-Warashi no Tatami-chan,2020-04-10,ONA,FINISHED,12.0,4.0,Comedy|Supernatural,Zero-G,46.0,2330,10
114888,Fugou Keiji: Balance:UNLIMITED,2020-04-10,TV,FINISHED,11.0,23.0,Action|Comedy|Mystery|Sci-Fi,CloverWorks,74.0,163117,3843
114119,Dali Si Rizhi,2020-04-10,ONA,FINISHED,12.0,18.0,Action|Comedy|Fantasy,Nice Boat Animation,63.0,2419,36
112534,Mashin Eiyuuden Wataru: Shichi Kon no Ryuujinmaru,2020-04-10,ONA,FINISHED,9.0,20.0,Action|Adventure|Comedy|Mecha|Sci-Fi,Sunrise,55.0,575,4
112444,Appare-Ranman!,2020-04-10,TV,FINISHED,13.0,24.0,Action|Adventure|Comedy,P.A.WORKS,70.0,44522,549
114233,Gundam Build Divers Re:RISE 2nd Season,2020-04-09,ONA,FINISHED,13.0,25.0,Action|Mecha|Sci-Fi,Sunrise Beyond,72.0,4475,110
116964,Yao Shen Ji: Hei Yu Pian,2020-04-08,ONA,FINISHED,52.0,5.0,Action|Adventure|Fantasy|Romance,Ruo Hong Culture,69.0,1934,39
116791,Neko Neko Nihonshi 5th Season,2020-04-08,TV_SHORT,FINISHED,32.0,9.0,Comedy,,,215,1
115892,Komatta Jii-san,2020-04-08,TV_SHORT,FINISHED,13.0,1.0,Comedy,Kachidoki Studio,58.0,1541,10
115845,Wuxian Shaonü 48,2020-04-08,ONA,FINISHED,12.0,18.0,Music|Sci-Fi,Seven Stone Entertainment,,360,5
112296,Strike the Blood IV,2020-04-08,OVA,FINISHED,12.0,30.0,Action|Ecchi|Fantasy|Supernatural,CONNECT,67.0,28360,371
117325,Puso Ni Comi: Okawari,2020-04-07,ONA,FINISHED,26.0,4.0,Comedy|Sci-Fi,,57.0,450,5
116848,Mala Nüpei,2020-04-07,ONA,FINISHED,32.0,10.0,Comedy|Romance,Success|Xiaoying Feiyang Pictures,62.0,1944,26
116787,Origami Ninja Koyan @ KinTele,2020-04-07,TV_SHORT,RELEASING,,,Comedy,Directions,,123,0
116408,"Anoyo no Subete wa, Obakegumi!",2020-04-07,TV_SHORT,FINISHED,34.0,4.0,Comedy|Supernatural,,44.0,486,1
115651,Majutsushi Orphen Hagure Tabi: Tenjin no Isan,2020-04-07,OVA,FINISHED,1.0,24.0,Action|Adventure|Fantasy,Studio DEEN,58.0,4086,40
114105,Wang Gu Shenhua Zhi Tian Xuanzhe,2020-04-07,ONA,FINISHED,12.0,21.0,Action|Sci-Fi,Chongzhuo Animation,47.0,556,6
112325,Shadowverse,2020-04-07,TV,FINISHED,48.0,24.0,Fantasy,ZEXCS,52.0,7312,209
111762,Fruits Basket: 2nd Season,2020-04-07,TV,FINISHED,25.0,24.0,Comedy|Drama|Psychological|Romance|Slice of Life|Supernatural,TMS Entertainment,85.0,185384,6594
109019,Houkago Teibou Nisshi,2020-04-07,TV,FINISHED,12.0,24.0,Comedy|Slice of Life|Sports,Doga Kobo,72.0,26128,380
107871,Princess Connect! Re:Dive,2020-04-07,TV,FINISHED,13.0,24.0,Adventure|Comedy|Fantasy,CygamesPictures,69.0,97006,1595
116999,Menghuan Shuyuan 3,2020-04-06,ONA,FINISHED,14.0,2.0,Comedy|Fantasy,Painting Dream,,67,0
116248,Garugaku.: Sei Girls Square Gakuin,2020-04-06,TV_SHORT,FINISHED,50.0,3.0,Comedy|Music,OLM|WIT STUDIO,48.0,1314,8
115821,Ore no Yubi de Midarero.: Heitengo Futarikiri no Salon de…,2020-04-06,ONA,FINISHED,8.0,6.0,Ecchi|Hentai|Romance,Magic Bus,56.0,6480,80
115654,Watanuki-san Chi to,2020-04-06,TV,FINISHED,12.0,23.0,Drama|Slice of Life,Helo,47.0,726,5
115199,Poccolies,2020-04-06,TV_SHORT,FINISHED,50.0,1.0,Comedy|Fantasy,Kachidoki Studio,,178,0
113108,Kingdom 3rd Season,2020-04-06,TV,FINISHED,26.0,25.0,Action,Studio Signpost|Studio Pierrot,86.0,26628,1067
110458,Shironeko Project: ZERO CHRONICLE,2020-04-06,TV,FINISHED,12.0,23.0,Action|Adventure|Fantasy|Romance,project No.9,52.0,30787,417
107294,Jashin-chan Dropkick’,2020-04-06,ONA,FINISHED,11.0,24.0,Comedy|Slice of Life|Supernatural,Nomad,73.0,18389,279
118630,Duel Masters King,2020-04-05,TV,FINISHED,47.0,24.0,Action|Adventure|Comedy,Shogakukan Music & Digital Entertainment|Brain's Base,47.0,556,2
117496,Yesterday wo Utatte Extras,2020-04-05,ONA,FINISHED,6.0,2.0,Drama|Romance|Slice of Life,Doga Kobo,65.0,10224,73
116793,Motto! Majime ni Fumajime Kaiketsu Zorori,2020-04-05,TV,FINISHED,25.0,25.0,Adventure|Comedy|Fantasy,Ajiado|Bandai Namco Pictures,52.0,589,1
114811,Digimon Adventure:,2020-04-05,TV,FINISHED,67.0,23.0,Action|Adventure|Fantasy|Sci-Fi,Toei Animation,63.0,22021,339
114717,Tomica Kizuna Gattai: Earth Granner,2020-04-05,TV,FINISHED,51.0,25.0,Action|Adventure|Mecha|Sci-Fi,OLM,53.0,802,11
113990,Kiratto Pri☆Chan Season 3,2020-04-05,TV,FINISHED,51.0,24.0,Comedy|Music|Slice of Life,Tatsunoko Production|Dongwoo Animation,70.0,1559,35
113693,Honzuki no Gekokujou: Shisho ni Naru Tame ni wa Shudan wo Erandeiraremasen 2nd Season,2020-04-05,TV,FINISHED,12.0,24.0,Fantasy|Slice of Life,Ajiado,79.0,74772,1502
113570,"Shachou, Battle no Jikan desu!",2020-04-05,TV,FINISHED,12.0,24.0,Action|Adventure|Fantasy,C2C,53.0,12754,80
111323,Gal to Kyouryuu,2020-04-05,TV,FINISHED,12.0,24.0,Comedy|Slice of Life,Space Neko Company|Kamikaze Douga,60.0,14933,145
111310,Mewkledreamy,2020-04-05,TV,FINISHED,48.0,24.0,Adventure|Comedy|Fantasy|Mahou Shoujo,J.C.STAFF|A.C.G.T.,68.0,5566,105
109020,Yesterday wo Utatte,2020-04-05,TV,FINISHED,12.0,23.0,Drama|Romance|Slice of Life,Doga Kobo,67.0,98667,1528
108266,Tsugu Tsugumomo,2020-04-05,TV,FINISHED,12.0,24.0,Action|Comedy|Ecchi|Supernatural,Zero-G,72.0,29904,438
108241,Gleipnir,2020-04-05,TV,FINISHED,13.0,24.0,Action|Ecchi|Mystery|Supernatural,PINE JAM,66.0,151618,2506
107911,Wo Kai Dongwuyuan Naxie Nian,2020-04-05,ONA,FINISHED,13.0,13.0,Comedy|Fantasy|Slice of Life,Haoliners Animation,59.0,1714,22
104647,Otome Game no Hametsu Flag shika Nai Akuyaku Reijou ni Tensei shiteshimatta…,2020-04-05,TV,FINISHED,12.0,25.0,Comedy|Fantasy|Romance|Slice of Life,SILVER LINK.,73.0,146840,3673
103110,IDOLiSH7: Second BEAT!,2020-04-05,TV,FINISHED,15.0,24.0,Comedy|Drama|Music|Psychological,TROYCA,81.0,11514,422
132696,Oshiri Tantei 4,2020-04-04,TV,FINISHED,13.0,20.0,Comedy|Fantasy|Mystery,Toei Animation,,147,0
118136,Tonikaku nani ka o hajimeyou,2020-04-04,MUSIC,FINISHED,1.0,2.0,,,,133,2
117096,Asatir: Mirai no Mukashibanashi,2020-04-04,ONA,FINISHED,13.0,25.0,Adventure,Toei Animation,49.0,1504,12
114411,Bungou to Alchemist: Shinpan no Haguruma,2020-04-04,TV,FINISHED,13.0,24.0,Action|Adventure|Fantasy,OLM,60.0,17624,210
114072,Yu☆Gi☆Oh! SEVENS,2020-04-04,TV,FINISHED,92.0,24.0,Action|Fantasy|Sci-Fi,Bridge,57.0,6027,93
112353,Nami yo Kiitekure,2020-04-04,TV,FINISHED,12.0,24.0,Comedy|Drama|Romance|Slice of Life,Sunrise,70.0,30501,290
112302,Major 2nd Season 2,2020-04-04,TV,FINISHED,25.0,24.0,Comedy|Drama|Sports,OLM,74.0,6805,98
110547,Arte,2020-04-04,TV,FINISHED,12.0,24.0,Drama|Romance|Slice of Life,Seven Arcs,69.0,43635,602
109856,LISTENERS,2020-04-04,TV,FINISHED,12.0,24.0,Action|Adventure|Mecha|Music|Sci-Fi,MAPPA,49.0,23927,245
126643,Zo Zo Zo Zombie-kun (2020),2020-04-03,ONA,FINISHED,102.0,4.0,Comedy,J.C.STAFF,,235,0
116786,Beyblade Burst Sparking,2020-04-03,ONA,FINISHED,52.0,12.0,Action|Adventure|Sci-Fi|Sports,OLM,66.0,3616,73
116415,Bakugan Armored Alliance,2020-04-03,TV,FINISHED,52.0,23.0,Action|Comedy|Fantasy,TMS Entertainment,57.0,1445,14
113705,Kyonyuu Princess Saimin,2020-04-03,OVA,FINISHED,2.0,17.0,Hentai,T-REX,65.0,4050,175
111500,Shin Sakura Taisen the Animation,2020-04-03,TV,FINISHED,12.0,24.0,Action|Adventure|Mecha|Sci-Fi|Supernatural,SANZIGEN,54.0,7373,50
148258,Namida Time Capsule,2020-04-02,MUSIC,FINISHED,1.0,5.0,,,,90,0
139097,Kite,2020-04-02,MUSIC,FINISHED,1.0,2.0,,,49.0,317,0
116384,Sol Levante,2020-04-02,ONA,FINISHED,1.0,4.0,Fantasy,Production I.G,45.0,9112,41
116258,Norimono Man: Mobile Land no Car-kun,2020-04-02,TV_SHORT,FINISHED,104.0,5.0,Comedy,CloverWorks,49.0,406,2
115230,Kami no Tou: Tower of God,2020-04-02,TV,FINISHED,13.0,25.0,Action|Adventure|Drama|Fantasy|Mystery,Telecom Animation Film,74.0,333773,8307
113311,Kakushigoto,2020-04-02,TV,FINISHED,12.0,24.0,Comedy|Slice of Life,Ajiado,78.0,106372,2484
106319,"Hachi-nan tte, Sore wa Nai deshou!",2020-04-02,TV,FINISHED,12.0,24.0,Adventure|Fantasy,SynergySP|Shin-Ei Animation,61.0,82204,1170
116789,Micchiri Wanko! Animation,2020-04-01,TV_SHORT,FINISHED,24.0,5.0,Comedy,Charaction,,384,4
114555,Wan Sheng Jie,2020-04-01,ONA,FINISHED,12.0,5.0,Comedy|Fantasy|Slice of Life|Supernatural,HMCH,78.0,13377,671
110130,Tamayomi,2020-04-01,TV,FINISHED,12.0,24.0,Slice of Life|Sports,studio A-CAT,52.0,13279,105
109150,Shi Huang Zhi Shen,2020-04-01,ONA,FINISHED,13.0,18.0,Action|Comedy,Haoliners Animation,54.0,1693,18
148127,Oka Shika Chika Ika Saka,,MUSIC,FINISHED,1.0,2.0,,,,85,0
138521,jyou! jyou!,,MUSIC,FINISHED,1.0,2.0,,,,96,1
131459,wasimo 8,2020-03-30,TV_SHORT,FINISHED,40.0,10.0,Comedy|Sci-Fi,Studio DEEN,,101,0
118200,Semi wa Magic Cube Season 2,2020-03-30,TV_SHORT,FINISHED,26.0,13.0,Action|Fantasy,Durufix,,333,6
177466,Gyakusou Shoujo,2020-03-29,MUSIC,FINISHED,1.0,4.0,Comedy|Romance,,,56,0
123382,Ninjala Episode 0: Ninja-Gum Tanjou,2020-03-29,ONA,FINISHED,1.0,10.0,Sci-Fi|Supernatural,Marza Animation Planet,52.0,365,0
119344,Ogaki Matsuri ni Ikou yo!,2020-03-29,ONA,FINISHED,1.0,9.0,Romance|Slice of Life,l-a-unch・BOX,48.0,353,3
119342,Gakitabi!: Seishun Oshiro-hen,2020-03-29,ONA,FINISHED,1.0,8.0,Slice of Life,Asura Film,,145,0
123407,Tenetene,2020-03-28,MUSIC,FINISHED,1.0,2.0,Psychological|Slice of Life,,,104,1
116979,Aikatsu on Parade! (ONA),2020-03-28,ONA,FINISHED,6.0,12.0,Music|Slice of Life,Bandai Namco Pictures,65.0,1669,13
116968,GRANBLUE FANTASY The Animation Season 2 Specials,2020-03-28,SPECIAL,FINISHED,2.0,24.0,Adventure|Fantasy,MAPPA,63.0,4376,37
116966,Xing You Ji: Fengbao Famila 2,2020-03-28,ONA,FINISHED,1.0,,Adventure|Fantasy|Sci-Fi,,,122,1
206074,Hua Qian Gu: Hua Hun Zhi Lu,2020-03-27,MOVIE,FINISHED,1.0,68.0,Adventure|Drama|Fantasy,Hong Ying Animation,,32,1
114948,Ometeotl≠HERO,2020-03-27,MOVIE,FINISHED,1.0,24.0,Sci-Fi,Speed,,321,5
114946,Michiru Rescue!,2020-03-27,MOVIE,FINISHED,1.0,24.0,,Yumeta Company,,276,4
114945,Rebecca,2020-03-27,MOVIE,FINISHED,1.0,24.0,Slice of Life,Vega Entertainment,60.0,910,8
114243,Jitaku Keibiin 2,2020-03-27,OVA,FINISHED,8.0,17.0,Hentai,Suzuki Mirano petit,59.0,2525,71
114242,Inmou,2020-03-27,OVA,FINISHED,2.0,20.0,Hentai,Seven,55.0,2114,74
113917,PSYCHO-PASS 3: FIRST INSPECTOR,2020-03-27,ONA,FINISHED,3.0,45.0,Action|Psychological|Sci-Fi|Thriller,Production I.G,77.0,32619,387
112686,7SEEDS 2,2020-03-26,ONA,FINISHED,12.0,25.0,Action|Drama|Sci-Fi,GONZO|Studio KAI,69.0,20594,198
117574,A song for You! You? You!!,2020-03-25,MUSIC,FINISHED,1.0,11.0,Music,Sunrise,70.0,1852,16
112166,Chuubyou Gekihatsu Boy: Otoko ni Umareta Shukumei Dakara,2020-03-25,OVA,FINISHED,1.0,24.0,Comedy|Slice of Life,Studio DEEN,65.0,2655,22
110445,Tsuujou Kougeki ga Zentai Kougeki de Ni-kai Kougeki no Okaasan wa Suki desu ka? OVA,2020-03-25,OVA,FINISHED,1.0,24.0,Action|Comedy|Ecchi|Fantasy,J.C.STAFF,58.0,17795,240
121201,Jingju Mao: Jiaotashidi Part 1,2020-03-24,ONA,FINISHED,26.0,12.0,Action|Adventure|Comedy|Fantasy,Dazzling Star,,68,1
115519,Cinderella Girls Gekijou: Extra Stage,2020-03-24,ONA,FINISHED,48.0,2.0,Comedy|Music|Slice of Life,Zero-G,58.0,1190,7
138605,Noudouteki Sanpunkan,2020-03-21,MUSIC,FINISHED,1.0,3.0,Fantasy,Kamikaze Douga,,73,1
110354,BNA,2020-03-21,ONA,FINISHED,12.0,23.0,Action|Comedy|Fantasy,TRIGGER,72.0,129341,3253
125600,Taisei Kensetsu: Myanmar,2020-03-20,SPECIAL,FINISHED,1.0,1.0,,CoMix Wave,53.0,502,1
116246,ARP Backstage Pass: Celebrate Good Time - Short Stories,2020-03-20,SPECIAL,FINISHED,1.0,20.0,Music,Dynamo Pictures,47.0,404,0
115794,Kyouryuu Shoujo Gauko Season 2,2020-03-20,ONA,FINISHED,19.0,7.0,Comedy|Slice of Life,,58.0,485,6
145560,Arifureta Shokugyou de Sekai Saikyou Prologue,2020-03-19,ONA,FINISHED,1.0,7.0,Comedy|Fantasy,Asread,66.0,14239,229
132034,Catch! Tiniping,2020-03-19,TV_SHORT,FINISHED,52.0,11.0,Adventure|Drama|Fantasy|Mahou Shoujo,SAMG Animation,55.0,372,6
115715,Altered Carbon: Resleeved,2020-03-19,ONA,FINISHED,1.0,73.0,Action|Drama|Sci-Fi,Studio Anima,61.0,3370,33
139677,Sarashimono,2020-03-18,MUSIC,FINISHED,1.0,4.0,,,48.0,141,1
136292,Number Nine,2020-03-18,MUSIC,FINISHED,1.0,3.0,,Creators in Pack,,112,0
119592,MAN WITH A MISSION THE ANIMATION,2020-03-16,ONA,FINISHED,6.0,4.0,Music,,47.0,507,0
115839,Ze Tian Ji 5,2020-03-16,ONA,FINISHED,12.0,20.0,Action|Adventure|Fantasy,Foch,64.0,653,11
132345,Amhaengeosa Byeol☆Ko,2020-03-13,ONA,FINISHED,10.0,7.0,Action|Comedy|Fantasy,,,32,0
118127,Giant Killing,2020-03-13,MUSIC,FINISHED,1.0,3.0,Adventure,,52.0,284,3
123417,Xiang Shi Chuanshuo,2020-03-12,ONA,FINISHED,13.0,7.0,Fantasy|Slice of Life,Boruntong,,73,0
117647,Ushichichi Tabehoudai! The Animation,2020-03-11,ONA,FINISHED,1.0,22.0,Hentai,,51.0,1399,38
113811,Honzuki no Gekokujou: Shisho ni Naru Tame ni wa Shudan wo Erandeiraremasen OVA,2020-03-10,OVA,FINISHED,1.0,23.0,Fantasy|Slice of Life,Ajiado,74.0,18704,149
141326,Tululu feat. TAKU INOUE,2020-03-09,MUSIC,FINISHED,1.0,4.0,Fantasy|Romance,,51.0,150,1
143391,Chiyuki no Fashion Check,2020-03-08,ONA,FINISHED,9.0,1.0,Slice of Life,,48.0,1120,16
117168,Wushen Zhuzai,2020-03-08,ONA,FINISHED,272.0,7.0,Action|Drama|Fantasy,Ruo Hong Culture,69.0,1826,96
113220,Shikijou Kyoudan,2020-03-06,OVA,FINISHED,2.0,17.0,Hentai,T-REX,66.0,3062,138
110337,"Onii-chan, Asa made Zutto Gyutte Shite!",2020-03-06,OVA,FINISHED,4.0,17.0,Hentai,Studio 1st,65.0,3710,125
177122,Sinbi Apateu: Ghost Ball Double X,2020-03-05,TV_SHORT,FINISHED,26.0,8.0,Fantasy|Supernatural,,,83,0
116780,Yakou,2020-03-04,MUSIC,FINISHED,1.0,4.0,,Studio Colorido,60.0,504,8
115217,Haikyuu!! Ningyou Anime,2020-03-04,OVA,FINISHED,10.0,2.0,Sports,,65.0,4973,37
166048,Junky Night Town Orchestra,2020-03-03,MUSIC,FINISHED,1.0,4.0,Psychological,,,75,0
117280,Ooya-san to Boku,2020-03-02,TV_SHORT,FINISHED,5.0,5.0,Slice of Life,Fanworks,45.0,267,0
116210,Daylight,2020-03-01,MUSIC,FINISHED,1.0,2.0,,SANZIGEN,63.0,510,3
116922,Katarina Nounai Kaigi,2020-02-29,ONA,FINISHED,26.0,1.0,Comedy,AQUA ARIS,53.0,1781,15
101574,SHIROBAKO Movie,2020-02-29,MOVIE,FINISHED,1.0,120.0,Comedy|Drama|Slice of Life,P.A.WORKS,76.0,20379,143
154119,Marco to Ginga Ryuu,2020-02-28,OVA,FINISHED,1.0,24.0,Adventure|Comedy,,,158,1
118036,Gon,2020-02-28,MOVIE,FINISHED,1.0,28.0,Adventure|Fantasy,,59.0,498,12
116409,Hakugin,2020-02-28,MUSIC,FINISHED,1.0,4.0,,Pancake,64.0,1046,5
114442,Tenchi Muyou! Ryououki Dai 5-ki,2020-02-28,OVA,FINISHED,6.0,30.0,Action|Comedy|Sci-Fi,AIC,60.0,1897,25
113621,Aisei Tenshi Love Mary: Akusei Jutai THE ANIMATION,2020-02-28,OVA,FINISHED,2.0,25.0,Hentai|Mahou Shoujo,Studio 1st,54.0,2352,57
148257,Sensei no Iutoori,2020-02-27,MUSIC,FINISHED,1.0,4.0,,,,79,0
114052,Girls und Panzer: Taiyaki War!,2020-02-27,OVA,FINISHED,1.0,11.0,Comedy,Actas,72.0,5407,70
112177,Naka no Hito Genome [Jikkyouchuu]: KNOTS OF MEMORIES,2020-02-27,OVA,FINISHED,1.0,25.0,Comedy|Drama,SILVER LINK.,66.0,7018,81
114196,Urashimasakatasen no Nichijou OVA,2020-02-26,OVA,FINISHED,1.0,4.0,Comedy|Slice of Life,GAINAX Kyoto,48.0,392,2
122750,hand,2020-02-25,MUSIC,FINISHED,1.0,2.0,Psychological,,53.0,238,3
118042,KILLING ME/KILLING YOU PV,2020-02-23,ONA,FINISHED,1.0,2.0,Fantasy,,,272,6
188053,Spookiz 4,2020-02-22,ONA,FINISHED,12.0,3.0,Comedy|Supernatural,Keyring,,26,0
129348,Douluo Dalu: Qian Hua Xi Jin,2020-02-22,ONA,FINISHED,13.0,20.0,Action|Adventure|Fantasy|Romance|Supernatural,Sparkly Key Animation,79.0,2084,65
115685,Meltys Quest,2020-02-21,OVA,FINISHED,2.0,16.0,Hentai,Bomb! Cute! Bomb!,55.0,1254,25
114334,Gundam: G no Reconguista II - Bellri Gekishin,2020-02-21,MOVIE,FINISHED,1.0,94.0,Action|Mecha|Sci-Fi,Sunrise,66.0,1957,15
111305,Sekaiichi Hatsukoi: Propose-hen,2020-02-21,MOVIE,FINISHED,1.0,21.0,Comedy|Drama|Romance,,71.0,6977,124
108260,Digimon Adventure: LAST EVOLUTION Kizuna,2020-02-21,MOVIE,FINISHED,1.0,94.0,Action|Adventure|Drama|Fantasy|Sci-Fi,Yumeta Company,80.0,13639,423
125355,Kanashimi no Kodomo-tachi,2020-02-15,MUSIC,FINISHED,1.0,3.0,,,50.0,232,2
116044,Hikari no Akuma,2020-02-15,MUSIC,FINISHED,1.0,2.0,,,57.0,504,6
115511,LEO,2020-02-15,MUSIC,FINISHED,1.0,4.0,Psychological,,69.0,1359,20
109171,Saezuru Tori wa Habatakanai: The clouds gather,2020-02-15,MOVIE,FINISHED,1.0,85.0,Drama|Romance,GRIZZLY,71.0,12854,333
134047,BLUE: line・step・brush,2020-02-14,ONA,FINISHED,1.0,2.0,Drama|Slice of Life,WIT STUDIO,56.0,1354,7
108714,ACCA: 13-ku Kansatsu-ka - Regards,2020-02-14,OVA,FINISHED,1.0,45.0,Drama|Mystery,MADHOUSE,70.0,7321,47
145865,Boku wa Kyou mo,2020-02-07,MUSIC,FINISHED,1.0,5.0,,,51.0,128,1
112375,Youma Shoukan e Youkoso!,2020-02-07,OVA,FINISHED,2.0,17.0,Hentai,T-REX,64.0,3782,127
188823,Mini Teukgongdae Gongnyong-wang Dino,2020-02-06,MOVIE,FINISHED,1.0,73.0,Action|Mecha,SAMG Animation,,30,0
109586,Mushikago no Cagaster,2020-02-06,ONA,FINISHED,12.0,28.0,Action|Drama|Sci-Fi,Studio KAI,62.0,13256,146
112748,Healin' Good♥Precure,2020-02-02,TV,FINISHED,45.0,24.0,Action|Fantasy|Mahou Shoujo,Toei Animation,66.0,6769,110
115178,Wan Jie Shenzhu 2,2020-02-01,ONA,FINISHED,48.0,9.0,Adventure|Fantasy,Ruo Hong Culture,61.0,389,15
115107,Digimon Adventure: 20th Memorial Story,2020-02-01,ONA,FINISHED,5.0,6.0,Comedy|Drama|Sci-Fi|Slice of Life,Yumeta Company,64.0,2923,30
108623,Goblin Slayer: GOBLIN'S CROWN,2020-02-01,MOVIE,FINISHED,1.0,60.0,Action|Adventure|Fantasy,WHITE FOX,71.0,99436,1314
139190,Kotae wo Dasu no Da,,MUSIC,FINISHED,1.0,2.0,,Spooky graphic,,92,1
113187,Null Peta: Doki♥ Nullnull Petapeta! Mizugi Darake no Onee-chan Taikai!,2020-01-31,OVA,FINISHED,1.0,6.0,Comedy|Ecchi|Sci-Fi,Shin-Ei Animation,53.0,2201,13
112936,Enjo Kouhai,2020-01-31,OVA,RELEASING,,17.0,Hentai,Majin petit,70.0,4885,219
112908,Tonari no Ie no Anette-san THE ANIMATION,2020-01-31,OVA,FINISHED,3.0,26.0,Hentai,Seven,65.0,3047,101
112374,Chii-chan Kaihatsu Nikki,2020-01-31,OVA,FINISHED,2.0,16.0,Hentai,T-REX,61.0,2812,95
112033,Zenonzard: THE ANIMATION,2020-01-31,ONA,FINISHED,9.0,15.0,Action|Drama|Sci-Fi,8-bit,55.0,7287,81
115036,Kokoro Yohou,2020-01-30,MUSIC,FINISHED,1.0,4.0,Romance|Slice of Life,ENISHIYA,75.0,3732,71
112324,Strike the Blood: Kieta Seisou-hen,2020-01-29,OVA,FINISHED,1.0,26.0,Action|Ecchi|Fantasy|Supernatural,CONNECT,66.0,10642,138
112125,Dungeon ni Deai wo Motomeru no wa Machigatteiru Darou ka II: Mujintou ni Yakusou wo Motomeru no wa Machigatteiru Darou ka,2020-01-29,OVA,FINISHED,1.0,26.0,Adventure|Comedy|Ecchi|Fantasy|Romance,J.C.STAFF,63.0,38383,386
144848,Mai Mai Mai,2020-01-28,MUSIC,FINISHED,1.0,4.0,Sci-Fi,,58.0,282,3
130225,Nagisa no Brazilian,2020-01-28,MUSIC,FINISHED,1.0,3.0,,,57.0,862,17
114958,Crescent rise,2020-01-27,MUSIC,FINISHED,1.0,6.0,Drama,TRIGGER,66.0,1375,13
115905,Ruguo Lishi Shi Yi Qun Miao 4,2020-01-26,ONA,FINISHED,13.0,6.0,Comedy,Fatchi Moxie Studio,,61,0
114949,Niplheim no Karyuudo,2020-01-25,OVA,FINISHED,2.0,16.0,Hentai,Bomb! Cute! Bomb!,45.0,773,8
177432,Magical Love Potion!,2020-01-24,MUSIC,FINISHED,1.0,2.0,Music,,,103,0
148253,Koushin Suru Kaibutsu,2020-01-24,MUSIC,FINISHED,1.0,3.0,,,,87,0
138687,"""RabbiTube"" Creator ni Chousen!",2020-01-24,ONA,FINISHED,16.0,10.0,Comedy,Dandelion Animation Studio,63.0,581,4
127506,Dream,2020-01-24,ONA,FINISHED,1.0,6.0,Adventure|Fantasy,Toei Animation,51.0,312,1
117913,Tokyo Autumn Session,2020-01-24,MUSIC,FINISHED,1.0,6.0,Romance|Slice of Life,CloverWorks,73.0,6057,90
114947,Fukai ni Nemuru Oujo no Abaddon THE ANIMATION,2020-01-24,OVA,FINISHED,1.0,25.0,Hentai|Horror|Mystery|Supernatural,SAKURAPRIN Animation,50.0,902,11
114926,Kandagawa JET GIRLS OVA,2020-01-24,OVA,FINISHED,1.0,22.0,Ecchi|Sports,TNK,51.0,3281,42
113864,Keishicho Tokumu-bu Tokushu Kyoaku-han Taisaku-Shitsu Dai-Nana-ka: Tokunana OVA File 0.5,2020-01-24,OVA,FINISHED,1.0,23.0,Action|Drama|Psychological,Anima&Co. ,55.0,1468,6
114448,Saint Seiya: Knights of the Zodiac Part 2,2020-01-23,ONA,FINISHED,6.0,23.0,Adventure|Fantasy|Sci-Fi,Toei Animation,53.0,1634,19
101634,BanG Dream! 3rd Season,2020-01-23,TV,FINISHED,13.0,24.0,Comedy|Music|Slice of Life,SANZIGEN,78.0,16540,563
137182,Citrus (Music),2020-01-22,MUSIC,FINISHED,1.0,6.0,,,50.0,212,0
120510,Gonfu Tu Yu Cai Bao Gou 2,2020-01-22,ONA,FINISHED,10.0,,Comedy,JJJoy Animation Studios,,50,1
108267,Tsugumomo OVA,2020-01-22,OVA,FINISHED,1.0,22.0,Action|Comedy|Ecchi|Supernatural,Zero-G,67.0,7527,91
123028,Wo de San Ti: Zhang Beihai Zhuan,2020-01-21,ONA,FINISHED,9.0,,Drama|Sci-Fi,,,81,4
114987,Re-raise,2020-01-20,MUSIC,FINISHED,1.0,4.0,,TROYCA,66.0,912,13
130246,Ano Yume wo Nazotte,2020-01-18,MUSIC,FINISHED,1.0,4.0,Romance,,72.0,1149,20
114121,Xian Wang De Richang Shenghuo,2020-01-18,ONA,FINISHED,15.0,18.0,Action|Adventure|Comedy|Fantasy,Haoliners Animation,73.0,140903,3041
101499,High School Fleet Movie,2020-01-18,MOVIE,FINISHED,1.0,105.0,Action|Comedy,A-1 Pictures,73.0,6998,125
139726,Shibing Shunliu: Bing Wang Zhengfeng,2020-01-17,MOVIE,FINISHED,1.0,83.0,Action|Drama,Global Digital Creations,,44,0
127797,27th,2020-01-17,MUSIC,FINISHED,1.0,4.0,,,50.0,198,0
122238,Kyokou Uranai,2020-01-17,ONA,FINISHED,12.0,1.0,Fantasy|Supernatural,,56.0,2841,22
121392,Xiao Cangshu Didi de  Chibo Richang,2020-01-17,ONA,FINISHED,119.0,1.0,Comedy,,,75,0
119662,QUI,2020-01-17,MUSIC,FINISHED,1.0,4.0,,,51.0,222,0
116978,PIANOMAN,2020-01-17,ONA,FINISHED,1.0,5.0,Music,Echoes,56.0,569,2
114959,Yaojing Zhongzhi Shouce,2020-01-17,ONA,FINISHED,14.0,15.0,Adventure|Comedy|Ecchi|Fantasy|Romance,Big Firebird Cultural Media,60.0,7251,111
114760,Mobile Suit Gakuen: Kaette Kita G-Reco Koushien,2020-01-17,SPECIAL,FINISHED,15.0,1.0,Comedy,,,314,0
114744,Marulk-chan no Nichijou,2020-01-17,SPECIAL,FINISHED,4.0,4.0,Slice of Life,Kinema Citrus,66.0,11328,71
100643,Made in Abyss: Fukaki Tamashii no Reimei,2020-01-17,MOVIE,FINISHED,1.0,105.0,Action|Adventure|Drama|Fantasy|Horror|Mystery|Psychological|Sci-Fi,Kinema Citrus,85.0,162154,5177
118077,Pachislot Eureka Seven 3,2020-01-16,ONA,FINISHED,3.0,5.0,Action|Mecha|Sci-Fi,,54.0,655,11
113932,Hakumei no Tsubasa,2020-01-15,ONA,FINISHED,7.0,6.0,Adventure|Drama|Fantasy|Slice of Life,Studio Colorido,74.0,12116,182
110178,Isekai Quartet 2,2020-01-15,TV_SHORT,FINISHED,12.0,12.0,Comedy|Fantasy|Slice of Life,Studio PuYUKAI,72.0,67737,691
107651,A3! SEASON SPRING ＆ SUMMER,2020-01-14,TV,FINISHED,12.0,24.0,Comedy|Drama,Studio 3Hz|P.A.WORKS,69.0,12289,227
110615,ARP Backstage Pass,2020-01-13,TV,FINISHED,10.0,24.0,Music,Dynamo Pictures,48.0,2520,13
105228,Dorohedoro,2020-01-13,TV,FINISHED,12.0,24.0,Action|Adventure|Comedy|Fantasy|Horror|Mystery,MAPPA,79.0,188994,8357
116060,Banzai RIZING!!!,2020-01-12,MUSIC,FINISHED,1.0,2.0,,,54.0,339,1
114558,Qing Chi Hong Xiaodou Ba! 3,2020-01-12,ONA,FINISHED,12.0,6.0,Comedy|Slice of Life,MAKING ANIMATION,,101,0
107201,Kyokou Suiri,2020-01-12,TV,FINISHED,12.0,24.0,Comedy|Mystery|Romance|Supernatural,Brain's Base,68.0,161246,2306
163696,Dongwu Tegong Ju,2020-01-11,MOVIE,FINISHED,1.0,,Adventure|Fantasy,,,50,0
115835,Wu Sheng Guan Gong,2020-01-11,MOVIE,FINISHED,1.0,91.0,Action,,,82,2
111944,Ongaku,2020-01-11,MOVIE,FINISHED,1.0,70.0,Comedy|Music|Slice of Life,ROCK'N ROLL MOUNTAIN,76.0,10015,353
111501,Runway de Waratte,2020-01-11,TV,FINISHED,12.0,25.0,Drama|Slice of Life,Ezo’la,73.0,40339,577
110613,Oda Cinnamon Nobunaga,2020-01-11,TV,FINISHED,12.0,24.0,Comedy|Slice of Life,Studio Signpost,59.0,6668,50
110495,Microphone Soul Spinners: Kotodama Shoujo,2020-01-11,ONA,FINISHED,24.0,9.0,Comedy|Music,,44.0,782,9
110270,Ishuzoku Reviewers,2020-01-11,TV,FINISHED,12.0,24.0,Comedy|Ecchi|Fantasy,Passione,72.0,108749,2813
107067,Rikei ga Koi ni Ochita no de Shoumei shitemita.,2020-01-11,ONA,FINISHED,12.0,24.0,Comedy|Romance,Zero-G,72.0,121412,1844
106625,Haikyuu!! TO THE TOP,2020-01-11,TV,FINISHED,13.0,24.0,Comedy|Drama|Sports,Production I.G,83.0,292290,7881
104936,Boku no Tonari ni Ankoku Hakaishin ga Imasu.,2020-01-11,TV,FINISHED,12.0,24.0,Comedy|Slice of Life,EMT Squared,62.0,21017,336
99807,22/7,2020-01-11,TV,FINISHED,12.0,24.0,Drama|Music,A-1 Pictures,64.0,19947,282
131729,Xi Yangyang Yu Hui Tailang: Qiqu Waixing Ke,2020-01-10,TV_SHORT,FINISHED,60.0,15.0,Adventure|Comedy,,,74,0
112480,KING OF PRISM ALL STARS: Prism Show☆Best Ten,2020-01-10,MOVIE,FINISHED,1.0,65.0,Music|Sports,Tatsunoko Production|ODDJOB,57.0,786,7
111790,Haikyuu!! Riku VS Kuu,2020-01-10,OVA,FINISHED,2.0,23.0,Comedy|Drama|Sports,Production I.G,79.0,125609,1893
109964,Uchitama?! Uchi no Tama Shirimasen ka?,2020-01-10,TV,FINISHED,11.0,23.0,Comedy|Slice of Life,MAPPA|Lapin Track,66.0,7958,105
108617,Somali to Mori no Kamisama,2020-01-10,TV,FINISHED,12.0,24.0,Adventure|Drama|Fantasy|Slice of Life,Satelight|HORNETS,76.0,97563,2311
108463,Jibaku Shounen Hanako-kun,2020-01-10,TV,FINISHED,12.0,24.0,Action|Comedy|Drama|Mystery|Supernatural,Lerche,78.0,237419,10997
107880,Kyochuu Rettou Movie,2020-01-10,MOVIE,FINISHED,1.0,76.0,Action|Drama|Ecchi|Horror|Mystery|Thriller,Passione,40.0,10183,84
104462,Toaru Kagaku no Railgun T,2020-01-10,TV,FINISHED,25.0,24.0,Action|Sci-Fi,J.C.STAFF,81.0,70674,2019
104391,Oshi ga Budoukan Ittekuretara Shinu,2020-01-10,TV,FINISHED,12.0,24.0,Comedy|Music|Slice of Life,8-bit,72.0,19480,396
128713,Shiny Smily Story,2020-01-09,MUSIC,FINISHED,1.0,3.0,,,69.0,1027,23
114113,Jieyao,2020-01-09,ONA,FINISHED,13.0,18.0,Action|Psychological|Slice of Life,Seven Stone Entertainment,68.0,5909,112
113470,SHOW BY ROCK!! Mashumairesh!!,2020-01-09,TV,FINISHED,12.0,24.0,Comedy|Music,Kinema Citrus|POLYGON PICTURES,69.0,6965,129
111951,Housekishou Richard-shi no Nazo Kantei,2020-01-09,TV,FINISHED,12.0,24.0,Drama|Mystery|Slice of Life,Shuka,69.0,21958,322
108450,Kuutei Dragons,2020-01-09,ONA,FINISHED,12.0,22.0,Action|Adventure|Fantasy,POLYGON PICTURES,67.0,16471,326
107420,Infinite Dendrogram,2020-01-09,TV,FINISHED,13.0,24.0,Action|Adventure|Fantasy,NAZ,59.0,58414,628
106863,Nekopara,2020-01-09,TV,FINISHED,12.0,23.0,Comedy|Ecchi|Slice of Life,Felix Film,64.0,58614,989
101168,Plunderer,2020-01-09,TV,FINISHED,24.0,23.0,Action|Adventure|Comedy|Drama|Ecchi|Fantasy|Romance,GEEKTOYS,63.0,140091,2482
98515,Hatena☆Illusion,2020-01-09,TV,FINISHED,12.0,24.0,Comedy|Romance|Supernatural,Children's Playground Entertainment,50.0,15322,117
116923,Eizouken Mini Anime,2020-01-08,ONA,FINISHED,12.0,2.0,Comedy,AQUA ARIS,51.0,1600,5
115516,Ruru-chan no Jisatsu Haishin,2020-01-08,MUSIC,FINISHED,1.0,4.0,,,75.0,2620,82
114557,Fei Ren Zai Part 2,2020-01-08,ONA,FINISHED,12.0,5.0,Comedy|Fantasy|Slice of Life|Supernatural,FENZ,63.0,552,4
113463,Hulaing Babies☆Petit,2020-01-08,TV_SHORT,FINISHED,12.0,1.0,Comedy|Slice of Life,Gaina,43.0,461,1
108628,number24,2020-01-08,TV,FINISHED,12.0,24.0,Sports,PRA,64.0,22034,271
106479,Itai no wa Iya nano de Bougyoryoku ni Kyokufuri Shitai to Omoimasu.,2020-01-08,TV,FINISHED,12.0,24.0,Action|Adventure|Comedy|Fantasy|Slice of Life,SILVER LINK.,73.0,180613,4725
119080,Arknights Anime PVs,2020-01-07,SPECIAL,RELEASING,,1.0,Action|Fantasy,Yostar Pictures|Shanghai Phantom Animation|Production Kai,71.0,2653,64
114656,LALALACOCO,2020-01-07,TV_SHORT,FINISHED,13.0,5.0,Comedy,Studio Comet,,130,0
113851,Breakers,2020-01-07,TV_SHORT,FINISHED,16.0,9.0,Sports,ALBACROW|Blaze Studio|studio CANDY BOX|l-a-unch・BOX,57.0,3912,16
113397,Natsunagu!,2020-01-07,TV_SHORT,FINISHED,12.0,4.0,Drama|Slice of Life,,56.0,9622,35
112293,Murenase! Seton Gakuen,2020-01-07,TV,FINISHED,12.0,24.0,Comedy|Ecchi|Romance,Studio Gokumi,67.0,57943,866
101367,Majutsushi Orphen Hagure Tabi,2020-01-07,TV,FINISHED,13.0,24.0,Action|Adventure|Fantasy,Studio DEEN,55.0,22766,183
114657,Marumaru Manul,2020-01-06,TV_SHORT,FINISHED,50.0,1.0,Comedy,Kachidoki Studio,,215,0
113417,Overflow,2020-01-06,ONA,FINISHED,8.0,7.0,Comedy|Hentai|Romance,Studio Houkiboshi,68.0,36920,1084
110350,ID: INVADED,2020-01-06,TV,FINISHED,13.0,25.0,Drama|Mystery|Psychological|Sci-Fi|Thriller,NAZ,77.0,126080,3161
109298,Eizouken ni wa Te wo Dasu na!,2020-01-06,TV,FINISHED,12.0,25.0,Adventure|Comedy|Slice of Life,Science SARU,80.0,115642,4268
104461,Heya Camp△,2020-01-06,TV_SHORT,FINISHED,12.0,3.0,Comedy|Slice of Life,C-Station,72.0,33647,241
101350,pet,2020-01-06,TV,FINISHED,13.0,24.0,Drama|Psychological|Supernatural,Geno Studio,60.0,32113,286
113469,Rebirth,2020-01-05,TV_SHORT,FINISHED,48.0,3.0,Comedy|Slice of Life,LIDENFILMS,49.0,1799,7
110090,Yatogame-chan Kansatsu Nikki Nisatsume,2020-01-05,TV_SHORT,FINISHED,12.0,4.0,Comedy|Slice of Life,Saetta|Creators in Pack,62.0,6189,35
104051,Magia Record: Mahou Shoujo Madoka☆Magica Gaiden,2020-01-05,TV,FINISHED,13.0,24.0,Drama|Mahou Shoujo|Mystery|Psychological|Thriller,Shaft,65.0,56570,637
114761,A-RA-SHI : Reborn,2020-01-04,MUSIC,FINISHED,1.0,4.0,Action|Adventure|Comedy,,56.0,834,5
114424,Koisuru Asteroid: KiraKira Zoukangou,2020-01-04,ONA,FINISHED,12.0,1.0,Comedy|Slice of Life,,55.0,1128,3
114417,Hentatsu (TV Short),2020-01-04,TV_SHORT,FINISHED,12.0,2.0,Adventure|Comedy,Yaoyorozu,49.0,2242,8
105190,Darwin's Game,2020-01-04,TV,FINISHED,11.0,24.0,Action|Mystery|Sci-Fi|Thriller,Nexus,70.0,173061,3139
108092,Koisuru Asteroid,2020-01-03,TV,FINISHED,12.0,24.0,Comedy|Slice of Life,Doga Kobo,67.0,37219,430
114562,Xue Ying Lingzhu: Qiyu Pian,2020-01-02,ONA,FINISHED,4.0,18.0,Action|Adventure|Fantasy|Romance,Mili Pictures,67.0,682,15
114841,Kidou Senshi Gundam G40,2020-01-01,ONA,FINISHED,1.0,11.0,Action|Mecha|Sci-Fi,GEMBA|A-1 Pictures,54.0,1958,6
114109,Dawang Bu Gaoxing,2020-01-01,ONA,FINISHED,12.0,7.0,Comedy|Fantasy|Supernatural,Haoliners Animation,56.0,1957,32
174791,Hotarubi no Migomori,,MOVIE,FINISHED,1.0,10.0,Psychological,,,162,0
169829,Nezumi to Prism,,MOVIE,FINISHED,1.0,3.0,Slice of Life,,,59,0
169762,Tara Ko wo Sawattara,,MOVIE,FINISHED,1.0,3.0,Psychological|Slice of Life,,,46,0
169761,Hikari no Hyoushou,,MOVIE,FINISHED,1.0,4.0,Psychological,,,49,0
169382,Empty Hands,,MOVIE,FINISHED,1.0,7.0,Slice of Life,,,51,0
169360,Strangers in the Alley,,MOVIE,FINISHED,1.0,3.0,Psychological|Slice of Life,,,53,0
169359,Ie no Mae ni Ookina Ki ga Aru,,MOVIE,FINISHED,1.0,6.0,Psychological|Slice of Life,,,44,0
169357,Watashi wa Motif,,MOVIE,FINISHED,1.0,8.0,Psychological,,,40,0
169320,Watashi-tachi no Ie,,MOVIE,FINISHED,1.0,5.0,Psychological|Slice of Life,,,44,0
169028,Ka Neko Yasu,,MOVIE,FINISHED,1.0,5.0,Psychological|Slice of Life,,,62,0
169027,A DOG,,MOVIE,FINISHED,1.0,5.0,Drama|Psychological|Supernatural,,,90,0
169025,Kame Sanpo,,MOVIE,FINISHED,1.0,3.0,Slice of Life,,,73,0
169024,Mimizu wo Hirottemita,,MOVIE,FINISHED,1.0,5.0,Slice of Life,,,40,0
169023,Grey Zone,,MOVIE,FINISHED,1.0,5.0,Horror,,,52,0
169018,While You Sleep,,MOVIE,FINISHED,1.0,4.0,Fantasy,,,38,0
168979,Tekkoujo,,MOVIE,FINISHED,1.0,4.0,Psychological|Slice of Life,,,76,0
168834,WOKE,,MOVIE,FINISHED,1.0,2.0,Music|Psychological,,,76,0
158644,espresso,,ONA,FINISHED,1.0,1.0,,,,77,0
155253,Tiantian Chengzhang Ji 4,,ONA,FINISHED,13.0,13.0,Slice of Life,Shangshui Original,,34,0
155252,Tiantian Chengzhang Ji 3,,ONA,FINISHED,13.0,13.0,Slice of Life,Shangshui Original,,36,0
155010,filz,,ONA,FINISHED,1.0,1.0,Slice of Life,,,73,0
154118,DINO!,,MOVIE,FINISHED,1.0,25.0,,,,60,0
154040,Ikiru Kabe,,MOVIE,FINISHED,1.0,6.0,,,,78,0
152182,Sai to Hanpuku to Coffee,,MOVIE,FINISHED,1.0,5.0,,,,49,0
151091,Ichigo Ame,,MOVIE,FINISHED,1.0,7.0,Drama|Psychological,,,122,0
150003,Monorail,,MOVIE,FINISHED,1.0,7.0,,,,35,0
149101,On Time Off Time,,MOVIE,FINISHED,1.0,9.0,,,,66,0
140599,Follow,,MOVIE,FINISHED,1.0,6.0,,,,73,0
140384,Mubi,,MOVIE,FINISHED,1.0,6.0,Psychological,,,77,0
140382,Yonde Yobarete,,MOVIE,FINISHED,1.0,2.0,,,,101,0
140378,POP UP TO YOU,,MOVIE,FINISHED,1.0,2.0,Music,,,104,0
120167,The Balloon Catcher,,MOVIE,FINISHED,1.0,6.0,,,,76,0
114389,Fate/strange Fake TVCM,2019-12-31,SPECIAL,FINISHED,1.0,1.0,Action|Fantasy,A-1 Pictures,64.0,6321,53
112625,Saiki Kusuo no Ψ-nan: Ψ-shidou-hen,2019-12-30,ONA,FINISHED,6.0,23.0,Comedy|Slice of Life|Supernatural,J.C.STAFF|EGG FIRM,81.0,97708,1438
114561,Zhen Hun Jie 2,2019-12-28,ONA,FINISHED,5.0,23.0,Action|Adventure|Drama|Supernatural,L² Studio,66.0,2668,45
115877,Jintian Kaishi Zuo Mingxing,2019-12-27,ONA,FINISHED,13.0,24.0,Comedy|Music|Slice of Life,ASK Animation Studio,64.0,1643,32
113907,Jian Wang 3: Xia Gan Yi Dan Shen Jianxin 2,2019-12-27,ONA,FINISHED,12.0,20.0,Action|Adventure|Fantasy,Shengying Animation,55.0,364,6
113472,Youkai Watch Jam: Youkai Gakuen Y - N to no Souguu,2019-12-27,TV,FINISHED,63.0,24.0,Comedy|Fantasy|Supernatural,OLM,61.0,1104,14
112356,Kiss Hug,2019-12-27,OVA,FINISHED,2.0,20.0,Hentai,Queen Bee,64.0,3660,89
112190,Nozoki Kanojo,2019-12-27,OVA,FINISHED,4.0,25.0,Hentai,Nur,55.0,2013,46
110131,Shinkansen Henkei Robo Shinkalion: Mirai kara Kita Shinsoku no ALFA-X,2019-12-27,MOVIE,FINISHED,1.0,79.0,Action|Mecha|Sci-Fi,OLM|SynergySP,59.0,907,13
109638,Haishin Yuusha,2019-12-27,ONA,FINISHED,12.0,2.0,Comedy|Fantasy,Acca effe,,423,4
104038,Valkyrie Hazard,2019-12-27,OVA,FINISHED,1.0,20.0,Hentai,Fancy Realize Media,46.0,851,11
112472,Kono Yo no Hate de Koi wo Utau Shoujo YU-NO: Mugen no Heiretsu Sekai,2019-12-26,OVA,FINISHED,1.0,14.0,Action|Adventure|Drama|Sci-Fi,feel.,62.0,4304,69
139012,SQUEEZE,2019-12-25,MUSIC,FINISHED,1.0,4.0,Comedy,,,58,0
124662,Kirameki Inokori Daisensou,2019-12-25,MUSIC,FINISHED,1.0,5.0,,Akatsuki,65.0,527,9
111729,Arifureta Shokugyou de Sekai Saikyou Specials,2019-12-25,SPECIAL,FINISHED,2.0,9.0,Action|Adventure|Fantasy,,65.0,26060,365
116138,Ling Jian Zun 3,2019-12-24,ONA,FINISHED,40.0,10.0,Action|Fantasy|Romance,Soyep,64.0,857,14
113863,Gaina Tamager,2019-12-24,ONA,RELEASING,,4.0,Sci-Fi,,,198,1
129050,Poka Poka no Hoshi,2019-12-21,MUSIC,FINISHED,1.0,4.0,,Studio Gohan,56.0,317,8
116996,Xiagu Zhong An Zu 4th Season,2019-12-20,ONA,FINISHED,12.0,12.0,Fantasy,,,37,0
112233,Boku to Joi no Shinsatsu Nisshi The Animation,2019-12-20,OVA,FINISHED,1.0,24.0,Hentai,Studio 1st,67.0,3450,124
112135,Kono Sekai no (Sara ni Ikutsumono) Katasumi ni,2019-12-20,MOVIE,FINISHED,1.0,168.0,Drama|Slice of Life,MAPPA,80.0,6212,146
108553,Boku no Hero Academia THE MOVIE: Heroes:Rising,2019-12-20,MOVIE,FINISHED,1.0,104.0,Action|Sci-Fi,bones,79.0,173843,3457
104868,Wu Geng Ji 3,2019-12-20,ONA,FINISHED,42.0,16.0,Action|Fantasy|Supernatural,Sparkly Key Animation,67.0,750,22
206855,Sinbi Apateu: Haneuldokkaebi Dae Yoleumungandeu,2019-12-19,MOVIE,FINISHED,1.0,97.0,Mystery|Supernatural,Studio BAZOOKA,,48,1
128215,from North Field,2019-12-19,ONA,FINISHED,2.0,13.0,Slice of Life,Telecom Animation Film,,166,2
114765,Saezuru Doubutsu wa Yarushikanai!,2019-12-19,ONA,FINISHED,30.0,1.0,Comedy,AQUA ARIS,57.0,514,10
154175,Tsugu Tsugumomo Mini Anime,2019-12-16,ONA,FINISHED,59.0,1.0,Comedy,AQUA ARIS,49.0,579,7
121388,Zhandou Wang: Jufeng Zhan Hun 5 - Heit Fan Wai Pian,2019-12-16,TV_SHORT,FINISHED,10.0,13.0,Action,,,96,2
114922,Bang!Bang!Bang!,2019-12-16,MUSIC,FINISHED,1.0,3.0,,ufotable,64.0,1055,11
114434,Mr.AFFECTiON,2019-12-16,MUSIC,FINISHED,1.0,4.0,,Orange,65.0,848,4
119922,Qiang Shen Ji: Xuezu Mishi Pian,2019-12-15,ONA,FINISHED,12.0,20.0,Action|Sci-Fi,,,160,5
116620,Ni Zai Xingguang Shenchu,2019-12-15,ONA,FINISHED,12.0,19.0,Action|Drama|Mystery|Sci-Fi,Wawayu Animation,48.0,589,9
122736,Inori wa Karappo,2019-12-13,MUSIC,FINISHED,1.0,4.0,Psychological,,55.0,289,2
113273,Youkai Watch: Youkai Gakuen Y - Neko wa HERO ni Nareru ka,2019-12-13,MOVIE,FINISHED,1.0,99.0,Comedy|Fantasy|Supernatural,OLM,54.0,740,8
101610,Bokura no Nanokakan Sensou,2019-12-13,MOVIE,FINISHED,1.0,88.0,Action|Comedy|Drama|Thriller,Ajiado,64.0,12269,122
114915,Aisu,2019-12-11,MUSIC,FINISHED,1.0,4.0,Comedy,,44.0,166,2
113924,Nande Koko ni Sensei ga!? Special,2019-12-11,SPECIAL,FINISHED,1.0,12.0,Comedy|Ecchi|Romance,Tear-Studio,66.0,26024,360
139040,Sagashimono (ONA),2019-12-10,ONA,FINISHED,1.0,2.0,Fantasy|Music,Orange,47.0,173,1
145283,Vanilla,2019-12-09,MUSIC,FINISHED,1.0,3.0,Music,,49.0,126,2
119529,Shinkai no Niji,2019-12-08,MOVIE,FINISHED,1.0,11.0,,,,83,0
129544,Toutiao Dou Shi Ta,2019-12-06,ONA,FINISHED,26.0,2.0,Comedy,,,95,0
110413,Lupin III: THE FIRST,2019-12-06,MOVIE,FINISHED,1.0,93.0,Action|Adventure|Mystery,TMS Entertainment|Marza Animation Planet,77.0,14463,364
117408,Code Geass: Fukkatsu no Lelouch Picture Drama,2019-12-05,SPECIAL,FINISHED,2.0,9.0,Comedy,Sunrise,63.0,4176,25
113348,Senki Zesshou Symphogear XV: Senki Zesshou Shinai Symphogear,2019-12-04,SPECIAL,FINISHED,4.0,7.0,Action|Comedy|Mahou Shoujo|Music|Sci-Fi|Slice of Life,,70.0,3098,27
140370,Doggie Corgi 2,2019-12-03,ONA,FINISHED,16.0,1.0,Slice of Life,Studio Goindol,,81,1
113668,"Attakai tte, go Houbi da.",2019-12-03,ONA,FINISHED,1.0,1.0,Music,G-angle,55.0,902,7
111964,OBSOLETE,2019-12-03,ONA,FINISHED,6.0,13.0,Mecha|Sci-Fi,Buemon,55.0,3698,35
178645,Udon Pan,2019-12-02,MUSIC,FINISHED,1.0,2.0,,,,34,0
178644,Ameagari,2019-12-02,MUSIC,FINISHED,1.0,2.0,,,,38,0
126263,Togemeku Spica,,MUSIC,FINISHED,1.0,5.0,,Kamikaze Douga,,121,0
138953,Mukashi Keiba Nashi,2019-11-30,TV_SHORT,FINISHED,4.0,5.0,Comedy|Fantasy|Sports,,,103,0
126876,Santa Company: Christmas no Himitsu,2019-11-29,MOVIE,FINISHED,1.0,65.0,Fantasy,Asahi Production,47.0,516,1
112658,Lupin III: Prison of the Past,2019-11-29,SPECIAL,FINISHED,1.0,92.0,Action|Adventure,TMS Entertainment,67.0,2472,13
111656,"Hitozuma, Mitsu to Niku",2019-11-29,OVA,FINISHED,4.0,20.0,Hentai,Queen Bee,58.0,1900,70
111320,Love x Holic: Miwaku no Otome to Hakudaku Kankei The Animation,2019-11-29,OVA,FINISHED,2.0,19.0,Hentai,Seven,68.0,2905,82
111319,Aibeya THE ANIMATION,2019-11-29,OVA,FINISHED,1.0,28.0,Hentai,Seven,68.0,4992,162
105596,Gundam: G no Reconguista I - Ike! Core Fighter,2019-11-29,MOVIE,FINISHED,1.0,96.0,Action|Mecha|Sci-Fi,Sunrise,66.0,2565,23
108598,Levius,2019-11-28,ONA,FINISHED,12.0,25.0,Drama|Sci-Fi|Sports,POLYGON PICTURES,67.0,8049,79
138103,Dumbbell Nan Kilo Moteru?: Silverman Gym Oni Tore Kouza,2019-11-27,SPECIAL,FINISHED,2.0,18.0,Comedy|Ecchi|Slice of Life|Sports,Doga Kobo,62.0,5669,70
121035,Saga Jihen,2019-11-27,MUSIC,FINISHED,1.0,6.0,,MAPPA,68.0,2054,20
154532,Seijuu Kirin Creative Relay,2019-11-26,ONA,FINISHED,4.0,1.0,,,,60,0
124965,Eoneu Nal Jameseo Kkaeeoboni Bagelyeoga Doeeo Isseotda,2019-11-25,TV_SHORT,FINISHED,15.0,14.0,Comedy|Drama|Ecchi|Mystery|Romance|Supernatural,Studio Animal,57.0,4775,82
129347,Douluo Dalu: Haotian Yang Wei,2019-11-23,ONA,FINISHED,13.0,20.0,Action|Adventure|Fantasy|Romance|Supernatural,Sparkly Key Animation,78.0,2201,75
104979,Iya na Kao sare nagara Opantsu Misete Moraitai 2,2019-11-23,ONA,FINISHED,6.0,5.0,Ecchi,UWAN Pictures,55.0,15106,186
115499,otogi theater,2019-11-22,MUSIC,FINISHED,1.0,2.0,,,53.0,300,1
113722,Huyao Xiao Hongniang: Wei Sheng,2019-11-22,ONA,FINISHED,10.0,19.0,Adventure|Comedy|Fantasy|Romance|Supernatural,Haoliners Animation|GARDEN,62.0,961,10
109639,Kyouryuu Shoujo Gauko,2019-11-22,ONA,FINISHED,20.0,9.0,Comedy|Slice of Life,Ascension,58.0,976,17
108487,Fragtime,2019-11-22,MOVIE,FINISHED,1.0,60.0,Drama|Romance|Slice of Life|Supernatural,Tear-Studio,64.0,23833,280
118202,Mu Wang Zhi Wang: You Du Zhan,2019-11-21,ONA,FINISHED,26.0,,Action|Romance,Build Dream,,150,6
119591,Gravity (Vertical Video),2019-11-20,MUSIC,FINISHED,1.0,4.0,Psychological,,51.0,174,0
131992,Long Xin Shaonü: Zhuiluo,2019-11-18,ONA,FINISHED,1.0,2.0,Action|Fantasy,Studio Tumble,,195,2
126832,Ling Long Middle Chapter,2019-11-17,ONA,FINISHED,1.0,47.0,Action|Drama|Horror|Mecha|Mystery|Sci-Fi|Thriller,YHKT Entertainment,70.0,1104,29
112153,Pocket Monsters (2019),2019-11-17,TV,FINISHED,136.0,24.0,Action|Adventure|Comedy|Fantasy,OLM,73.0,36404,995
126914,Yoru ni Kakeru,2019-11-16,MUSIC,FINISHED,1.0,5.0,Romance,,81.0,6869,149
146859,DUEL MASTERS PLAY'S: Sekai-kan Movie,2019-11-15,ONA,FINISHED,1.0,2.0,,WIT STUDIO,,144,3
138412,Kagome,2019-11-15,MUSIC,FINISHED,1.0,4.0,,,,119,1
113828,Kyokou Suiri Mini Anime,2019-11-15,ONA,FINISHED,38.0,1.0,Comedy,AQUA ARIS,54.0,2540,21
113654,Bakutsuri Hunters,2019-11-15,ONA,FINISHED,1.0,3.0,Action|Adventure|Comedy,Toei Animation|Studio Gallop,,113,1
113655,Shiohi Girls Vongole Bianco,2019-11-13,ONA,FINISHED,48.0,2.0,Slice of Life,,47.0,422,0
113221,THE IDOLM@STER CINDERELLA GIRLS: Spin-off!,2019-11-10,ONA,FINISHED,1.0,6.0,Action,Orange,57.0,1300,7
123394,Zhong Jia Ji Shen: Shen Jianglin,2019-11-08,MOVIE,FINISHED,1.0,110.0,Action|Mecha|Sci-Fi,One Punch,,156,4
112308,Soukyuu no Fafner: Dead Aggressor - THE BEYOND Part 2,2019-11-08,MOVIE,FINISHED,3.0,24.0,Drama|Mecha|Sci-Fi,Xebec Zwei|I.G Zwei,70.0,1876,14
111905,Sumikko Gurashi Movie: Tobidasu Ehon to Himitsu no Ko,2019-11-08,MOVIE,FINISHED,1.0,65.0,Comedy,Fanworks,62.0,932,11
110336,Lovely ♡,2019-11-08,OVA,FINISHED,2.0,15.0,Hentai,NewGeneration,68.0,5109,155
129546,Jingjing Lai Ledao 2,2019-11-05,ONA,FINISHED,6.0,2.0,Comedy,,,32,0
116328,Runway de Waratte Mini,2019-11-05,ONA,FINISHED,42.0,1.0,Comedy,AQUA ARIS,47.0,840,5
114604,Nizhuan Ciyuan: AI Jueqi,2019-11-05,ONA,FINISHED,12.0,20.0,Action|Fantasy|Sci-Fi,Cloud Art|Rastar,52.0,313,5
177434,Captain Tsubasa (2018) Special,2019-11-03,SPECIAL,FINISHED,1.0,3.0,Sports,,51.0,269,2
112010,Baja no Studio: Baja no Mita Umi,2019-11-03,OVA,FINISHED,1.0,28.0,Adventure|Fantasy,Kyoto Animation,67.0,1476,8
127105,START,2019-11-02,SPECIAL,FINISHED,1.0,5.0,Slice of Life,l-a-unch・BOX,44.0,352,1
113308,Kinen Satsuei,2019-11-02,MUSIC,FINISHED,1.0,5.0,Drama,Shaft,76.0,3684,75
110347,Kutsujoku,2019-11-01,OVA,FINISHED,2.0,16.0,Hentai,Bunny Walker,64.0,3281,100
109492,Bokutachi wa Benkyou ga Dekinai OVAs,2019-11-01,OVA,FINISHED,2.0,25.0,Comedy|Ecchi|Romance|Slice of Life,Studio Silver|Arvo Animation,71.0,23947,315
111048,Kengan Ashura Part 2,2019-10-31,ONA,FINISHED,12.0,25.0,Action|Sports,Larx Entertainment,76.0,32603,638
119422,"KOKORO Magic ""A to Z""",2019-10-30,MUSIC,FINISHED,1.0,5.0,,,67.0,1497,6
112031,Toaru Kagaku no Accelerator: Tobidase Ippou-san Hachamecha Kaishingeki,2019-10-30,SPECIAL,FINISHED,1.0,8.0,Supernatural,J.C.STAFF,63.0,4764,44
139325,"Dear. Mr ""F""",2019-10-29,MUSIC,FINISHED,1.0,5.0,,,57.0,303,2
119949,Mawangui Ttal Ireesha,2019-10-26,MOVIE,FINISHED,1.0,88.0,Adventure|Fantasy|Romance,,,110,1
108581,Hi Score Girl II,2019-10-26,TV,FINISHED,9.0,24.0,Comedy|Drama|Romance,J.C.STAFF|Shogakukan Music & Digital Entertainment,78.0,37963,986
100675,Saenai Heroine no Sodatekata Fine,2019-10-26,MOVIE,FINISHED,1.0,114.0,Comedy|Romance|Slice of Life,CloverWorks,83.0,58841,2179
188054,Spookiz: Bimilgwaoe,2019-10-25,MOVIE,FINISHED,1.0,89.0,Comedy|Supernatural,Keyring,,31,0
123115,Zhuzhu Xia: Jingsu Xiao Yingxiong,2019-10-25,TV_SHORT,FINISHED,104.0,15.0,Sci-Fi,WinSing Animation,,68,0
114317,Thunderbolt Fantasy: Seiyuu Genka,2019-10-25,MOVIE,FINISHED,1.0,90.0,Action|Drama|Fantasy|Music,Pili International Multimedia,80.0,1750,79
111290,Kimi dake ni Motetainda.,2019-10-25,MOVIE,FINISHED,1.0,54.0,Drama|Music|Romance,Signal.MD,48.0,3393,20
110730,Shigokare: Ecchi na Joshi Daisei to Doki x2 Love Lesson!! THE ANIMATION,2019-10-25,OVA,FINISHED,1.0,27.0,Hentai,Shion,62.0,2721,75
108945,One Punch Man 2 OVA,2019-10-25,OVA,FINISHED,6.0,12.0,Action|Comedy|Sci-Fi|Supernatural,J.C.STAFF,72.0,44202,436
116222,Ninja Box 2nd Season,2019-10-24,ONA,FINISHED,16.0,15.0,Action|Adventure|Comedy|Fantasy,Tatsunoko Production,,92,0
114559,Si Hai Jing Qi 2,2019-10-24,ONA,FINISHED,24.0,14.0,Action|Adventure|Fantasy|Mystery,CHOSEN|Daysview Animation,,181,2
108307,PSYCHO-PASS 3,2019-10-24,TV,FINISHED,8.0,45.0,Action|Psychological|Sci-Fi|Thriller,Production I.G,73.0,73274,770
113290,Wu Liuqi: Zui Qiang Faxingshi,2019-10-23,ONA,FINISHED,10.0,15.0,Action|Comedy|Drama|Mystery|Supernatural,Sharefun Studio,81.0,31302,894
112454,Ano Hi no Kokoro wo Toraete,2019-10-23,ONA,FINISHED,1.0,7.0,Romance|Slice of Life,Sunrise,54.0,1228,2
101215,Chihayafuru 3,2019-10-23,TV,FINISHED,24.0,23.0,Drama|Romance|Slice of Life|Sports,MADHOUSE,85.0,44987,1765
108626,HUMAN LOST,2019-10-22,MOVIE,FINISHED,1.0,110.0,Action|Sci-Fi,POLYGON PICTURES,54.0,7470,64
113419,Wan Jie Xian Zong 3,2019-10-21,ONA,FINISHED,48.0,7.0,Action|Adventure|Fantasy|Romance,Ruo Hong Culture,67.0,755,12
142044,Ye Che,2019-10-20,MOVIE,FINISHED,1.0,19.0,Horror,,,138,0
109737,Star☆Twinkle Precure: Hoshi no Uta ni Omoi wo Komete,2019-10-19,MOVIE,FINISHED,1.0,71.0,Mahou Shoujo,Toei Animation,79.0,2882,97
129688,Benghuai 3: Bronya,2019-10-18,ONA,FINISHED,1.0,3.0,Action|Sci-Fi,miHoYo Anime,68.0,909,11
126870,Haze Haseru Hateru Made,2019-10-18,MUSIC,FINISHED,1.0,4.0,,,62.0,466,9
124027,"Jikai Yokoku ""No Guns Life""",2019-10-16,ONA,FINISHED,23.0,1.0,,AQUA ARIS,,228,6
112793,Ultimate Senpai,2019-10-16,MUSIC,FINISHED,1.0,4.0,,,59.0,302,7
107993,SUPER SHIRO,2019-10-14,TV_SHORT,FINISHED,48.0,6.0,Comedy,Science SARU,54.0,1460,5
111400,Tenka Hyakken: Meiji-kan e Youkoso!,2019-10-13,TV_SHORT,FINISHED,12.0,3.0,Comedy|Fantasy|Slice of Life|Supernatural,LIDENFILMS,45.0,3255,37
108759,Sword Art Online: Alicization - War of Underworld,2019-10-13,TV,FINISHED,12.0,24.0,Action|Adventure|Drama|Fantasy|Sci-Fi,A-1 Pictures,75.0,220215,5001
104679,Rifle Is Beautiful,2019-10-13,TV,FINISHED,12.0,24.0,Comedy|Slice of Life|Sports,Studio 3Hz,57.0,13889,81
109963,Shokugeki no Souma: Shin no Sara,2019-10-12,TV,FINISHED,12.0,24.0,Comedy|Ecchi,J.C.STAFF,76.0,175677,2775
107666,Shin Chuuka Ichiban!,2019-10-12,TV,FINISHED,12.0,24.0,Comedy,NAS|Production I.G,60.0,4321,40
104276,Boku no Hero Academia 4,2019-10-12,TV,FINISHED,25.0,24.0,Action|Adventure|Comedy|Drama|Sci-Fi,bones,79.0,529271,12163
103638,Kabukichou Sherlock,2019-10-12,TV,FINISHED,24.0,24.0,Comedy|Drama|Mystery|Psychological,Production I.G,64.0,25532,380
140391,Princess♂,2019-10-11,MUSIC,FINISHED,1.0,3.0,,,63.0,398,7
118858,CULT,2019-10-11,MUSIC,FINISHED,1.0,3.0,,,52.0,220,1
112455,Sora no Method: Mou Hitotsu no Negai,2019-10-11,ONA,FINISHED,1.0,30.0,Comedy|Fantasy|Slice of Life,,68.0,2085,20
108577,Sora no Aosa wo Shiru Hito yo,2019-10-11,MOVIE,FINISHED,1.0,108.0,Drama|Music|Romance|Slice of Life|Supernatural,CloverWorks,73.0,48741,698
108478,No Guns Life,2019-10-11,TV,FINISHED,12.0,24.0,Action|Drama|Sci-Fi,MADHOUSE,66.0,60150,730
104052,Hoshiai no Sora,2019-10-11,TV,FINISHED,12.0,24.0,Drama|Slice of Life|Sports,8-bit,76.0,79452,2627
126760,Gudetama Tango,2019-10-10,MUSIC,FINISHED,1.0,2.0,,,,139,1
124430,HUMAN LOST (Music),2019-10-10,MUSIC,FINISHED,1.0,3.0,,POLYGON PICTURES,47.0,204,0
112381,raison d'etre,2019-10-10,MUSIC,FINISHED,1.0,4.0,Action,ENISHIYA,75.0,4229,78
110786,Gundam Build Divers Re:RISE,2019-10-10,ONA,FINISHED,13.0,25.0,Action|Mecha|Sci-Fi,Sunrise Beyond,68.0,6309,135
109616,Mugen no Juunin: IMMORTAL,2019-10-10,ONA,FINISHED,24.0,24.0,Action|Adventure|Supernatural,LIDENFILMS,70.0,26849,491
107660,BEASTARS,2019-10-10,TV,FINISHED,12.0,23.0,Drama|Mystery|Psychological|Romance|Slice of Life,Orange,77.0,257209,8230
104722,Assassins Pride,2019-10-10,TV,FINISHED,12.0,24.0,Action|Comedy|Drama|Fantasy|Mystery|Romance,EMT Squared,57.0,110765,1444
177229,Ponkotsu Quest: Maou to Haken no Mamono-tachi Season 6,2019-10-09,ONA,FINISHED,12.0,4.0,Adventure|Comedy|Fantasy,,,51,0
108928,Nanatsu no Taizai: Kamigami no Gekirin,2019-10-09,TV,FINISHED,24.0,24.0,Action|Adventure|Comedy|Ecchi|Fantasy|Supernatural,Studio DEEN|Marvy Jack,63.0,201730,2572
131763,Konna Koto Soudou,2019-10-08,MUSIC,FINISHED,1.0,5.0,Psychological|Supernatural,,60.0,452,1
131741,Eily wa Ou-sama!,2019-10-08,TV_SHORT,FINISHED,10.0,4.0,Comedy,,,213,1
110810,Kandagawa JET GIRLS,2019-10-08,TV,FINISHED,12.0,24.0,Ecchi|Sports,TNK,53.0,16258,160
100246,Z/X: Code reunion,2019-10-08,TV,FINISHED,12.0,24.0,Adventure|Fantasy|Sci-Fi,Passione,55.0,5013,57
136854,Kaitai Shita Inu no Blues,2019-10-07,MUSIC,FINISHED,1.0,5.0,,,48.0,134,0
124014,No Guns Life Mini,2019-10-07,ONA,FINISHED,11.0,1.0,,AQUA ARIS,,260,3
116998,Menghuan Shuyuan 2,2019-10-07,ONA,FINISHED,14.0,2.0,Comedy|Fantasy,Painting Dream,,70,0
111001,XL Joushi.,2019-10-07,ONA,FINISHED,8.0,7.0,Comedy|Hentai|Romance,Magic Bus,57.0,7694,98
110867,Africa no Salaryman (TV),2019-10-07,TV,FINISHED,12.0,24.0,Comedy|Slice of Life,Hot Zipang ,59.0,9431,75
109562,Fairy Gone 2,2019-10-07,TV,FINISHED,12.0,24.0,Action|Adventure|Drama|Fantasy|Supernatural,P.A.WORKS,60.0,13998,112
108358,PHANTASY STAR ONLINE 2: EPISODE ORACLE,2019-10-07,TV,FINISHED,25.0,24.0,Action|Sci-Fi,GONZO,61.0,7934,108
104158,Stand My Heroes: PIECE OF TRUTH,2019-10-07,TV,FINISHED,12.0,24.0,Action|Drama|Mystery|Psychological,M.S.C,50.0,8393,84
101349,Babylon,2019-10-07,TV,FINISHED,12.0,23.0,Drama|Mystery|Psychological|Thriller,REVOROOT,64.0,53761,747
101227,"Watashi, Nouryoku wa Heikinchi de tte Itta yo ne!",2019-10-07,TV,FINISHED,12.0,24.0,Action|Adventure|Comedy|Fantasy,project No.9,66.0,68733,944
129815,Ousu no Buu-chan,2019-10-06,SPECIAL,FINISHED,3.0,8.0,Comedy|Fantasy,Cyclone Graphics,,233,1
111728,Taeko no Nichijou,2019-10-06,TV_SHORT,FINISHED,26.0,5.0,Comedy|Slice of Life,DLE,,265,0
110229,Bokutachi wa Benkyou ga Dekinai!,2019-10-06,TV,FINISHED,13.0,24.0,Comedy|Ecchi|Romance|Slice of Life,Studio Silver|Arvo Animation,72.0,83273,1268
108891,Kono Oto Tomare! 2,2019-10-06,TV,FINISHED,13.0,24.0,Drama|Music|Romance|Slice of Life,Platinum Vision,83.0,53779,1800
108554,Keishicho Tokumu-bu Tokushu Kyoaku-han Taisaku-Shitsu Dai-Nana-ka: Tokunana,2019-10-06,TV,FINISHED,12.0,24.0,Action|Drama|Mystery|Psychological,Anima&Co. |NAZ,56.0,14000,73
105246,ACTORS: Songs Connection,2019-10-06,TV,FINISHED,12.0,24.0,Comedy|Music|Mystery|Slice of Life,Drive,57.0,6563,75
111082,Aikatsu on Parade!,2019-10-05,TV,FINISHED,25.0,24.0,Music|Slice of Life,Bandai Namco Pictures,70.0,3344,58
109321,Val x Love,2019-10-05,TV,FINISHED,12.0,24.0,Comedy|Ecchi|Romance|Supernatural,Hoods Entertainment,54.0,30474,410
107693,Mairimashita! Iruma-kun,2019-10-05,TV,FINISHED,23.0,25.0,Comedy|Fantasy,Bandai Namco Pictures,77.0,166960,5629
107346,GRANBLUE FANTASY The Animation Season 2,2019-10-05,TV,FINISHED,12.0,24.0,Adventure|Fantasy,MAPPA,66.0,19332,203
103275,Fate/Grand Order: Zettai Majuu Sensen Babylonia,2019-10-05,TV,FINISHED,21.0,24.0,Action|Adventure|Fantasy|Supernatural,CloverWorks,78.0,83464,2336
101317,BLACKFOX,2019-10-05,MOVIE,FINISHED,1.0,90.0,Action|Sci-Fi,Studio 3Hz,64.0,31110,309
112732,Strike Witches: 501 Butai Hasshin Shimasu! Movie,2019-10-04,MOVIE,FINISHED,1.0,32.0,Sci-Fi,Acca effe|Giga Production,63.0,2686,29
110789,Null Peta,2019-10-04,ONA,FINISHED,12.0,6.0,Comedy|Sci-Fi|Slice of Life,Shin-Ei Animation,62.0,10028,86
110788,Zoids Wild ZERO,2019-10-04,TV,FINISHED,50.0,24.0,Action|Adventure|Comedy|Mecha|Sci-Fi,OLM,66.0,1653,29
109089,Chuubyou Gekihatsu Boy (TV),2019-10-04,TV,FINISHED,11.0,24.0,Comedy|Slice of Life,Studio DEEN,63.0,14661,176
187054,Sylvanian Families: Mini Story Clover,2019-10-03,TV_SHORT,FINISHED,12.0,3.0,Slice of Life,Shogakukan Music & Digital Entertainment,,36,0
154006,Curry Meshi × Zombie Land Saga,2019-10-03,ONA,FINISHED,1.0,1.0,Comedy|Music|Supernatural,,54.0,1260,3
114234,Egg Car,2019-10-03,TV_SHORT,FINISHED,52.0,11.0,Adventure|Comedy|Fantasy,Children's Playground Creative|Cheer Digiart,,154,2
