anime_id,genero_id
200929,4
200929,12
212539,4
212539,13
212539,15
213457,4
213457,13
213457,15
213457,19
206163,10
206163,15
143103,1
143103,4
143103,6
204561,9
157330,1
157330,10
157330,15
214536,1
214536,2
214536,6
203275,1
203275,2
203275,6
178972,1
178972,3
178972,4
178972,15
178972,16
178972,18
214443,7
160275,2
160275,4
160275,6
160275,8
160275,12
160275,15
195539,1
195539,4
195539,15
199340,4
199340,13
199340,14
199340,18
197543,4
197543,11
186742,1
186742,15
212503,1
212503,2
212503,6
207327,12
207327,14
205909,4
205909,14
202390,1
202390,17
211778,1
211778,3
211778,6
178868,2
178868,6
178868,9
178868,10
206949,6
200294,3
200294,16
160803,1
160803,6
160803,9
160803,19
209463,2
209463,6
209463,14
209872,1
209872,3
209872,14
209499,1
209499,15
202079,3
202079,16
191788,17
191656,3
191656,16
189123,14
189123,16
189123,17
214968,6
212799,3
212799,6
212799,14
209562,1
209562,10
178083,1
178083,4
178083,14
178083,18
212888,1
212888,2
212888,3
212888,6
212144,6
212144,14
195516,4
195516,12
213805,3
213805,4
213805,14
213805,16
159042,1
159042,2
159042,6
213732,7
213686,7
210482,1
210482,2
210482,4
210482,12
210482,18
202429,4
213067,7
198654,9
213066,7
194116,4
194116,11
194116,16
214703,3
214703,6
204431,16
213733,7
212575,7
212574,6
212574,7
205068,3
205068,14
205068,16
133007,9
215878,8
212652,10
206189,1
206189,2
206189,6
176373,18
154122,1
154122,14
154122,15
215522,1
215522,6
215522,8
191832,4
191832,12
191832,18
191832,19
215761,2
215761,6
215761,16
214892,1
214892,6
211308,1
211308,6
211308,9
214855,3
214829,6
214829,14
213958,2
213958,6
213958,9
213847,1
213847,2
213847,15
213486,3
213486,6
213486,16
211711,6
211711,11
211711,16
166444,14
166444,16
214702,1
214702,6
141953,1
141953,12
141953,13
213908,16
212617,7
212272,3
212272,7
212272,14
211338,7
208829,1
208829,2
208829,3
215526,1
215526,2
215526,6
211220,2
206273,1
206273,6
185874,1
185874,2
185874,18
214426,1
214426,6
202717,3
202717,16
199409,1
199409,3
199409,6
206282,1
206282,2
206282,6
214070,1
214070,15
214068,4
214068,6
214067,1
214067,3
214067,15
196223,1
196223,2
196223,15
194029,6
215639,2
215639,3
215639,6
214260,1
214260,2
214260,6
214259,1
214259,2
214259,3
214259,6
214259,14
206819,14
182616,1
182616,2
212969,1
212969,6
213359,8
213359,18
214031,3
214031,16
214031,18
199066,3
199066,14
199066,18
188139,4
188139,14
213750,2
213750,3
213750,6
213750,16
213638,1
213638,3
209961,1
209961,4
209961,12
209961,19
208754,1
208754,2
196187,3
196187,14
196187,16
213961,3
213961,6
207254,2
207254,4
207254,15
184356,1
184356,2
184356,6
108992,1
108992,18
213703,6
213703,15
213666,4
213666,14
211232,6
207809,1
207809,2
207809,4
207809,6
207809,14
198946,1
198946,4
198946,6
198709,1
198709,4
198709,6
198709,14
196356,3
196356,16
194829,1
194829,2
194829,3
194829,6
159309,1
159309,6
159309,10
159309,14
135865,1
135865,6
213665,6
213665,14
209800,1
209800,2
209800,15
199111,3
199111,16
199111,17
187260,4
187260,6
187260,14
177699,1
177699,13
177699,15
128757,4
213506,3
209504,1
209504,2
209504,3
209504,6
208685,7
202269,4
202269,14
199408,4
199408,6
195833,3
195833,17
177637,4
177637,6
177637,14
169583,3
169583,14
169582,1
169582,3
169582,4
169582,6
169582,14
169080,5
169080,16
213097,16
210031,3
210031,4
210031,14
210031,16
208225,6
208225,14
205116,3
204060,1
204060,3
201514,3
201514,14
200637,3
200637,5
200637,14
200230,3
200230,8
200230,18
198409,1
198409,2
198409,6
197178,1
197178,2
197178,4
197178,6
196017,2
196017,16
196017,17
194219,4
194219,6
194219,14
185875,1
185875,3
185875,4
185875,9
185875,15
185692,1
185692,3
185692,6
185692,9
103303,2
103303,14
213831,3
213831,5
213831,18
212308,3
209983,1
209983,2
209983,6
207674,3
207674,5
207674,18
206249,1
206249,18
203490,3
203490,14
203490,16
190569,2
190569,4
187538,1
187538,2
187538,6
187538,15
187538,18
185542,1
185542,2
185542,3
185542,6
178789,2
178789,4
178789,5
178789,6
168134,9
213484,1
213484,2
213484,6
207141,3
207141,5
207141,16
204466,3
204466,14
204466,18
202896,7
199748,1
199748,2
199748,6
198044,6
198044,7
196218,1
196218,3
196218,4
196218,6
196218,14
196218,16
188525,3
188525,16
180136,1
180136,6
213861,16
209669,3
209669,4
209669,14
209669,16
203880,3
203880,8
203880,18
201667,3
201667,16
201667,18
198376,3
198376,4
198376,11
198376,16
197715,1
197715,2
197715,3
197715,6
213426,15
196219,4
196219,6
196219,14
206521,4
186863,2
186863,6
211557,7
210116,7
209873,7
208044,1
208044,2
208044,6
206682,3
206682,6
176636,3
176636,15
206194,1
206194,6
192800,3
192800,6
213427,3
213356,1
213356,2
213356,6
199448,1
199448,4
199448,6
199448,12
199448,18
199448,19
213343,6
213343,16
213317,3
210032,1
210032,17
213297,1
213297,2
213297,6
215106,6
202851,1
202851,2
202851,6
208749,7
168179,1
168179,2
168179,4
213188,1
213188,2
213188,6
199418,1
199418,2
199418,6
137664,18
212994,3
212994,9
212994,12
215521,1
215521,2
215521,6
209982,7
209981,7
208361,7
208264,7
179874,6
179874,8
179874,12
179874,13
179874,18
212563,2
212563,6
212563,14
212563,16
212319,3
212319,15
212319,16
113555,10
213668,4
213668,14
213668,15
212309,1
212309,10
212309,15
212323,1
212323,10
212323,15
206354,1
206354,6
194167,11
194167,16
178707,1
178707,14
178707,15
178707,18
206356,1
206356,2
206356,6
206356,14
211270,3
211270,16
211270,18
204356,1
204356,2
213516,1
213516,2
213516,6
213516,15
211607,1
211607,15
211607,18
211331,4
212557,3
208314,7
196840,5
153466,1
153466,2
153466,6
202895,7
211479,17
211301,6
206840,7
206145,3
206145,6
206145,18
204349,3
204349,16
188035,4
188035,11
188035,16
186833,1
186833,4
186833,6
211181,1
211181,2
211181,6
206003,7
208352,1
208352,3
208352,18
184872,1
184872,2
184872,6
205772,3
163793,14
194393,3
194393,14
194393,16
206950,1
206950,3
204269,16
202386,3
202386,16
196974,6
195734,3
195734,5
195734,16
182578,1
182578,3
182578,14
182300,1
182300,2
182300,4
182300,6
198113,1
198113,3
187869,14
187869,16
185211,3
185211,5
185211,14
169228,1
169228,4
169228,15
209312,1
209312,3
206004,7
202508,4
202508,12
202508,16
198369,12
177501,4
177501,11
177501,14
182483,3
182483,5
182483,6
182483,14
177508,3
177508,6
177508,16
210687,2
210687,3
210687,6
206951,3
206951,6
202985,3
202985,14
202985,16
199588,3
199588,14
199029,3
199029,14
189046,1
189046,2
189046,4
189046,6
189046,13
189046,14
189046,19
158036,4
207675,8
207675,12
207675,18
199547,1
199547,3
199547,4
199547,14
197754,4
197754,13
195268,3
195268,6
195268,14
186744,4
186744,14
186744,18
169580,3
169580,14
206166,5
204319,5
204319,14
204319,17
202523,3
202523,4
202523,5
202523,14
202523,18
201090,1
201090,11
201090,18
197824,6
197824,16
189987,3
189987,14
189987,16
156090,1
156090,6
147105,2
147105,4
147105,6
206914,1
206914,4
206914,15
206523,11
202102,2
202102,4
202102,13
202102,16
196029,3
196029,6
196029,16
190704,3
190704,5
190704,6
190704,14
178749,9
177634,17
213664,1
213664,2
213664,6
210932,3
210932,16
198411,6
196935,4
196012,4
196012,12
196012,14
196012,18
195600,1
195600,2
195600,3
195600,6
195600,18
184492,3
184492,6
184492,18
183231,6
183231,16
171110,4
171110,6
171110,16
210234,1
210234,2
210234,6
209940,3
206270,1
206270,2
206270,6
205054,3
205054,6
205054,14
202381,12
202381,13
202381,18
196144,1
196144,10
196144,15
195333,14
195333,16
192808,3
192808,6
192808,14
192808,16
182205,1
182205,2
182205,3
182205,6
181284,3
181284,14
181284,16
179950,1
179950,18
170019,14
170019,16
201817,3
201817,6
201817,14
199221,1
199221,2
199221,3
199221,15
186497,3
186497,4
186497,14
186497,16
180228,3
180228,14
180228,16
210375,1
210375,6
200769,1
200769,2
200769,3
200769,6
198939,1
198939,2
198939,3
198939,6
197868,16
194317,1
194317,2
194317,6
180745,4
180745,13
173172,1
173172,2
173172,3
173172,6
173172,8
173172,12
210115,2
210115,6
170110,1
170110,2
170110,6
170110,14
190143,4
190143,6
190143,14
206916,7
206915,7
204560,6
204560,7
204463,7
190668,6
187375,11
209541,6
209541,16
166437,1
166437,2
166437,6
206857,3
200930,7
198373,1
198373,3
198373,15
198373,18
210347,1
210347,17
190327,1
190327,2
190327,4
190327,12
190327,17
190327,18
179813,1
179813,2
179813,3
179813,18
213663,1
213663,2
213663,6
203100,11
197097,16
197097,17
209018,2
209018,6
208517,3
208517,5
208517,14
208517,15
187267,4
187267,12
187267,13
187267,16
177132,4
208668,2
208668,6
208668,15
208551,1
208551,3
208551,6
208551,15
208665,6
207534,1
207534,3
207534,6
137662,1
137662,2
137662,6
137662,14
203367,7
202894,7
202893,7
198368,6
182206,1
182206,2
182206,3
182206,6
199411,1
199411,2
199411,6
176509,1
176509,17
206358,1
206358,2
206358,6
208105,3
204270,3
204270,13
204394,3
204394,6
204394,16
207853,6
207853,16
184280,1
184280,6
213928,4
213928,15
210376,3
210376,16
155304,1
155304,2
155304,6
197474,1
197474,3
197474,15
182317,3
182317,14
182317,16
155331,1
155331,6
204949,2
204949,3
204949,15
187508,2
187508,18
208065,6
208065,16
213667,4
213667,18
208064,2
208064,6
207415,13
207415,16
207415,18
207331,1
202957,9
202957,12
207084,12
207084,13
207084,18
207084,19
207083,6
207083,15
199410,1
199410,2
199410,6
201153,7
198511,7
189956,4
189956,12
189956,18
113971,1
113971,4
113971,10
113971,15
207413,8
207413,18
166039,1
166039,13
207414,2
207414,6
203127,16
206895,1
206895,2
206895,6
189275,4
189275,13
189275,17
185870,3
185870,6
185870,14
207363,1
207363,3
201903,1
201903,3
201903,4
201903,6
201903,11
201903,15
207324,4
207324,13
207324,18
204698,3
206425,3
206425,6
206250,13
199436,1
199436,2
199436,6
182255,2
182255,4
182255,6
202955,4
202955,14
206856,6
182587,4
182587,12
182587,13
182587,18
203939,8
203939,18
176370,3
176370,6
207082,1
207082,6
198374,3
198374,4
198374,6
198374,14
198374,16
195518,6
195518,14
192507,14
192507,16
187989,1
187989,3
187989,4
187989,6
187989,15
187062,1
187062,4
184951,3
184951,14
184951,16
183660,3
183660,8
183660,16
183660,18
166613,1
166613,2
166613,12
166613,18
203296,1
203296,2
203296,6
203148,2
203148,6
202419,3
192867,3
192867,5
192867,14
192867,15
187941,1
187941,2
187941,6
187901,1
187901,18
185262,1
185262,2
185262,6
181443,18
179062,1
179062,4
179062,15
179062,18
163144,1
163144,3
163144,4
163144,15
200556,3
200556,14
198706,1
198706,2
198706,6
191718,1
191718,2
191718,4
191718,6
191718,8
189137,4
189137,14
187892,1
187892,15
187892,18
187892,19
185514,4
185514,6
185514,18
172463,1
172463,4
172463,18
205676,3
185039,3
185039,14
185039,18
183270,4
183270,6
183270,12
183270,14
183270,18
182771,2
182771,6
182771,16
176276,1
176276,2
176276,4
176276,5
176276,6
176276,14
192261,2
192261,6
192261,16
191967,1
191967,3
191967,8
191967,18
191205,2
191205,6
183984,12
180746,1
180746,4
180746,12
180746,13
180746,19
177679,15
177679,19
203472,3
195515,2
195515,3
195515,6
195515,14
194742,3
194742,6
194742,16
194318,1
194318,2
194318,15
189565,3
189565,14
187942,3
187942,14
183661,2
183661,6
183661,14
183661,16
204432,16
198767,3
198767,5
198767,14
198720,3
197731,3
197731,16
195322,1
195322,2
195322,4
195322,6
194028,3
194028,14
194028,16
189259,3
189259,4
189259,7
185993,1
185993,2
185993,6
177385,4
177385,16
166521,1
166521,2
166521,3
186333,1
186333,2
186333,6
177580,3
177580,4
177580,14
177580,16
199446,6
199446,14
167152,1
167152,4
167152,6
166617,1
166617,2
166617,6
166617,12
166617,18
198749,1
198749,18
205154,16
199366,6
199112,3
199112,14
195384,8
195384,15
187264,1
187264,2
187264,6
185753,17
178005,3
178005,11
178005,14
194884,3
194884,13
194884,14
194884,16
153467,1
153467,2
153467,6
214074,3
205905,1
205905,2
205905,6
155311,1
155311,2
155311,6
206727,16
204742,16
201975,7
201974,7
199164,7
199162,7
193923,2
193923,6
193923,12
188034,3
179930,1
179930,3
179930,15
179930,18
205290,1
205290,2
205290,6
213642,1
213642,6
204696,6
168252,1
168252,6
214873,1
214873,6
204656,16
168195,1
168195,6
168195,12
168195,15
189258,4
186834,1
186834,2
186834,6
208055,16
204654,13
185857,1
185857,3
185857,6
213509,13
213509,15
213509,16
213509,18
187921,1
187921,4
187921,6
187921,18
195877,1
195877,2
195877,6
191893,3
191893,4
191893,11
191893,16
188928,7
153458,1
153458,2
132776,4
199005,3
199005,6
199005,16
166443,1
166443,2
166443,6
199432,1
199432,2
199432,6
204396,1
204396,2
204396,6
200228,7
198046,7
196116,7
199414,1
199414,2
199414,6
194712,5
166421,6
207855,3
207855,16
185773,1
185773,2
185773,4
185773,6
185773,13
203146,3
202660,1
202660,2
202660,6
212518,1
199154,4
199154,11
199154,16
198344,7
202281,1
202281,10
202281,15
203710,14
203710,18
204066,1
204066,4
204066,18
193294,11
183384,11
183384,16
213460,3
213460,17
137711,1
137711,15
120406,1
212517,16
212517,18
206277,1
206277,2
206277,6
204628,14
201151,3
201151,14
201151,16
199430,3
199430,6
198048,7
196547,7
196540,7
188522,3
199603,4
199603,6
199603,9
184642,1
184642,2
184642,15
184351,1
184351,4
184351,6
140291,2
140291,6
185858,1
185858,2
185858,6
196722,7
195360,7
140337,3
140337,11
140337,18
196230,1
196230,6
203953,1
203953,2
203953,6
200560,9
198188,1
198188,3
198188,4
198188,14
198188,15
198188,16
198188,18
194872,1
194872,2
194872,3
194353,7
211271,16
188529,3
155303,1
155303,2
155303,6
186161,4
186161,6
186161,14
207848,1
207848,15
194447,3
194447,6
194447,16
186524,3
186524,16
186524,18
185116,4
185116,12
185116,15
185116,19
153800,1
153800,3
153800,15
153800,18
213646,1
213646,6
200642,4
200642,15
196115,1
196115,2
196115,3
191403,11
177686,4
200046,1
199635,6
199635,16
174914,3
174914,6
174914,14
199931,3
199931,17
186914,1
186914,4
180436,4
180436,17
170577,2
170577,3
170577,6
204732,14
199009,3
199009,15
199009,16
198312,6
198312,14
186794,1
186794,2
186794,6
180082,3
180082,14
162890,3
199812,3
199812,5
199812,14
199812,17
199008,12
187331,3
187331,5
187331,14
187331,17
182531,7
173523,3
173523,16
170936,3
170936,4
170936,14
196553,1
196553,4
196553,11
196553,14
196553,15
195240,4
195240,17
190840,1
188388,1
188388,2
188388,6
188388,15
187464,1
187464,3
187464,5
186190,3
186190,14
186190,15
186190,16
185731,1
185731,3
185731,14
179992,1
179992,3
179992,14
179992,15
173692,6
173692,14
170018,4
170018,11
129195,3
129195,14
129195,16
206154,1
206154,2
206154,6
198413,16
195173,16
194832,3
188487,1
188487,2
188487,6
187940,3
187940,14
187940,16
186920,2
186920,15
186920,16
185801,1
185801,3
185801,6
182896,1
182896,2
181447,1
181447,3
181447,4
181447,6
181447,14
179302,1
179302,4
179302,12
177937,1
177937,3
177937,16
177937,18
176298,2
176298,3
176298,5
176298,6
176298,14
162669,2
162669,4
162669,6
162669,13
162669,18
213094,3
213094,6
213094,14
201262,3
201262,6
201262,16
199794,3
199794,16
199363,1
199363,2
199363,6
198561,6
198117,1
198117,3
187860,3
187860,16
186714,4
186714,11
186714,16
186346,3
186346,4
186346,11
186346,16
185694,3
185694,16
184997,6
184997,12
184322,1
184322,2
184322,6
183291,6
183291,14
200374,3
200374,14
199636,1
199636,3
198926,3
198926,6
198926,9
198921,6
198921,16
194389,16
193968,3
193968,14
193968,16
187166,3
187166,11
186621,14
185575,3
185575,14
183385,4
183385,8
183385,13
183385,14
183385,18
177271,4
177271,14
177271,16
177271,18
213353,4
213353,11
213353,14
213353,16
204621,1
204621,3
199593,1
199593,4
195383,16
183965,3
183965,14
183965,16
163788,2
163788,4
163788,12
187663,2
187663,3
187663,6
187663,16
168087,1
168087,3
168087,12
168087,18
199368,1
199368,2
199368,3
199368,6
204393,1
204393,2
204393,6
165530,3
165530,6
165530,14
180523,1
180523,2
180523,6
196750,7
195153,1
195153,4
195153,14
195153,15
195034,7
195033,7
186829,7
184718,1
184718,2
184718,3
184718,12
184718,14
166417,1
166417,2
166417,6
159981,2
159981,15
169969,1
169969,2
169969,3
169969,6
199417,1
199417,6
199417,15
199358,1
199358,2
199358,6
177687,4
177687,17
171627,1
171627,4
171627,8
171627,14
171627,18
199405,1
199405,2
199405,6
199406,1
199406,2
199406,6
193348,7
183414,9
183414,11
198748,1
198748,2
198748,6
199073,1
199073,2
199073,6
206611,4
206611,14
206611,16
206611,18
198726,3
198726,16
175035,6
175035,16
198379,16
201961,3
201961,14
198377,4
198377,14
198377,18
200375,3
206610,4
206610,14
206610,16
206610,18
195068,7
193707,7
193347,7
192452,7
186181,2
186181,6
198033,16
194087,3
194087,5
194087,14
195494,6
153455,2
153455,6
153455,19
206609,4
206609,14
206609,16
206609,18
187317,10
187317,15
177518,16
198704,1
198704,2
198704,6
183128,16
207484,16
206888,3
198703,1
198703,2
198703,6
199354,2
199354,3
199354,6
195230,2
195230,4
195230,14
195230,16
195230,18
186169,6
186169,14
198380,1
198560,2
198560,6
197179,3
198701,1
198701,2
198701,6
185834,6
185834,12
185834,18
185537,3
185537,5
185537,16
213647,6
206256,1
206256,2
206256,6
208049,1
199419,1
199419,2
196613,1
196613,2
196613,6
206919,2
206919,3
206919,15
199356,1
199356,3
199356,6
206284,4
197094,3
196694,18
168177,1
168177,2
168177,6
198695,1
198695,3
198695,6
213640,1
213640,3
196482,1
196482,10
196482,15
191452,2
191452,6
191452,7
191451,7
137716,6
137716,11
213697,3
213697,6
198948,3
198948,16
186043,6
186043,16
183127,3
183127,11
166422,1
166422,6
195886,3
195886,18
208398,16
196227,16
120756,15
178754,1
178754,15
174188,1
174188,3
174188,4
174188,5
174188,14
193623,3
191976,1
191976,2
191976,3
191976,6
191976,14
178788,1
178788,2
178788,4
178788,6
178788,18
166475,1
166475,2
166475,6
157692,1
157692,2
157692,4
157692,6
195916,1
195916,2
195916,6
195916,14
175645,3
175645,14
175645,18
166215,11
166215,16
157960,2
157960,4
157960,15
184237,1
184237,3
194088,8
194088,18
198745,1
198745,4
198745,14
206362,11
206362,16
206362,18
198698,1
198698,2
198698,6
207805,6
207805,14
196064,3
196064,6
195845,8
195845,16
195845,18
185965,14
185965,16
177474,1
177474,12
177474,18
196063,3
196063,14
195209,6
195209,14
189117,1
189117,2
189117,3
189117,15
178886,3
178886,14
178090,1
178090,2
178090,6
178090,16
177887,2
177887,10
177887,15
166412,1
166412,6
151799,1
151799,3
151799,5
151799,18
199438,3
177880,3
177880,15
177880,16
173780,1
173780,2
173780,6
159483,2
159483,17
159483,18
156104,2
156104,6
156104,15
184591,3
184591,14
182309,3
182309,16
182309,17
179828,3
179828,14
193607,7
193607,14
188138,3
188138,9
188138,15
188138,16
185519,3
185519,16
181867,1
181867,3
181841,3
181841,16
196229,1
196229,10
189326,1
189326,3
189326,4
189326,12
189326,18
185755,3
185755,6
185755,14
185755,16
184575,2
184575,6
184574,3
184574,4
184574,12
184574,16
184574,18
184034,1
184034,4
181444,3
181444,4
181444,14
180929,2
180929,16
180794,3
180794,14
180425,3
180425,16
179885,1
179885,2
179885,6
178675,3
178675,14
178433,1
178433,2
178433,3
178433,4
178433,6
178433,14
178025,1
178025,4
178025,6
177689,8
177689,12
177689,13
177689,18
177689,19
175124,1
175124,3
175124,8
154768,3
154768,5
154768,14
154768,16
198697,1
198697,2
198697,6
193238,3
193238,16
191994,1
191994,2
191994,6
188653,16
186561,1
186561,3
186561,6
186003,4
186003,16
179966,4
179966,6
179879,4
179879,6
179879,14
177761,4
177761,12
177761,13
177761,14
177761,16
177761,18
171046,4
171046,12
171046,13
171046,14
171046,18
169420,3
169420,4
169420,14
169420,16
207035,7
206290,1
206290,4
206290,13
196250,1
196250,3
195517,6
195517,9
186052,1
186052,2
186052,6
185660,1
185660,3
185660,4
185660,14
185660,15
185660,18
185544,2
185544,3
185544,6
185544,16
177175,1
177175,6
175914,3
175914,13
175914,14
175914,16
175914,18
156395,3
156395,14
213648,3
213648,6
213648,15
213648,16
199486,3
189069,2
189069,3
189069,15
187387,1
173335,11
173335,12
173335,18
155838,2
155838,6
195891,1
195891,2
195891,6
193883,3
193883,6
186789,3
186789,5
186789,14
179678,1
179678,3
179678,8
179678,18
178869,1
178869,4
178869,6
169440,2
169440,3
169440,6
213102,16
185505,3
185505,6
185505,15
180460,3
180460,12
179344,3
179344,14
170113,4
170113,6
170113,14
206875,3
206875,16
185407,4
185407,13
185407,15
137667,1
137667,4
137667,6
137667,12
137667,18
137667,19
191492,7
191491,7
188933,7
186542,3
186542,6
185084,1
185084,2
185084,12
185084,18
185071,7
184756,11
184756,17
181839,1
181839,4
181839,6
181839,16
181449,1
181449,4
181449,6
181449,15
214889,9
192474,15
210068,1
210068,6
194835,3
195882,1
195882,2
195882,6
194889,11
191884,1
191884,2
191884,3
191884,12
187404,7
206349,3
206059,6
186495,12
186495,13
166419,1
166419,2
166419,6
195883,1
195883,2
195883,6
168631,4
168631,19
191370,1
191370,2
191370,15
191370,19
166456,6
166456,14
205941,6
199371,4
194390,1
194390,6
194390,13
194390,18
181181,1
181181,2
181181,6
166451,1
166451,15
197643,3
155333,1
155333,2
155333,15
210630,13
210630,14
186058,7
186058,14
195885,1
195885,2
195885,3
195885,6
137681,1
137681,2
137681,6
194033,3
198694,1
198694,2
198694,6
207598,16
199372,2
199372,14
192810,3
192810,16
192810,18
192809,1
192809,4
192809,18
192002,4
192002,11
192002,14
192002,15
187304,7
185121,1
185121,2
185121,6
168632,3
168632,14
186835,1
186835,2
186835,6
186935,6
186935,18
186716,1
186716,2
186716,12
186716,15
162682,12
135580,1
135580,15
193374,16
213459,3
213459,17
205601,2
205601,3
205601,6
193240,1
193240,2
193240,6
192976,13
168628,4
168628,6
168628,8
168628,12
168628,14
168628,18
194879,4
194879,11
194879,13
193613,2
193613,6
185778,3
185778,16
191978,1
191978,2
191978,3
168810,7
199373,4
199373,8
172393,11
196864,3
178445,7
124117,2
124117,6
206038,6
206038,17
191974,1
191974,3
191974,6
185729,1
185729,2
185729,6
185729,14
180124,1
180124,2
180124,6
195879,1
195879,2
195879,6
191689,3
191689,16
188753,3
188753,16
194209,9
191734,5
193413,3
193413,16
204551,15
192981,1
186827,7
186308,7
186307,7
191405,6
185716,3
185716,16
184762,4
184762,6
184762,16
184762,18
195880,1
195880,2
195880,6
194706,1
194706,10
194706,14
194706,15
186151,1
186151,6
191980,1
191980,2
191980,6
179541,3
179541,6
179541,16
213512,15
185212,12
166249,3
166249,15
166249,16
179706,3
179706,16
189602,3
189602,16
185939,3
185939,16
178781,1
178781,3
178781,4
178781,15
176246,3
176246,16
195878,1
195878,2
195878,6
191374,3
191374,16
176702,1
176702,6
185070,3
185070,12
185070,15
185070,16
177120,3
150654,1
150654,2
150654,15
188039,2
188039,3
188039,6
188039,9
185213,1
185213,4
185213,10
185213,15
184182,3
180675,3
180675,15
180675,16
166371,11
166371,12
166371,13
193242,3
193242,12
188131,3
188131,15
174802,3
174802,14
158287,1
158287,15
189832,3
189832,5
189832,6
189832,14
185736,1
185736,2
185736,4
185736,6
182419,12
182419,13
182419,18
180829,3
180829,5
180829,6
180829,14
179979,3
179979,14
179979,16
177678,3
177678,14
177509,3
177509,5
177509,10
177509,14
177509,15
165445,2
165445,3
165445,4
165445,16
143200,4
143200,14
143200,16
143200,18
189891,3
188661,16
187362,14
185718,1
185646,16
184470,11
184470,16
183274,1
183274,2
183274,3
183274,5
183274,6
183274,10
183274,15
182060,3
182060,6
182060,14
181182,12
181182,13
181182,16
180825,4
180825,9
180825,11
180825,18
180516,4
180516,17
180367,3
180367,4
180367,6
180367,14
180367,16
180367,18
178825,11
178052,1
178052,9
178052,11
167336,1
167336,15
167336,19
156092,1
156092,4
156092,12
156092,18
185715,16
185645,3
185645,6
185645,12
185584,3
185259,3
184639,4
184639,16
184289,16
182814,4
182814,12
182814,14
182814,15
182814,16
179955,1
179955,2
179955,3
179955,6
179054,1
179054,6
179054,12
179054,18
178046,1
178046,15
177476,1
177476,2
177476,3
177476,6
149118,1
149118,4
149118,15
149118,18
143337,3
143337,6
143337,16
214509,1
214509,15
214509,19
188884,16
187998,3
187998,9
187998,18
186522,3
186522,15
186522,16
186313,3
185166,7
184989,3
184989,4
184989,12
181078,1
181078,2
181078,6
178680,1
178680,3
178680,4
153554,3
153554,14
189716,16
188394,6
188394,16
183275,6
183275,14
183161,1
183161,2
183161,6
179694,4
179694,11
175872,1
175872,3
175872,6
166373,2
166373,6
166373,15
189513,3
189513,6
184279,3
184279,14
184279,16
184279,17
179965,3
179965,5
179965,14
179965,16
177633,16
167142,1
167142,4
167142,12
167142,15
204517,16
204496,16
189425,1
189425,3
188668,3
188668,14
188248,1
188248,2
188248,6
178701,2
178701,4
178701,6
143598,1
143598,4
143598,6
143598,12
143598,16
183133,1
183133,2
183133,6
166527,4
185992,3
185992,5
185992,14
192928,2
192928,6
192928,12
189892,12
189892,15
189160,1
189160,15
186153,7
185779,7
185612,11
185612,16
184810,7
183742,7
179999,15
179999,16
179998,1
179998,15
189115,16
168133,2
168133,4
168133,6
204539,17
188239,1
188239,10
188239,15
181440,13
181440,15
189304,16
189304,18
194945,3
183743,7
177778,1
177778,15
166442,1
166442,2
166442,6
204482,1
204482,2
185643,3
185643,12
213461,3
188122,11
188122,16
188036,1
188036,2
188036,6
188036,15
183412,2
183412,3
183412,6
181244,1
181244,2
181244,3
181244,5
181244,6
179852,6
179852,8
179852,12
179852,13
179852,18
185903,4
185901,12
185901,15
185900,6
185898,4
185898,15
206500,4
206500,14
187626,3
182333,1
182333,2
182333,6
187514,16
187383,17
189733,3
189733,18
187265,3
187265,16
187265,18
204474,3
204375,1
204375,13
187236,1
187236,2
187236,3
187236,6
187225,1
187225,3
187225,6
187225,17
185714,1
185714,4
185714,10
185714,15
185506,7
185001,7
184824,7
186559,2
186559,6
186559,16
198699,1
198699,2
198699,6
206056,6
188830,1
188830,10
141867,1
141867,2
141867,4
182877,8
182877,12
187305,1
187305,11
187305,15
183741,7
176432,1
176432,4
176432,6
194403,1
194403,3
185648,3
185648,6
185648,16
195456,2
195456,6
187582,3
187582,16
206071,16
182158,3
182158,4
182158,14
204525,6
204525,16
189893,3
189893,17
186837,1
186837,2
186837,4
186837,6
186757,6
186757,14
192634,4
168244,1
168244,3
168244,6
168244,14
185073,1
185073,6
185073,9
185073,11
184765,7
183602,7
154392,2
154392,4
154392,14
154064,14
154064,15
168082,1
168082,2
168082,6
168082,14
186861,1
186861,3
186861,4
186861,6
214869,1
166415,1
166415,2
166415,6
179838,3
179838,9
179838,15
179838,16
136381,1
136381,3
136381,4
136381,16
136381,17
191975,1
187591,6
187380,1
187380,2
187380,6
185861,1
185861,2
185861,6
186207,16
179878,4
179878,11
166438,1
166438,4
175237,1
175237,2
175237,4
195966,9
186836,1
186836,2
186836,6
186206,1
186206,2
186206,6
186148,3
181886,1
181886,3
181886,17
180812,1
180812,2
180812,3
180812,6
180052,1
180052,2
180052,3
180052,6
173333,1
173333,2
173333,3
173333,6
173333,10
173333,15
172258,3
172258,5
172258,14
170892,1
170892,3
170892,4
170892,12
170892,18
162722,1
162722,6
162722,9
162722,16
182920,1
182920,2
182920,6
177709,1
177709,3
175422,3
175422,14
175422,18
175198,1
175198,2
175198,4
175198,6
167742,11
167143,1
167143,2
167143,3
167143,6
196249,1
196249,3
178312,1
178312,2
178312,6
176301,4
176301,12
175409,4
175409,14
172453,3
172453,6
172439,3
172439,6
172439,14
172439,16
162921,1
162921,6
162921,10
162921,12
162921,15
204403,1
204403,6
204381,6
204381,15
180292,1
180292,2
180292,3
180292,5
180292,6
179297,1
179297,2
179297,6
179297,16
178548,1
178548,2
178548,3
178548,4
178548,6
178548,14
175443,14
172019,1
172019,2
172019,3
172019,15
185828,1
185828,2
185828,6
185828,12
178022,4
178022,16
176234,1
176234,4
176234,6
178550,2
178550,6
178550,14
177552,3
177552,5
177552,14
176063,2
176063,6
185088,8
185088,18
179696,3
179696,14
179696,16
179333,4
179333,7
170916,6
169441,4
169441,14
169441,18
204405,6
185880,1
185880,6
185880,18
185462,6
185261,3
185261,14
176496,1
176496,2
176496,6
176273,1
176273,6
176273,14
174654,3
174654,5
174654,14
170650,3
170650,6
170650,14
166699,3
166699,14
165171,4
165171,13
165171,17
174596,16
174596,17
178495,12
178495,18
178462,3
178462,14
177159,1
177159,2
177159,12
177159,15
177159,16
176642,12
176642,16
169295,4
169295,11
169295,13
145740,1
185748,1
185748,2
185748,6
179689,2
179689,3
179689,6
178100,1
178100,2
178100,6
177506,2
177506,6
202422,1
176158,1
176158,2
176158,3
176158,5
176158,6
213696,3
213696,6
182104,7
180806,1
180806,17
180804,1
180804,17
170166,4
170166,12
170166,18
170166,19
206030,13
186084,13
186084,16
186084,18
185793,3
185793,16
187676,6
188548,16
187507,2
187507,18
137680,1
137680,2
137680,3
193295,3
193295,16
185797,11
175138,3
168116,17
185832,1
185832,2
185832,6
214539,1
214539,2
199369,3
199369,14
185539,3
187833,1
185538,3
185538,17
186618,1
185726,1
185726,3
195890,1
195890,2
195890,15
185613,1
185613,4
185613,6
185281,7
180832,7
176470,3
176470,14
176470,16
176470,18
185457,9
196279,11
185724,1
185724,2
185724,6
185724,15
206844,3
186300,3
186300,16
185719,1
185719,2
185719,6
174189,7
174189,9
186083,16
185586,15
185586,18
153473,1
153473,2
153473,6
153473,14
136880,4
136880,12
136880,13
136880,16
175137,3
175137,16
185860,1
185860,6
153471,1
185968,1
185720,1
185720,2
185720,6
120226,1
120226,15
207031,13
207031,16
184694,1
184694,2
184694,6
182094,7
180704,7
180533,7
178782,6
178782,11
178782,16
173884,2
173884,3
173884,15
172218,7
213458,3
213458,17
199479,16
183651,10
183651,15
170631,1
170631,4
185200,16
185723,1
185723,6
185723,18
178436,1
178436,3
178436,15
185970,2
185970,6
182157,6
182157,16
126370,4
184998,3
184998,14
214888,9
194229,3
179677,7
185722,1
185722,3
185722,6
184288,3
181776,8
181776,12
181776,19
185830,1
185830,2
185830,6
184099,8
182241,4
182241,11
178774,1
178774,4
178774,12
178774,18
168243,1
168243,2
168243,6
186337,2
177603,3
177603,16
153482,1
153482,2
153482,3
153482,6
176369,1
176369,6
185541,2
183423,1
183423,2
183423,3
183423,4
183423,6
137699,6
186752,3
186752,16
183744,3
183744,4
183744,16
183744,18
183471,2
183471,3
186758,1
186758,6
185728,1
185728,2
185728,6
153497,1
153497,6
185721,1
185721,2
185721,6
178084,6
185831,1
185831,2
185831,6
168097,1
168097,6
186200,6
186200,9
179820,7
179722,7
176245,4
176245,17
183394,6
183394,15
185794,1
185794,2
185794,6
183391,4
183391,14
182469,1
182469,2
182469,6
183473,3
183390,14
183390,16
169258,4
188453,1
188453,6
188453,15
183393,13
183201,1
183201,6
177376,7
206151,3
206151,6
166703,10
166703,15
180599,2
180599,3
180599,6
180599,16
185727,1
185727,6
154473,1
154473,2
154473,6
154473,13
176508,1
176508,2
176508,3
176508,6
176508,15
163135,1
163135,3
163135,4
163135,6
163135,15
196193,4
196193,12
170083,1
170083,2
183386,6
183386,16
182159,4
182159,6
182159,9
174390,3
174390,16
171038,4
171038,6
171038,14
156084,1
156084,2
156084,6
204537,12
204537,18
182772,3
182772,16
164299,6
164299,14
206054,2
206054,6
171545,3
171545,18
170893,3
170893,16
170893,18
166611,4
166611,6
166611,16
166611,18
141182,1
141182,4
141182,6
141182,14
180747,4
180747,7
180747,14
176191,3
176191,16
172355,4
172355,12
171642,17
170468,3
170468,4
170468,14
168537,1
168537,2
168537,6
189834,3
189834,6
189834,16
183383,11
179292,16
179126,3
179126,5
179126,6
179126,16
178533,1
178533,3
178533,5
178533,14
178533,16
176311,1
176311,6
176311,18
176292,1
176292,2
176292,6
174043,1
174043,2
174043,6
172190,3
172190,14
172190,16
171400,3
171400,6
171400,14
171400,16
162785,3
162785,4
162785,14
162785,16
155502,11
155502,16
182561,1
182561,2
182561,18
181835,16
178729,4
178729,17
178395,1
178395,3
175533,11
173263,4
173263,13
173263,17
169755,1
169755,2
169755,18
167141,1
167141,15
163146,1
163146,4
163146,17
151514,4
141917,1
141917,2
141917,6
141917,18
138522,1
138522,4
138522,6
107372,6
186756,3
186756,18
182734,16
179823,7
176053,1
176053,2
176053,6
175473,2
171689,3
171689,16
171637,1
171637,2
171637,4
171637,14
171109,4
171109,18
171025,1
171025,3
171025,6
171025,9
171018,1
171018,3
171018,4
171018,14
171018,15
171018,18
169315,1
169315,3
169315,4
169315,13
169098,14
154673,1
154673,10
154673,15
137663,18
187509,6
187509,8
187509,12
187509,15
182562,1
182562,2
182562,6
182417,2
182417,3
182417,6
179919,4
179919,16
179919,17
177581,3
177581,4
177581,6
177581,16
172199,1
172199,4
172199,13
172199,18
170942,14
170942,16
170942,17
170732,1
170732,2
170732,3
170732,6
170732,14
165810,1
165810,3
165810,17
165790,14
165790,16
137696,1
137696,6
185725,1
185725,2
185725,6
185725,15
182445,1
182445,3
182445,4
182445,12
182445,18
170578,1
170578,3
170578,6
164172,3
164172,4
164172,5
164172,14
164172,18
163134,1
163134,2
163134,4
163134,6
163134,13
163134,14
163134,19
157965,3
157965,9
157965,16
157965,18
206877,4
206877,16
206877,18
177104,1
177104,2
177104,3
177104,6
177104,13
168139,3
168139,6
168139,14
193469,1
193469,2
193469,6
182434,13
182364,1
182364,18
169931,3
169931,14
168084,3
168084,16
168084,18
206724,14
190619,4
190619,11
178434,2
178434,6
175019,1
175019,3
175019,6
111314,4
111314,8
111314,12
111314,13
111314,18
168500,1
168500,2
168500,3
168500,6
179368,7
178557,6
178557,7
173693,1
173693,2
173693,6
173174,4
173174,11
196241,6
185750,1
185750,2
185750,6
189964,3
189964,15
187121,12
187121,14
153472,1
153472,6
213429,16
177191,3
177191,4
177191,14
175199,4
175199,11
175199,14
133845,1
133845,2
133845,6
183486,6
183486,14
183486,18
182386,3
182386,6
182386,16
182879,3
181277,1
181277,5
204473,6
183158,1
183158,2
183158,6
182563,1
182563,2
182563,6
185796,1
185796,2
185796,6
169403,9
182301,3
182301,4
182301,6
182301,9
180947,10
180947,15
204407,1
204407,15
180870,15
180923,8
180923,12
187087,1
187087,6
187087,15
180847,2
180817,1
177856,7
174634,7
166476,11
166476,16
199412,1
150930,3
150930,14
184326,2
180814,13
177789,7
177707,7
177149,7
158166,11
151017,11
180731,18
177814,1
177814,4
177814,13
177814,15
177814,19
156108,4
156108,16
207594,4
207594,11
188805,1
188805,3
188805,10
188805,15
185669,8
185669,18
180875,1
180875,2
180875,6
206289,1
206289,2
206289,6
206289,15
184372,1
184372,2
184372,6
180336,8
180332,4
180332,12
180332,18
177680,1
177680,6
176275,11
176275,17
168998,1
168998,10
168998,14
168998,15
168081,1
168081,6
150103,2
150103,3
150103,15
169692,1
169692,17
137672,2
137672,6
185749,1
185749,2
185749,6
185749,15
199433,1
199433,2
199433,6
199433,14
155319,1
155319,2
155319,6
184760,11
171145,3
171145,5
171145,16
171099,3
171099,11
171099,16
167991,6
167991,12
167991,18
152184,4
152184,14
181179,6
181179,9
180064,11
180064,18
179839,1
179839,2
179839,3
179839,4
166418,1
166418,6
166418,14
184560,3
184560,4
184560,17
181837,3
181837,12
181837,14
180796,17
156086,3
156086,6
168164,1
168164,2
168164,6
179991,3
179978,2
179978,16
168083,2
168083,6
168083,14
179845,3
179845,6
168013,1
168013,2
168013,15
180157,13
179953,1
179953,3
179953,18
168872,3
168872,4
168872,14
168872,16
168105,1
168105,6
179880,1
179880,18
181836,3
181836,14
181836,16
166416,1
166416,2
166416,6
179916,1
179916,2
179916,6
179844,1
179844,4
179844,6
177255,7
151117,6
151117,8
151117,12
151117,13
151117,18
168630,16
168630,18
211328,4
179954,6
137802,17
185529,3
185529,15
176907,7
176319,3
176319,11
176319,16
175120,3
175120,16
158641,6
158641,16
158641,18
144779,1
144779,15
131791,1
131791,3
179716,16
176660,1
176660,2
176660,6
179213,1
179213,2
179213,6
179860,11
206201,1
206201,6
186496,11
186496,16
177922,8
177922,18
182555,4
182555,15
171457,3
171457,14
171457,16
154963,4
154963,14
154963,15
137710,4
137710,8
124118,1
124118,4
124118,18
179408,16
176865,1
176865,6
167419,1
167419,2
167419,6
167419,15
124343,6
185117,6
185117,14
157371,1
157371,2
157371,6
185118,1
185118,2
185118,18
167144,14
139825,1
139825,6
139825,14
186620,13
179207,3
179207,16
177097,3
170938,3
170938,6
170938,9
170938,14
152137,3
152137,6
152137,14
152137,16
152137,18
174044,3
174044,18
173489,4
173489,5
173489,14
171031,2
171031,6
171031,16
184812,3
179212,3
179212,6
179212,16
177879,6
174576,1
174576,3
174576,4
174576,6
173388,3
173388,5
173388,6
173388,16
173295,12
173295,16
170891,4
170891,16
170891,17
162796,1
162796,3
162796,17
160488,3
160488,16
153406,1
153406,2
153406,4
153406,6
153406,12
139095,1
139095,2
139095,3
139095,6
179214,6
176283,3
176283,16
175868,1
175868,6
173533,4
173533,12
173533,18
172416,1
172416,6
168623,3
168623,6
168623,14
168345,2
168345,3
168345,6
165681,1
165681,2
165681,6
163077,2
163077,3
163077,6
162896,1
162896,2
162896,18
154195,1
154195,2
154195,10
196248,1
196248,3
173694,1
173694,2
173694,4
173694,6
170695,1
170695,2
170695,6
167420,1
167420,4
167420,6
167420,12
167420,13
167420,15
166477,3
166477,4
166477,5
166477,14
163623,3
163623,14
163623,16
163133,3
163133,4
163133,14
158559,3
158559,5
158559,14
158559,16
156087,3
156087,14
156087,15
156087,16
170998,3
170998,6
170998,16
166700,4
166700,14
152681,14
152681,16
204620,1
204620,3
175977,3
175977,6
175977,16
174070,1
174070,12
174070,19
168104,1
168104,3
168104,6
166531,4
166531,12
166531,13
166531,18
162804,3
162804,14
162804,16
171748,1
171748,4
163292,1
163292,2
163292,3
163292,6
175450,3
175450,14
175450,15
175450,16
206292,1
206292,2
206292,3
206292,6
177160,2
176707,7
176489,7
176396,7
176395,7
176328,7
174788,4
174788,16
172965,3
172965,6
166710,1
166710,2
166710,6
166710,15
178396,3
178396,11
178396,16
177008,11
177008,16
177007,3
177007,16
173584,1
173584,2
173584,4
173584,6
181834,1
181834,3
181834,6
171115,3
171115,4
171115,17
178620,2
175573,1
175573,3
175573,4
175573,15
174383,3
174383,16
126830,1
126830,4
126830,10
126830,15
126830,19
189736,16
137647,1
184750,1
184750,6
184750,15
181833,1
181833,2
181833,6
178101,4
178101,16
173935,11
169766,6
169766,11
135511,3
135511,14
198702,3
198702,6
163785,1
163785,2
163785,18
178014,18
166414,1
166414,6
193831,3
155315,1
155315,2
155315,12
155315,18
176908,13
176908,18
179211,1
179211,6
178421,3
178421,14
165253,3
165253,11
165253,16
155154,7
182556,1
182556,2
182556,3
182556,6
176287,1
176287,17
173313,3
156097,2
156097,3
156097,6
137758,6
137758,12
137758,14
175499,7
175499,15
175250,6
175250,7
175248,7
137735,1
177815,9
137673,1
137673,2
137673,6
137673,14
178758,1
178758,2
178758,6
177772,2
177772,15
177798,3
184748,4
184748,6
177776,1
177776,6
177697,3
177697,4
177697,15
177697,16
176218,3
176218,4
176218,15
176218,16
172420,4
172420,13
172420,16
172420,17
148080,2
148080,18
177512,3
177512,4
177512,16
177106,1
206516,16
178067,3
178067,11
177640,14
166413,1
166413,2
166413,6
174722,3
174722,6
174722,16
156727,6
156727,11
137649,6
177583,9
177583,16
177672,18
166240,1
166240,2
166240,4
166240,6
166240,18
177547,2
177547,6
176299,4
176299,16
176299,17
171291,4
171291,11
200373,1
200373,10
200373,15
200373,18
168178,6
163139,1
163139,2
177407,1
177407,6
169930,15
156103,1
156103,6
178351,1
178351,2
178351,6
178351,14
183795,4
183795,17
206051,2
206051,6
178352,3
137708,1
137708,15
179807,1
179807,2
179807,6
179715,1
179715,6
177177,1
177177,6
183162,16
178350,4
178350,13
178350,19
174633,7
174187,7
174186,7
174184,7
174181,6
174181,7
177240,16
177231,2
177231,3
177231,6
172964,3
192298,3
177406,16
177494,1
177494,4
177494,6
176317,3
176317,16
176317,17
170297,7
163147,1
163147,4
163147,17
184624,1
184624,4
184624,6
175786,1
175786,6
135643,6
135643,13
135643,15
135643,19
177047,1
177047,6
141913,1
141913,2
141913,3
141913,6
177009,1
170890,1
170890,2
170890,6
160181,4
160181,11
160181,14
172187,6
166715,1
166715,3
166715,6
166715,12
166715,18
153288,1
153288,15
171608,6
169778,6
169778,12
169754,2
169754,12
130590,1
130590,6
176909,3
174653,1
174653,3
167927,3
167927,17
160090,5
160090,8
160090,12
160090,18
159039,3
159039,4
159039,16
156095,1
156095,2
156095,15
151380,1
151380,6
151380,10
151380,14
151380,15
136804,1
136804,2
136804,3
136804,5
136804,6
169698,4
169698,14
169698,16
163141,17
158709,2
158709,6
158709,14
173240,6
173240,7
173240,14
170130,2
170130,6
170130,14
166873,2
166873,4
166873,5
166873,6
141923,1
141923,3
141923,17
172395,1
172395,10
172395,15
171080,11
171080,16
170604,14
170604,18
169584,3
169584,4
169584,14
169584,18
168138,3
168138,6
168138,14
168138,16
166910,1
166910,3
166910,4
166910,14
166910,19
164702,2
164702,6
163078,4
163078,11
163078,16
160589,1
160589,3
160589,6
160589,16
158898,1
158898,3
158898,14
158417,1
158417,3
158417,4
158417,15
146867,4
146867,16
146867,18
109731,4
109731,11
109731,16
185644,3
185644,6
185644,12
176577,16
173249,1
173249,3
170503,1
170503,4
170503,6
170503,18
164440,4
164440,16
164440,17
164212,4
164212,11
164212,16
152302,17
172242,3
172242,11
172242,16
171397,7
171040,3
171040,14
171040,15
169202,7
166828,3
166828,6
166828,16
163270,1
163270,3
163270,4
162889,11
156822,1
156822,2
156822,3
156822,6
156023,1
156023,6
156023,14
143271,1
143271,15
143271,18
165855,4
165855,14
155908,3
155908,16
155890,4
155890,16
175869,3
175869,6
176635,3
176635,16
173250,3
169417,1
169417,2
169417,6
166372,1
166372,2
166372,6
166372,14
163786,3
163786,14
163786,16
156415,1
156415,2
156415,6
150085,1
150085,6
145728,2
145728,6
145728,14
145728,16
178125,2
170593,3
168240,1
168240,6
166454,3
166454,15
158988,2
158988,6
155657,2
155657,3
155657,15
155657,18
144176,3
144176,4
144176,5
144176,6
144176,14
176634,6
169927,3
169927,14
169927,16
169927,18
168132,1
168132,2
168132,6
177456,11
177456,16
172399,7
172398,6
172398,7
199488,3
199488,15
176663,3
177496,1
177496,2
177496,6
176300,9
176300,16
184373,15
184373,16
178126,6
176431,4
176303,16
174916,7
146609,3
146609,4
146609,15
146609,16
191059,3
204506,3
204506,15
175642,1
175642,2
175642,6
175642,18
172016,3
172016,12
177514,6
177514,12
177514,15
186790,6
171395,7
167486,4
167486,14
167486,18
175744,3
175744,4
175744,6
174749,11
175047,3
177602,6
177602,16
177464,2
177464,6
173639,4
173639,11
156109,3
156109,16
156109,18
175867,1
175867,2
175867,6
175783,16
175783,18
172976,3
172976,6
175691,4
177475,3
177475,6
166439,1
166439,2
166439,15
206353,2
206353,6
198690,4
175513,3
174666,6
171026,3
171026,4
171026,11
171026,18
166976,2
166976,3
166976,11
166976,15
184766,15
141883,1
141883,2
141883,6
188063,2
183797,3
137682,6
176495,1
176495,6
175353,6
193468,1
193468,3
193468,10
193468,15
176529,1
176529,2
176529,6
176529,10
176529,14
176529,15
175352,13
184399,3
175350,18
186764,6
170935,1
170935,4
170935,19
168947,7
156082,6
156082,12
156082,18
174912,3
171016,7
170969,7
175033,15
175690,14
155902,1
155902,6
177148,3
177439,2
177439,6
176471,3
176471,6
176471,16
153658,3
153658,4
153658,17
168251,4
168251,12
168251,13
156106,3
156106,6
156106,16
175052,4
175052,14
151639,1
151639,2
151639,4
151639,15
177233,13
175054,3
175054,12
175054,15
175034,1
175034,2
175034,6
174975,8
174975,18
184751,15
184751,16
177495,6
177495,16
171030,6
171030,9
174439,1
174439,6
156112,1
156112,3
156112,4
156112,6
184143,3
184143,6
174428,6
167984,3
167984,16
173807,6
173807,15
168809,7
177124,6
175277,3
175277,17
166411,1
166411,3
166411,6
162987,4
162987,11
162987,14
174087,16
170599,7
170514,7
167140,6
167140,16
155223,1
155223,2
155223,4
155223,6
134761,1
134761,4
134761,10
134761,14
134761,15
174718,1
174718,2
174718,6
174128,3
156079,1
156079,2
156079,6
155313,1
155313,2
155313,6
175348,13
141856,1
141856,15
167404,1
167404,3
167404,4
206223,1
206223,6
206223,14
177071,1
177071,6
177071,15
196247,1
196247,3
173549,15
173534,3
173534,16
174400,14
174400,16
129770,2
129770,6
170953,8
170953,18
173647,3
171144,1
171144,4
171144,12
162842,1
162842,2
162842,4
162842,6
162842,12
155227,1
177388,11
166093,3
165254,1
165254,18
164204,1
164204,2
164204,6
122519,6
181970,1
181970,4
181970,8
181970,12
181970,18
171019,5
171019,6
156891,2
156891,6
155645,3
155645,14
155645,15
155645,18
153818,1
153818,2
153818,4
153818,6
149025,2
149025,6
199795,3
199795,6
199795,9
177125,6
173287,11
173287,15
169418,3
169418,12
169418,18
168194,1
168194,2
168194,6
167087,3
167087,14
167087,16
167087,18
165598,1
165598,3
165598,10
165598,15
162985,1
162985,12
162985,15
174939,6
174939,11
174939,13
172852,1
172852,3
162144,3
162144,6
162144,14
147850,1
147850,2
147850,3
147850,18
169559,4
169559,10
169559,15
166522,3
166522,6
166522,16
164244,3
164244,14
164244,18
163076,3
163076,6
163076,14
155963,3
155963,14
155963,16
170913,5
163151,1
163151,6
162002,3
162002,16
139518,1
139518,2
139518,3
139518,6
177062,6
174417,3
174417,16
169935,1
169935,2
169935,6
168374,6
168374,14
166216,3
166216,14
166216,16
158931,1
158931,6
158931,18
156131,1
156131,2
156131,6
156131,14
156131,16
151807,1
151807,2
151807,6
173216,1
172967,1
172967,6
169291,3
169291,16
167146,14
167146,18
166794,14
166794,16
166610,1
166610,3
166610,6
165314,16
160389,2
160389,3
160389,5
160389,6
160389,14
137908,1
137908,6
184369,1
184369,2
184369,12
177061,3
177061,6
177061,14
172966,3
172966,6
158028,1
158028,2
158028,3
158028,6
152682,3
152682,6
152682,9
147642,1
147642,2
147642,6
144770,1
144770,4
144770,18
153518,2
153518,3
153518,6
141821,1
141821,2
141821,4
141821,5
141821,6
141821,14
162780,3
162780,5
162780,9
162780,16
161476,1
161476,4
161476,6
146066,4
146066,13
143866,3
143866,4
143866,14
143866,16
174702,3
174702,4
174702,6
174702,16
177444,1
177444,2
177444,6
155323,6
152072,2
152072,6
152072,16
171029,3
172594,16
169362,1
169362,6
146543,1
146543,6
183798,3
183798,4
183798,14
179873,1
177438,1
177438,2
177438,6
174384,1
174384,6
174384,13
174384,15
206159,9
162147,6
162147,16
164551,3
164551,16
164551,18
153483,8
153483,13
153483,15
153483,18
172324,11
174706,1
174706,2
174706,6
172250,2
172250,6
172250,16
169941,7
169683,7
158928,1
158928,2
158928,3
158928,16
158928,18
141862,1
141862,4
141862,10
141862,15
174713,3
174713,4
174713,6
174713,16
174938,16
169511,3
169511,16
141860,3
141860,15
171601,3
156110,1
156110,3
156110,6
142494,6
166447,1
166447,15
166447,19
171402,1
171402,6
171402,15
204547,14
170221,3
170221,14
170221,16
174703,1
174703,2
174703,6
171346,6
171130,3
162904,16
139359,3
139359,6
139359,14
139359,16
157071,1
157071,4
157071,15
157071,18
137747,1
137747,2
137747,4
177098,1
151598,1
151598,3
151598,14
137706,1
137706,10
137706,15
199478,3
171050,6
171050,13
169932,3
169932,16
161474,4
161474,13
161474,14
161474,18
206854,6
206146,1
206146,18
174705,1
174705,2
174705,6
188828,1
188828,10
154999,12
154999,18
170992,16
156062,1
156062,2
156062,6
153495,1
153495,2
153495,6
168539,7
168538,7
187051,3
187051,6
170986,13
170986,18
163363,11
163363,16
163363,17
163143,1
163143,12
163143,13
163143,15
170985,3
166977,16
185463,4
185463,13
175889,1
175889,6
173956,11
172252,16
170983,1
170983,2
170989,11
170206,1
170206,3
170206,4
170206,12
170206,14
170206,18
166996,7
130622,8
130622,18
176860,1
176860,2
176860,6
156088,1
156088,2
156088,6
188367,18
174704,1
174704,2
174704,3
174704,6
172842,16
170917,16
169000,1
169000,3
169000,4
169000,15
168946,7
168196,7
166461,7
164293,4
164293,16
164241,11
164241,16
156093,1
156093,2
156093,6
166455,6
166455,14
166455,16
130706,2
130706,6
130706,8
130706,18
204741,16
177232,2
177232,15
174720,4
174720,13
174720,14
122526,2
122526,6
170752,11
162314,1
162314,4
162314,6
162314,13
162314,14
213544,1
213544,10
213544,15
186202,3
186202,6
186202,9
176864,9
176864,16
169296,3
155015,1
155015,18
137660,1
137660,2
137660,6
204624,3
204624,6
161802,1
161802,2
161802,3
161802,6
137715,1
177465,3
177465,16
177465,18
170620,3
170620,6
171443,16
174715,1
174715,2
174715,6
156081,4
156081,6
167474,7
167474,9
167473,7
137310,1
137310,2
137310,4
137310,6
137310,15
170511,16
99088,1
99088,4
99088,10
99088,12
99088,13
99088,15
99088,19
170661,3
170661,5
170661,14
170535,12
170512,18
166532,3
166532,4
166532,11
166532,16
155314,1
155314,2
155314,6
155314,12
170508,3
161645,4
161645,12
160514,16
156113,6
170509,1
170509,17
183487,16
174708,1
174708,2
174708,6
169402,1
169402,3
169402,16
164226,6
164226,14
162989,14
127976,2
127976,4
127976,6
127976,14
170112,13
159886,4
159886,6
159886,15
167820,1
167820,4
167820,6
167820,13
162670,1
162670,2
162670,3
162670,15
170068,3
170068,6
159074,3
159074,16
159074,18
162803,1
162803,6
162803,18
162803,19
170059,6
162209,3
162209,11
155419,3
155419,4
155419,16
129229,1
129229,4
168992,16
166896,4
163142,1
163142,2
163142,6
162694,3
162694,5
162694,14
161992,6
154384,3
154384,4
154384,6
154384,14
148862,1
148862,2
148862,6
142599,3
142599,6
120755,11
183472,3
179872,3
179872,6
179872,12
169227,3
169227,16
165070,3
165070,16
163140,1
163140,11
163140,15
162720,1
162720,4
162720,6
162720,9
162720,16
160900,1
160900,4
160900,6
159808,1
159808,3
159808,6
158927,1
158927,3
158927,16
158927,18
158895,1
158895,6
154692,3
154692,5
154692,14
154692,16
154116,1
154116,3
154116,15
154116,18
145000,3
143085,1
143085,2
143085,6
143085,12
143085,13
183475,3
174709,2
174709,3
174709,6
170496,3
168131,1
168131,2
168131,6
166459,7
165159,1
165159,2
165159,17
163204,1
163204,10
163204,15
154459,14
138788,1
138788,3
132420,1
132420,17
129188,1
129188,2
129188,6
127163,15
127163,16
111322,1
111322,2
111322,6
169966,16
169929,3
169929,6
166523,11
166523,16
166452,4
166452,6
166452,14
166452,16
166452,18
164312,3
164312,4
164312,16
163364,3
163364,6
162984,1
162984,4
162984,13
162984,18
159559,3
159559,16
156632,4
156632,16
156632,17
170041,1
170041,3
163329,1
163329,4
163329,14
163329,18
161964,1
161964,3
161964,6
157399,10
154214,3
154214,6
154214,14
154214,16
166219,1
166219,15
161364,1
161364,2
161364,3
161364,6
158704,3
158704,6
158704,14
155389,1
155389,4
155389,13
150077,4
150077,11
150077,15
146206,6
146206,14
146206,16
169728,7
158926,4
158926,12
156039,1
156039,2
156039,4
156039,6
156039,14
143327,17
142666,4
142666,12
142666,16
126316,11
169773,6
163024,1
163024,17
160515,4
160515,17
156075,1
156075,2
156075,6
156075,14
154454,3
154454,6
151970,1
151970,2
151970,3
151970,6
151970,15
146493,1
146493,2
146493,6
146493,12
146473,1
146473,3
146473,10
146473,15
170505,4
170505,11
169751,11
158791,1
158791,4
158791,19
153479,1
153479,2
153479,6
169811,2
169811,6
166493,7
166493,18
164298,7
155527,4
155527,14
154587,2
154587,4
154587,6
137684,6
137666,1
137666,2
137666,6
173244,1
173244,2
173244,15
170658,3
170658,6
170658,16
170561,1
170561,2
170561,6
169750,3
169750,6
166410,1
166410,2
166410,6
156184,2
156184,6
174712,3
174712,4
174712,6
170114,6
169749,3
169749,6
134090,1
134090,3
134090,6
140501,6
140501,14
137674,1
137674,2
137674,6
170660,3
170660,16
137653,1
137653,2
137653,4
137653,6
174707,1
174707,2
174707,6
174707,14
134095,1
134095,2
134095,6
180520,4
180520,6
180520,9
169519,16
146638,1
146638,17
169514,18
169451,18
169442,3
169442,16
169442,18
169748,3
169518,6
169319,1
169319,6
169319,15
159429,1
159429,2
159429,6
159429,9
159429,12
159429,18
136149,4
136149,6
136149,14
136149,18
157957,4
157957,6
157957,15
170657,1
170657,2
170657,6
213699,3
170656,1
170656,2
170656,6
169450,16
146472,1
146472,3
146472,10
146472,15
169526,3
147189,1
147189,3
147189,4
160831,1
160831,15
168962,3
168962,16
168962,18
168092,2
168092,6
176857,1
176857,4
176857,6
163327,4
163327,14
163327,16
177166,1
177166,6
166609,7
165321,7
171659,2
171659,3
171659,6
171659,9
169448,15
169448,16
169372,1
169372,2
169372,4
169372,6
193467,1
193467,3
193467,10
193467,15
166588,1
166588,2
166588,3
166588,6
168999,3
168999,6
165599,7
165444,7
137665,1
137665,2
137665,6
168511,6
158896,1
158896,2
158896,6
158896,18
170497,3
169447,13
141892,1
141892,6
168343,1
168343,18
195965,9
195965,16
206158,9
176579,18
169908,14
168210,2
168210,15
135584,4
135584,14
135584,17
135584,18
161647,6
161647,10
161647,15
162291,1
162291,2
162291,3
162291,6
185642,8
185642,18
169771,3
168973,3
167990,3
167990,6
158595,3
150429,4
150429,11
150429,16
169774,15
153493,1
153493,2
153493,6
133772,1
133772,6
167928,11
167928,15
165426,16
205794,6
205794,12
204545,14
159926,1
159926,2
159926,3
159926,5
159926,6
180744,1
180744,2
180744,6
171403,1
171403,2
171403,6
155321,1
155321,6
156080,1
156080,2
156080,4
156080,18
164297,7
164292,6
164292,7
164240,2
164240,7
164239,7
158908,1
158908,6
158908,18
156623,3
156623,6
154525,3
154525,16
167647,18
166369,3
166369,6
166369,17
146646,1
146646,17
122585,1
122585,4
122585,6
168496,13
163544,3
163544,11
163544,16
135178,3
135178,16
204324,1
204324,2
204324,3
204324,16
166323,1
166323,2
166323,6
141857,1
141857,2
141857,6
141857,15
156096,1
156096,2
156096,3
156096,6
168163,1
168163,2
168163,6
166445,1
166445,15
167147,16
166409,1
166409,6
214896,12
214896,18
165439,1
165439,7
165439,9
136484,4
136484,12
136484,18
136484,19
109979,2
109979,4
109979,6
109979,18
167470,13
163542,1
163542,3
163542,4
163542,12
156101,6
156101,16
155168,2
155168,3
155168,6
155168,14
155168,16
150972,3
150972,6
150972,14
150972,16
166104,3
166104,14
166104,16
165356,1
165356,4
165356,6
165356,18
163263,1
163263,3
163263,12
163263,18
156105,3
156105,4
156105,6
145140,1
145140,2
145140,3
145140,4
145140,6
174649,1
174649,2
174649,6
169363,3
169363,15
154643,1
154643,10
154643,15
166829,8
166829,18
155302,1
155302,6
152802,2
152802,8
152802,18
169373,3
169373,6
160447,3
160447,4
160447,5
160447,14
160447,16
159831,1
159831,2
159831,3
159831,8
159831,18
139606,1
139606,6
139606,16
139435,3
139435,4
139435,14
139435,18
169512,3
169364,3
169322,3
169322,6
163136,6
159322,1
159322,2
159322,18
158530,4
158530,13
158530,15
156099,1
156099,4
156099,6
154745,3
154745,4
154745,14
150970,1
150970,2
149883,3
149883,6
149883,16
148465,2
148465,6
142598,1
142598,6
131863,13
131863,14
167145,14
167145,15
163294,6
163294,7
163079,2
163079,6
163079,14
161680,7
161680,14
161441,1
161441,8
156040,3
156040,6
156040,14
155971,3
155971,16
155418,2
155418,3
155418,6
142877,1
142877,4
142877,14
204619,1
204619,3
196246,1
196246,3
170220,6
170220,16
162983,4
162983,12
162983,18
145064,1
145064,4
145064,18
158830,3
158830,6
158830,16
158830,18
153360,2
153360,3
153360,6
147103,4
147103,14
147103,18
163205,1
163205,18
160188,3
160188,14
157397,3
157397,14
157397,16
153339,1
153339,6
153339,16
141914,3
141914,6
141914,16
137676,6
169375,1
169375,10
169375,14
169375,15
168253,7
146953,3
146953,14
146953,16
146836,1
146836,2
146836,3
146836,5
146836,6
146065,2
146065,4
146065,5
146065,6
166974,2
166510,1
166510,2
166510,3
166510,6
162893,1
162893,2
162893,4
162893,6
155982,1
155982,18
155730,3
155730,14
155730,16
154966,1
154966,2
154966,6
154966,12
154966,18
154391,3
154391,6
154391,14
141868,1
141868,2
141868,3
141868,4
169827,16
166614,11
163132,3
163132,14
163132,16
154789,3
153478,1
153478,2
153478,6
186715,13
175152,3
175152,6
166989,1
166989,13
166492,3
166492,6
166492,16
160850,1
160850,2
160850,4
160850,6
160850,9
160850,14
134088,1
134088,2
134088,6
134088,14
163571,4
163571,11
163571,16
163137,4
163137,14
163137,16
174981,1
174981,3
174981,6
166973,3
166973,6
208831,3
208831,15
169523,11
151513,6
151513,11
151513,16
166446,1
166446,6
137885,2
137885,6
137885,14
137683,1
137683,2
137683,6
137683,14
169087,3
169087,6
166988,3
166988,6
157654,11
157654,16
154967,4
154967,13
154967,18
155244,1
155244,6
166404,1
166404,6
166381,3
166381,6
166327,1
166327,2
166327,6
131680,1
131680,2
131680,6
169081,13
166324,1
166324,3
153632,7
166110,9
166213,8
166213,18
168997,6
162993,11
162993,16
148149,1
148149,2
148149,4
148149,6
148149,9
148149,14
214948,6
167247,3
137726,1
137726,6
122508,1
122508,2
122508,4
184296,6
184295,6
184295,14
184293,6
184293,14
175688,13
175358,16
175289,4
175289,16
175104,4
169797,4
165680,1
165680,6
183885,16
169516,3
169516,6
165749,1
165749,3
165749,12
165749,15
162482,7
161970,6
161970,7
160735,7
147622,7
134099,1
134099,2
134099,6
114606,6
114606,8
114606,12
109821,12
109821,14
109821,19
168553,4
133892,1
133892,4
133892,12
133892,13
170087,11
161440,11
179760,2
179760,6
163138,1
163138,15
164441,3
164441,16
184294,3
167644,4
167644,18
165679,1
165679,6
164875,3
164875,11
165056,4
153687,1
153687,13
153687,15
153687,19
147729,1
147729,4
147729,15
169370,1
169370,6
169370,15
165647,3
155322,1
155322,2
155322,6
164675,6
164675,18
164538,3
164538,6
164538,16
137671,1
137671,2
137671,15
206352,2
206352,4
206352,15
166325,1
166325,6
114107,1
114107,2
114107,4
160701,7
128643,3
128643,4
128643,14
128643,16
213634,11
164353,6
164353,15
164314,13
164314,18
143766,1
143766,3
143766,15
143766,18
141884,1
141884,4
156107,14
156107,18
166221,1
166221,2
166221,6
141896,3
141896,14
141896,16
169912,1
166223,2
166223,6
163825,1
163825,6
156083,1
164193,18
166050,5
156111,4
156111,14
129246,6
128715,4
128715,6
128715,14
156078,3
156078,6
156078,14
156085,1
156085,2
156085,3
156085,6
148370,4
148370,16
148370,17
161312,6
161312,7
158871,1
158871,2
158871,6
156841,4
156841,12
153452,1
153452,2
153452,4
153452,6
131251,3
131251,6
131251,16
181863,3
163943,3
163943,6
156100,1
156100,15
171728,16
164117,13
163417,1
163417,2
163417,6
156854,1
156854,15
150672,4
150672,12
150672,13
150672,18
141855,12
141855,19
168565,14
165525,3
165525,16
157198,1
157198,6
157198,18
157198,19
143653,14
143653,16
151847,3
151847,6
151847,12
151847,14
141872,3
141872,6
163621,8
163621,13
163621,18
163619,2
163619,6
158640,3
157765,11
155158,1
155158,4
155158,10
155158,15
148098,3
148098,14
147369,4
147369,11
145139,1
145139,2
145139,4
145139,6
145139,18
140754,2
140754,3
140754,6
179871,3
179871,6
179871,12
169097,16
160442,1
160442,3
160442,4
160442,14
160442,18
160173,16
159681,16
159681,17
159452,1
159452,3
159452,6
154412,3
154412,5
154412,14
151801,1
151801,3
151801,6
151606,4
151606,17
150957,3
150957,16
150957,18
141208,3
141208,14
141208,16
134226,16
134131,1
134131,3
134131,5
134131,9
155070,3
155070,15
155070,16
148109,1
148109,2
148109,3
148109,5
148109,6
146678,15
146234,3
146234,6
146234,14
141865,15
137612,1
137612,2
137612,12
137612,15
160829,4
160829,11
160829,16
154364,4
154364,6
154364,14
154364,16
154364,18
150075,2
150075,3
150075,6
149028,3
149028,4
149028,14
148048,1
148048,3
148048,4
148048,5
148048,6
146975,3
146975,4
146975,11
146975,16
131518,1
131518,2
131518,3
131518,15
154876,2
154876,3
154876,6
154876,9
154876,14
154876,15
184290,14
166062,1
166062,2
166062,3
166062,15
166062,17
162717,3
162717,16
156896,11
156896,16
153845,1
153845,2
153845,6
153845,14
141911,3
141911,14
141911,16
166220,1
166220,2
166220,6
166220,14
162840,16
147571,2
147571,3
147571,6
147571,14
144188,10
144188,15
127550,2
127550,3
127550,6
127550,16
168555,2
168001,16
163256,1
163256,2
163256,3
159560,1
159560,2
159560,15
159560,18
157295,3
157295,14
157295,16
154965,3
154965,4
154965,14
154650,7
154650,14
153332,1
153332,3
153332,6
153332,14
153152,3
153152,14
153152,16
151189,1
151189,4
151189,13
151189,19
144932,1
144932,2
144932,3
144932,6
144932,15
163823,1
163823,6
162312,3
162312,6
155783,2
155783,12
155783,15
155783,19
153344,3
153344,4
153344,14
153344,16
153344,17
151384,3
151384,13
151384,14
151384,16
128893,1
128893,2
128893,12
128893,18
191981,15
184758,4
184758,15
184757,18
176881,6
170982,16
169826,1
169826,6
159097,7
159076,6
159076,7
157664,7
140173,2
140173,6
116805,3
116805,11
116805,16
188804,1
188804,3
188804,10
188804,15
159839,3
159839,11
159839,16
159807,3
159807,5
159807,14
159807,18
204544,14
169768,3
169768,6
169361,14
169361,18
163203,18
168554,11
166217,1
166217,2
166217,6
163339,14
159730,11
159730,14
142684,1
142684,10
142684,14
142684,15
128344,11
159728,11
159727,4
159727,11
162778,13
162778,18
162716,3
162716,16
159726,4
159726,11
159726,18
157553,4
157553,16
206853,6
166059,3
166059,11
162960,14
159731,11
159731,16
152889,1
152889,2
152889,6
152889,14
186198,3
186198,6
186198,12
161505,4
161505,16
161505,18
169446,13
166052,3
166284,1
166284,3
166284,6
165607,11
162882,13
190325,3
168560,2
168560,4
168560,9
166060,2
166060,3
166060,12
166060,13
169542,3
169542,14
166038,6
166038,14
163821,1
163821,6
158991,1
158991,10
158991,15
162547,6
160088,3
160088,16
155399,1
155399,10
155399,15
172423,14
165559,1
165559,9
162529,13
146984,1
146984,4
146984,6
146984,12
146984,13
157919,7
152964,7
151896,2
151896,3
151896,15
146914,2
146914,4
146914,14
169824,1
169824,2
169824,6
166041,4
166041,6
166041,14
137639,2
137639,17
165526,1
165526,6
161981,1
161981,6
160982,3
160982,4
157631,6
157631,7
165524,1
165524,2
165524,6
163818,1
163818,6
162923,7
161632,2
161632,3
153553,7
152122,3
152122,14
152122,16
146743,3
146743,14
146743,16
140499,4
140499,11
154983,3
154983,11
154983,16
161923,1
161923,4
161923,13
166040,4
166040,6
166040,14
184761,2
184761,3
184292,14
159599,1
159599,2
159599,6
159599,14
157883,1
157883,6
157883,9
159569,3
160963,6
152556,3
152556,7
135429,8
135429,15
135429,19
131485,17
160962,13
160902,1
160902,16
159751,3
159751,14
160865,2
160865,15
141876,16
161468,6
163797,1
163797,6
160830,15
160830,16
156162,7
156161,6
156161,7
156017,7
154924,1
154924,2
154924,3
154924,12
151300,2
151300,6
151300,14
208209,4
208209,13
138056,1
138056,4
138056,6
138056,18
161445,13
165929,11
160382,1
160382,6
137641,1
137641,4
137641,6
137685,1
137685,2
137685,6
162613,3
126289,2
126289,6
159497,3
159497,16
158990,1
158990,10
158990,15
156053,17
155738,11
143201,4
143201,10
143201,15
150653,4
150653,8
150653,12
150653,13
150653,18
150653,19
129238,1
129238,2
129238,6
129238,14
160836,15
159494,3
159494,16
159494,18
159490,1
159490,3
159490,4
159490,12
159490,18
155068,1
155068,2
155068,6
138612,1
138612,2
138612,6
160147,3
156059,1
155997,4
187592,2
187592,6
187592,9
147133,1
147133,2
147133,6
199796,8
159582,1
159582,2
159582,6
159582,14
155839,1
155839,6
146954,1
146954,3
146954,6
146954,14
139213,1
139213,2
125869,1
125869,2
125869,4
125869,6
125869,12
160448,15
169830,1
169830,15
144144,4
144144,6
144144,15
137308,3
137308,6
137308,16
137308,18
116867,1
116867,2
116867,3
116867,6
116867,16
156067,2
156067,3
156067,6
148969,3
148969,14
148969,16
142849,1
142849,3
142849,5
142849,14
142849,18
142193,1
142193,2
142193,3
142193,6
141785,1
141785,18
136430,1
136430,2
136430,4
155291,1
155291,15
142914,3
142914,18
136435,16
136435,17
135778,1
135778,6
126529,3
126529,12
126529,14
126529,18
162285,6
160054,3
160054,14
160054,16
152765,3
152765,6
152765,16
151679,4
151679,6
151679,14
147216,11
147216,16
145665,1
145665,4
145665,6
145665,12
145665,13
145665,15
144553,1
144553,2
144553,6
144553,14
144553,18
144092,2
144092,3
144092,6
144092,16
142853,1
142853,4
142853,14
142853,18
140596,3
140596,14
140596,16
135102,2
135102,6
135102,16
130588,1
130588,6
169910,3
169910,6
155907,1
155907,3
155907,4
155907,16
155089,6
154969,11
154969,16
152523,6
152523,14
152523,16
151040,1
151040,4
151040,15
143338,14
143338,16
143064,3
143064,6
143064,14
196245,1
196245,3
163784,1
163784,6
159869,1
159869,6
158997,12
154785,3
154785,11
154785,16
148116,1
148116,2
148116,6
146850,6
146850,16
146346,3
146346,5
146346,14
146346,18
141880,1
141880,2
141880,3
139821,2
139821,6
139821,14
130696,1
130696,2
130696,6
155211,1
155211,2
155211,3
155211,6
155211,14
155202,1
153841,4
153841,16
153841,17
151806,3
151806,14
151806,16
147864,3
147864,5
147864,16
146323,1
146323,3
146323,4
146323,12
141062,11
141062,15
153629,6
153629,14
141249,1
141249,3
141249,12
141249,18
159690,3
159690,6
151252,3
151252,14
151252,16
151252,18
147511,1
147511,6
147511,18
137909,1
137909,2
137909,6
156091,3
156091,16
154982,3
154982,16
153492,1
153492,4
141895,6
169384,3
160236,1
159687,16
134097,1
134097,6
166251,1
166251,2
166251,3
166251,6
161927,17
159453,1
159453,2
159453,6
159406,13
159406,14
159110,1
159110,18
154887,3
154887,6
154887,7
168808,7
162802,3
162802,6
153494,1
153494,2
153494,6
153494,14
162284,3
160089,3
160089,6
158923,4
158869,2
158869,6
158869,18
157693,11
157693,16
157693,17
155221,3
155221,6
155221,14
155170,7
155169,7
155169,9
145739,4
145739,6
145739,12
140665,1
140665,3
158914,16
170074,16
141352,1
141352,2
141352,3
141352,6
158983,3
158983,6
163783,1
163783,6
158480,3
158480,6
158925,13
155925,1
155925,2
155925,3
187775,6
214947,6
214947,18
155220,1
155220,6
114123,4
114123,12
114123,15
114123,19
169794,2
169794,3
169794,6
165645,3
142298,1
142298,4
142298,12
142298,13
142298,18
142136,7
142136,14
158539,1
158539,3
158539,4
158539,18
153431,3
153431,16
150117,3
150117,16
166049,3
158230,3
158230,14
155325,1
155325,6
128207,17
158222,6
162726,3
184291,4
184291,14
121514,1
121514,3
121514,6
154076,7
151632,4
151632,5
151632,6
151632,14
141864,1
141864,8
141864,18
139498,1
139498,2
139498,3
139498,6
157181,1
157181,2
157181,6
141893,1
141893,6
153496,1
153496,3
153496,6
157653,16
157653,17
141212,3
141212,14
141212,16
165931,3
165931,6
157127,1
157127,6
157425,1
157349,18
114842,1
114842,10
114842,15
166046,3
166046,4
166046,6
166046,9
205873,2
205873,3
157347,13
157347,14
157062,15
166058,2
166058,6
159454,3
157331,1
142770,2
142770,6
142770,12
142770,18
153499,1
153499,2
153499,6
156809,4
156809,14
156809,16
175787,11
155328,1
155328,6
157419,16
157287,3
153346,7
150950,1
150950,2
150950,6
21294,1
21294,15
156189,6
126389,4
169767,3
169767,6
156750,14
170058,6
156153,1
156153,11
155327,1
155327,6
155193,3
140660,1
140660,6
154979,16
152881,7
151018,7
145069,6
145069,7
155093,1
155093,6
154937,3
154937,16
153930,3
153930,14
156008,13
156001,3
156001,6
153791,6
153791,16
151067,3
141877,3
141877,14
139806,1
139806,3
139806,15
139806,18
126390,1
126390,15
158643,16
155200,16
138565,2
138565,4
138565,6
138565,13
138565,18
157294,3
157294,6
155195,3
140999,1
140999,2
140999,6
140999,14
168564,3
146489,4
146489,15
155884,1
155884,18
175347,3
175347,14
175347,15
175347,18
155723,1
155723,6
148401,3
148401,16
146962,3
146962,15
146962,16
146962,18
155692,1
155692,6
172844,1
143277,3
143277,14
143277,15
143277,18
126425,3
126425,16
152207,3
152207,16
135660,8
135660,15
135660,19
146676,3
146676,4
146676,5
146676,14
146676,15
127230,1
127230,4
127230,8
127230,18
147885,3
147885,16
146438,11
146438,16
116674,1
116674,2
116674,18
155626,13
155626,18
141400,3
141400,5
141400,6
142481,3
142481,4
142481,17
141949,3
141949,4
141949,5
141949,14
137822,1
137822,4
137822,17
130003,3
130003,11
130003,16
150188,3
139092,3
139092,6
139092,18
136150,2
136150,6
155634,14
155222,1
155222,2
155222,6
152292,7
151803,1
151803,3
151803,4
151379,1
151379,3
151379,4
142541,10
142541,15
141870,1
141870,6
139311,14
139311,15
139310,14
139310,15
135515,3
168559,16
144533,4
144533,14
142985,1
142985,4
142985,10
142985,15
141861,2
141861,6
141861,15
140439,1
140439,3
140439,4
140439,13
140439,16
140439,18
131516,16
158570,3
158570,6
158570,18
155775,4
155775,16
155196,3
155196,16
154545,3
154545,12
154545,13
154545,19
146233,1
146233,3
146233,5
146233,6
131182,2
131182,3
131182,16
130298,1
130298,3
130298,6
145604,1
140005,3
140005,12
137704,1
137704,6
137704,15
125910,11
155348,1
155348,2
155348,4
155348,6
155348,18
154828,1
154828,2
154828,6
154672,3
154672,16
142343,1
142343,2
142343,3
139369,6
139369,16
204618,1
204618,3
162271,10
162271,15
155526,16
155345,3
155345,16
155011,1
155011,2
155011,4
155011,6
155011,8
155011,18
146475,8
146475,18
143086,3
139274,1
139274,4
139274,10
139274,15
128890,4
128890,11
128890,13
210071,1
210071,15
158669,13
150695,2
150695,6
145815,2
145815,3
145815,6
145815,16
142838,1
142838,3
142838,16
142838,18
142701,4
142701,6
142701,12
142701,18
139630,1
139630,2
124395,3
124395,5
124395,14
124395,16
155496,3
155496,6
155179,4
155179,16
151631,7
151414,7
151411,2
151411,6
151411,7
148970,1
148970,4
148970,15
141852,1
141852,3
141852,6
137341,3
137341,6
137341,16
129244,1
129244,2
129244,6
212435,4
212435,14
155171,4
155171,11
155171,16
156571,16
156571,18
153322,3
153322,17
139587,1
139587,2
139587,6
170659,3
170659,16
137679,6
146921,1
146921,2
146921,6
146921,13
208067,4
155092,1
155092,6
155003,14
139820,3
139820,6
139820,14
139820,18
154678,9
154678,16
144687,1
144687,6
144687,9
189708,3
155199,3
155199,16
154834,1
154834,13
155841,12
154955,3
154955,6
141897,4
141897,13
141897,15
139643,2
139643,4
139643,12
139643,18
154953,13
154895,18
166218,1
166218,15
137819,3
137819,12
137819,13
137819,14
137819,15
120377,1
120377,4
120377,13
120377,15
154591,1
154591,15
157800,16
154468,3
154468,15
153567,3
153567,5
153567,16
142769,4
142769,14
142769,18
154341,1
154341,6
153412,1
153412,2
153412,3
154150,1
154150,2
154150,6
154150,14
151072,7
132055,11
188827,1
188827,10
146722,1
146722,2
146722,4
146722,18
122516,4
122516,14
122516,18
169770,6
137677,6
154688,2
154688,16
142173,6
142173,11
142173,16
182545,3
150157,7
147929,7
125440,3
125440,16
193414,3
193414,16
155842,4
154020,12
154020,13
126439,1
126439,6
177458,3
156865,15
146321,11
146321,16
138611,1
138611,2
138611,6
138065,6
125261,4
125261,16
125261,17
122511,1
122511,4
122511,6
157648,16
153906,1
153906,17
153906,18
159052,11
153986,4
153986,11
153986,13
153777,1
153777,6
153775,3
153775,16
153418,1
153418,2
153418,6
159455,16
153507,6
153424,1
153424,2
153424,6
153424,14
151280,1
151280,2
151280,6
153982,4
151691,3
151691,6
151691,16
151691,18
155005,9
155005,15
156061,8
154418,1
154418,2
154418,6
154418,15
141902,1
141902,2
141902,3
141902,4
141902,6
141902,11
153348,2
153348,3
153348,16
146632,1
146632,10
146632,15
136459,7
153287,18
148042,3
148042,16
141351,4
141351,12
141351,13
150575,2
150575,3
150575,15
150575,16
150575,18
122509,1
122509,2
122509,6
187517,3
149073,1
149073,3
149073,17
131912,1
131912,4
131912,12
131912,18
153200,1
153200,2
153200,6
153146,3
153146,11
153146,14
151659,1
151659,2
151659,6
137728,1
137728,2
137728,6
132530,3
132530,16
132530,18
122531,16
152962,5
152488,2
152488,6
151635,3
141879,2
141879,3
141879,6
148148,7
148147,7
148112,7
144506,7
126394,12
126394,15
153278,15
146501,11
146501,16
153840,3
153840,17
143082,3
143082,14
143082,16
141881,3
141881,6
141873,1
141873,6
133730,1
133730,6
152804,15
152804,16
141866,6
141866,12
141866,18
134102,3
149326,3
149326,14
149326,16
152213,1
152213,2
152213,6
152213,14
141900,1
141900,2
141900,6
134101,1
134101,3
134101,6
169383,3
150697,3
150697,18
148179,4
148179,12
148179,13
148179,18
146631,1
146631,10
146631,15
129251,1
129251,2
129251,6
129196,1
129196,2
129196,3
129196,6
129196,14
151313,3
148334,2
137742,1
137742,3
137742,6
152603,16
154539,3
152633,11
152472,6
152472,11
140642,11
140642,16
137730,1
137730,6
152636,1
152636,16
137602,2
137602,6
137602,15
196244,1
196244,3
155525,11
155525,16
150909,13
148960,11
146565,3
146565,6
146565,14
146922,10
146922,15
130592,3
130592,6
130592,14
130592,16
140753,11
146637,1
146637,2
146637,3
146637,6
148492,1
148492,15
145001,11
145001,17
142876,1
142876,2
142876,3
142876,15
137621,3
137621,6
137621,16
136707,6
126402,4
126402,16
151634,3
151634,6
151634,16
145260,1
145260,2
145260,6
144509,4
144509,15
144509,16
144323,1
144323,3
144323,4
144323,13
144323,18
139093,6
139093,8
139093,12
139093,16
139093,18
154540,3
147430,7
146650,1
146650,6
146583,6
144858,3
144858,16
144858,18
141391,3
141391,13
141391,14
141391,16
141391,18
135177,2
135177,3
132804,3
132804,16
128223,3
128223,14
128223,16
122688,1
122688,2
122688,4
122688,6
140187,1
140187,3
140187,17
138882,3
138882,16
153966,4
149874,6
149874,16
136934,3
136934,14
135806,2
135806,3
135806,6
127090,4
127090,5
127090,6
127090,14
124641,3
124641,16
124641,18
117196,2
117196,3
117196,6
117196,9
117196,14
117196,15
114745,2
114745,4
114745,6
114745,8
114745,12
114745,15
154385,3
151898,3
151898,6
147212,6
146210,5
146210,6
146210,14
141878,3
141878,14
139212,1
139212,2
133844,1
133844,2
133844,6
146648,3
145545,4
145545,12
145545,13
136796,6
136796,7
136796,14
129192,1
129192,2
129192,3
129192,6
122522,6
151511,6
146668,1
146668,6
146668,15
146625,1
146625,3
146625,14
146625,18
145468,12
145468,15
112640,1
112640,4
112640,6
112640,15
103118,11
158639,3
152212,1
152212,2
152212,6
152212,14
149095,1
149095,6
143417,3
143417,16
143270,1
143270,16
142095,3
142095,11
142095,18
141775,17
136064,3
136064,4
136064,17
124410,3
124410,4
124410,14
98577,3
98577,16
151743,6
147578,7
104460,3
104460,16
153765,3
153765,9
144677,1
144677,2
144677,3
144677,5
144677,6
137734,3
137734,16
129250,6
169917,16
160856,3
160856,6
151126,1
151126,2
151126,3
151126,6
150080,1
150080,6
147287,7
146951,7
146837,7
146742,7
146741,7
145916,11
151063,3
151063,6
137643,1
137643,6
108353,1
108353,2
108353,15
151196,15
140765,12
214077,3
163822,1
163822,2
163822,6
150947,1
150947,2
150947,6
152211,1
152211,2
152211,6
152211,14
133898,1
133898,2
133898,6
133898,15
138425,3
138425,14
138425,16
117074,3
117074,6
150583,3
149810,6
150546,13
150546,18
146282,6
146282,7
139273,10
139273,15
130705,4
188064,2
149703,6
137736,1
137736,2
137736,6
154173,3
150202,13
129652,1
129652,15
109928,2
109928,11
109928,18
144996,7
174125,3
154176,3
154176,14
154176,16
154178,3
117756,1
117756,12
117756,13
117756,15
149847,15
149799,1
149799,2
149799,6
149799,14
149701,6
141882,1
141882,3
141882,6
150700,2
143388,1
143388,9
143387,10
131520,3
131520,4
131520,14
131520,16
130305,1
130305,3
130305,4
130305,6
130305,16
149498,6
149498,14
145813,2
145813,6
136303,1
136303,5
136303,18
108357,1
108357,2
108357,4
108357,6
108357,11
108357,15
113689,6
113689,9
149038,4
183474,3
213379,3
213379,17
147887,3
147887,16
148226,1
148226,6
122670,1
122670,2
122670,6
150542,13
150542,18
146553,1
146553,2
146553,6
146553,15
132232,4
132232,12
132232,13
132232,18
158671,2
148295,2
148295,3
146409,1
146409,2
146409,6
145016,6
145016,7
142455,14
142455,15
142455,17
142455,18
141898,4
141898,12
141898,13
141898,14
148819,3
148104,1
148104,2
148104,5
148104,6
147886,1
138700,4
138700,12
138700,13
138700,19
133866,1
133866,6
114108,1
114108,6
149071,1
149071,2
149071,6
146729,3
132052,3
132052,14
177060,3
177060,16
159581,1
159581,2
159581,6
159581,14
146730,3
126369,3
126369,6
172896,1
172896,10
142549,3
133124,4
133124,17
151780,9
141869,1
141869,6
181831,3
158564,14
170056,4
170056,18
146512,2
146512,3
146512,6
147777,1
147777,2
142219,1
142219,4
142219,12
141368,7
137698,1
137698,6
129201,1
129201,4
129201,12
129201,18
129201,19
126367,1
126367,6
109911,1
109911,4
109911,15
146541,6
143150,3
143203,6
143203,10
143203,15
121176,4
121176,6
121176,16
144676,3
141350,3
141350,18
140350,1
132351,2
132351,3
132351,6
132351,16
127911,3
127911,14
127911,16
179870,3
179870,6
179870,12
146552,3
146552,6
142016,3
142016,16
140960,1
140960,3
140960,16
140960,18
134732,17
132171,4
132171,14
132171,16
132171,17
125367,3
125367,13
125367,14
125367,16
169379,3
146886,3
146886,6
133175,1
133175,2
133175,3
133175,5
133175,6
132010,1
132010,3
132010,14
132010,18
123330,3
123330,6
123330,9
123330,16
117197,1
117197,3
117197,4
116605,1
116605,3
116605,5
116605,10
116605,14
116605,15
149098,3
142984,3
142984,14
142984,16
138459,4
138459,11
138459,16
135384,3
135384,16
135384,18
132474,1
132474,2
132474,3
132474,6
154081,3
141014,4
141014,12
141014,13
141014,19
140830,4
140830,16
140830,17
140787,2
140787,3
132532,16
130586,1
130586,5
130586,6
130586,14
130319,3
130319,6
130319,16
111321,1
111321,2
111321,6
140457,1
140457,2
140457,3
140457,6
140002,1
140002,3
140002,4
140002,16
146488,1
146488,10
146488,15
144853,16
141136,7
141136,14
141136,16
140842,3
140842,16
133412,11
133412,16
133412,18
204617,1
204617,3
148376,3
148376,18
146865,1
146865,2
146865,3
145968,1
142842,1
142842,6
142842,15
142074,1
142074,6
142074,10
142074,14
139303,1
139303,15
136080,4
136080,9
136080,13
136080,19
132526,1
132526,15
143455,3
140085,6
138452,4
138452,17
137633,17
137281,3
137281,14
137281,16
133891,11
133891,16
129193,1
129193,2
129193,4
129193,6
125124,3
125124,14
207211,3
200372,16
151660,1
151660,3
147226,6
143286,7
143080,4
143080,12
143080,13
143080,19
155897,6
155897,15
146934,12
146934,13
141774,3
141774,4
141774,11
141774,18
155913,11
155910,18
155736,15
146923,13
144336,16
136226,1
136226,5
136226,6
136226,18
200647,2
200647,3
200647,6
148836,14
148836,16
146866,3
146866,17
125447,3
125447,16
143508,1
143508,2
143508,3
143508,6
149974,6
143065,7
135513,7
143846,1
143846,2
143846,6
143846,13
137337,3
137337,16
187219,3
187219,15
170823,3
170823,6
149099,3
146503,3
146503,6
146497,6
142806,3
142806,12
140955,3
140955,6
124032,1
124032,4
124032,6
124032,15
147930,14
146485,17
141534,2
141534,4
141534,6
146471,1
146471,17
146554,17
207215,13
172973,2
172973,3
172973,6
147728,3
146441,13
138833,7
172179,6
172179,14
146140,11
146140,16
139589,3
139589,4
139589,16
130550,4
130550,6
130550,12
147941,13
146208,4
144916,3
144916,16
141907,11
141907,16
138379,4
138379,17
126783,2
126783,3
126783,15
143289,1
143289,15
188068,2
170443,12
170443,16
145919,6
145919,12
145919,18
142229,7
142117,7
142116,7
113345,11
139170,6
189068,2
189068,3
189068,15
145608,16
145608,17
162745,2
162745,6
155346,16
146397,1
146397,15
145478,8
145478,12
145478,18
145210,1
145210,2
145210,6
145210,14
142553,17
146887,3
146887,16
145508,6
145388,16
136302,2
136302,3
136302,4
136192,4
136192,14
143663,12
143663,14
143663,18
146442,12
142411,1
142411,3
145925,17
145012,1
145012,6
145012,15
146131,15
145994,3
145994,6
145994,9
145994,16
170013,1
170013,10
170013,15
145209,14
147190,13
152005,3
145059,2
145059,6
140321,7
145063,4
145063,6
145063,13
144990,16
195934,4
195934,13
195934,16
195934,18
145895,1
145830,3
145830,6
145830,16
144991,13
144991,14
146885,1
146885,3
146885,6
142080,1
142080,6
142080,9
123752,1
123752,2
123752,4
147989,15
140431,7
140320,7
134070,10
102891,1
102891,2
102891,4
102891,6
151779,2
151779,3
151779,15
145852,3
145852,16
143620,2
139669,3
139669,17
133661,1
133661,2
133661,4
184374,1
140502,4
140502,17
137378,18
186619,7
126391,2
126391,4
126391,6
144992,3
144451,3
144451,16
141887,1
141887,2
141887,4
140883,7
138717,4
138717,14
129243,1
129243,2
129243,6
101705,2
101705,15
153843,3
153843,16
145824,1
145824,6
145823,3
145823,16
141132,1
141132,2
141132,6
137740,3
137740,6
137740,16
137740,18
143485,3
143485,16
143485,18
137738,1
137738,2
137738,6
137738,14
178150,4
178150,11
178150,16
142794,1
142794,2
142794,6
139592,1
139592,2
139592,6
137725,2
137725,4
137725,14
126400,1
145708,18
143483,3
143483,16
136436,3
136436,6
136436,16
176912,18
176912,19
133786,6
144189,18
146582,6
146582,16
141899,3
141899,6
135136,1
135136,4
135136,6
135136,12
135136,18
148932,16
138912,16
175343,6
141871,3
141871,6
139675,3
139675,11
139675,16
112323,1
112323,2
112323,6
112323,13
143612,15
134252,2
134252,3
134252,6
134252,14
127050,1
127050,13
127050,14
119056,2
119056,6
149346,3
149346,16
143621,14
143415,3
137247,6
130591,1
130591,2
130591,6
129190,3
129190,6
122808,1
122808,2
122808,3
122808,6
142826,8
142826,18
142216,3
142216,11
141874,3
141874,14
139804,1
139804,15
139804,17
135848,6
135848,7
135848,14
131681,1
131681,4
131681,6
131681,12
131681,13
126288,3
126288,14
126288,16
144993,16
144852,3
141063,3
139648,1
139648,2
139648,6
139648,14
136428,3
136428,6
132405,3
132405,5
132405,14
132405,16
131548,16
124060,1
124060,4
124060,18
112719,17
109820,1
142274,1
142274,3
142274,15
138424,3
138424,14
138424,16
129191,1
129191,2
129191,3
129191,6
129191,14
129191,16
128828,1
128828,4
125682,11
169377,3
169377,11
169377,16
146004,3
146004,16
145814,4
145814,14
145814,18
145405,1
145405,17
127549,16
127549,17
118465,5
118465,15
140643,12
140643,15
128400,1
128400,2
128400,18
128034,1
128034,2
128034,3
128034,6
189717,3
143413,16
140950,11
137312,3
137312,4
137312,16
130166,2
130166,6
141890,1
141890,6
140430,7
137745,1
137745,15
117765,11
140700,16
140700,17
136344,4
136344,6
136344,12
130389,1
130389,14
130389,15
130389,18
151778,2
151778,3
151778,6
134283,1
134283,15
146347,2
146347,6
143145,15
142716,6
137739,1
137739,2
137739,6
137739,14
143118,7
114106,4
114106,6
114106,15
145857,6
145705,3
145705,18
144803,3
139883,7
139637,7
139466,5
139466,16
139451,3
139451,5
139451,14
139451,16
138360,7
133787,1
133787,6
131573,1
131573,18
121532,7
145611,1
145611,6
143328,15
118201,1
118201,6
148820,14
148820,18
142808,4
142808,6
142808,14
142808,16
142808,18
134469,7
134089,1
134089,6
131994,1
131994,3
131994,4
127619,3
127619,11
127619,16
150506,1
150506,2
150506,6
132312,1
189509,3
113363,1
113363,15
213428,16
129245,1
129245,2
129245,6
169404,6
169404,16
142458,3
154386,3
154386,16
120125,1
120125,2
120125,6
177411,1
177411,2
177411,6
177411,14
131477,16
142329,1
142329,2
142329,6
142329,18
144811,2
144811,3
145709,16
145709,18
130558,6
130558,15
130558,16
125841,3
125841,4
125841,11
125841,16
125841,17
120220,1
120220,6
145898,1
145898,2
145898,3
145316,11
143309,4
134710,4
134710,11
134710,14
134710,16
131942,1
131942,2
131942,4
131942,18
142217,16
142052,11
142052,16
137675,6
137675,14
142178,1
142178,2
142178,6
181468,4
181468,16
132679,1
132679,3
132679,11
132679,16
154247,1
154247,6
154247,14
154247,18
138658,7
138411,7
98471,1
98471,2
98471,4
98471,10
98471,15
145829,1
145829,2
145829,6
109946,1
109946,4
109946,18
109946,19
119956,4
142033,13
142172,15
141802,1
141802,2
141802,6
141802,14
154974,11
140788,7
141779,3
137709,4
137743,1
137743,2
137743,6
137743,14
140645,1
140645,2
140645,6
139386,1
139386,4
139386,18
105931,1
105931,15
145958,3
145958,18
141528,6
138899,1
138899,12
138899,15
130050,4
130050,18
141959,16
141959,18
141328,18
141309,2
141056,2
141056,6
141056,13
130033,4
130033,10
130033,15
125931,3
213463,3
147013,1
145799,3
141329,13
141329,18
141325,16
141073,1
189085,3
141055,6
146415,15
137729,1
137729,2
137729,6
148471,6
146348,2
146348,6
139986,1
139986,2
139986,6
139986,14
139563,3
126357,1
126357,3
126357,6
124140,1
124140,2
124140,6
124140,14
139353,3
137264,7
132893,2
132893,15
123899,11
123899,15
160205,14
160205,16
154198,3
139564,3
139564,6
137678,6
169825,11
116010,1
116010,3
116010,6
149454,3
149454,6
140701,18
140689,11
135864,1
135864,6
135864,9
145893,6
140687,13
165557,3
165557,14
139436,3
135645,10
139434,3
137799,6
137799,7
133411,16
132300,3
132300,6
132300,11
113717,1
113717,2
113717,4
113717,6
177230,2
177230,3
177230,6
136947,1
136947,2
136947,15
132528,3
135432,1
135432,2
135432,6
131878,1
131878,3
131878,10
131878,15
126393,1
126393,10
126393,15
143287,3
143287,10
140175,3
140175,16
140175,18
140168,12
140168,13
134623,1
134623,2
134623,3
134623,12
132525,1
132525,15
129874,1
129874,2
129874,4
129874,6
129874,12
129874,18
127400,1
127400,15
126363,3
126363,16
120646,3
120646,14
120646,16
105119,15
140252,4
139348,3
139348,14
132545,3
132545,4
132545,14
132473,1
132473,2
132473,6
132473,12
132473,13
131584,11
131584,18
127412,3
127412,4
127412,14
127412,16
137757,1
137757,2
137757,6
129549,1
129549,10
129549,11
129549,14
129549,15
129549,18
127401,4
127401,12
127401,13
127401,14
127401,18
118390,2
118390,18
118126,1
118126,10
118126,11
118126,14
118126,15
112019,1
112019,15
135171,3
135171,11
133965,3
133965,14
133965,16
132193,3
132193,16
126368,1
126368,4
126368,18
112716,1
112716,4
112716,10
112716,14
112716,15
108987,2
108987,10
108987,15
140081,18
131565,1
131565,6
131565,11
129898,1
129898,2
129898,4
129898,6
129898,12
129898,14
126793,11
126793,16
126793,17
126213,1
126213,2
126213,6
126213,14
126213,16
140163,11
131005,6
131005,10
131005,15
130962,3
130962,16
129068,2
129068,3
129068,6
129068,14
128827,1
128827,2
138063,7
138063,14
131019,4
131019,14
131019,15
131019,18
127720,2
127720,4
127720,5
127720,6
118103,3
118103,18
204616,1
204616,3
140162,6
137309,1
137309,2
137309,6
137309,8
137309,12
137309,15
136119,9
136119,11
136119,16
133510,16
132071,1
132071,3
132071,4
132071,19
131586,1
131586,4
131586,10
131586,15
131083,3
131083,8
131083,16
131083,18
129259,1
126897,4
126897,12
126897,18
109745,1
109745,3
109745,11
109745,15
139479,3
137227,16
137227,18
135939,3
135939,16
132806,6
132806,16
131264,1
131264,2
131264,6
129973,6
129973,7
129973,14
122292,1
122292,4
122292,6
122292,9
122292,13
138383,17
136221,16
136049,7
126790,11
126790,16
87502,10
87502,15
139811,1
139811,2
139811,4
139772,6
139772,16
139351,3
139351,6
139351,16
136829,3
136829,6
136829,14
136829,16
124195,1
124195,17
148293,16
134081,1
134081,4
134081,6
134081,14
120205,2
120205,6
120205,18
146315,13
140601,2
140601,16
139813,17
128705,4
128705,16
139375,7
136270,7
136190,7
122631,1
122631,4
122631,12
122631,13
122631,18
139586,1
139586,3
129759,1
129759,2
129759,15
157304,3
157304,4
157304,6
157304,9
155201,16
138060,1
138060,2
138060,15
136143,6
136143,16
188943,3
208066,4
139449,5
139449,16
137877,3
137877,5
137877,14
137877,16
137686,4
154068,16
140101,1
140101,6
139304,7
107203,4
107203,16
107203,17
183160,6
183160,18
139276,14
138714,4
138714,18
139342,2
139342,3
139342,16
137804,3
137804,16
126186,10
126186,15
126186,16
163831,6
163831,9
139228,9
139228,15
150505,1
150505,2
150505,6
138880,13
138880,18
130713,4
130713,6
130713,18
138699,1
138699,6
140371,16
122652,1
122652,2
122652,6
122652,14
139751,4
139751,14
139751,16
188826,1
188826,10
134288,7
113254,1
113254,3
113254,17
138716,15
188062,2
169746,1
169746,10
169746,15
139074,13
138260,3
134946,2
134946,6
134946,7
132209,6
132209,7
125838,6
118743,1
118743,4
118743,6
118743,9
143290,13
138351,3
138351,14
137075,11
137075,15
206845,4
138345,1
138345,11
138345,15
137761,1
137761,2
137761,6
137761,14
137761,18
136397,9
138120,18
138119,16
116676,3
116676,16
116610,11
138064,6
140882,16
127371,3
127371,14
127371,16
138109,14
138109,15
138047,14
137978,13
133774,1
133774,6
122052,1
122052,2
122052,14
139588,8
139588,18
132381,2
132381,14
132381,18
138271,2
132698,3
132698,6
132698,12
132444,1
132444,3
140008,6
137939,16
137898,16
137806,14
137800,5
138446,16
140028,3
129263,4
129263,14
138530,13
121467,1
121467,2
121467,4
121467,6
121467,12
121467,18
140103,2
140103,6
137983,17
132203,7
126659,1
126659,2
126659,15
186150,1
186150,3
186150,9
139079,3
139079,16
137537,1
137537,15
150742,14
132456,3
132456,6
132456,16
132456,18
117002,4
117002,9
117002,12
117002,13
117002,19
115853,2
115853,6
134116,7
133483,7
127331,3
116756,1
116756,6
116756,18
115833,1
115833,10
115833,15
137850,15
136657,16
126440,3
126440,16
157074,3
136137,3
122671,1
122671,6
120321,1
120321,2
120321,6
138106,3
138106,6
120208,6
168583,13
168583,16
136635,3
136706,2
136706,6
130190,1
130190,6
126397,6
126397,16
122434,1
122434,2
122434,6
137039,16
136461,1
136461,6
136461,18
132324,1
132324,10
132324,15
107625,14
107625,16
136582,3
136582,6
136582,16
136582,18
137275,2
137275,6
136309,15
128703,3
128703,16
126350,1
126350,6
137613,6
126347,6
126347,12
126347,18
139527,1
139527,6
137894,13
136862,1
136862,6
132126,4
132126,12
132126,13
132126,15
132126,18
131880,3
131880,18
128077,7
127271,4
127271,11
127271,12
127271,15
136795,11
136795,17
126366,1
126366,6
125868,4
125868,12
125868,13
125868,15
125868,18
140099,16
117989,3
117989,5
117989,14
117989,16
126047,1
126047,4
126047,18
114118,1
114118,2
114118,15
140079,14
135108,8
135108,18
139409,11
114979,11
114979,16
136569,6
135923,3
135923,16
130997,1
130997,2
130997,4
130997,6
127366,1
127366,4
127366,6
139106,1
139106,14
139106,15
131783,1
131783,3
128545,4
128545,16
128545,18
127227,3
127227,16
120608,3
120608,6
116740,4
116740,16
131009,1
131009,2
131009,6
124494,1
124494,8
124494,15
107717,3
107717,6
107717,16
139754,3
139754,6
139752,5
139752,16
136538,3
125909,11
125206,1
125206,2
125206,3
125206,6
114302,3
114302,6
114302,16
180850,3
180850,16
138402,16
137102,2
137102,3
137102,4
137102,6
136517,3
136517,16
136474,16
126546,1
126546,4
126546,6
126546,14
126432,1
126432,6
116742,1
116742,2
116742,3
116742,6
112802,3
112802,16
136263,1
136263,2
136263,6
135801,1
135801,12
135801,15
128947,3
128947,7
128947,14
136512,3
136512,16
136360,13
136360,14
130549,4
130549,17
129277,3
129277,4
129277,14
129277,18
128712,3
128712,4
128712,12
128712,14
128712,18
127721,4
127721,11
127721,13
125640,1
125640,10
125640,15
125446,4
125446,16
117612,1
117612,2
117612,6
117612,14
131646,1
131646,4
131646,6
131646,12
131646,18
130392,3
130392,16
127688,6
127688,15
126360,6
126192,3
126192,5
126192,14
126192,16
120209,3
120209,6
120209,14
120209,16
114065,4
114065,14
114065,16
130692,7
128740,1
128740,2
128740,3
128740,5
128740,6
136619,3
136619,6
131150,1
131150,2
131150,6
131150,15
131150,18
131149,8
131149,12
131149,13
131149,18
131149,19
122441,2
122441,6
131773,1
131773,4
131773,6
131773,12
131773,13
131773,15
131773,19
115900,3
115900,4
115900,14
115900,15
136146,1
136146,2
136146,6
136146,14
131826,7
121180,9
117764,11
115895,3
115895,6
110224,1
110224,2
148002,3
147996,1
147996,2
135866,1
135866,6
145555,3
143456,8
143456,13
136307,13
136307,18
135836,3
135836,16
150006,1
150006,2
150006,6
127399,1
127399,4
127399,6
127399,18
143315,8
143315,13
143293,1
143293,2
117573,6
117573,12
117573,14
137339,3
127958,3
127958,4
127958,16
126275,1
126275,4
126275,15
123645,4
123645,17
105595,1
105595,4
105595,10
105595,15
129239,6
139649,13
139649,15
135572,2
135572,15
136206,11
130074,7
130073,7
113024,1
113024,4
113024,11
113024,13
99900,3
99900,4
99730,1
99730,4
99730,10
99730,15
140878,13
127149,3
127149,6
127149,18
122630,1
122630,2
122630,6
143755,4
143755,16
136145,12
136145,18
134120,4
134120,13
133413,3
133413,6
130654,7
130653,7
109217,2
109217,15
134413,3
134413,16
101216,1
101216,3
101216,6
136946,3
136946,6
136946,16
134840,4
134840,14
134840,18
138683,1
138683,6
138683,15
134168,1
134168,2
134168,6
134168,14
134168,18
140377,16
134107,1
134107,2
134107,6
129963,6
133869,6
132305,1
132305,15
125368,3
125368,5
125368,14
125368,16
138676,1
138676,6
138676,15
138554,3
138554,16
129222,1
129222,2
129222,6
139229,2
139229,3
139229,6
134289,13
134045,1
134045,8
134045,15
121528,1
121528,2
121528,4
121528,18
103277,1
103277,6
136779,11
136779,16
140027,13
140026,13
150504,1
150504,2
150504,6
133728,1
133728,4
133728,6
133728,14
137270,14
127363,3
127363,14
213462,3
134861,17
129228,1
129228,2
129228,6
138679,1
138679,6
138679,15
126833,1
126833,4
126833,8
126833,10
126833,12
126833,15
126833,19
138550,3
136646,11
136646,14
136646,16
133425,12
133425,18
129115,7
128623,7
126403,4
126403,12
126403,18
126403,19
133340,3
131930,1
131930,6
131930,10
131930,15
123375,2
123375,4
123375,14
158611,16
139096,6
131647,3
131647,15
130058,7
127368,1
127368,2
127368,3
127368,5
127368,6
127368,14
139297,4
139297,6
126395,16
132527,6
126354,1
126354,6
139300,16
131239,1
131239,2
131239,3
131239,18
139120,13
129750,7
120218,1
120218,2
120218,6
117763,11
188619,6
188619,16
188619,18
114114,3
114114,14
136165,14
121477,3
138685,1
138685,6
138685,15
137333,3
168627,13
168627,16
116338,3
116338,6
116338,18
132283,6
114112,2
114112,6
114112,12
113653,1
113653,4
113653,12
131475,4
131475,14
125867,1
125867,4
125867,17
135381,3
135381,16
124675,3
124675,14
139397,1
139397,15
188825,1
188825,10
136135,3
133849,11
133849,16
132467,3
131650,3
131650,6
128369,3
128369,8
128369,16
114535,2
114535,4
114535,6
114535,13
114535,18
131649,3
130777,2
130777,3
130777,6
130777,9
130777,16
125038,6
125038,8
125038,12
125038,16
125038,18
120697,3
120697,14
120697,16
120534,1
120534,2
120534,15
120534,17
120120,1
120120,4
120120,14
120120,18
119683,1
119683,2
119683,3
119683,6
119683,15
116589,1
116589,4
116589,10
116589,15
113428,3
113428,12
113428,15
149086,13
129814,4
129814,6
129814,9
129814,13
120376,1
120376,18
119042,3
119042,16
112608,2
112608,3
112608,6
112608,16
131675,1
131675,2
131675,6
131675,15
130445,3
130445,18
128737,1
128737,10
125839,3
125839,4
125839,17
117448,3
117448,5
117448,6
128399,5
128399,9
128399,16
126664,1
126664,10
125426,3
125426,16
110733,3
110733,11
110733,18
132096,3
132096,16
130516,3
130516,15
126791,1
126791,3
126791,5
126791,6
126791,14
113418,16
131929,1
131929,6
128547,4
128547,12
128547,13
128547,19
124194,3
124194,4
124194,13
124194,14
124194,16
124194,18
123802,6
123802,14
123802,16
116741,2
116741,3
116741,6
116741,16
115183,1
115183,4
115183,15
115183,18
129801,7
129801,14
129386,1
129386,6
114232,4
114232,14
114232,16
130584,1
130584,2
130584,3
130515,16
130512,2
124858,4
124858,12
124858,13
124858,19
123494,4
123494,17
122562,2
122562,12
122562,18
116588,1
116588,2
116588,3
116588,5
116588,6
116588,15
113359,1
113359,4
113359,15
113359,17
112376,3
112376,6
132697,3
132697,6
132697,12
131648,3
130442,3
130442,17
128546,1
128546,4
128546,11
128546,15
128546,19
122348,4
122348,11
122148,3
122148,16
121962,1
121962,2
120859,1
120859,4
120859,17
119806,1
119806,4
119806,6
139682,3
139682,6
131866,3
131866,6
131866,16
130253,1
130253,2
130253,3
130253,15
130253,17
127126,7
126835,2
126835,3
122322,11
122322,16
122039,1
122039,6
113950,1
113950,10
113950,14
113950,15
138182,16
132516,6
132516,14
131867,1
131867,6
125351,3
119675,1
119675,2
119675,3
119675,18
129664,1
129664,18
134060,16
131927,3
131927,15
131755,2
131755,12
131755,13
131755,18
130513,3
114840,3
114840,14
114840,16
131047,15
122639,1
122639,2
122639,6
122639,12
122639,14
131991,1
131991,6
117193,1
117193,2
117193,3
117193,15
136140,6
136139,1
136138,8
131708,3
131708,6
130846,15
130846,18
130323,2
130323,6
130323,14
130323,18
128516,7
124115,1
124115,17
163803,2
163803,4
163803,13
131568,4
131568,13
124786,1
124786,10
124786,12
124786,15
122043,1
122043,11
122043,15
149040,16
128394,16
131118,17
131045,9
129046,3
129046,4
129046,14
129046,16
129046,18
121026,1
121026,6
121026,9
145847,6
102498,1
102498,12
102498,13
102498,18
102498,19
132418,3
122690,2
122690,6
132061,3
136163,4
136163,14
131944,3
137106,3
133146,11
154978,6
154978,16
154978,18
150201,3
150201,9
132821,3
132821,14
130921,7
130781,2
130781,3
130781,6
140107,3
133514,2
133514,6
162744,2
162744,6
135538,13
135538,16
3786,1
3786,4
3786,10
3786,13
3786,15
130841,13
130707,3
130707,6
130707,16
132634,1
132634,17
130568,4
130568,16
117556,6
117556,15
117556,16
145800,14
132460,14
130619,1
130619,6
21569,18
21569,19
115567,4
115567,14
126905,1
126905,3
126905,6
126905,9
130620,7
126820,6
126820,7
126820,18
126571,7
126531,7
116069,11
132192,2
132192,18
130354,1
130354,6
125428,1
125428,8
125428,12
117067,16
137821,7
145897,6
129946,1
129946,2
129946,6
129946,14
129946,18
124472,3
124472,16
131015,3
130303,1
130303,4
130303,6
126356,4
126356,6
126356,14
132459,3
130974,1
130974,6
148151,13
132903,14
129627,3
129540,4
129540,6
129540,14
127691,6
110200,3
110200,18
137097,3
130296,13
130296,15
130296,18
123476,17
140363,16
129872,1
129872,15
122695,1
122695,6
116982,1
116982,6
116982,15
131770,1
131770,3
131770,4
131770,12
130188,3
130188,16
103712,4
103712,6
103712,9
103712,14
101595,1
101595,2
101595,15
150502,1
150502,2
150502,6
139006,1
129706,13
129706,18
135576,4
135576,14
135571,2
135571,15
120213,1
120213,2
120213,6
129789,14
129789,16
148567,4
148567,14
148567,15
130529,1
130529,2
130529,15
122527,1
122527,3
132479,3
132470,1
131078,1
131078,6
129832,1
129832,2
129832,4
129462,16
128563,3
128563,11
128563,16
122954,7
129571,17
129208,1
129208,6
132461,1
132461,2
132461,6
130447,3
130447,6
130447,16
130447,18
139694,16
129628,1
129628,6
129628,18
157417,16
130439,3
130439,16
188077,2
188077,6
129202,1
129202,2
129202,6
129202,14
134222,1
134222,13
132471,1
125516,7
125516,14
125515,7
129342,4
129203,1
129203,6
129123,6
129037,6
127863,3
127863,10
127595,1
127595,3
131017,6
131017,14
138416,1
138416,6
132166,1
131598,14
131598,16
131598,17
131096,1
131096,3
131096,6
126392,1
126392,4
131971,3
131732,3
131732,17
131664,3
128752,2
128752,13
128752,15
128752,18
117085,1
117085,2
117085,6
113595,4
113595,6
113595,14
113595,15
104329,1
130257,11
120159,2
120159,6
124132,4
124132,6
124132,16
124132,18
127689,16
126819,1
126819,3
132472,1
132472,2
132472,6
113936,1
113936,2
113936,3
113936,15
124845,1
124845,4
124845,6
124845,12
124845,13
124845,15
124845,19
121681,3
121681,15
120150,3
120150,16
120150,18
116752,1
116752,2
116752,3
116752,5
116752,6
116752,18
114862,1
114862,2
114862,3
114862,6
113425,1
113425,2
113425,5
113425,6
130402,16
130402,17
124612,3
124612,5
124612,6
114473,5
114473,16
114304,3
108511,1
108511,2
108511,3
108511,6
129001,6
126678,8
126678,18
109403,3
109403,16
108465,2
108465,4
108465,5
108465,6
106503,1
106503,15
128872,11
124394,3
124394,16
124153,1
124153,4
124153,17
124080,3
124080,14
124080,16
123779,4
123779,13
123779,18
114087,1
114087,15
114085,1
114085,4
114085,12
114085,18
113814,4
113814,11
113814,16
113814,18
131967,1
131967,6
131964,12
131964,18
131701,4
131701,13
131701,14
128526,16
128526,17
128367,3
128367,6
123785,1
123785,6
123785,15
118375,1
118375,2
118375,3
118375,5
118375,6
118375,14
116944,11
116944,15
114307,1
114307,2
114307,6
114307,10
114307,15
131923,3
130941,14
129600,1
129600,2
129600,6
129600,15
128390,3
128306,2
128306,3
128306,6
124555,4
124555,11
124555,18
117696,3
117696,6
117696,16
117533,1
117533,4
117533,15
114129,1
114129,3
114129,4
114129,15
113231,4
113231,16
113231,17
112443,3
112443,4
112443,14
112443,16
109261,3
109261,4
109261,14
109261,16
108725,1
108725,2
108725,4
108725,6
108725,8
108725,13
108725,19
108631,1
108631,3
108631,15
103713,4
103713,6
103713,9
103713,14
103632,1
103632,2
103632,3
103632,6
103632,12
131926,1
131926,6
128527,16
128527,17
127692,3
119123,1
119123,10
119123,15
114301,1
114301,2
114301,4
114301,6
114194,4
114194,12
114194,13
114194,14
114194,16
113476,3
113476,11
104459,3
104459,16
132238,6
132238,11
122530,3
119661,1
119661,2
119661,4
119661,6
119661,13
119661,14
119661,19
109010,11
127690,3
125068,7
125067,7
124223,4
124223,16
124223,17
124131,4
124131,13
124131,15
126242,7
126242,14
116287,2
116287,6
116287,8
116287,12
116287,15
116287,18
112649,2
112649,3
112649,6
131044,16
124136,3
124136,5
124136,6
206733,4
206733,16
132469,14
131668,3
130930,1
130930,2
130930,6
127536,3
113692,3
113692,16
136642,11
127984,6
122654,1
122654,2
122654,6
122654,14
120194,1
120194,15
119321,6
131999,3
131999,14
113585,4
113585,17
131660,3
145553,3
127957,1
127957,6
123434,11
115830,2
115830,6
114564,1
114564,2
114564,6
113596,4
113596,14
113596,16
98776,6
128535,3
128535,6
128535,18
127686,6
157172,3
145903,16
122691,2
122691,15
142730,1
142730,2
142730,6
128541,1
128541,2
128541,6
127991,2
127991,6
127991,14
125183,7
131702,4
131702,13
183799,4
183799,16
179778,16
176863,3
176863,6
200641,4
139736,1
127546,1
127245,1
127245,10
127225,3
122672,2
122672,6
122672,14
122672,18
118936,1
118936,3
118936,5
115846,1
115846,4
115846,6
115846,14
112930,14
188076,2
188076,6
157418,16
126898,13
123474,3
123474,6
123474,16
123474,18
110277,1
110277,4
110277,6
110277,12
126896,13
126896,15
103276,1
103276,6
127180,1
127180,6
116697,7
130283,2
130283,6
128019,3
128019,6
128019,16
126506,3
128539,14
126706,18
114721,10
114721,15
136716,10
128398,16
128398,17
117012,1
117012,15
142967,16
104749,4
104749,14
104749,18
130104,14
123383,7
123360,7
120892,1
116226,6
131414,4
131414,14
126874,3
126831,16
129351,1
129351,2
129351,6
129351,14
129351,18
126287,6
126287,13
123845,7
122575,2
122575,3
122575,15
129466,4
129466,6
139039,2
126315,3
122520,2
122520,6
99659,1
99659,6
99659,10
99659,14
99659,15
126676,3
121679,3
121679,16
121679,18
126662,1
126662,10
121034,15
117758,4
117758,10
117758,15
108630,3
108630,9
120203,1
120203,6
120268,1
126907,1
125491,3
125491,15
125647,3
125647,6
98875,2
98875,6
98875,15
156907,3
156907,11
156907,16
116962,1
116962,6
130255,16
125308,2
125308,6
123769,1
123769,3
123769,5
123769,14
123769,18
128397,16
128397,17
128540,18
113260,2
113260,4
113260,6
113260,14
112612,2
112612,6
112612,9
112612,15
125517,11
125517,17
125425,7
124600,7
124600,18
122442,7
122201,7
122199,7
116400,7
115069,11
115069,16
115907,1
115907,2
115907,3
127996,6
127996,14
114117,4
114117,14
124338,1
124338,3
124338,15
127040,4
122521,2
122521,6
114030,1
114030,6
123379,3
126641,6
125321,13
113416,4
113416,14
113416,16
124339,3
125870,3
125208,2
125208,4
125208,6
120193,1
120193,6
120193,15
147764,1
147764,2
147764,3
147764,10
147764,15
120270,1
120270,2
120270,6
112151,1
112151,2
112151,4
112151,6
112151,12
112151,18
139182,16
122497,3
122497,6
122497,16
122497,18
122137,3
122137,5
124028,3
124028,12
120851,3
120851,16
120405,1
120405,6
120405,15
117755,1
117755,6
111145,3
111145,4
124397,3
124397,6
108713,3
108713,5
108713,11
108713,16
125887,16
124703,3
124703,17
124204,3
122807,4
122807,17
118419,3
118419,4
118419,14
118419,15
118419,16
114124,4
114124,12
114124,13
114124,19
110632,3
110632,16
127041,11
124896,2
124896,3
124896,6
124896,16
104198,3
104198,16
126650,1
123803,3
121799,2
121799,16
109287,14
109287,16
128392,3
117086,3
116566,1
116566,4
116566,15
116566,19
116005,1
116005,18
109940,1
109940,2
109940,6
103119,1
103119,5
103119,15
126656,3
124230,3
124230,15
121567,3
121567,9
114340,2
114340,3
114340,6
114340,16
112667,1
112667,6
112667,14
105244,11
157171,3
116147,14
116147,16
111428,3
111428,6
111428,16
111324,4
111324,12
142729,1
142729,2
142729,6
126271,3
126271,18
125153,3
125153,18
124340,3
123081,5
123081,14
121645,7
121645,14
110355,1
110355,2
110355,3
125264,16
117757,3
117757,4
117757,17
117343,4
117343,8
117343,12
117343,13
117343,18
117343,19
115740,2
115740,6
115740,16
112300,1
112300,14
112300,15
112300,18
131517,1
131517,6
124114,1
124114,2
124114,4
118399,1
118399,2
118399,6
118376,1
118376,2
118376,6
116700,3
116700,16
116267,3
116267,14
116267,16
116173,1
116173,6
114263,16
114099,1
114099,2
114099,6
113970,11
113970,16
113652,1
113652,11
113652,15
113538,3
113538,4
113538,17
113415,1
113415,4
113415,18
112124,1
112124,2
112124,3
112124,6
112124,14
119350,7
119258,1
119258,8
119258,18
116673,1
116673,6
116242,1
116242,4
116242,6
115836,11
115836,16
112609,2
112609,6
112609,16
112479,1
112479,6
111137,16
111137,17
187055,16
132658,1
132658,4
114446,4
114446,8
114446,12
114446,13
114446,18
114446,19
114120,1
114120,2
114120,6
188824,1
188824,10
141950,1
141950,12
141950,13
124561,2
122632,1
154197,3
129692,1
129692,6
129692,15
120506,7
102997,1
102997,4
136546,9
127508,4
127508,14
126611,13
125331,19
109125,4
109125,14
103047,4
103047,6
103047,16
128418,11
128418,16
108356,1
108356,2
108356,6
108356,18
114249,11
122689,1
122689,2
122689,6
122689,14
127465,3
120272,1
120272,2
120272,6
115082,1
115082,2
112788,4
112788,14
112788,16
111312,3
111312,6
123903,14
123198,2
108978,1
108978,2
108978,4
108978,6
108978,18
154196,3
119978,8
119978,19
120325,12
121797,7
121797,14
130939,3
127213,3
120404,1
124960,3
124960,11
124960,16
123994,16
123612,1
123612,10
114195,3
114195,4
114195,14
114195,16
126940,13
130473,3
123436,13
119491,6
119491,7
119484,7
119254,7
118860,7
114943,2
114943,15
188822,1
188822,10
110857,3
110857,11
110857,16
154541,3
150491,1
150491,2
150491,6
117532,3
117532,12
120419,3
184576,16
140362,4
129350,1
129350,2
129350,6
129350,14
129350,18
111734,4
111734,11
111734,14
155918,3
155918,18
124668,3
123885,3
123885,16
123464,3
118637,3
118637,14
122349,1
122349,2
122349,3
122875,4
122875,14
121215,2
121215,6
115834,1
115834,2
115834,6
115834,14
21719,1
21719,4
21719,6
21719,13
21719,18
21719,19
140029,14
116224,3
116224,12
111852,15
110595,1
110595,3
110595,6
122735,13
180742,3
180742,6
137803,1
137803,6
121684,4
121684,12
121684,18
113669,2
113669,3
113669,15
113023,1
113023,4
113023,11
110699,1
110699,18
110699,19
124243,2
120126,1
120126,6
120046,3
120046,16
129227,1
129227,2
129227,6
169772,3
140881,8
131781,2
131781,3
131367,1
131367,3
120343,3
120343,6
120343,18
120300,1
120300,4
120300,8
120300,10
120300,12
120300,15
120300,19
118166,6
118166,7
117773,6
117773,7
117761,7
114333,1
114333,4
114333,6
200643,11
126663,2
120521,3
123155,11
122979,11
131969,1
131969,6
107069,1
107069,4
107069,6
122536,1
122536,2
122536,15
115844,1
115844,2
115844,6
115844,14
121956,1
121956,4
121956,6
129548,3
121592,3
121592,16
204399,11
149074,3
149074,14
120486,1
120486,3
120486,6
117014,3
117014,6
117014,18
128859,14
123406,13
123406,16
131731,2
131731,3
123901,3
119696,3
119696,16
119113,1
119113,4
119113,6
119113,12
118656,7
118167,6
118167,7
114116,2
114116,6
110371,4
110371,14
110371,15
136950,1
136950,2
136950,11
126661,3
122248,3
122248,6
122248,16
120519,3
120519,6
120519,16
110446,1
110446,8
120180,8
117034,11
121177,1
121177,2
121177,6
114308,1
114308,2
114308,6
113286,3
113286,5
113286,6
113286,14
131014,3
120320,6
120301,6
117150,3
117150,4
117150,16
113813,3
113813,4
113813,14
111965,3
111965,5
111965,6
120700,2
120700,3
120700,6
119923,3
115901,1
115901,3
115901,6
115113,3
115113,5
115113,14
115113,16
112803,1
112803,4
112803,15
108489,3
108489,4
108489,14
108489,16
122742,13
112357,4
112357,15
149345,3
149345,16
110353,1
110353,2
110353,15
108632,1
108632,2
108632,4
108632,6
108632,13
108632,19
110028,1
110028,3
110028,12
110028,18
108941,3
108941,16
120522,3
120522,6
116648,5
116648,6
116648,14
116006,1
116006,6
112258,3
112258,6
116182,1
116182,6
131008,6
123490,12
123490,13
114236,1
114236,4
114236,15
114236,18
112818,1
112818,3
112818,5
112818,14
112818,18
112301,1
112301,3
112301,6
104937,6
104937,11
119812,3
119812,5
119812,14
145904,1
145904,6
116259,6
116259,12
116259,18
130448,16
139535,1
139535,2
139535,6
116946,7
154156,14
143477,3
143477,6
143477,14
120339,13
123778,1
123778,4
123778,6
123778,15
139044,6
139044,18
120326,1
120326,4
119928,1
119928,6
117572,2
117572,6
117572,14
117572,18
119927,1
119927,2
119927,3
119927,14
114963,4
114963,6
114963,14
120055,3
120055,6
120055,16
120055,18
114622,3
114622,6
114622,8
162800,3
162800,14
162800,16
126665,4
126665,13
120211,3
120211,16
149039,16
133132,15
115138,7
126168,16
119964,3
119964,6
119964,16
108522,1
108522,17
110349,1
110349,3
110349,4
110349,19
120485,16
153521,1
138474,3
138474,4
138474,14
138474,18
115656,1
115656,2
115656,3
115656,9
132348,3
116251,7
116181,7
115136,7
177513,3
115800,1
115800,6
118971,1
129349,1
129349,2
129349,6
129349,14
129349,18
119884,13
120771,3
120771,14
120771,16
118857,18
113947,7
120324,3
119086,16
119925,2
119925,6
119924,1
119924,6
128862,12
128862,13
130156,13
130156,14
118448,1
118448,2
118448,6
138956,3
138956,6
138956,17
119960,3
119929,4
119929,6
113906,3
113906,11
109148,1
109148,12
109148,18
121856,1
121856,2
121856,6
121856,14
119938,1
119938,2
119938,6
119938,14
122041,3
118125,3
118125,16
118125,18
114981,16
163259,1
163259,6
131413,4
131413,14
127114,14
114136,6
114136,12
114136,18
115671,7
115405,7
115115,7
115114,7
115077,7
115077,17
105401,1
105401,4
105401,12
105401,13
105401,18
104040,7
124341,1
124341,2
124341,6
106154,1
106154,12
106154,15
115186,3
115186,6
115186,16
115186,17
185528,16
124082,1
124082,16
116965,2
116965,3
116965,6
116320,2
116320,3
118168,2
118168,3
118168,6
133391,13
135722,6
119926,1
119926,6
108629,12
114402,3
114402,6
114043,3
114043,4
114043,5
113051,4
113051,11
112641,3
112641,13
112641,14
112641,16
114891,3
114891,18
114888,1
114888,3
114888,12
114888,15
114119,1
114119,3
114119,6
112534,1
112534,2
112534,3
112534,10
112534,15
112444,1
112444,2
112444,3
114233,1
114233,10
114233,15
116964,1
116964,2
116964,6
116964,14
116791,3
115892,3
115845,11
115845,15
112296,1
112296,5
112296,6
112296,18
117325,3
117325,15
116848,3
116848,14
116787,3
116408,3
116408,18
115651,1
115651,2
115651,6
114105,1
114105,15
112325,6
111762,3
111762,4
111762,13
111762,14
111762,16
111762,18
109019,3
109019,16
109019,17
107871,2
107871,3
107871,6
116999,3
116999,6
116248,3
116248,11
115821,5
115821,7
115821,14
115654,4
115654,16
115199,3
115199,6
113108,1
110458,1
110458,2
110458,6
110458,14
107294,3
107294,16
107294,18
118630,1
118630,2
118630,3
117496,4
117496,14
117496,16
116793,2
116793,3
116793,6
114811,1
114811,2
114811,6
114811,15
114717,1
114717,2
114717,10
114717,15
113990,3
113990,11
113990,16
113693,6
113693,16
113570,1
113570,2
113570,6
111323,3
111323,16
111310,2
111310,3
111310,6
111310,9
109020,4
109020,14
109020,16
108266,1
108266,3
108266,5
108266,18
108241,1
108241,5
108241,12
108241,18
107911,3
107911,6
107911,16
104647,3
104647,6
104647,14
104647,16
103110,3
103110,4
103110,11
103110,13
132696,3
132696,6
132696,12
117096,2
114411,1
114411,2
114411,6
114072,1
114072,6
114072,15
112353,3
112353,4
112353,14
112353,16
112302,3
112302,4
112302,17
110547,4
110547,14
110547,16
109856,1
109856,2
109856,10
109856,11
109856,15
126643,3
116786,1
116786,2
116786,15
116786,17
116415,1
116415,3
116415,6
113705,7
111500,1
111500,2
111500,10
111500,15
111500,18
116384,6
116258,3
115230,1
115230,2
115230,4
115230,6
115230,12
113311,3
113311,16
106319,2
106319,6
116789,3
114555,3
114555,6
114555,16
114555,18
110130,16
110130,17
109150,1
109150,3
131459,3
131459,15
118200,1
118200,6
177466,3
177466,14
123382,15
123382,18
119344,14
119344,16
119342,16
123407,13
123407,16
116979,11
116979,16
116968,2
116968,6
116966,2
116966,6
116966,15
206074,2
206074,4
206074,6
114948,15
114945,16
114243,7
114242,7
113917,1
113917,13
113917,15
113917,19
112686,1
112686,4
112686,15
117574,11
112166,3
112166,16
110445,1
110445,3
110445,5
110445,6
121201,1
121201,2
121201,3
121201,6
115519,3
115519,11
115519,16
138605,6
110354,1
110354,3
110354,6
116246,11
115794,3
115794,16
145560,3
145560,6
132034,2
132034,4
132034,6
132034,9
115715,1
115715,4
115715,15
119592,11
115839,1
115839,2
115839,6
132345,1
132345,3
132345,6
118127,2
123417,6
123417,16
117647,7
113811,6
113811,16
141326,6
141326,14
143391,16
117168,1
117168,4
117168,6
113220,7
110337,7
177122,6
177122,18
115217,17
166048,13
117280,16
116922,3
101574,3
101574,4
101574,16
154119,2
154119,3
118036,2
118036,6
114442,1
114442,3
114442,15
113621,7
113621,9
114052,3
112177,3
112177,4
114196,3
114196,16
122750,13
118042,6
188053,3
188053,18
129348,1
129348,2
129348,6
129348,14
129348,18
115685,7
114334,1
114334,10
114334,15
111305,3
111305,4
111305,14
108260,1
108260,2
108260,4
108260,6
108260,15
115511,13
109171,4
109171,14
134047,4
134047,16
108714,4
108714,12
112375,7
188823,1
188823,10
109586,1
109586,4
109586,15
112748,1
112748,6
112748,9
115178,2
115178,6
115107,3
115107,4
115107,15
115107,16
108623,1
108623,2
108623,6
113187,3
113187,5
113187,15
112936,7
112908,7
112374,7
112033,1
112033,4
112033,15
115036,14
115036,16
112324,1
112324,5
112324,6
112324,18
112125,2
112125,3
112125,5
112125,6
112125,14
144848,15
114958,4
115905,3
114949,7
177432,11
138687,3
127506,2
127506,6
117913,14
117913,16
114947,7
114947,8
114947,12
114947,18
114926,5
114926,17
113864,1
113864,4
113864,13
114448,2
114448,6
114448,15
101634,3
101634,11
101634,16
120510,3
108267,1
108267,3
108267,5
108267,18
123028,4
123028,15
130246,14
114121,1
114121,2
114121,3
114121,6
101499,1
101499,3
139726,1
139726,4
122238,6
122238,18
121392,3
116978,11
114959,2
114959,3
114959,5
114959,6
114959,14
114760,3
114744,16
100643,1
100643,2
100643,4
100643,6
100643,8
100643,12
100643,13
100643,15
118077,1
118077,10
118077,15
113932,2
113932,4
113932,6
113932,16
110178,3
110178,6
110178,16
107651,3
107651,4
110615,11
105228,1
105228,2
105228,3
105228,6
105228,8
105228,12
114558,3
114558,16
107201,3
107201,12
107201,14
107201,18
163696,2
163696,6
115835,1
111944,3
111944,11
111944,16
111501,4
111501,16
110613,3
110613,16
110495,3
110495,11
110270,3
110270,5
110270,6
107067,3
107067,14
106625,3
106625,4
106625,17
104936,3
104936,16
99807,4
99807,11
131729,2
131729,3
112480,11
112480,17
111790,3
111790,4
111790,17
109964,3
109964,16
108617,2
108617,4
108617,6
108617,16
108463,1
108463,3
108463,4
108463,12
108463,18
107880,1
107880,4
107880,5
107880,8
107880,12
107880,19
104462,1
104462,15
104391,3
104391,11
104391,16
114113,1
114113,13
114113,16
113470,3
113470,11
111951,4
111951,12
111951,16
108450,1
108450,2
108450,6
107420,1
107420,2
107420,6
106863,3
106863,5
106863,16
101168,1
101168,2
101168,3
101168,4
101168,5
101168,6
101168,14
98515,3
98515,14
98515,18
116923,3
114557,3
114557,6
114557,16
114557,18
113463,3
113463,16
108628,17
106479,1
106479,2
106479,3
106479,6
106479,16
119080,1
119080,6
114656,3
113851,17
113397,4
113397,16
112293,3
112293,5
112293,14
101367,1
101367,2
101367,6
114657,3
113417,3
113417,7
113417,14
110350,4
110350,12
110350,13
110350,15
110350,19
109298,2
109298,3
109298,16
104461,3
104461,16
101350,4
101350,13
101350,18
113469,3
113469,16
110090,3
110090,16
104051,4
104051,9
104051,12
104051,13
104051,19
114761,1
114761,2
114761,3
114424,3
114424,16
114417,2
114417,3
105190,1
105190,12
105190,15
105190,19
108092,3
108092,16
114562,1
114562,2
114562,6
114562,14
114841,1
114841,10
114841,15
114109,3
114109,6
114109,18
114389,1
114389,6
112625,3
112625,16
112625,18
114561,1
114561,2
114561,4
114561,18
115877,3
115877,11
115877,16
113907,1
113907,2
113907,6
113472,3
113472,6
113472,18
112356,7
112190,7
110131,1
110131,10
110131,15
109638,3
109638,6
104038,7
112472,1
112472,2
112472,4
112472,15
139012,3
111729,1
111729,2
111729,6
116138,1
116138,6
116138,14
113863,15
116996,6
112233,7
112135,4
112135,16
108553,1
108553,15
104868,1
104868,6
104868,18
206855,12
206855,18
128215,16
114765,3
154175,3
121388,1
119922,1
119922,15
116620,1
116620,4
116620,12
116620,15
122736,13
113273,3
113273,6
113273,18
101610,1
101610,3
101610,4
101610,19
114915,3
113924,3
113924,5
113924,14
139040,6
139040,11
145283,11
129544,3
110413,1
110413,2
110413,12
117408,3
113348,1
113348,3
113348,9
113348,11
113348,15
113348,16
140370,16
113668,11
111964,10
111964,15
138953,3
138953,6
138953,17
126876,6
112658,1
112658,2
111656,7
111320,7
111319,7
105596,1
105596,10
105596,15
108598,4
108598,15
108598,17
138103,3
138103,5
138103,16
138103,17
124965,3
124965,4
124965,5
124965,12
124965,14
124965,18
129347,1
129347,2
129347,6
129347,14
129347,18
104979,5
113722,2
113722,3
113722,6
113722,14
113722,18
109639,3
109639,16
108487,4
108487,14
108487,16
108487,18
118202,1
118202,14
119591,13
131992,1
131992,6
126832,1
126832,4
126832,8
126832,10
126832,12
126832,15
126832,19
112153,1
112153,2
112153,3
112153,6
126914,14
113828,3
113654,1
113654,2
113654,3
113655,16
113221,1
123394,1
123394,10
123394,15
112308,4
112308,10
112308,15
111905,3
110336,7
129546,3
116328,3
114604,1
114604,6
114604,15
177434,17
112010,2
112010,6
127105,16
113308,4
110347,7
109492,3
109492,5
109492,14
109492,16
111048,1
111048,17
112031,18
119949,2
119949,6
119949,14
108581,3
108581,4
108581,14
100675,3
100675,14
100675,16
188054,3
188054,18
123115,15
114317,1
114317,4
114317,6
114317,11
111290,4
111290,11
111290,14
110730,7
108945,1
108945,3
108945,15
108945,18
116222,1
116222,2
116222,3
116222,6
114559,1
114559,2
114559,6
114559,12
108307,1
108307,13
108307,15
108307,19
113290,1
113290,3
113290,4
113290,12
113290,18
112454,14
112454,16
101215,4
101215,14
101215,16
101215,17
108626,1
108626,15
113419,1
113419,2
113419,6
113419,14
142044,8
109737,9
129688,1
129688,15
107993,3
111400,3
111400,6
111400,16
111400,18
108759,1
108759,2
108759,4
108759,6
108759,15
104679,3
104679,16
104679,17
109963,3
109963,5
107666,3
104276,1
104276,2
104276,3
104276,4
104276,15
103638,3
103638,4
103638,12
103638,13
112455,3
112455,6
112455,16
108577,4
108577,11
108577,14
108577,16
108577,18
108478,1
108478,4
108478,15
104052,4
104052,16
104052,17
112381,1
110786,1
110786,10
110786,15
109616,1
109616,2
109616,18
107660,4
107660,12
107660,13
107660,14
107660,16
104722,1
104722,3
104722,4
104722,6
104722,12
104722,14
177229,2
177229,3
177229,6
108928,1
108928,2
108928,3
108928,5
108928,6
108928,18
131763,13
131763,18
131741,3
110810,5
110810,17
100246,2
100246,6
100246,15
116998,3
116998,6
111001,3
111001,7
111001,14
110867,3
110867,16
109562,1
109562,2
109562,4
109562,6
109562,18
108358,1
108358,15
104158,1
104158,4
104158,12
104158,13
101349,4
101349,12
101349,13
101349,19
101227,1
101227,2
101227,3
101227,6
129815,3
129815,6
111728,3
111728,16
110229,3
110229,5
110229,14
110229,16
108891,4
108891,11
108891,14
108891,16
108554,1
108554,4
108554,12
108554,13
105246,3
105246,11
105246,12
105246,16
111082,11
111082,16
109321,3
109321,5
109321,14
109321,18
107693,3
107693,6
107346,2
107346,6
103275,1
103275,2
103275,6
103275,18
101317,1
101317,15
112732,15
110789,3
110789,15
110789,16
110788,1
110788,2
110788,3
110788,10
110788,15
109089,3
109089,16
187054,16
154006,3
154006,11
154006,18
114234,2
114234,3
114234,6
