anime_id,titulo,fecha_inicio,episodios,duracion,calificacion,popularidad,favoritos,formato_id,estado_id
200929,Kusuriya no Hitorigoto: Bouhi no Hihou,2026-12-11,1.0,,,21089,173,1,3
212539,"Takopii no Genzai: Arigatou, Mata Ashita",2026-11-27,1.0,,,4222,34,1,3
213457,Fool Night,2026-11-26,,,,10123,70,3,3
206163,Soukou Kihei Votoms: Haiiro no Hexe,2026-11-20,,,,1415,8,1,3
143103,Mahoutsukai no Yoru,2026-11-20,1.0,,,32634,375,1,3
204561,"Mahou no Princess Minky Momo - Akogare no Yume he, Magokoro no Duo",2026-11-13,1.0,,,391,3,4,3
157330,Rakuen Tsuihou: Kokoro no Resonance,2026-11-13,1.0,,,3608,25,1,3
214536,Cardfight!! Vanguard Divinez Unmei Seisen-hen,2026-11-07,3.0,,,170,2,6,3
203275,Demons' Crest,2026-11-06,,,,2215,13,6,3
178972,GROTESQQQUE,2026-11-06,3.0,,,6656,28,1,3
214443,Hitori Tsuma,2026-10-30,,,,59,1,4,3
160275,Made in Abyss: Mezameru Shinpi,2026-10-23,1.0,,,36088,412,1,3
195539,Cyberpunk: Edgerunners 2,2026-10-20,10.0,,,54598,626,3,3
199340,Seishun Buta Yarou wa Dear Friend no Yume wo Minai,2026-10-16,1.0,,,26764,317,1,3
197543,BanG Dream! Ave Mujica: prima aurora,2026-10-16,1.0,,,2561,15,1,3
186742,Toaru Anbu no ITEM,2026-10-10,,,,4355,36,6,3
212503,Hyouken no Majutsushi ga Sekai wo Suberu II,2026-10-09,,,,7034,74,6,3
207327,Doko yori mo Tooi Basho ni Iru Kimi e,2026-10-09,1.0,,,8076,69,1,3
205909,Hotaru no Yomeiri,2026-10-09,,,,14195,183,6,3
202390,Girls und Panzer: Saishuushou 5,2026-10-09,1.0,,,3053,49,1,3
211778,"Sekai Saikyou no Majo, Hajimemashita",2026-10-07,,,,2739,23,6,3
178868,Magic Knight Rayearth (2026),2026-10-07,,,,5506,36,6,3
206949,Kyouran Reijou Nia Liston,2026-10-06,,,,4985,43,6,3
200294,Choujun! Choujou Senpai,2026-10-06,,,,1524,12,6,3
160803,Mahou Shoujo Ikusei Keikaku: restart,2026-10-06,,,,4239,33,6,3
209463,Kanata Kara,2026-10-05,,,,1766,9,6,3
209872,Ranma 1/2 (2024) 3rd Season,2026-10-04,,,,8823,65,6,3
209499,TANK CHAIR: Sensha Isu,2026-10-04,,,,2149,15,6,3
202079,Oji-san wa Kawaii Mono ga Osuki.,2026-10-04,,,,1291,7,6,3
191788,Aoashi 2nd Season,2026-10-04,24.0,,,14131,152,6,3
191656,Seitokai ni mo Ana wa Aru!,2026-10-04,,,,8692,74,6,3
189123,Ao no Hako Season 2,2026-10-04,,,,30669,435,6,3
214968,Nezumi-kun no Chokki (TV) 2nd Season,2026-10-03,,,,22,1,7,3
212799,Marronnier Oukoku no Shichinin no Kishi,2026-10-03,,,,1288,8,6,3
209562,Vertex Force,2026-10-03,,,,1393,8,6,3
178083,Tokyo Revengers: Santen Sensou-hen,2026-10-03,,,,21376,253,6,3
212888,Temppal: Item no Chikara,2026-10-02,,,,7120,89,6,3
212144,Kizu darake Seijo yori Houfuku wo Komete Season2,2026-10-02,,,,885,5,7,3
195516,Kusuriya no Hitorigoto 3rd Season,2026-10-02,,,,62735,1086,6,3
213805,Koori no Jouheki 2nd Season,2026-10-01,,,,16108,175,6,3
159042,Tensei Shitara Ken Deshita 2nd Season,2026-10-01,,,,35141,544,3,3
213732,Mujikaku na Osananajimi to Kyoumi Honi de Yatte Mitara THE ANIMATION,2026-09-25,,20.0,,178,7,4,3
213686,NTR Kishi,2026-09-25,,,,152,4,4,3
210482,JoJo no Kimyou na Bouken: Steel Ball Run - 2nd - 3rd STAGE,2026-09-25,11.0,,,21290,286,3,3
202429,Wareware wa Uchuujin,2026-09-25,1.0,,,2756,14,1,3
213067,Netorareta Bakunyuu Tsuma-tachi 2,2026-09-18,2.0,20.0,,255,7,4,3
198654,Meitantei Precure! Fushigi na Niwa to Futari no Himitsu,2026-09-18,,,,609,3,1,3
213066,Muramata-san no Aijou,2026-09-11,3.0,20.0,,356,11,4,3
194116,Saishuu Gakushou Hibike! Euphonium - Kouhen,2026-09-11,1.0,,,3010,19,1,3
214703,Ghost Meets Gal!,2026-09-05,,2.0,,313,4,7,3
204431,Kaijuu 8-gou: Narumi no Heijitsu,2026-09-05,4.0,,,3379,30,5,3
213733,Kanojo Saimin,2026-08-28,,,,248,4,4,3
212575,Sare Tsuma wa Ubawaretai,2026-08-28,,,,169,3,4,3
212574,Pure x Holic: Junketsu Otome to Kon’in Kankei!? The Animation,2026-08-28,2.0,20.0,,343,5,4,3
205068,Wollum Jogyonim,2026-08-28,7.0,,,2450,52,,3
133007,Mahou Shoujo Madoka☆Magica: Walpurgis no Kaiten,2026-08-28,1.0,,,47956,648,1,3
215878,Angry Rabbit,2026-08-21,1.0,6.0,,0,0,3,2
212652,Kidou Keisatsu Patlabor EZY File 2,2026-08-21,3.0,24.0,,681,4,4,2
206189,Zhu Xian Final,2026-08-21,26.0,20.0,,207,8,3,4
176373,Shiranuhi,2026-08-21,1.0,,,1623,8,1,2
154122,Nano List,2026-08-17,12.0,24.0,,430,3,6,2
215522,Caishen Dou Zhanlong,2026-08-16,16.0,24.0,,61,3,3,4
191832,Shiguang Dailiren III,2026-08-14,24.0,21.0,83.0,14583,263,3,4
215761,POKÉTOON (2026),2026-08-12,2.0,10.0,56.0,286,1,3,2
214893,Kyapi,2026-08-11,1.0,3.0,59.0,225,8,2,2
214894,We Will Rise Again,2026-08-09,1.0,2.0,,98,1,5,2
214892,Astral lamp,2026-08-08,1.0,4.0,,52,1,2,2
211308,THE RIBBON HERO,2026-08-08,1.0,109.0,66.0,14787,163,1,2
214855,Fate/Grand Order: Fujimaru Ritsuka wa Wakaranai Season 4,2026-08-07,,2.0,,137,2,3,4
214829,Di Ling Ai: Shui Xin Chan,2026-08-07,20.0,14.0,,22,1,3,4
213958,Sarangui Heartsping: Goraeboseok-ui Jeonseol,2026-08-05,1.0,,,65,1,1,4
213847,Star Wars: Visions - Kyuuninme no Jedi,2026-08-05,8.0,28.0,67.0,3939,42,3,2
213486,You Shou Yan 6th Season,2026-08-05,12.0,,,119,4,3,4
211711,Boku no Hero Academia: I am a hero too,2026-08-03,1.0,6.0,76.0,16241,230,5,2
166444,Cheng Ye Xiao He,2026-08-03,16.0,,,542,9,3,4
214702,Fate/Grand Order: 11th Anniversary Movie -Cosmos in the Lostbelt-,2026-08-02,1.0,7.0,64.0,196,4,5,2
141953,Jiyi Guanli Ju (2026),2026-08-02,7.0,,78.0,10756,211,3,4
213908,Rusuban,2026-08-01,1.0,13.0,,250,2,1,2
212617,Inaka ni wa Kore Kurai Shika Goraku ga nai,2026-07-31,,16.0,64.0,572,26,4,4
212272,Deco x Deco THE ANIMATION,2026-07-31,,20.0,59.0,422,12,4,4
211338,Harem-tou e Youkoso!,2026-07-31,1.0,,,441,18,4,4
208829,Crayon Shin-chan: Kikikaikai! Ora no Youkai Vacation,2026-07-31,,,,457,7,1,2
215526,Taigu Shen Zun,2026-07-30,40.0,10.0,,28,1,3,4
214559,BooooM!!!,2026-07-30,1.0,3.0,64.0,280,7,2,2
211220,Li Xiongmao,2026-07-29,,,,1286,16,3,4
206273,Yi Zhan Cangqiong,2026-07-28,26.0,24.0,,259,5,3,4
185874,BLEACH: Sennen Kessen-hen - Kashin-tan,2026-07-25,10.0,,89.0,76464,2692,6,4
214426,Koutetsujou no Kabaneri: Mumei Ranman,2026-07-24,1.0,6.0,62.0,1480,17,5,2
202717,Chiikawa: Ningyo no Shima no Himitsu,2026-07-24,1.0,99.0,68.0,2277,43,1,2
199409,Yi Nian Yongheng 4,2026-07-22,46.0,,,580,25,3,4
206282,Wangu Zhizun: Li Yunxiao Zhuan,2026-07-20,,,,166,3,3,4
214070,Sazin no Nakade,2026-07-19,1.0,21.0,,340,3,1,2
214068,"Moshi, Korekara Umarerunonara",2026-07-19,1.0,20.0,,257,3,1,2
214067,20001-nen Chikyuu no Tabi,2026-07-19,1.0,20.0,,98,1,1,2
196223,Cyborg 009: Nemesis,2026-07-19,3.0,30.0,,914,9,3,2
194029,FOXING: Kitsuné-tsuki,2026-07-19,1.0,15.0,,428,1,1,2
215639,Baxian!,2026-07-18,1.0,144.0,,43,3,1,2
214260,Zeri Feisheng,2026-07-18,30.0,20.0,,273,5,3,4
214259,Yao Shen Ji 10,2026-07-18,52.0,8.0,,122,2,3,4
215582,Fate/Grand Order Exhibition: Hoshimi no Kairo,2026-07-17,1.0,1.0,,118,3,5,2
206819,Kimi to Hanabi to Yakusoku to,2026-07-17,1.0,,,5852,46,1,2
182616,Nige Jouzu no Wakagimi 2nd Season,2026-07-17,12.0,24.0,76.0,25228,223,6,4
212969,Dongda Gao Wu Xueyuan,2026-07-16,,,,194,8,3,4
213359,Yami Shibai 17,2026-07-13,,,,428,7,7,4
214031,Mob Psycho 100: 10 Shuunen Kinen Tokubetsu Eizou,2026-07-12,1.0,2.0,76.0,8151,70,5,2
208824,Plannosaurus Gachi Koseibutsu-bu,2026-07-12,,5.0,,323,7,7,4
199066,Hanaori-san wa Tensei Shite mo Kenka ga Shitai,2026-07-12,12.0,24.0,68.0,21780,246,6,4
188139,Futsutsuka na Akujo de wa Gozaimasu ga: Suuguu Chouso Torikae Den,2026-07-12,11.0,24.0,77.0,34591,596,6,4
213750,Bananya: At-Home Party,2026-07-10,1.0,8.0,61.0,513,2,5,2
213638,Xi Yangyang Yu Hui Tailang: Po Jie Shanhai Jue,2026-07-10,60.0,15.0,,18,1,7,2
209961,Shibou Yuugi de Meshi wo Kuu. 44: CLOUDY BEACH,2026-07-10,1.0,90.0,70.0,11105,154,1,2
208754,Unanswered//butterfly: Sword Art Online,2026-07-10,1.0,110.0,58.0,8152,96,1,2
196187,Super no Ura de Yani Suu Futari,2026-07-10,12.0,24.0,82.0,109901,3273,6,4
213961,Youjo Shenki 2,2026-07-09,,2.0,,780,8,3,4
207254,Thunder 3,2026-07-09,,24.0,52.0,1925,17,6,4
184356,Dogul Wang,2026-07-09,12.0,23.0,66.0,30835,407,6,4
108992,Mebius Dust,2026-07-09,,,48.0,7502,60,6,4
213703,Jiaonang Jihua: Qiji,2026-07-08,8.0,,,71,1,3,4
213666,Perfect Addiction,2026-07-08,,5.0,53.0,2481,24,3,4
211232,Majo no Tani no Yoru,2026-07-08,1.0,14.0,,772,4,1,2
207809,Sora wa Akai Kawa no Hotori,2026-07-08,,23.0,60.0,9960,94,6,4
198946,Clevatess II: Majuu no Ou to Itsuwari no Yuusha Denshou,2026-07-08,13.0,24.0,75.0,41026,557,6,4
198709,Tefuda ga Oome no Victoria,2026-07-08,9.0,24.0,71.0,13965,156,6,4
196356,Ibitte Konai Gibo to Gishi,2026-07-08,,24.0,64.0,11198,102,6,4
194829,"Katainaka no Ossan, Kensei ni Naru II",2026-07-08,12.0,23.0,71.0,40510,527,6,4
159309,Otomege Sekai wa Mob ni Kibishii Sekai desu 2,2026-07-08,12.0,24.0,68.0,49420,765,6,4
135865,Youjo Senki II,2026-07-08,12.0,24.0,81.0,88679,1709,6,4
213665,Migawari Reijou wo Sukutta no wa Reikoku Mujihi na Koori no Ouji no Ai deshita,2026-07-07,,,49.0,2582,27,7,4
209800,Yoroi Shinden Samurai Troopers Part 2,2026-07-07,12.0,24.0,52.0,1562,21,6,4
199111,Grand Blue Season 3,2026-07-07,12.0,24.0,82.0,38227,621,6,4
187260,Kimi ga Shinu made Koi wo Shitai,2026-07-07,13.0,24.0,74.0,51472,892,6,4
177699,Koukaku Kidoutai: THE GHOST IN THE SHELL,2026-07-07,10.0,24.0,76.0,49339,849,6,4
128757,Tai-Ari deshita.: Ojou-sama wa Kakutou Game nante Shinai,2026-07-07,12.0,24.0,74.0,26015,296,6,4
213506,Hokuto no Ken: Kenou-gun Zako-tachi no Banka Part 2,2026-07-06,,4.0,,268,3,7,4
209504,Suterare Seijo no Isekai Gohantabi: Kakure Skill de Camping Car wo Shoukan Shimashita,2026-07-06,12.0,24.0,61.0,12899,132,6,4
208685,Onaji Zemi no Someya-san ga Sexy Joyuu Datta Hanashi.,2026-07-06,8.0,7.0,56.0,1321,32,3,4
202269,"Toumei na Yoru ni Kakeru Kimi to, Me ni Mienai Koi wo Shita.",2026-07-06,12.0,24.0,79.0,39338,739,6,4
199408,Buchigire Reijou wa Houfuku wo Chikaimashita.: Madousho no Chikara de Sokoku wo Tataki Tsubushimasu,2026-07-06,12.0,24.0,68.0,20312,192,6,4
195833,Honoo no Toukyuujyo Dodge Danko,2026-07-06,12.0,24.0,57.0,1875,20,6,4
177637,Sayonara Lara,2026-07-06,12.0,24.0,76.0,29070,455,6,4
169583,"Tenkousaki no Seiso Karen na Bishoujo ga, Mukashi Danshi to Omotte Issho ni Asonda Osananajimi datta Ken",2026-07-06,12.0,24.0,70.0,35955,437,6,4
169582,Saikyou Degarashi Ouji no Anyaku Teii Arasoi: Munou wo Enjiru SS Rank Ouji wa Koui Keishou-sen wo Kage kara Shihai suru,2026-07-06,12.0,24.0,59.0,22661,235,6,4
169080,Azur Lane: Bisoku Zenshin! Ni!!,2026-07-06,12.0,9.0,62.0,3798,41,7,4
213097,TOMICA & TOM Season 2,2026-07-05,,,,57,1,7,4
210031,Seihantai na Kimi to Boku 2nd Season,2026-07-05,13.0,24.0,82.0,53941,1024,6,4
208225,"""Kimi wo Aisuru Ki wa nai"" to Itta Jiki Koushaku-sama ga Naze ka Dekiai Shitekimasu",2026-07-05,12.0,23.0,64.0,11105,125,6,4
205116,Aware! Meisaku-kun (2026),2026-07-05,,3.0,,84,2,7,4
204060,Tetsunabe no Jan!,2026-07-05,,23.0,70.0,9630,99,6,4
201514,"Saijo no Osewa: Takane no Hanadarake na Meimonkou de, Gakuin Ichi no Ojou-sama (Seikatsu Nouryoku Kaimu) wo Kagenagara Osewa suru Koto ni Narimashita",2026-07-05,12.0,24.0,70.0,38665,574,6,4
200637,Kimi no Koto ga Dai Dai Dai Dai Daisuki na 100-nin no Kanojo 3rd Season,2026-07-05,12.0,24.0,79.0,36915,756,6,4
200230,Let's Go Kaikigumi,2026-07-05,12.0,24.0,56.0,5359,48,6,4
198409,Sekai Saikyou no Kouei: Meikyuukoku no Shinjin Tansakusha,2026-07-05,12.0,24.0,55.0,25444,283,6,4
197178,ONE PIECE HEROINES,2026-07-05,1.0,23.0,78.0,15073,209,5,2
196017,Grow Up Show: Himawari no Circus-dan,2026-07-05,,24.0,70.0,8798,93,6,4
194219,Oni no Hanayome,2026-07-05,12.0,24.0,68.0,19395,356,6,4
185875,Mahou Shoujo Lyrical Nanoha EXCEEDS Gun Blaze Vengeance,2026-07-05,12.0,24.0,65.0,9056,124,6,4
185692,Kabushiki Gaisha Magi Lumiere 2nd Season,2026-07-05,,,65.0,6855,68,6,4
103303,Nijusseiki Denki Mokuroku: Eureka Evrika,2026-07-05,13.0,25.0,75.0,52138,572,6,4
214866,Orion,2026-07-04,1.0,4.0,,69,3,2,2
213831,Snack HAZAMA,2026-07-04,12.0,12.0,52.0,1046,9,7,4
212308,Pan no Akachan (TV),2026-07-04,,2.0,,209,1,7,4
209983,Hell Mode: Yarikomi-zuki no Gamer wa Haisettei no Isekai de Musou Suru 2nd Season,2026-07-04,13.0,25.0,72.0,35516,549,6,4
207674,Ushiro no Shoumen Kamui-san,2026-07-04,12.0,12.0,57.0,17921,256,7,4
206249,Iwamoto-senpai no Suisen,2026-07-04,,24.0,52.0,6002,53,6,4
203490,Uchi no Otouto-domo ga Sumimasen,2026-07-04,24.0,24.0,68.0,8929,122,6,4
190569,Tenmaku no Jaadugar,2026-07-04,,23.0,82.0,39035,681,6,4
187538,BLACK TORCH,2026-07-04,,24.0,71.0,62055,888,6,4
185542,"Gaikotsu Kishi-sama, Tadaima Isekai e Odekakechuu II",2026-07-04,12.0,24.0,66.0,45400,651,6,4
178789,Mushoku Tensei III: Isekai Ittara Honki Dasu,2026-07-04,14.0,24.0,84.0,146369,4485,6,4
168134,Hua Xianzi: Mofa Xiang Dui Lun,2026-07-04,26.0,,,579,3,3,2
213484,Bai Ri Cheng Wang,2026-07-03,25.0,,62.0,3125,44,3,4
207141,Yani Neko,2026-07-03,,24.0,68.0,67149,1171,6,4
204466,Otome Kaijuu Caraméliser,2026-07-03,12.0,24.0,75.0,35750,594,6,4
202896,Cheat Item Kanrikyoku no Oshigoto EX Sanzan Yarareta Ato Dashi Douse Zenbu Wasureru kara Higaisha Tsumamigui Shitemo Ii yo ne,2026-07-03,1.0,20.0,53.0,512,19,3,2
199748,Koko wa Ore ni Makasete Saki ni Ike to Ittekara 10-nen ga Tattara Densetsu ni Natteita.,2026-07-03,12.0,23.0,63.0,36529,463,3,4
198044,Juurin Oukoku: Elf Oukoku wa Kyodai Naedoko ni,2026-07-03,2.0,30.0,,300,12,4,4
196218,Ryoumin 0-Nin Start no Henkyou Ryoushu-sama,2026-07-03,12.0,25.0,67.0,28860,368,3,4
188525,Kore Kaite Shine,2026-07-03,12.0,23.0,76.0,10027,118,6,4
180136,Tsuihou Sareta Tensei Juukishi wa Game Chishiki de Musou Suru,2026-07-03,26.0,24.0,67.0,55839,919,6,4
213861,"Let's Roll, Cinnamoroll! 2",2026-07-02,,4.0,,111,1,3,4
209669,Hanazakari no Kimitachi e 2nd Season,2026-07-02,13.0,24.0,68.0,6546,91,3,4
203880,Reiwa no Dara-san,2026-07-02,13.0,24.0,65.0,12248,168,6,4
201667,Bungou Stray Dogs Wan! 2,2026-07-02,12.0,12.0,74.0,4524,96,7,4
198376,BanG Dream! Yume∞Mita,2026-07-02,13.0,24.0,74.0,6944,121,6,4
197715,LV999 no Murabito,2026-07-02,12.0,24.0,60.0,34765,454,3,4
213426,Chikyuu Daisuki! Kikkun,2026-07-01,52.0,2.0,,58,1,7,4
214865,FBKINGDOM STORY,2026-06-30,1.0,2.0,,48,3,3,2
196219,Mujikaku Seijo wa Kyou mo Muishiki ni Chikara wo Tare Nagasu,2026-06-30,12.0,24.0,63.0,18718,204,6,4
206521,World Is Dancing,2026-06-29,13.0,24.0,72.0,20762,174,3,4
186863,Neko to Ryuu,2026-06-27,12.0,24.0,77.0,21768,356,3,4
211557,Furachi,2026-06-26,2.0,16.0,66.0,611,26,4,4
210116,Kare no Shiranai Himitsu wo Irete. The Animation,2026-06-26,,30.0,51.0,425,12,4,4
209873,Hamehara,2026-06-26,,,,315,11,4,4
208044,"Rakudai Kenja no Gakuin Musou: Nidome no Tensei, S-Rank Cheat Majutsushi Bouken-roku",2026-06-26,,24.0,63.0,46342,690,3,4
206682,Soreike! Anpanman: Pantan to Yakusoku no Hoshi,2026-06-26,1.0,,,96,1,1,2
176636,Shin Keroro Gunsou Movie: Fukkatsushite Sokkou Chikyuu Metsubou no Kiki de Arimasu!,2026-06-26,1.0,,,1136,8,1,2
206194,Zhan Shen: Fanchen Shen Yu 2,2026-06-25,15.0,,67.0,918,31,3,2
192800,"Heroine? Seijo? Iie, All Works Maid desu (Ko)!",2026-06-24,12.0,24.0,70.0,20075,262,3,4
213427,Pie no Mi: Oshi no Mori e Youkoso!,2026-06-22,8.0,2.0,,60,1,3,4
213356,Guangyin Zhi Wai 2,2026-06-20,52.0,,65.0,337,16,3,4
199448,Guimi Zhi Zhu Specials,2026-06-20,3.0,25.0,86.0,12106,281,3,2
213343,MAPPA 15th Anniversary Movie,2026-06-19,1.0,2.0,50.0,188,2,5,2
213317,Roman Jet Charisma,2026-06-18,1.0,4.0,,50,1,2,2
210032,BAKI-DOU Part 2,2026-06-18,12.0,24.0,73.0,7369,110,3,2
213297,Yun Shen Buzhi Meng Special: Zhu Ming Zhi Yi,2026-06-17,6.0,22.0,,121,6,3,2
215106,Yuanshen: Zuì​hou de Yí​chan,2026-06-15,1.0,8.0,62.0,198,7,3,2
202851,Fanren Xiu Xian Zhuan Di Wu Ji,2026-06-13,52.0,20.0,68.0,481,35,3,4
208749,Nuki Nuki ♡ Zupposism,2026-06-12,,20.0,55.0,551,20,4,4
168179,Biaoren 2,2026-06-11,8.0,,66.0,2103,37,3,2
213188,Jueshi Zhan Hun 2,2026-06-09,100.0,10.0,,98,3,3,4
199418,Wan Ren Zhi Shang,2026-06-09,14.0,20.0,59.0,1652,35,3,2
137664,Cheng Huang Lu,2026-06-09,6.0,13.0,,138,2,3,2
212992,Haiiro no Shoumei,2026-06-07,1.0,3.0,,72,1,2,2
212994,Meitantei Conan: Hanamaru na Answer,2026-06-06,1.0,24.0,70.0,1387,12,5,2
215521,Zhangmen Didiao Dian,2026-06-02,40.0,10.0,,48,1,3,4
209982,Paihame Kazoku,2026-05-29,,16.0,51.0,560,15,4,4
209981,Heart Mark Oome.,2026-05-29,,16.0,67.0,899,39,4,4
208361,Seishidouin no Oshigoto The Animation,2026-05-29,,,52.0,431,13,4,4
208264,Muchuu no Tou,2026-05-29,,,,317,10,4,4
179874,Mononoke: Hebigami,2026-05-29,1.0,87.0,66.0,6709,60,1,2
212563,Isekai no Sata wa Shachiku Shidai: Omoi wo Hasemashita,2026-05-27,1.0,24.0,69.0,2574,39,4,2
212319,Nikke Nichi! Non Non Zenshou Kichi,2026-05-22,4.0,6.0,67.0,1155,31,3,2
113555,Kidou Keisatsu Patlabor EZY File 1,2026-05-22,3.0,24.0,58.0,3378,22,4,2
213668,Eri,2026-05-21,1.0,12.0,,124,1,1,2
212309,Transformers: Wild King W,2026-05-20,,4.0,,144,5,3,4
212323,Shounen to Gundam - Kidou Senshi Gundam 50-shuunen: Road to 50 - Prologue Movie,2026-05-15,1.0,6.0,79.0,1414,32,3,2
212280,Bouken wa Tsuzuite iru. FINAL FANTASY XI 24th Anniversary Movie,2026-05-15,1.0,1.0,,55,1,5,2
206354,Quanzhi Fashi 7,2026-05-13,12.0,,61.0,1973,34,3,2
194167,Love Live! Hasunosora Jogakuin School Idol Club: Bloom Garden Party,2026-05-08,1.0,75.0,72.0,3114,67,1,2
178707,Mahouka Koukou no Rettousei: Yotsuba Keishou-hen,2026-05-08,1.0,103.0,72.0,17424,227,1,2
206356,Xingchen Bian Final,2026-05-07,12.0,,59.0,281,16,3,2
211270,Fei Ren Zai 3 Part 2,2026-05-05,12.0,7.0,,78,2,3,2
204356,Boku no Hero Academia No. 170+1: More,2026-05-02,1.0,23.0,82.0,37913,786,5,2
213516,Tunshi Xingkong Movie: Juezhan Yuanshi Xing,2026-05-01,,,,169,6,3,2
211607,Jujutsu Kaisen Modulo PV,2026-05-01,1.0,1.0,79.0,3259,63,5,2
211331,Kujira wo Yumemu,2026-05-01,1.0,8.0,61.0,924,14,1,2
212557,Looney Tunes Gokko,2026-04-30,,1.0,,142,1,7,4
208314,Kyonyuu ga Futari Inai to Bokki Shinai Otto no tame ni Tomodachi wo Tsuretekita Tsuma,2026-04-30,,16.0,70.0,1124,71,4,4
196840,Iya na Kao sare nagara Opantsu Misete Moraitai Returns,2026-04-30,6.0,4.0,55.0,8694,158,3,2
153466,Pan Long,2026-04-30,20.0,,59.0,569,23,3,2
202895,Otaku no Boku ga Ichigun Gal to Tsukiaeru Made no Hanashi,2026-04-29,,,58.0,661,21,3,4
211479,KIRA,2026-04-27,1.0,3.0,66.0,396,14,2,2
211301,Kaze no Anthem,2026-04-24,1.0,4.0,75.0,1448,37,2,2
206840,Todo no Tsumari,2026-04-24,,,52.0,633,17,4,4
206145,Kai Pai La! Guaishou Da Dianying,2026-04-24,12.0,18.0,55.0,805,11,3,2
204349,Hyakushou Kizoku 3rd Season OVA,2026-04-24,2.0,5.0,,301,2,4,2
188035,Saishuu Gakushou Hibike! Euphonium - Zenpen,2026-04-24,1.0,120.0,70.0,6945,63,1,2
186833,Jiang Ye,2026-04-23,19.0,,,367,8,3,2
211181,Mu Shen Ji 4,2026-04-19,26.0,,65.0,372,27,3,4
206003,Chimimouryou,2026-04-17,2.0,20.0,48.0,531,16,4,2
208352,Dandelion,2026-04-16,7.0,29.0,71.0,8437,123,3,2
184872,Nitian Xie Shen: Nian Fan,2026-04-16,52.0,22.0,,314,13,3,4
205772,Candy Caries,2026-04-15,24.0,3.0,57.0,735,7,7,4
163793,Cheongchun Blossom: Uriui Bom,2026-04-15,12.0,15.0,,4084,32,6,2
194393,Aishiteru Game wo Owarasetai,2026-04-14,12.0,24.0,75.0,58182,1298,6,2
210823,Petals,2026-04-12,1.0,3.0,63.0,343,6,2,2
206950,Kumarba Season 3,2026-04-12,,3.0,,111,0,7,4
204269,Odekake Kozame Season 2,2026-04-12,72.0,2.0,,610,7,7,4
202386,Shou 3 Ashibe QQ Goma-chan,2026-04-12,,,,118,0,7,4
196974,Kuroneko to Majo no Kyoushitsu,2026-04-12,24.0,24.0,62.0,23065,260,6,4
195734,Ichijouma Mankitsu-gurashi!,2026-04-12,11.0,24.0,64.0,9377,126,6,2
182578,Yozakura-san Chi no Daisakusen 2nd Season,2026-04-12,12.0,24.0,75.0,25605,454,6,2
182300,Tsue to Tsurugi no Wistoria Season 2,2026-04-12,12.0,24.0,82.0,116025,4014,6,2
198113,Kill Ao,2026-04-11,12.0,24.0,74.0,45979,814,6,2
187869,"Kamiina Botan, Yoeru Sugata wa Yuri no Hana",2026-04-11,12.0,24.0,82.0,35285,1663,6,2
185211,Yowa Yowa Sensei,2026-04-11,12.0,24.0,64.0,24942,419,6,2
169228,Hokuto no Ken: FIST OF THE NORTH STAR,2026-04-11,14.0,24.0,63.0,5935,90,6,2
209312,Girls und Panzer: Ribbon no Musha Pilot-ban,2026-04-10,1.0,5.0,64.0,1043,18,5,2
206004,Love wa Gal kara Hajimaru Unmei,2026-04-10,2.0,,60.0,729,35,4,2
202508,Kami no Shizuku,2026-04-10,24.0,24.0,54.0,5722,39,6,4
198369,Meitantei Conan: Highway no Datenshi,2026-04-10,1.0,109.0,60.0,1888,19,1,2
177501,Awajima Hyakkei,2026-04-10,12.0,24.0,72.0,12868,159,6,2
182483,Hime Kishi wa Barbaroi no Yome,2026-04-09,12.0,24.0,69.0,53552,949,6,2
177508,Kujima Utaeba Ie Hororo,2026-04-09,12.0,24.0,63.0,4693,57,6,2
210687,Re:Zero kara Hajimeru Kyuukei Jikan (Break Time) 4th Season,2026-04-08,,3.0,67.0,2559,25,3,4
206951,"Megami ""Isekai Tensei Nani ni Naritai Desu ka"" Ore ""Yuusha no Rokkotsu de""",2026-04-08,12.0,23.0,71.0,20359,453,6,2
202985,"Tadaima, Ojamasaremasu!",2026-04-08,12.0,23.0,65.0,11031,150,6,2
199588,Otaku ni Yasashii Gal wa Inai!?,2026-04-08,12.0,23.0,76.0,67641,1659,6,2
199029,"Kanojo, Okarishimasu 5th Season",2026-04-08,12.0,24.0,62.0,21809,379,3,2
189046,Re:Zero kara Hajimeru Isekai Seikatsu 4th Season,2026-04-08,19.0,24.0,90.0,132551,6628,6,4
158036,Hidarikiki no Eren,2026-04-08,13.0,25.0,59.0,9386,89,6,2
207675,Hyakki Yakou Shou,2026-04-07,12.0,4.0,48.0,1324,7,7,2
199547,MARRIAGETOXIN,2026-04-07,13.0,24.0,76.0,87934,1698,6,2
197754,LIAR GAME,2026-04-07,,24.0,61.0,41357,474,6,4
195268,Higeki no Genkyou to Naru Saikyou Gedou Last Boss Joou wa Tami no Tame ni Tsukushimasu.  Season 2,2026-04-07,12.0,24.0,69.0,22197,329,6,2
186744,"Replica Datte, Koi wo Suru.",2026-04-07,13.0,24.0,69.0,16801,259,6,2
169580,Class de 2-banme ni Kawaii Onnanoko to Tomodachi ni Natta,2026-04-07,12.0,24.0,80.0,96534,3591,6,2
206166,Ingoku Danchi,2026-04-06,12.0,3.0,45.0,10150,171,7,2
204319,Ookii Onnanoko wa Suki desu ka?,2026-04-06,12.0,7.0,57.0,11744,257,7,2
202523,Marika-chan no Koukando wa Bukkowareteiru,2026-04-06,8.0,6.0,47.0,14339,177,7,2
201090,Ghost Concert: missing Songs,2026-04-06,12.0,24.0,50.0,4230,42,6,2
197824,Isekai Nonbiri Nouka 2,2026-04-06,12.0,24.0,73.0,50755,1119,6,2
189987,Ponkotsu Fuuki Iin to Skirt take ga Futekisetsu na JK no Hanashi,2026-04-06,12.0,24.0,77.0,37074,817,6,2
156090,Da Dao Du Xing: Die Long Bian,2026-04-06,16.0,,,325,7,3,2
147105,Tongari Boushi no Atelier,2026-04-06,13.0,24.0,85.0,218796,10938,3,2
206914,Nippon Sangoku,2026-04-05,12.0,26.0,84.0,55952,1852,3,2
206523,Onegai AiPri,2026-04-05,,,54.0,768,10,6,4
202102,NEEDY GIRL OVERDOSE,2026-04-05,13.0,25.0,68.0,39178,993,6,2
196029,Kami no Niwatsuki Kusunoki-tei,2026-04-05,12.0,24.0,71.0,18591,387,6,2
190704,Kanan-sama wa Akumade Choroi,2026-04-05,12.0,24.0,70.0,46420,799,6,2
178749,Mahou no Shimai LuluttoLilly,2026-04-05,12.0,24.0,67.0,5266,53,6,2
177634,Diamond no Ace act II: Second Season,2026-04-05,13.0,24.0,79.0,9051,211,6,2
213664,Zhe Tian Movie: Bei Guan Zhan Wang Teng,2026-04-04,1.0,94.0,,127,2,3,2
210932,Shiguang Dailiren: Xiao Juchang 2,2026-04-04,8.0,4.0,65.0,942,16,3,2
201910,Oshiri Dandy the Young,2026-04-04,,,,114,0,6,4
198411,Nezumi-kun no Chokki (TV),2026-04-04,13.0,5.0,,144,1,7,2
196935,Akane-banashi,2026-04-04,12.0,25.0,79.0,38910,793,6,2
196012,MAO,2026-04-04,26.0,25.0,66.0,18641,234,6,4
195600,Yomi no Tsugai,2026-04-04,24.0,24.0,78.0,129886,2793,6,4
184492,Mairimashita! Iruma-kun 4,2026-04-04,24.0,25.0,80.0,39956,881,6,4
183231,Rilakkuma,2026-04-04,,1.0,62.0,1618,22,7,4
171110,Honzuki no Gekokujou: Ryoushu no Youjo,2026-04-04,24.0,24.0,76.0,37638,643,6,4
210234,Mamonogurai no Boukensha: Ore Dake Mamono wo Kuratte Tsuyoku Naru,2026-04-03,12.0,13.0,49.0,8959,122,7,2
209940,Komekami! Girls,2026-04-03,12.0,23.0,39.0,1035,8,6,2
206270,Cang Yuan Tu 3,2026-04-03,,,,419,17,3,4
205054,Tensei Akujo no Kuro Rekishi OVA,2026-04-03,1.0,24.0,69.0,2377,35,4,2
202381,"Mata Korosarete Shimatta no desu ne, Tantei-sama",2026-04-03,12.0,24.0,60.0,17764,190,6,2
196144,Snowball Earth,2026-04-03,13.0,23.0,67.0,14127,198,6,2
195333,Haibara-kun no Tsuyokute Seishun New Game,2026-04-03,12.0,24.0,66.0,23666,363,6,2
192808,Jishou Akuyaku Reijou na Konyakusha no Kansatsu Kiroku.,2026-04-03,12.0,24.0,77.0,30876,841,3,2
182205,Tensei Shitara Slime Datta Ken 4th Season,2026-04-03,24.0,24.0,83.0,128770,4451,6,4
181284,Kirio Fanclub,2026-04-03,12.0,24.0,68.0,9906,144,6,2
179950,Reincarnation no Kaben,2026-04-03,13.0,24.0,60.0,32873,338,6,2
170019,Otonari no Tenshi-sama ni Itsunomanika Dame Ningen ni Sareteita Ken 2nd Season,2026-04-03,12.0,24.0,72.0,76441,2096,6,2
201817,Nigashita Sakana wa Ookikatta ga Tsuriageta Sakana ga Ookisugita Ken,2026-04-02,12.0,24.0,71.0,21573,373,6,2
199221,Dr. STONE: SCIENCE FUTURE Part 3,2026-04-02,13.0,24.0,83.0,77520,2132,6,2
186497,Koori no Jouheki,2026-04-02,14.0,24.0,83.0,73595,2944,6,2
180228,Ganbare! Nakamura-kun!!,2026-04-02,13.0,24.0,81.0,32016,1568,3,2
210375,Daikenja Riddle no Jikan Gyakko,2026-04-01,12.0,5.0,45.0,4393,68,7,2
200769,Saikyou no Shokugyou wa Yuusha demo Kenja demo Naku Kanteishi (Kari) Rashii desu yo?,2026-04-01,12.0,24.0,57.0,34131,480,3,2
198939,Jidou Hanbaiki ni Umarekawatta Ore wa Meikyuu wo Samayou 3rd Season,2026-04-01,12.0,24.0,67.0,15515,197,6,2
197868,Maid-san wa Taberu dake,2026-04-01,12.0,24.0,67.0,11528,167,3,2
194317,"Saikyou no Ousama, Nidome no Jinsei wa Nani wo Suru? 2nd Season",2026-04-01,12.0,23.0,64.0,46364,885,6,2
180745,Youkoso Jitsuryoku Shijou Shugi no Kyoushitsu e 4th Season 2-nensei-hen Ichi Gakki,2026-04-01,16.0,24.0,78.0,115261,3289,6,2
173172,Dorohedoro Season 2,2026-04-01,11.0,25.0,83.0,43289,1298,3,2
210115,Tower Dungeon Volume 6 Release Commemorative PV,2026-03-31,1.0,2.0,59.0,276,5,3,2
170110,"Isekai de Cheat Skill wo Te ni Shita Ore wa, Genjitsu Sekai wo mo Musou Suru: Level Up wa Jinsei wo Kaeta",2026-03-30,1.0,47.0,68.0,28935,495,5,2
190143,Shunkashuutou Daikousha: Haru no Mai,2026-03-29,14.0,24.0,76.0,45437,1125,6,2
210072,Kanseitou Yoru,2026-03-28,1.0,3.0,,179,2,2,2
209962,AnimeCanvas Commercial Film,2026-03-28,1.0,2.0,57.0,258,5,3,2
206916,Kegareboshi Kuro,2026-03-27,1.0,,59.0,615,26,4,2
206915,Kegareboshi Murasaki,2026-03-27,1.0,,61.0,613,27,4,2
204560,Phantom Alchemia: Sylvia no Dokidoki Sakusei Toshi Keikaku,2026-03-27,,,53.0,541,12,4,4
204463,Hebi to Kumo,2026-03-27,,,57.0,661,23,4,4
190668,Entotsu-machi no Poupelle: Yakusoku no Tokei-dai,2026-03-27,1.0,,,586,3,1,2
187375,"THE IDOLM@STER Million Live!: Itsuka, Mannaka de",2026-03-27,1.0,29.0,63.0,790,7,4,2
209541,PetitCure: Precure Fairies Season 3,2026-03-26,,,,245,4,3,4
166437,Soushen Ji,2026-03-25,24.0,,,328,21,3,2
206889,Fukufuku no Chizu,2026-03-24,1.0,,,165,0,5,2
209662,PRIMADONNA,2026-03-22,1.0,3.0,68.0,421,11,2,2
206857,Oshirimae Man: Fukkatsu no Oshirimae Teikoku,2026-03-20,1.0,,,165,3,1,2
200930,Anal Mania Otaku to Ananie Daisuki na Ojou-sama: Kiseki no Matching,2026-03-20,2.0,20.0,54.0,759,25,4,2
198373,Ansatsu Kyoushitsu: Minna no Jikan,2026-03-20,1.0,87.0,75.0,14303,127,1,2
210347,Wildest Flower,2026-03-19,1.0,3.0,57.0,160,2,2,2
190327,JoJo no Kimyou na Bouken: Steel Ball Run - 1st STAGE,2026-03-19,1.0,47.0,88.0,75893,3439,3,2
179813,Niwatori Fighter,2026-03-14,12.0,23.0,66.0,21658,278,6,2
213663,Cang Yuan Tu Qianzhuan: Dongning Fu de Xiatian,2026-03-13,3.0,22.0,,116,5,3,2
203100,Himitsu no AiPri: Mankai Buzzrium Live!,2026-03-13,,,,352,6,1,2
197097,Paris ni Saku Étoile,2026-03-13,1.0,119.0,,3815,19,1,2
209018,Crossroad,2026-03-09,1.0,4.0,69.0,560,13,2,2
208517,Android wa Keiken Ninzuu ni Hairimasu ka??: 5-kakan Tsuzukete......?,2026-03-07,1.0,5.0,61.0,3237,27,3,2
187267,BEASTARS FINAL SEASON Part 2,2026-03-07,12.0,24.0,73.0,19356,312,3,2
177132,Hanarokushou ga Akeru Hi ni,2026-03-06,1.0,75.0,65.0,7252,48,1,2
208668,Yomosugara,2026-03-05,1.0,4.0,56.0,251,2,2,2
208551,Fashion Beat,2026-03-05,1.0,3.0,55.0,201,2,2,2
215891,Pure,2026-03-04,1.0,3.0,,0,0,2,2
208665,Chidori,2026-03-04,1.0,4.0,58.0,297,4,2,2
207534,Dao Yao Xing,2026-03-03,60.0,,,257,7,3,4
137662,Fangkai Nage Nüwu,2026-03-03,8.0,22.0,80.0,16985,496,3,2
208370,Chatter Chatter,2026-02-28,1.0,3.0,66.0,340,4,2,2
203367,"Mou Ichido, Shitemitai.",2026-02-27,,,69.0,1034,39,4,4
202894,Kenki Virgo,2026-02-27,,,51.0,577,19,4,4
202893,L'amour fou de l'automate,2026-02-27,,,56.0,481,12,4,4
198368,Doraemon: Shin Nobita no Kaitei Kiganjou,2026-02-27,1.0,,,664,14,1,2
182206,Tensei Shitara Slime Datta Ken: Soukai no Namida-hen,2026-02-27,1.0,104.0,74.0,44936,711,1,2
199411,Yu Ling Shi,2026-02-26,18.0,22.0,62.0,1454,22,3,2
176509,BAKI-DOU,2026-02-26,13.0,24.0,75.0,15546,232,3,2
206358,Xiuluo Wushen 2,2026-02-24,16.0,20.0,,291,6,3,2
208105,Yani Neko Mini,2026-02-22,,1.0,53.0,717,8,3,4
204270,Evangelion: Housou 30 Shuunen Kinen Tokubetsu Kougyou,2026-02-21,1.0,15.0,78.0,6414,118,5,2
204394,You Shou Yan 5,2026-02-20,12.0,,62.0,321,17,3,2
207853,Dou-Da? DOING!,2026-02-15,1.0,6.0,56.0,196,4,2,2
184280,Tensui no Sakuna-hime: Kokorowa Inasaku Nisshi,2026-02-15,2.0,24.0,65.0,1698,19,5,2
213928,Han ye Deng Zhu,2026-02-14,1.0,90.0,,52,1,1,2
210376,Huhuan Shaonü Special: Xiang Zuo de Shi Daodi Shi Shenme,2026-02-14,1.0,30.0,59.0,395,7,5,2
155304,Xiuxianzhe Dazhan Chaonengli,2026-02-14,40.0,,,241,12,3,2
197474,Shin Gintama Movie: Yoshiwara Daienjou,2026-02-13,1.0,124.0,79.0,4764,68,1,2
182317,Boku no Kokoro no Yabai Yatsu Movie,2026-02-13,1.0,102.0,79.0,29195,498,1,2
155331,Long Po Jiutian,2026-02-11,40.0,,,169,0,3,2
204949,Ginga Tokkyuu Milky☆Subway: Kakueki Teisha Gekijou Yuki,2026-02-06,1.0,47.0,76.0,2573,72,1,2
187508,Duel Masters LOST: Boukyaku no Taiyou,2026-02-06,4.0,24.0,,476,9,3,2
208065,Lele Bianlidian,2026-02-04,10.0,10.0,,50,0,3,2
213667,LUCA,2026-02-02,1.0,12.0,58.0,263,4,1,2
208064,Tang Zhi Zhi Yi,2026-02-02,26.0,7.0,,111,2,3,2
207415,Kaiba Seichoutsuu × Mass Destruction -Reload- Mashup,2026-02-01,1.0,3.0,72.0,897,28,2,2
207331,Manga Arabia PV,2026-02-01,1.0,1.0,,94,1,3,2
202957,Meitantei Precure!,2026-02-01,51.0,24.0,75.0,6112,157,6,4
207084,Onee-chan Gokko,2026-01-31,3.0,25.0,64.0,1489,19,3,4
207083,ray Chou Kaguya-hime! Version,2026-01-31,1.0,3.0,82.0,2175,66,2,2
199410,Ze Tian Ji (2026),2026-01-31,26.0,,69.0,685,34,3,2
201153,Seikou Senki Pony Celes,2026-01-30,,,48.0,400,11,4,4
198511,Seifuku wa Kita mama de,2026-01-30,2.0,20.0,62.0,1061,36,4,2
189956,Kusunoki no Bannin,2026-01-30,1.0,113.0,,3260,15,1,2
113971,Kidou Senshi Gundam: Senkou no Hathaway - Circe no Majo,2026-01-30,1.0,108.0,79.0,8187,145,1,2
207413,Medianoche,2026-01-29,1.0,4.0,,201,5,2,2
166039,Terror Man,2026-01-29,8.0,29.0,57.0,2793,41,3,2
207414,Tabidachi no Uta,2026-01-28,1.0,5.0,64.0,381,8,2,2
203127,Princess Principal: Crown Handler - Chapter 4: Fabulous Platypus,2026-01-28,1.0,6.0,58.0,1273,12,4,2
206895,Shishang Zui Qiang Lian Ti Lao Zu,2026-01-26,40.0,11.0,,209,3,3,2
189275,Medalist 2nd Season,2026-01-25,9.0,23.0,83.0,19182,465,6,2
185870,Cheng He Titong 2,2026-01-25,24.0,23.0,63.0,804,20,3,2
207363,Xi Yangyang Yu Hui Tailang: Gu Guguai Jie You Guguai,2026-01-23,60.0,15.0,,35,0,7,2
201903,Chou Kaguya-hime!,2026-01-22,1.0,140.0,84.0,59263,4112,3,2
207324,Serenade (2026),2026-01-21,1.0,4.0,73.0,1293,36,2,2
204698,GelPiyo,2026-01-21,10.0,4.0,,151,2,7,2
206425,Sousou no Frieren: ●● no Mahou Part 3,2026-01-19,,1.0,69.0,2177,26,3,4
206250,Ittai Itsukara,2026-01-16,1.0,4.0,58.0,146,4,2,2
199436,Shen Kong Bian,2026-01-16,26.0,,59.0,475,17,3,2
182255,Sousou no Frieren 2nd Season,2026-01-16,10.0,24.0,88.0,220037,8664,6,2
202955,Prism Rondo,2026-01-15,20.0,27.0,84.0,36214,1906,3,2
206856,"Sinbi Apateu 10-junyeon Geugjangpan: Han Beon Deo, Sohwan",2026-01-14,1.0,86.0,,98,1,1,2
182587,[Oshi no Ko] 3rd Season,2026-01-14,11.0,24.0,86.0,107620,3684,6,2
207474,Ai Ai Ai Ai♡Ai Love You,2026-01-13,1.0,4.0,57.0,257,3,2,2
203939,Yami Shibai 16,2026-01-12,13.0,4.0,53.0,1231,9,7,2
176370,"Hime-sama, ""Goumon"" no Jikan desu 2nd Season",2026-01-12,12.0,24.0,76.0,12974,252,6,2
207082,Cardfight!! Vanguard 15 Shuunen Kinen PV,2026-01-11,1.0,2.0,57.0,235,1,5,2
198374,Jingai Kyoushitsu no Ningengirai Kyoushi,2026-01-11,13.0,24.0,64.0,16920,195,6,2
195518,Akuyaku Reijou wa Ringoku no Outaishi ni Dekiai Sareru,2026-01-11,12.0,24.0,60.0,24274,305,6,2
192507,Uruwashi no Yoi no Tsuki,2026-01-11,12.0,24.0,74.0,39110,927,6,2
187989,Yuusha no Kuzu,2026-01-11,24.0,23.0,65.0,19241,209,6,2
187062,Hikuidori,2026-01-11,12.0,24.0,45.0,4732,41,6,2
184951,Seihantai na Kimi to Boku,2026-01-11,12.0,24.0,83.0,118563,5025,6,2
183660,Kaya-chan wa Kowakunai,2026-01-11,12.0,24.0,72.0,23609,489,6,2
166613,Jigokuraku 2nd Season,2026-01-11,12.0,24.0,82.0,170296,4216,6,2
203296,Cardfight!! Vanguard: Divinez - Genma Seisen-hen,2026-01-10,12.0,24.0,61.0,994,13,6,2
203148,Hoppe-chan: Sun Oukoku to Kuro Hoppe-dan no Himitsu,2026-01-10,12.0,24.0,,274,1,6,2
202419,Omae wa Mada Gunma wo Shiranai: Reiwa-ban,2026-01-10,12.0,6.0,43.0,1486,14,7,2
192867,Android wa Keiken Ninzuu ni Hairimasu ka??,2026-01-10,8.0,4.0,60.0,14425,160,7,2
187941,Tensei Shitara Dragon no Tamago Datta: Saikyou Igai Mezasa Nee,2026-01-10,12.0,24.0,63.0,25699,439,6,2
187901,Dead Account,2026-01-10,12.0,24.0,65.0,26789,342,6,2
185262,Hell Mode: Yarikomi-zuki no Gamer wa Haisettei no Isekai de Musou Suru,2026-01-10,12.0,23.0,72.0,51109,971,6,2
181443,DARK MOON: Kuro no Tsuki - Tsuki no Saidan,2026-01-10,12.0,24.0,63.0,17189,330,6,2
179062,Enen no Shouboutai: San no Shou Part 2,2026-01-10,13.0,24.0,82.0,87353,2047,6,2
163144,TRIGUN STARGAZE,2026-01-10,12.0,24.0,67.0,32541,431,6,2
200556,High School! Kimengumi (2026),2026-01-09,12.0,23.0,49.0,1946,14,6,2
198706,Da Zhu Zai 2,2026-01-09,52.0,18.0,59.0,511,20,3,4
191718,"""Omae Gotoki ga Maou ni Kateru to Omou na"" to Yuusha Party wo Tsuihou Sareta node, Outo de Kimama ni Kurashitai",2026-01-09,12.0,24.0,65.0,27958,346,6,2
189137,"Douse, Koishite Shimaunda. Season 2",2026-01-09,12.0,24.0,61.0,6747,90,6,2
187892,ALL YOU NEED IS KILL,2026-01-09,1.0,82.0,67.0,17180,126,1,2
185514,Champignon no Majo,2026-01-09,12.0,24.0,66.0,17159,214,6,2
172463,Jujutsu Kaisen: Shimetsu Kaiyuu - Zenpen,2026-01-09,12.0,24.0,86.0,253115,9794,6,2
205676,Black Jack Yanen,2026-01-08,12.0,2.0,,170,2,3,2
185039,Toumei Otoko to Ningen Onna: Sonouchi Fuufu ni Naru Futari,2026-01-08,12.0,24.0,76.0,26001,519,6,2
183270,Eris no Seihai,2026-01-08,12.0,24.0,69.0,23656,308,6,2
182771,Odayaka Kizoku no Kyuuka no Susume.,2026-01-08,12.0,24.0,67.0,15601,276,6,2
176276,Mato Seihei no Slave 2,2026-01-08,12.0,24.0,74.0,50833,1221,6,2
192261,29-sai Dokushin Chuuken Boukensha no Nichijou,2026-01-07,12.0,24.0,64.0,22521,282,6,2
191967,Jigoku Sensei Nube (2025) Part 2,2026-01-07,13.0,23.0,68.0,4014,59,6,2
191205,Okiraku Ryoushu no Tanoshii Ryouchi Bouei: Seisan-kei Majutsu de Na mo na Kimura wo Saikyou no Jousai Toshi ni,2026-01-07,12.0,24.0,68.0,37820,719,3,2
183984,Arne no Jikenbo,2026-01-07,12.0,23.0,60.0,11094,95,6,2
180746,Shibou Yuugi de Meshi wo Kuu.,2026-01-07,11.0,24.0,71.0,50301,1111,6,2
177679,Darwin Jihen,2026-01-07,13.0,24.0,69.0,25703,373,6,2
203472,Himitsu Kessha Taka no Tsume XX,2026-01-06,12.0,5.0,,107,2,3,2
195515,"Yuusha Party ni Kawaii Ko ga Ita no de, Kokuhaku Shitemita.",2026-01-06,13.0,24.0,62.0,48563,690,6,2
194742,Maou no Musume wa Yasashi Sugiru!!,2026-01-06,12.0,24.0,71.0,21739,394,3,2
194318,Yoroi Shinden Samurai Troopers,2026-01-06,12.0,24.0,57.0,4393,60,6,2
189565,Osananajimi to wa Love Comedy ni Naranai,2026-01-06,12.0,24.0,63.0,27595,365,6,2
187942,Mayonaka Heart Tune,2026-01-06,12.0,24.0,73.0,49523,1199,6,2
183661,Isekai no Sata wa Shachiku Shidai,2026-01-06,12.0,25.0,69.0,24046,580,6,2
204432,CHOPPER's,2026-01-05,12.0,1.0,55.0,1228,10,7,2
198767,Ichigo Aika: Zatsu de Namaiki na Imouto to Warikirenai Ani,2026-01-05,12.0,7.0,57.0,3046,64,3,2
198720,Hokuto no Ken: Kenou-gun Zako-tachi no Banka,2026-01-05,12.0,4.0,48.0,1015,15,7,2
197731,Goumon Baito-kun no Nichijou,2026-01-05,12.0,24.0,63.0,11463,146,6,2
195322,Vigilante: Boku no Hero Academia ILLEGALS 2nd Season,2026-01-05,13.0,24.0,74.0,39149,495,6,2
194028,Kirei ni Shitemoraemasu ka.,2026-01-05,12.0,24.0,67.0,22706,428,6,2
189259,Arisugawa Ren tte Honto wa Onna Nanda yo ne.,2026-01-05,8.0,7.0,53.0,806,21,3,2
185993,Kizoku Tensei: Megumareta Umare kara Saikyou no Chikara wo Eru,2026-01-05,12.0,24.0,66.0,41098,699,3,2
177385,Ikoku Nikki,2026-01-05,13.0,24.0,87.0,49451,3103,6,2
166521,Golden Kamuy: Saishuushou,2026-01-05,13.0,24.0,82.0,21387,349,6,2
186333,Majutsushi Kunon wa Mieteiru,2026-01-04,13.0,24.0,65.0,36101,484,3,2
177580,Hanazakari no Kimitachi e,2026-01-04,12.0,24.0,69.0,18538,327,3,2
205307,Shirube,2026-01-03,1.0,,61.0,395,5,2,2
199446,"Saioshi no Gikei wo Mederu Tame, Nagaikishimasu!",2026-01-03,12.0,4.0,51.0,2550,33,3,2
167152,Yuusha Kei ni Shosu: Choubatsu Yuusha 9004-tai Keimu Kiroku,2026-01-03,12.0,25.0,81.0,158018,4642,6,2
166617,Fate/strange Fake,2026-01-03,13.0,25.0,82.0,81045,2365,6,2
198749,Yi Ren Zhi Xia 6,2026-01-02,26.0,,59.0,1348,16,3,2
205154,Noto Hantou Fukkou Ouen Kikaku,2026-01-01,2.0,2.0,,203,1,3,2
199366,Zhongguo Qitan 2,2026-01-01,9.0,15.0,,174,2,3,2
199112,"Watashi ga Koibito ni Nareru Wake Nai jan, Muri Muri! (※Muri ja Nakatta!?): Next Shine!",2026-01-01,5.0,24.0,79.0,22493,648,6,2
195384,Meikyuu no Shiori,2026-01-01,1.0,125.0,52.0,2448,23,1,2
187264,Yuusha Party wo Oidasareta Kiyou Binbou,2026-01-01,12.0,24.0,67.0,68563,1264,3,2
185753,MF Ghost 3rd Season,2026-01-01,13.0,24.0,76.0,13459,312,3,2
178005,Tamon-kun Ima Docchi!?,2026-01-01,13.0,24.0,78.0,45199,1847,3,2
194884,Kaguya-sama wa Kokurasetai: Otona e no Kaidan,2025-12-31,2.0,26.0,84.0,49535,1015,5,2
153467,Xian Jian Qi Xia Zhuan 3,2025-12-30,26.0,,,170,0,3,2
214074,Zeztz Anime: Dream Arbeiter Baku,2025-12-28,,7.0,,25,0,3,4
205905,Guangyin Zhi Wai,2025-12-28,26.0,,76.0,1037,59,3,2
155311,Shanhai Jing Mima,2025-12-27,13.0,,,286,5,3,2
206727,Remember,2025-12-26,1.0,4.0,68.0,686,14,2,2
204742,Tomo ni Kagayaku Ashita no Tame ni.,2025-12-26,1.0,5.0,,132,1,3,2
201975,Kegareboshi Aka,2025-12-26,1.0,16.0,63.0,830,29,4,2
201974,Kegareboshi Ao,2025-12-26,1.0,16.0,63.0,763,27,4,2
199164,Seihou Shouka Saint Lime VN: VeasTube Eroero Haishin Edition♪,2025-12-26,,,48.0,436,15,4,4
199162,Cool de M,2025-12-26,,,56.0,535,19,4,4
193923,Kono Hon wo Nusumu Mono wa,2025-12-26,1.0,85.0,,2525,9,1,2
188034,Girls und Panzer: Motto Love Love Sakusen desu!,2025-12-26,4.0,72.0,72.0,3644,62,1,2
179930,Undead Unluck: Winter-hen,2025-12-26,1.0,48.0,76.0,19442,247,5,2
205290,Jian Lai 2,2025-12-25,27.0,31.0,69.0,534,30,3,2
213642,Juequling: Ruo Neng Huazuo Guangmang,2025-12-24,1.0,9.0,59.0,201,4,3,2
204696,Little Twin Stars: Hajimari no Monogatari,2025-12-24,1.0,9.0,,107,2,3,2
168252,Chaofan Jinhua,2025-12-23,14.0,18.0,,415,7,3,2
214873,Wang You Guo,2025-12-22,3.0,17.0,,20,1,3,2
204656,mofusand,2025-12-22,,1.0,60.0,832,21,3,4
168195,Kaiju Jiu You Wang Zhe Zhanghao,2025-12-21,12.0,12.0,,479,13,3,2
189258,Ao no Miburo: Serizawa Ansatsu-hen,2025-12-20,14.0,24.0,67.0,3722,53,6,2
186834,Yong Sheng 5,2025-12-20,26.0,20.0,59.0,361,12,3,2
208055,LOCA!,2025-12-19,1.0,21.0,64.0,560,12,1,2
204654,"Hachigatsu, Bou, Tsukiakari",2025-12-15,1.0,5.0,60.0,333,4,2,2
185857,Xian Wang de Richang Shenghuo 5,2025-12-14,12.0,18.0,76.0,14416,278,3,2
213509,Underdog Short Animations,2025-12-12,2.0,1.0,,33,1,3,2
208074,DIGITAL LOVE feat. Hoshimachi Suisei,2025-12-12,1.0,2.0,55.0,179,1,2,2
207081,"Watashi wa, Watashi no Koto ga Suki.",2025-12-12,1.0,2.0,68.0,772,10,2,2
204080,IRIS OUT,2025-12-12,1.0,1.0,83.0,4815,170,3,2
187921,Shuumatsu no Valkyrie III,2025-12-10,15.0,25.0,77.0,27304,551,3,2
195877,Bai Lian Cheng Shen 3,2025-12-09,26.0,,61.0,377,18,3,2
191893,IDOLiSH7: First BEAT! Gekijou Soushuuhen - Kouhen,2025-12-05,1.0,,,263,2,1,2
188928,Natsu to Hako,2025-12-05,,,66.0,1091,64,4,4
153458,San Xian Lun Hui,2025-12-05,18.0,18.0,,487,5,3,2
132776,Peleliu: Rakuen no Guernica,2025-12-05,,,54.0,2228,10,1,2
204626,Metal Cardbot W,2025-12-04,26.0,12.0,,43,2,7,4
199005,#Kanagawa ni Sunderu Elf,2025-12-04,12.0,4.0,,718,7,7,2
166443,Zi Jin: Yu Miao Fang,2025-12-03,16.0,20.0,,420,4,3,2
199432,Aoshi Dan Shen,2025-12-02,12.0,20.0,61.0,371,13,3,2
213095,Nihyaku-nen no Yume wo Mita.,2025-12-01,3.0,10.0,,71,1,3,2
204396,Long Hun,2025-12-01,8.0,17.0,,140,5,3,2
200228,Oshikake! Bakunyuu Gal Harem Seikatsu,2025-11-28,,16.0,69.0,1214,69,4,4
198046,Do S na Pet,2025-11-28,,,53.0,528,16,4,4
196116,Nagachichi Nagai-san THE ANIMATION,2025-11-28,,20.0,57.0,819,39,4,4
199414,Xuan Jie Zhi Men,2025-11-26,26.0,20.0,58.0,423,11,3,2
194712,Nukitashi THE ANIMATION OVAs,2025-11-26,4.0,5.0,63.0,4117,65,4,2
214834,Path of Progress,2025-11-24,1.0,2.0,,85,1,3,2
166421,Jiu Yang Wushen,2025-11-22,20.0,18.0,58.0,422,12,3,2
207855,Maru-neun Gangjwi,2025-11-21,8.0,18.0,,124,2,3,2
185773,Hateshinaki Scarlet,2025-11-21,1.0,113.0,61.0,11720,116,1,2
203146,Atashin'chi NEXT 2,2025-11-20,5.0,10.0,,70,0,3,2
202660,Wu Dong Qiankun 6,2025-11-20,12.0,24.0,68.0,462,20,3,2
212518,Muteki☆Honki da Survivor!,2025-11-15,1.0,4.0,,122,3,2,2
199154,"GIRLS BAND CRY: Naa, Mirai.",2025-11-14,1.0,110.0,72.0,2577,26,1,2
198344,Mesu wo Karu Mura,2025-11-14,2.0,20.0,52.0,532,14,4,2
202281,BLUE GALE XABUNGLE SIDE R,2025-11-12,1.0,3.0,60.0,253,2,3,2
203710,Wei Miao Rensheng,2025-11-11,36.0,10.0,62.0,1829,23,3,2
199439,Jian Wang 3: Shen Jianxin de 365 Tian,2025-11-08,35.0,,,155,1,3,2
204066,Jujutsu Kaisen: Shibuya Jihen Tokubetsu Henshuu-ban x Shimetsu Kaiyuu Senkou Jouei,2025-11-07,1.0,88.0,76.0,20478,390,1,2
193294,Toritsukare Otoko,2025-11-07,1.0,,,853,3,1,2
183384,Love Live! Nijigasaki Gakuen School Idol Doukoukai: Kanketsu-hen 2,2025-11-07,1.0,75.0,77.0,2646,49,1,2
213460,Sorotani no Keibacchi Season 3,2025-11-05,4.0,3.0,,15,1,7,2
137711,Shen Qian: Qiangzhi Daodai,2025-11-05,8.0,20.0,,86,0,3,2
201808,LET'S JUST CRASH,2025-11-03,1.0,3.0,59.0,672,24,2,2
120406,Gu Xiong,2025-11-02,9.0,19.0,,554,5,3,2
212517,Iolite,2025-11-01,1.0,4.0,56.0,229,3,2,2
206277,Quanneng Gaoshou,2025-11-01,20.0,12.0,,48,1,3,2
204628,Oshi ga Buka ni Narimashita,2025-10-31,30.0,2.0,,265,3,3,2
201151,THE LENTICULARS,2025-10-31,8.0,6.0,60.0,1233,11,3,2
199430,Cengjing You Yongshi,2025-10-31,12.0,19.0,60.0,905,20,3,2
198048,Natsuzuma,2025-10-31,,16.0,66.0,1034,60,4,4
196547,H na Gishi Series The Animation,2025-10-31,2.0,20.0,62.0,813,29,4,2
196540,Seikon no Aria,2025-10-31,,,56.0,641,19,4,4
188522,Sumikko Gurashi: Sora no Ookoku to Futari no Ko,2025-10-31,1.0,,,204,0,1,2
199603,Princess Catch! Tiniping,2025-10-30,26.0,11.0,,68,0,7,4
184642,Star Wars: Visions Volume 3,2025-10-29,9.0,19.0,69.0,6083,48,3,2
184351,Shi Wai,2025-10-29,1.0,111.0,68.0,1057,24,1,2
140291,Disney Twisted-Wonderland: THE ANIMATION - Season 1: EPISODE of HEARTSLABYUL,2025-10-29,8.0,27.0,68.0,23210,600,3,2
185858,Xian Di Guilai,2025-10-27,16.0,,64.0,398,5,3,2
196722,Reika wa Karei na Boku no Joou THE ANIMATION,2025-10-24,,20.0,72.0,1586,71,4,4
195360,Honey Blonde 2,2025-10-24,,20.0,61.0,669,27,4,4
140337,Zombie Land Saga: Yume Ginga Paradise,2025-10-24,1.0,122.0,82.0,18531,247,1,2
196230,Monster Strike: Deadverse Reloaded,2025-10-21,10.0,24.0,51.0,2202,17,6,2
207886,Run Run Lantern,2025-10-19,1.0,6.0,63.0,2286,15,5,2
203953,Mu Shen Ji 3,2025-10-19,26.0,20.0,74.0,547,35,3,2
200560,Kasukana Yuuhi,2025-10-17,1.0,4.0,62.0,295,5,2,2
198188,Fujimoto Tatsuki 17-26,2025-10-17,8.0,18.0,79.0,48604,1081,1,2
194872,Golden Kamuy: Inazuma Goutou to Mamushi no Ogin/Shimaenaga,2025-10-17,1.0,,65.0,3603,17,4,2
194353,Choro Mesu Days,2025-10-17,,,66.0,1301,75,4,4
211271,Odekake Kozame Kurashiki-shi Collab Movie,2025-10-16,1.0,2.0,,179,1,3,2
188529,Ugoku! Neko Mukashi Banashi,2025-10-15,50.0,3.0,54.0,581,10,3,4
155303,Tian Xiang,2025-10-15,26.0,,,291,8,3,2
186161,Kimi to Koete Koi ni Naru,2025-10-14,12.0,24.0,69.0,15522,305,6,2
207848,Digimon Story Time Stranger: Prelude,2025-10-13,1.0,4.0,57.0,264,3,5,2
194447,Isekai Quartet 3,2025-10-13,11.0,12.0,74.0,16481,201,7,2
186524,Chanto Suenai Kyuuketsuki-chan,2025-10-12,12.0,24.0,68.0,19352,279,6,2
185116,Gnosia,2025-10-12,21.0,25.0,77.0,26476,868,6,2
153800,One Punch Man 3,2025-10-12,12.0,24.0,50.0,150270,2147,6,2
213646,Yuanshen: Baoshi de Pianju,2025-10-10,1.0,1.0,,150,2,3,2
200642,Wadachi wo Koete Yuke,2025-10-10,1.0,30.0,,529,2,1,2
196115,Golden Kamuy: Sapporo Beer Koujou-hen,2025-10-10,2.0,68.0,67.0,3240,27,1,2
191403,Aikatsu! x PriPara THE MOVIE -Deai no Kiseki-,2025-10-10,1.0,75.0,74.0,1020,25,1,2
177686,Housenka,2025-10-10,1.0,90.0,69.0,2871,10,1,2
200046,SO BAD,2025-10-09,1.0,4.0,,125,2,2,2
199635,PetitCure: Precure Fairies Season 2,2025-10-09,23.0,1.0,55.0,327,4,3,2
174914,Tensei Akujo no Kuro Rekishi,2025-10-09,12.0,24.0,66.0,20826,336,6,2
199931,Dokodemo Makibao: World Tour,2025-10-08,24.0,4.0,,71,2,3,2
186914,Ninja to Gokudou,2025-10-08,12.0,23.0,61.0,7249,88,6,2
180436,WanDance,2025-10-08,12.0,23.0,66.0,23611,310,6,2
170577,Tondemo Skill de Isekai Hourou Meshi 2,2025-10-08,12.0,24.0,76.0,58142,1379,6,2
204732,Saishinwa,2025-10-07,1.0,3.0,59.0,285,3,2,2
199009,2200-nen Neko no Kuni Nippon,2025-10-07,12.0,3.0,50.0,1079,10,7,2
198312,Heika Watashi wo Wasurete Kudasai,2025-10-07,12.0,5.0,51.0,4034,37,7,2
186794,Ansatsusha de Aru Ore no Status ga Yuusha yori mo Akiraka ni Tsuyoi no da ga,2025-10-07,12.0,24.0,66.0,82798,1444,6,2
180082,Chitose-kun wa Ramune Bin no Naka,2025-10-07,13.0,24.0,73.0,46475,920,6,2
162890,3-nen Z-gumi Ginpachi-sensei,2025-10-07,12.0,24.0,75.0,14809,226,6,2
199812,Sawaranaide Kotesashi-kun Mini Anime Gekijou,2025-10-06,12.0,12.0,47.0,407,6,7,2
199008,Uso Tantei Tomanto,2025-10-06,26.0,1.0,,143,0,7,2
187331,Sawaranaide Kotesashi-kun,2025-10-06,12.0,12.0,58.0,19309,263,7,2
182531,Guilty Hole,2025-10-06,8.0,7.0,63.0,1878,69,3,2
173523,Egao no Taenai Shokuba desu.,2025-10-06,13.0,24.0,73.0,13914,232,6,2
170936,Debu to Love to Ayamachi to!,2025-10-06,12.0,25.0,62.0,6326,83,6,2
196553,SI-VIS: The Sound of Heroes,2025-10-05,24.0,24.0,59.0,5207,56,6,2
195240,Uma Musume: Cinderella Gray Part 2,2025-10-05,10.0,24.0,86.0,28902,1303,6,2
190840,Kingdom 6th Season,2025-10-05,13.0,25.0,84.0,10217,297,6,2
188388,DIGIMON BEATBREAK,2025-10-05,,24.0,69.0,14442,270,6,4
187464,Toujima Tanzaburou wa Kamen Rider ni Naritai,2025-10-05,24.0,24.0,75.0,26099,598,6,2
186190,Alma-chan wa Kazoku ni Naritai,2025-10-05,11.0,24.0,69.0,14097,220,6,2
185731,Ranma 1/2 (2024) 2nd Season,2025-10-05,12.0,23.0,77.0,31634,565,6,2
179992,Kikaijikake no Marie,2025-10-05,12.0,24.0,67.0,20383,267,6,2
173692,"Chichi wa Eiyuu, Haha wa Seirei, Musume no Watashi wa Tenseisha.",2025-10-05,12.0,24.0,66.0,28545,395,6,2
170018,Ao no Orchestra Season 2,2025-10-05,21.0,25.0,74.0,6663,97,6,2
129195,Tomodachi no Imouto ga Ore ni dake Uzai,2025-10-05,12.0,23.0,64.0,49702,704,6,2
206154,Qiyun Dantian: Kaiju Qiandao Zhizun Dantian,2025-10-04,60.0,9.0,,72,2,3,4
198413,JOCHUM Season 2,2025-10-04,24.0,2.0,,120,0,7,2
195173,SHIBUYA♡HACHI Part 4,2025-10-04,12.0,3.0,,118,0,7,2
194832,Oshiri Tantei 9 Part 2,2025-10-04,7.0,20.0,,83,0,6,2
188487,"Mikata ga Yowasugite Hojo Mahou ni Tesshiteita Kyuutei Mahoushi, Tsuihou Sarete Saikyou wo Mezasu",2025-10-04,12.0,23.0,63.0,37716,453,6,2
187940,Kao ni Denai Kashiwada-san to Kao ni Deru Oota-kun,2025-10-04,12.0,24.0,69.0,23644,440,6,2
186920,Shuumatsu Touring,2025-10-04,12.0,24.0,66.0,11814,123,6,2
186736,Kagaku×Bouken Survival! 2nd Season,2025-10-04,19.0,24.0,,218,1,6,2
185801,Nageki no Bourei wa Intai Shitai 2,2025-10-04,11.0,24.0,74.0,33335,609,3,2
182896,Boku no Hero Academia FINAL SEASON,2025-10-04,11.0,23.0,87.0,130578,4952,6,2
181447,Saigo ni Hitotsu dake Onegai Shite mo Yoroshii Deshou ka,2025-10-04,13.0,24.0,73.0,73299,1667,3,2
179302,SANDA,2025-10-04,12.0,24.0,74.0,49104,884,6,2
177937,SPY×FAMILY Season 3,2025-10-04,13.0,24.0,82.0,130757,2481,6,2
176298,Kekkon Yubiwa Monogatari II,2025-10-04,13.0,24.0,64.0,21039,300,6,2
162669,Fumetsu no Anata e Season 3,2025-10-04,22.0,25.0,74.0,55216,916,6,2
213094,Yonghansonyeo,2025-10-03,10.0,14.0,60.0,1253,24,3,2
207637,Ai Zokusei,2025-10-03,1.0,3.0,,113,3,2,2
207475,Jongtama x Gintama Collab Kettei Promotion Anime,2025-10-03,1.0,12.0,,188,1,3,2
201262,POKÉTOON (2025),2025-10-03,3.0,8.0,64.0,736,5,3,2
199794,Anila to Cocora,2025-10-03,13.0,2.0,47.0,679,4,7,2
199363,Wanmei Shijie 6,2025-10-03,52.0,24.0,67.0,386,29,3,4
198561,"Potion, Wagami wo Tasukeru",2025-10-03,12.0,13.0,57.0,7345,100,7,2
198117,GANGLION,2025-10-03,24.0,3.0,60.0,3882,46,7,2
187860,Nohara Hiroshi: Hiru Meshi no Ryuugi,2025-10-03,12.0,24.0,63.0,1721,27,6,2
186714,GIRLS BAND CRY: Seishun Kyousoukyoku,2025-10-03,1.0,110.0,75.0,4797,44,1,2
186346,IDOLiSH7: First BEAT! Gekijou Soushuuhen - Zenpen,2025-10-03,1.0,,,525,1,1,2
185694,Hyakushou Kizoku 3rd Season,2025-10-03,12.0,4.0,62.0,695,1,7,2
184997,Shabake,2025-10-03,13.0,23.0,60.0,5705,43,6,2
184322,"Shinjiteita Nakamatachi ni Dungeon Okuchi de Korosarekaketa ga Gift ""Mugen Gacha"" de Level 9999 no Nakamatachi wo Te ni Irete Moto Party Member to Sekai ni Fukushuu & ""Zamaa!"" Shimasu!",2025-10-03,12.0,24.0,70.0,61113,1332,6,2
183291,"Akujiki Reijou to Kyouketsu Koushaku: Sono Mamono, Watashi ga Oishiku Itadakimasu!",2025-10-03,12.0,24.0,70.0,27601,508,6,2
200374,Kikaijikake no Marie Mini Anime,2025-10-02,13.0,3.0,51.0,285,5,3,2
199636,Lollipop,2025-10-02,1.0,3.0,61.0,351,6,2,2
198926,Chou Futsuu Mahou Shoujo Asumi Toruverse,2025-10-02,13.0,4.0,,390,4,7,2
198921,Sylvanian Families: Freya no Wonder Days,2025-10-02,12.0,12.0,,92,0,7,2
194389,Koala Enikki,2025-10-02,49.0,2.0,52.0,553,6,3,4
193968,Let’s Play: Quest Darake no My Life,2025-10-02,12.0,23.0,65.0,15178,183,6,2
187166,Ganso! Bandori-chan,2025-10-02,52.0,1.0,68.0,2346,23,3,4
186621,Taiyou yori mo Mabushii Hoshi,2025-10-02,12.0,24.0,72.0,19340,324,6,2
185575,Bukiyou na Senpai.,2025-10-02,12.0,24.0,69.0,32822,468,6,2
183385,"Watashi wo Tabetai, Hitodenashi",2025-10-02,13.0,24.0,74.0,42563,1188,6,2
177271,Kakuriyo no Yadomeshi 2nd Season,2025-10-02,12.0,24.0,68.0,10515,166,6,2
213353,Given: 10th Mix,2025-10-01,1.0,18.0,73.0,2336,39,4,2
204621,Koikeya SDGs Gekijou Suss to Tina Season 6,2025-10-01,13.0,3.0,,42,1,7,2
199801,Hana,2025-10-01,1.0,2.0,,63,0,2,2
199800,Kakurenbo no Tatsujin,2025-10-01,1.0,2.0,,57,0,2,2
199799,Ottamagettan,2025-10-01,1.0,2.0,,47,0,2,2
199798,Aozora to Oscar Peterson,2025-10-01,1.0,2.0,,69,0,2,2
199593,MafiosA,2025-10-01,1.0,4.0,62.0,274,6,2,2
195383,MUZIK TIGER In the Forest 2,2025-10-01,17.0,1.0,,154,3,7,2
183965,Yano-kun no Futsuu no Hibi,2025-10-01,12.0,22.0,72.0,30040,581,6,2
163788,Yeonui Pyeonji,2025-10-01,1.0,97.0,74.0,3038,59,1,2
187663,Sozai Saishuka no Isekai Ryokouki,2025-09-30,12.0,24.0,60.0,35042,458,3,2
168087,Gu Wei Nan Ting,2025-09-30,16.0,20.0,63.0,1448,40,3,2
199368,Shen Zai Jiong Tu,2025-09-29,40.0,,,121,1,3,2
204393,Wo Zai Tianting Shou Feipin,2025-09-28,40.0,11.0,,103,3,3,2
165530,Mofa Gongzhu De Xiao Fannao,2025-09-28,16.0,21.0,77.0,27069,768,3,2
180523,Yasei no Last Boss ga Arawareta!,2025-09-27,12.0,23.0,74.0,47291,1159,3,2
196750,Sister Breeder,2025-09-26,,20.0,71.0,1899,115,4,4
195153,Towa no Yuugure,2025-09-26,13.0,24.0,64.0,38679,576,6,2
195034,Korette Naani?,2025-09-26,,,57.0,607,25,4,4
195033,Kiken na Mori Onigokko,2025-09-26,,,45.0,502,15,4,4
186829,Kakurenbo THE ANIMATION,2025-09-26,1.0,30.0,69.0,1917,67,4,2
184718,Cat's♥Eye (2025),2025-09-26,12.0,24.0,64.0,6639,81,3,2
166417,Da Tang Chengfeng Lu,2025-09-25,26.0,21.0,,137,2,3,2
159981,Future Kid Takara,2025-09-25,11.0,5.0,,511,3,1,2
169969,Mushoku no Eiyuu: Betsu ni Skill nanka Ira Nakattan Daga,2025-09-24,12.0,24.0,62.0,45191,680,3,2
199417,Wu Hun Dalu,2025-09-21,48.0,10.0,,77,0,3,2
199358,Zhen Dao Ge 3,2025-09-19,14.0,24.0,,79,0,3,2
177687,Hyakuemu.,2025-09-19,1.0,106.0,83.0,42114,1716,1,2
171627,Chainsaw Man: Reze-hen,2025-09-19,1.0,100.0,90.0,232038,17780,1,2
207222,Aqura Home Aqurin Anime CM,2025-09-17,1.0,1.0,,64,0,3,2
199405,Huanggu En Chou Lu: Po Feng Pian,2025-09-17,40.0,,,94,0,3,2
199406,Jueshi Shen Huang,2025-09-13,40.0,,,113,1,3,2
198730,HOUR TIME Yellow,2025-09-13,1.0,3.0,60.0,254,5,2,2
193348,Netorareta Bakunyuu Tsuma-tachi,2025-09-12,2.0,20.0,61.0,923,44,4,2
183414,Kimi to Idol Precure♪ Omatase! Kimi ni Todokeru KirakkiLive!,2025-09-12,1.0,71.0,70.0,1228,12,1,2
198748,Tianming Dashenhuang,2025-09-11,40.0,,,110,0,3,2
195887,Zhege Nianji Huan Neng Dang Daxia Ma 2nd Season,2025-09-10,10.0,7.0,,46,0,3,2
199073,Xianwu Zhuan 4,2025-09-06,43.0,18.0,,176,8,3,2
198355,Azur Lane: 8 Shuunen Kinen Anime PV,2025-09-06,1.0,2.0,,174,1,5,2
206611,Summer Pockets: Naruse Shiroha-hen,2025-09-05,1.0,83.0,61.0,886,11,1,2
198726,Chainsaw Biyori,2025-09-05,5.0,1.0,73.0,3208,52,3,2
198408,Chikyuu no Latair,2025-09-05,5.0,10.0,,120,0,7,2
175035,Pokémon Concierge Part 2,2025-09-04,4.0,16.0,75.0,5006,57,3,2
198379,Onomatopoeia ISLAND,2025-09-03,1.0,1.0,54.0,271,2,2,2
201961,Jebal Joyonghi Jom Hae!,2025-09-02,5.0,6.0,76.0,3055,104,3,2
198377,Ashita no Arika,2025-09-02,1.0,54.0,46.0,642,2,3,2
200375,Inpuru-kun no Sonzai Shinai Oshigoto,2025-09-01,,3.0,,44,1,3,4
212519,Natsu no Owari,2025-08-31,1.0,4.0,,53,1,2,2
206610,Summer Pockets: Sorakado Ao-hen,2025-08-29,1.0,88.0,60.0,798,12,1,2
195068,Purepure Peropero Princess,2025-08-29,,,59.0,812,32,4,4
193707,Mujin Eki The Animation,2025-08-29,,20.0,58.0,721,30,4,4
193347,Shachiku Cinderella,2025-08-29,,,54.0,591,19,4,4
192452,Koushoku no Chuugi Kunoichi Botan,2025-08-29,,20.0,56.0,684,27,4,4
186181,Fushigi ‌no ‌Kuni ‌de ‌Alice to: Dive ‌in ‌Wonderland,2025-08-29,1.0,95.0,60.0,3806,19,1,2
198033,Ano Hi no Kanojotachi: day09 Miu Takigawa,2025-08-28,1.0,4.0,56.0,291,0,5,2
194087,Hitozuma no Kuchibiru wa Kan Chu-Hi no Aji ga Shite OVA,2025-08-27,1.0,5.0,54.0,1984,24,3,2
195494,bâan: Otona no Kyoukai,2025-08-24,1.0,18.0,69.0,17819,199,1,2
153455,Gui Chui Deng: Nan Hai Gui Xu,2025-08-23,17.0,18.0,,160,2,3,2
206609,Summer Pockets: Tsumugi Wenders-hen,2025-08-22,1.0,86.0,58.0,752,9,1,2
187317,AS ONE,2025-08-22,1.0,,,1305,10,1,2
177518,Odekake Kozame: Tokai no Otomodachi,2025-08-22,1.0,72.0,59.0,853,8,1,2
198704,Wangu Jian Di,2025-08-21,40.0,7.0,,85,0,3,2
183128,"Muchuu sa, Kimi ni.",2025-08-21,5.0,24.0,71.0,7994,155,6,2
207484,Akami Karubi Henshin Movie,2025-08-20,1.0,1.0,,45,1,5,2
206888,Musashino! Bonus,2025-08-18,1.0,4.0,,101,0,3,2
213508,Ohitorisama,2025-08-17,1.0,4.0,,44,1,2,2
198703,Wu Sui Xinghe,2025-08-17,60.0,,,174,1,3,2
199354,Fei Ren Zai: Xian Shi Wan Jia,2025-08-16,1.0,95.0,,74,0,1,2
195230,Summer Pockets: Kushima Kamome-hen,2025-08-15,1.0,86.0,65.0,2136,34,1,2
186169,ChaO,2025-08-15,1.0,90.0,68.0,3264,20,1,2
198380,SUPER NINJA NEKO,2025-08-13,1.0,1.0,45.0,192,0,3,2
198560,Dungeons & Television,2025-08-09,,5.0,59.0,1531,5,3,4
197179,Koisuru ONE PIECE: ONE PIECE DAY'25 Zenyasai Tokubetsu-hen,2025-08-09,1.0,5.0,59.0,947,4,5,2
203250,Chou Charisma Bon-Odori,2025-08-08,1.0,4.0,,71,1,2,2
198701,Shen Mu 3,2025-08-08,52.0,,61.0,374,18,3,2
185834,Bai Yao Pu: Luoyang Pian,2025-08-08,12.0,23.0,61.0,577,7,3,2
185537,Crayon Shin-chan: Chou Karei! Shakunetsu no Kasukabe Dancers,2025-08-08,1.0,105.0,60.0,793,13,1,2
213647,Yuanshen: Ineffa Da Gaizao,2025-08-07,1.0,2.0,,143,2,3,2
206256,Piaomiao Jian Xian Zhuan,2025-08-06,40.0,10.0,,69,1,3,2
208049,Garou Densetsu x Street Fighter,2025-08-04,2.0,1.0,,145,1,5,2
199419,Wan Jian Wangzuo,2025-08-04,40.0,,,89,1,3,2
196881,Fate/Grand Order - 10th Anniversary Movie,2025-08-03,1.0,2.0,66.0,536,6,5,2
196613,Dou Po Cangqiong: Nian Fan 4,2025-08-03,62.0,24.0,74.0,843,55,3,4
206919,Mao he Lao Shu: Xing Pan qi Yuan,2025-08-02,1.0,104.0,,118,4,1,2
199356,Lang Lang Shan Xiao Yao Guai,2025-08-02,1.0,118.0,67.0,303,8,1,2
206284,Xiangzhe Xingchen de Changzheng,2025-08-01,16.0,15.0,,43,1,3,2
197094,Fate/Grand Order: Fujimaru Ritsuka wa Wakaranai Season 3,2025-08-01,24.0,2.0,64.0,630,6,3,2
196694,Suki-Suki Diesuki Chou Ayeshiteru,2025-07-30,1.0,5.0,69.0,701,19,2,2
168177,Zichuan 2,2025-07-30,52.0,20.0,,266,7,3,4
198695,Kaiju Ditan Mai Dali,2025-07-29,24.0,,61.0,567,4,3,2
196568,Koiboshi Perico,2025-07-28,1.0,5.0,,74,0,2,2
213640,Xi Yangyang Yu Hui Tailang: Yiguo Poxiao,2025-07-26,1.0,96.0,,11,1,1,2
196482,Shin Kidou Senki Gundam Wing: operation 30th,2025-07-25,1.0,3.0,71.0,1042,17,5,2
191452,Immoral Game Master THE ANIMATION,2025-07-25,,20.0,61.0,1210,49,4,4
191451,Kyou wa Yubiwa wo Hazusu kara......,2025-07-25,,20.0,50.0,366,14,4,4
137716,"Zaixia ""Yingtai""",2025-07-25,12.0,20.0,,121,1,3,2
213697,Shi Wang Zhe A? 5,2025-07-24,13.0,9.0,,22,1,3,2
198948,Host ni Iroiro Kiitemita,2025-07-24,8.0,4.0,,137,1,3,2
186043,My Melody & Kuromi,2025-07-24,12.0,13.0,78.0,5010,154,3,2
183127,Karaoke Iko!,2025-07-24,5.0,24.0,75.0,9541,334,6,2
166422,Shuangsheng Wu Hun,2025-07-23,60.0,,,207,4,3,2
195886,Fei Ren Zai 3,2025-07-22,12.0,7.0,,99,0,3,2
208398,PokéOki,2025-07-21,6.0,1.0,58.0,392,4,3,2
196227,TOMICA & TOM,2025-07-20,9.0,2.0,,81,1,7,2
120756,TAMALA 2030: a punk cat in dark,2025-07-20,1.0,129.0,,447,3,1,2
178754,Kaijuu 8-gou 2nd Season,2025-07-19,11.0,24.0,78.0,152448,2761,6,2
174188,Nukitashi THE ANIMATION,2025-07-19,11.0,24.0,68.0,36415,670,6,2
193623,"Tooi-san wa Seishun Shitai! ""Baka to SmaPho to Romance to""",2025-07-18,1.0,90.0,,1772,21,1,2
191976,Cang Lan Jue 2,2025-07-18,26.0,15.0,64.0,672,18,3,2
178788,Kimetsu no Yaiba: Mugenjou-hen Movie 1 - Akaza Sairai,2025-07-18,1.0,155.0,86.0,192743,6091,1,2
166475,Luo Xiaohei Zhan Ji 2,2025-07-18,1.0,120.0,85.0,6509,260,1,2
157692,Long Zu 2,2025-07-18,24.0,24.0,75.0,9776,246,3,2
195916,Yao Shen Ji 9,2025-07-17,52.0,8.0,66.0,406,11,3,2
175645,Tongling Fei 2,2025-07-17,24.0,22.0,58.0,1796,21,3,2
166215,Utagoe wa Mille-Feuille,2025-07-17,10.0,24.0,63.0,3737,40,6,2
196224,Tomoshibi,2025-07-16,1.0,4.0,61.0,988,11,2,2
157960,BULLET/BULLET,2025-07-16,12.0,25.0,59.0,7727,68,3,2
184237,SAKAMOTO DAYS Part 2,2025-07-15,11.0,24.0,79.0,101514,1780,3,2
194088,Yami Shibai 15,2025-07-14,13.0,4.0,53.0,1263,11,7,2
198745,Shuukan Ranobe Anime,2025-07-13,12.0,23.0,,379,3,6,2
206362,One Last Wish,2025-07-12,1.0,4.0,,61,1,2,2
206066,Liaozhai: Lanre Si,2025-07-12,1.0,152.0,,40,2,1,2
198698,Douluo Dalu Movie: Jiandao Chen Xin,2025-07-12,1.0,92.0,60.0,255,8,3,2
196283,Hihifoo,2025-07-12,1.0,3.0,59.0,365,2,2,2
207805,Di Ling Ai: Mo Shui Linglong,2025-07-11,20.0,15.0,,57,2,3,2
196064,Tsuihou Shiro Madoushi Mini Anime,2025-07-11,12.0,2.0,,245,3,3,2
195845,Ghost Avenue,2025-07-11,1.0,3.0,68.0,332,25,2,2
185965,Futari Solo Camp,2025-07-11,24.0,24.0,68.0,22047,302,6,2
177474,Tougen Anki,2025-07-11,24.0,24.0,68.0,75133,1286,6,2
196063,Obusu ni Hanataba wo,2025-07-10,13.0,1.0,51.0,225,2,3,2
195209,Kizu darake Seijo yori Houfuku wo Komete,2025-07-10,12.0,13.0,61.0,6467,86,7,2
189117,Dr. STONE: SCIENCE FUTURE Part 2,2025-07-10,12.0,24.0,85.0,86201,1988,6,2
178886,"Mikadono Sanshimai wa Angai, Choroi.",2025-07-10,12.0,24.0,76.0,51348,1298,6,2
178090,"Tensei Shitara Dai Nana Ouji Datta node, Kimamani Majutsu wo Kiwamemasu 2nd Season",2025-07-10,12.0,24.0,76.0,61735,1246,6,2
177887,Leviathan,2025-07-10,12.0,25.0,66.0,6745,67,3,2
166412,Wo Wei Dao Zong,2025-07-10,16.0,20.0,,249,8,3,2
151799,New PANTY & STOCKING with GARTERBELT,2025-07-10,13.0,24.0,78.0,38387,945,6,2
199438,FUJIYAMA CHARISMA,2025-07-09,1.0,3.0,,79,0,2,2
195829,Kaijuu Shima,2025-07-09,1.0,3.0,,75,0,2,2
177880,Osomatsu-san 4th Season,2025-07-09,13.0,24.0,58.0,2345,23,6,2
173780,Tate no Yuusha no Nariagari Season 4,2025-07-09,12.0,24.0,70.0,72471,1100,6,2
159483,Turkey!,2025-07-09,12.0,23.0,63.0,10851,109,6,2
156104,Xin Yichang Shengwu Jianwen Lu: Xu,2025-07-09,7.0,15.0,,508,5,3,2
184591,"Watashi ga Koibito ni Nareru Wake Nai jan, Muri Muri! (※Muri ja Nakatta!?)",2025-07-08,12.0,24.0,76.0,54489,1674,6,2
182309,Grand Blue Season 2,2025-07-08,12.0,24.0,84.0,66965,1885,6,2
179828,Kakkou no Iinazuke Season 2,2025-07-08,12.0,24.0,67.0,31568,479,6,2
193607,Dekichau made Kon,2025-07-07,8.0,7.0,52.0,1432,41,3,2
188138,Binan Koukou Chikyuu Bouei-bu Haikara!,2025-07-07,12.0,24.0,54.0,1912,22,6,2
185519,"Food Court de, Mata Ashita.",2025-07-07,6.0,24.0,73.0,19776,427,6,2
181867,Shinobanai! Crypto Ninja Sakuya San no Maki,2025-07-07,13.0,4.0,,124,1,7,2
181841,CITY THE ANIMATION,2025-07-07,13.0,27.0,80.0,46713,1741,6,2
196229,Tomica Heroes Jobraver: Tokusou Gattai Robo (TV),2025-07-06,25.0,12.0,,86,1,7,2
189326,Jibaku Shounen Hanako-kun 2 Part 2,2025-07-06,12.0,24.0,80.0,21684,491,6,2
185755,Puniru wa Kawaii Slime 2nd Season,2025-07-06,12.0,24.0,70.0,2956,53,6,2
184575,Busamen Gachi Fighter,2025-07-06,12.0,24.0,61.0,21609,263,6,2
184574,Dekin no Mogura,2025-07-06,12.0,24.0,65.0,11933,133,6,2
184034,Hotel Inhumans,2025-07-06,13.0,23.0,64.0,11083,105,6,2
181444,Kaoru Hana wa Rin to Saku,2025-07-06,13.0,24.0,84.0,205029,11736,6,2
180929,Ruri no Houseki,2025-07-06,13.0,24.0,79.0,41762,986,6,2
180794,GaCen Shoujo to Ibunka Kouryuu,2025-07-06,12.0,24.0,64.0,17063,194,6,2
180425,Ame to Kimi to,2025-07-06,12.0,23.0,73.0,24987,486,6,2
179885,"Yuusha Party wo Tsuihou Sareta Shiro Madoushi, S Rank Boukensha ni Hirowareru: Kono Shiro Madoushi ga Kikakugaisugiru",2025-07-06,12.0,24.0,61.0,40073,501,3,2
178675,Bad Girl,2025-07-06,12.0,24.0,72.0,19916,581,3,2
178433,Isekai Mokushiroku Mynoghra: Hametsu no Bunmei de Hajimeru Sekai Seifuku,2025-07-06,13.0,24.0,66.0,53491,970,6,2
178025,Gachiakuta,2025-07-06,24.0,24.0,82.0,251225,10579,6,2
177689,Hikaru ga Shinda Natsu,2025-07-06,12.0,23.0,81.0,139645,5784,6,2
175124,Nyaight of the Living Cat,2025-07-06,12.0,25.0,61.0,12722,115,3,2
154768,Sono Bisque Doll wa Koi wo Suru Season 2,2025-07-06,12.0,24.0,82.0,188130,5894,6,2
198697,Yun Shen Buzhi Meng,2025-07-05,26.0,22.0,68.0,573,36,3,2
193238,Gakkou de wa Oshiete Kurenai Taisetsu na Koto,2025-07-05,25.0,5.0,,118,0,7,2
191994,Cardfight!! Vanguard: Divinez - Deluxe Kesshou-hen,2025-07-05,12.0,24.0,64.0,1016,13,6,2
188653,Punirunes Puni 3,2025-07-05,26.0,12.0,,146,0,7,2
186561,Kizetsu Yuusha to Ansatsu Hime,2025-07-05,12.0,24.0,64.0,23463,307,3,2
186003,Fermat no Ryouri,2025-07-05,12.0,24.0,68.0,10240,150,6,2
179966,Silent Witch: Chinmoku no Majo no Kakushigoto,2025-07-05,13.0,24.0,81.0,93185,3732,6,2
179879,Zutaboro Reijou wa Ane no Moto Konyakusha ni Dekiai Sareru,2025-07-05,12.0,24.0,73.0,25225,549,6,2
177761,9-nine- Shihaisha no Oukan,2025-07-05,13.0,24.0,53.0,7913,94,6,2
171046,Seishun Buta Yarou wa Santa Claus no Yume wo Minai,2025-07-05,13.0,24.0,82.0,87656,1998,6,2
169420,Watari-kun no xx ga Houkai Sunzen,2025-07-05,26.0,23.0,65.0,35199,598,6,2
207035,Kanojo ga Separate wo Matou Riyuu,2025-07-04,,13.0,53.0,326,8,3,4
206290,Benghuai: Xingqiong Tiedao - Yilun Zhaoyang de Mingyun,2025-07-04,1.0,1.0,69.0,449,17,3,2
196250,Xi Yangyang Yu Hui Tailang: Kuang Ye Xin Yuzhou,2025-07-04,60.0,15.0,,34,1,7,2
195517,SUGAR SUGAR RUNE: Les deux sorcières,2025-07-04,1.0,7.0,67.0,1256,15,5,2
195457,「unravel」×『Tokyo Ghoul』TV Animation 10th Anniversary Collaboration MV,2025-07-04,1.0,4.0,79.0,1852,59,2,2
186052,Mizu Zokusei no Mahou Tsukai,2025-07-04,12.0,24.0,70.0,92377,1851,6,2
185660,Dandadan 2nd Season,2025-07-04,12.0,24.0,83.0,223412,6077,6,2
185544,Tsuihousha Shokudou e Youkoso!,2025-07-04,12.0,24.0,69.0,28960,460,6,2
177175,Arknights: Enshin Shomei,2025-07-04,10.0,24.0,77.0,15329,378,6,2
175914,Yofukashi no Uta Season 2,2025-07-04,12.0,23.0,84.0,101233,3162,6,2
156395,Busu ni Hanataba wo.,2025-07-04,13.0,25.0,69.0,13049,206,6,2
213648,Ginga Tokkyuu Milky☆Subway: PARCO Original Animation,2025-07-03,1.0,1.0,54.0,328,3,3,2
199486,Neko Konogoro: Tenka Toitsu-hen,2025-07-03,12.0,1.0,,46,0,7,2
189069,Ginga Tokkyuu Milky☆Subway,2025-07-03,12.0,4.0,78.0,9033,262,7,2
187387,Onmyo Kaiten Re:verse,2025-07-03,12.0,23.0,63.0,13294,146,6,2
173335,Kamitsubaki-shi Kensetsuchuu.,2025-07-03,13.0,23.0,54.0,6546,100,6,2
155838,Tsuyokute New Saga,2025-07-03,12.0,24.0,65.0,36923,468,6,2
195891,Ling Tian Du Zun,2025-07-02,60.0,12.0,,192,2,3,2
193883,Chibi Godzilla no Gyakushuu 3,2025-07-02,,3.0,,250,6,7,4
186789,Hitozuma no Kuchibiru wa Kan Chu-Hi no Aji ga Shite,2025-07-02,8.0,5.0,53.0,9398,137,7,2
179678,Jigoku Sensei Nube (2025),2025-07-02,13.0,23.0,64.0,13106,168,6,2
178869,Clevatess: Majuu no Ou to Akago to Kabane no Yuusha,2025-07-02,12.0,24.0,77.0,85769,2095,6,2
169440,Jidou Hanbaiki ni Umarekawatta Ore wa Meikyuu wo Samayou 2nd Season,2025-07-02,12.0,24.0,64.0,27651,290,6,2
213102,Azarashi no Eru Aru,2025-07-01,,1.0,,22,1,3,4
185505,Necronomico no Cosmic Horror Show,2025-07-01,12.0,24.0,55.0,5958,68,6,2
180460,Mattaku Saikin no Tantei to Kitara,2025-07-01,12.0,24.0,71.0,21439,373,6,2
179344,"Kanojo, Okarishimasu 4th Season",2025-07-01,12.0,24.0,60.0,37279,499,3,2
170113,Koujo Denka no Kateikyoushi,2025-06-29,12.0,24.0,62.0,25236,352,3,2
206875,Guimi Zhi Zhu: Caidan,2025-06-28,9.0,2.0,67.0,1577,14,3,2
185407,Takopii no Genzai,2025-06-28,6.0,23.0,86.0,139416,8096,3,2
137667,Guimi Zhi Zhu: Xiaochou Pian,2025-06-28,13.0,35.0,85.0,113037,5304,3,2
191492,Yogoreta Kanojo,2025-06-27,1.0,16.0,62.0,1039,39,4,2
191491,Tonari no Kanojo,2025-06-27,1.0,16.0,59.0,1175,34,4,2
188933,Princess Burst!: Kiken-bi no Tanetsuke Haramase Shuuchi Battle!,2025-06-27,,,52.0,616,21,4,4
186542,Soreike! Anpanman: Chapon no Hero!,2025-06-27,1.0,59.0,,112,3,1,2
185084,LUPIN THE IIIRD THE MOVIE: Fujimi no Ketsuzoku,2025-06-27,1.0,93.0,66.0,3058,33,1,2
185071,Moto Kare to wa Dekinakatta Sex Shite mo Ii Desu ka?,2025-06-27,1.0,30.0,73.0,1760,86,4,2
184756,KING OF PRISM -Your Endless Call- Minna Kirameke! Prism☆Tours,2025-06-27,1.0,60.0,,436,10,1,2
181839,Kobayashi-san Chi no Maidragon: Samishigariya no Ryuu,2025-06-27,1.0,105.0,82.0,26102,441,1,2
181449,Virgin Punk: Clockwork Girl,2025-06-27,1.0,36.0,71.0,26482,223,1,2
214889,Balala Xiao Mo Xian: Yao Xing Shouhu Zhe 2,2025-06-26,26.0,13.0,,12,1,3,2
192474,Shinsei Galverse,2025-06-25,1.0,22.0,46.0,956,3,3,2
210068,F/ACE OFF,2025-06-22,1.0,3.0,70.0,914,26,2,2
194835,Onimomomomo,2025-06-21,25.0,5.0,56.0,513,10,3,2
195882,Cang Yuan Tu 2 Special,2025-06-20,7.0,22.0,67.0,294,15,3,2
194889,Aikatsu! Memorial Stage: Kagayaki no Unit Cup,2025-06-20,1.0,93.0,,280,2,1,2
191884,LUPIN THE IIIRD: Zenigata to Futari no Lupin,2025-06-20,1.0,54.0,72.0,2178,40,3,2
187404,Asa made Shirudaku Oyakodon!!,2025-06-20,2.0,20.0,60.0,738,38,4,2
206349,Maomao no Hitorigoto: USJ wo Chousa Seyo!,2025-06-19,2.0,5.0,54.0,513,6,5,2
206059,BAZUBI BAZAB,2025-06-19,1.0,4.0,,86,2,2,2
206595,Guruguru Live,2025-06-18,1.0,2.0,55.0,200,3,2,2
186495,MILGRAM Third Season,2025-06-18,,3.0,65.0,970,34,2,4
166419,Mo Tian Ji,2025-06-15,16.0,20.0,59.0,551,9,3,2
195883,Shenguo Zhi Shang,2025-06-14,17.0,23.0,61.0,351,17,3,2
168631,Pyramid Game,2025-06-14,9.0,9.0,56.0,1574,17,3,2
191370,JUNK WORLD,2025-06-13,1.0,105.0,53.0,438,3,1,2
166456,Xiang Chong Nai Xiong,2025-06-13,18.0,22.0,64.0,1222,25,3,2
205941,Yuanshen: Chen Jian Xing Lu,2025-06-12,1.0,3.0,67.0,483,7,3,2
199371,Shinya Ramen no Yuuwaku: SUNTORY Karada wo Omou All-Free CM,2025-06-12,1.0,1.0,,75,1,5,2
194390,Katachi,2025-06-12,1.0,4.0,61.0,247,2,2,2
181181,Zhu Xian 3,2025-06-12,26.0,20.0,70.0,624,34,3,2
166451,Yujin Xingzhe,2025-06-12,15.0,22.0,,369,9,3,2
206032,ZIG-ZAG,2025-06-11,1.0,4.0,,93,2,2,2
197643,Charisma Onsenkyou,2025-06-11,1.0,5.0,,90,0,2,2
213367,Rakugaki,2025-06-10,1.0,13.0,,26,1,1,2
155333,Ke Jin Wanjia,2025-06-10,26.0,21.0,,333,6,3,2
214770,Damashiai,2025-06-06,1.0,4.0,,54,1,2,2
210630,Propose,2025-06-06,1.0,3.0,,152,10,2,2
200446,First Light,2025-06-06,1.0,11.0,,127,0,1,2
186058,Kuro Gal A La Carte,2025-06-06,,20.0,61.0,1209,37,4,4
195885,Shixiong A Shixiong Nian Fan 2,2025-06-05,78.0,21.0,,194,14,3,4
137681,Xi Xing Ji: Da Yuan Hun,2025-06-02,12.0,13.0,,278,5,3,2
194033,Dotori Munhwasenteo,2025-06-01,26.0,3.0,,47,0,7,2
198694,Wangzhe Rongyao: Rongyao Zhi Zhang - Mingyun Pian,2025-05-31,4.0,24.0,,122,4,3,2
207598,Yoru no Humming,2025-05-30,1.0,3.0,,60,2,1,2
200639,Q,2025-05-30,1.0,8.0,,78,0,1,2
199372,Shi Jian Zhi Zi,2025-05-30,1.0,107.0,,206,1,1,2
193730,Uikousen,2025-05-30,1.0,4.0,61.0,295,5,2,2
192810,Juju Sanpo: Gekijouban,2025-05-30,1.0,1.0,69.0,1638,39,5,2
192809,Jujutsu Kaisen: Kaigyoku・Gyokusetsu,2025-05-30,1.0,111.0,84.0,27538,733,1,2
192002,I Byeore Piryohan,2025-05-30,1.0,96.0,80.0,12148,356,1,2
187304,Inshoku-Ou Demar,2025-05-30,,30.0,54.0,418,17,4,4
185121,Xian Ni Movie: Shenlin Zhi Zhan,2025-05-30,1.0,94.0,67.0,695,26,3,2
168632,Wiheomhan Pyeonuijeom,2025-05-30,2.0,8.0,65.0,1918,36,3,2
205861,Sanctuary,2025-05-29,1.0,3.0,,52,2,2,2
193705,Ai♡Scream!,2025-05-29,1.0,4.0,72.0,1029,28,2,2
186835,Jun You Yun 2nd Season,2025-05-28,32.0,,,181,3,3,2
193372,feel like,2025-05-23,1.0,3.0,61.0,319,3,2,2
186935,Dragon Heart: Reikai Tanbouki,2025-05-23,1.0,119.0,,456,3,1,2
186716,Princess Principal: Crown Handler - Chapter 4,2025-05-23,1.0,59.0,71.0,3245,30,1,2
162682,Kaitou Queen no Yuuga na Vacances,2025-05-23,1.0,88.0,,1093,11,1,2
135580,Ling Long 2,2025-05-23,12.0,38.0,76.0,888,44,3,2
193374,Cream de Ai ni Ikemasu ka,2025-05-22,1.0,4.0,56.0,196,1,2,2
213459,Sorotani no Keibacchi Season 2,2025-05-21,4.0,3.0,,13,1,7,2
205601,Chinpui: Eri-sama no Good Luck,2025-05-21,1.0,,,65,1,1,2
193240,Tun Tian Ji,2025-05-19,40.0,10.0,,185,2,3,2
192976,Kireigoto,2025-05-19,1.0,5.0,70.0,608,13,2,2
168628,Bulgeun Yeou,2025-05-19,10.0,18.0,,422,7,3,2
194879,Mumei no Jinsei,2025-05-16,1.0,93.0,56.0,970,3,1,2
193613,Synapusyu THE MOVIE: Pushu Hoppe Dancing PARTY,2025-05-16,1.0,40.0,,62,0,1,2
185778,Terra Live,2025-05-16,8.0,7.0,66.0,819,13,3,2
191978,Da Xia Qing Shang Gong,2025-05-13,10.0,12.0,,88,1,3,2
168810,Kemonokko Tsuushin: The Animation - Tanukiko Pokora,2025-05-11,1.0,14.0,57.0,793,32,3,2
205536,Kaseijin,2025-05-09,1.0,4.0,63.0,226,6,2,2
199373,Zashikiro,2025-05-09,1.0,165.0,,205,2,1,2
172393,Uta no☆Prince-sama♪ TABOO NIGHT XXXX,2025-05-09,1.0,56.0,58.0,988,15,1,2
196864,Tottemo Carichuma,2025-05-05,1.0,3.0,,70,0,2,2
204541,MONSTER (Music),2025-05-03,1.0,4.0,58.0,280,5,2,2
178445,Boku no Risou no Isekai Seikatsu,2025-05-02,,16.0,66.0,1514,59,4,4
124117,Huangshen Lu Zhi Linglong Shan,2025-05-02,12.0,15.0,,187,1,3,2
206038,Banjjakineun Ujeong Racing: Racer Hachuupinggwa Kkangchongpingui Tansaeng,2025-05-01,1.0,12.0,,25,1,5,2
191974,Kun Tun Tianxia Zhi Zhang Men Guilai,2025-05-01,12.0,20.0,75.0,14416,316,3,2
185729,Shen Yin Wangzuo 3,2025-05-01,52.0,20.0,73.0,693,46,3,2
180124,Tabekko Doubutsu THE MOVIE,2025-05-01,1.0,90.0,,170,0,1,2
195879,Shen Yin Wangzuo Movie: Yi Lai Ke Si Chuanqi,2025-04-30,1.0,90.0,66.0,438,12,3,2
191858,White Balance,2025-04-30,1.0,3.0,,105,1,2,2
191689,Umayuru: Pretty Gray,2025-04-30,4.0,3.0,67.0,3153,24,3,2
188753,Gekkan! Nanmono Anime,2025-04-30,,1.0,,129,0,3,4
194209,Honkaku Lemon Anime: -196 (#ichikyuuroku),2025-04-29,2.0,1.0,,91,0,3,2
191734,A Horny Money World: Densetsu no Yoru,2025-04-29,1.0,3.0,72.0,1118,26,2,2
193413,Tsurezure PoPiPa,2025-04-28,10.0,1.0,55.0,521,6,3,2
204551,Benghuai: Xingqiong Tiedao - Bu Xu Ci Xing,2025-04-26,1.0,3.0,67.0,352,11,5,2
192981,SPEED,2025-04-25,1.0,2.0,56.0,159,2,2,2
186827,Fuuki Iin to Fuuzoku Katsudou,2025-04-25,,16.0,71.0,1794,96,4,4
186308,Amai Ijiwaru,2025-04-25,,24.0,56.0,650,22,4,4
186307,Notto Sexaroid Eurie!,2025-04-25,2.0,15.0,52.0,556,15,4,2
191405,"Holoearth Anime PV: ""Saa, Anata no Mou Hitotsu no Sekai e""",2025-04-23,1.0,2.0,60.0,480,8,5,2
185716,Hyakushou Kizoku 2nd Season OVA,2025-04-23,2.0,5.0,57.0,435,1,4,2
184762,Natsume Yuujinchou Shichi: Nobashita Te wa,2025-04-23,1.0,23.0,76.0,3226,32,5,2
195880,Xiao Xian Zhi Yao,2025-04-21,40.0,10.0,,110,2,3,2
194706,Bousei no Volicia Dai Ni Shou: Gunjou,2025-04-21,1.0,42.0,57.0,674,16,1,2
191308,Hitotte Tada no Tsutsujanai desu ka,2025-04-21,1.0,4.0,54.0,181,0,2,2
186151,Yu-Gi-Oh! CARD GAME: THE CHRONICLES (2025),2025-04-21,,4.0,58.0,3054,32,3,4
191980,Mu Shen Ji 2,2025-04-20,26.0,20.0,76.0,707,56,3,2
179541,Shirobuta Kizoku desu ga Zense no Kioku ga Haeta node Hiyoko na Otouto Sodatemasu,2025-04-20,12.0,24.0,64.0,6959,103,3,2
213512,Binetsu Ma,2025-04-18,1.0,4.0,52.0,235,3,2,2
192609,Distortion to Houyou,2025-04-18,1.0,3.0,,114,1,2,2
185212,Meitantei Conan: Sekigan no Flashback,2025-04-18,1.0,110.0,75.0,3548,60,1,2
166249,Boku to Roboco Movie,2025-04-18,1.0,64.0,59.0,1223,13,1,2
179706,Lycoris Recoil: Friends are thieves of time.,2025-04-16,6.0,4.0,77.0,28571,464,3,2
189602,YouTuNya 3,2025-04-15,10.0,2.0,,118,1,7,2
185939,Hibi wa Sugiredo Meshi Umashi,2025-04-13,12.0,24.0,77.0,24201,603,6,2
178781,Sentai Daishikkaku 2nd Season,2025-04-13,12.0,23.0,69.0,32824,440,6,2
176246,mono,2025-04-13,12.0,24.0,76.0,26891,647,6,2
195878,Taigu Zhan Hun,2025-04-12,40.0,12.0,,158,2,3,2
191374,Jigu-eui Juin-eun Goyang-ida,2025-04-12,13.0,13.0,,92,0,7,2
176702,Teogonia,2025-04-12,12.0,24.0,67.0,17236,256,6,2
185070,Uchuujin MuuMuu,2025-04-10,24.0,24.0,63.0,5448,76,6,2
177120,Ninja to Koroshiya no Futarigurashi,2025-04-10,12.0,24.0,75.0,29519,662,6,2
150654,MOONRISE,2025-04-10,18.0,28.0,64.0,24150,236,3,2
188039,Rainbow Bubblegem 2: Secret,2025-04-09,26.0,11.0,,74,1,7,2
185213,Kidou Senshi Gundam GQuuuuuuX,2025-04-09,12.0,25.0,68.0,33895,694,6,2
184182,Zenryoku Usagi Season 2,2025-04-09,12.0,5.0,,120,0,7,2
180675,Apocalypse Hotel,2025-04-09,12.0,23.0,80.0,38038,1186,6,2
166371,HANA-Doll*: Reinterpretation of Flowering,2025-04-09,12.0,24.0,50.0,1833,28,6,2
193242,Chibizenji-sensei Inokori Kougiroku,2025-04-08,12.0,2.0,,162,2,3,2
191471,Kekka Alright,2025-04-08,1.0,3.0,67.0,801,6,2,2
188131,Chikuwa Senki: Ore no Kawaii de Chikyuu Shinryaku,2025-04-08,12.0,3.0,,220,4,7,2
174802,Shiunji-ke no Kodomotachi,2025-04-08,12.0,24.0,70.0,54665,1070,6,2
158287,#Compass 2.0－Sentou Setsuri Kaiseki System,2025-04-08,12.0,24.0,50.0,4544,60,6,2
189832,Chotto dake Ai ga Omoi Dark Elf ga Isekai kara Oikakete Kita Mini Anime Gekijou,2025-04-07,12.0,12.0,48.0,1124,22,7,2
185736,Vigilante: Boku no Hero Academia ILLEGALS,2025-04-07,13.0,24.0,76.0,72858,1230,6,2
182419,Chuuzenji-sensei Mononoke Kougiroku: Sensei ga Nazo wo Toiteshimau kara.,2025-04-07,12.0,24.0,61.0,6485,157,6,2
180829,Chotto dake Ai ga Omoi Dark Elf ga Isekai kara Oikakete Kita,2025-04-07,12.0,12.0,53.0,28622,463,7,2
179979,Aharen-san wa Hakarenai Season 2,2025-04-07,12.0,24.0,74.0,33867,557,6,2
177678,Yatara Yarashii Fukami-kun,2025-04-07,8.0,6.0,64.0,2283,30,3,2
177509,Kakushite! Makina-san!!,2025-04-07,12.0,12.0,52.0,24499,322,7,2
165445,Zatsu Tabi: That's Journey,2025-04-07,12.0,24.0,67.0,18523,225,6,2
143200,Summer Pockets,2025-04-07,26.0,24.0,71.0,36787,686,6,2
189891,Kanchigai no Atelier Meister Mini Anime,2025-04-06,14.0,2.0,50.0,470,6,3,2
188661,Go! Go! Vehicle Zoo: Norimono Star-hen,2025-04-06,13.0,3.0,,107,0,7,2
187362,Tamaranai no wa Koi nano ka,2025-04-06,1.0,14.0,69.0,4131,64,5,2
185718,Sai-Kyo-Oh! Zukan: The Ultimate Tournament,2025-04-06,51.0,11.0,,204,5,7,2
185646,Koupen-chan,2025-04-06,,2.0,69.0,3145,66,7,4
184470,Himitsu no AiPri: Ring-hen,2025-04-06,51.0,24.0,62.0,1078,24,6,2
183274,Ore wa Seikan Kokka no Akutoku Ryoushu!,2025-04-06,12.0,24.0,68.0,41238,848,6,2
182060,Gorilla no Kami kara Kago sareta Reijou wa Ouritsu Kishidan de Kawaigarareru,2025-04-06,12.0,23.0,65.0,26019,355,6,2
181182,Shoushimin Series 2nd Season,2025-04-06,12.0,23.0,81.0,23882,763,6,2
180825,Maebashi Witches,2025-04-06,12.0,24.0,68.0,7562,126,6,2
180516,Uma Musume: Cinderella Gray,2025-04-06,13.0,24.0,85.0,46399,2502,6,2
180367,Witch Watch,2025-04-06,25.0,24.0,72.0,98449,1783,6,2
178825,CLASSIC★STARS,2025-04-06,13.0,24.0,50.0,2882,30,6,2
178052,Princess-Session Orchestra,2025-04-06,48.0,24.0,68.0,5307,101,6,2
167336,Lazarus,2025-04-06,13.0,24.0,70.0,112710,2048,6,2
156092,Tu Bian Yingxiong X,2025-04-06,24.0,24.0,85.0,125025,6126,3,2
185715,SHIBUYA♡HACHI Part 3,2025-04-05,13.0,3.0,,163,0,7,2
185645,Oshiri Tantei 9,2025-04-05,8.0,20.0,,146,1,6,2
185584,Everyday Host,2025-04-05,24.0,4.0,65.0,3629,75,7,2
185259,Masuda Kousuke Gekijou Gag Manga Biyori GO,2025-04-05,12.0,4.0,53.0,606,3,7,2
184639,Anne Shirley,2025-04-05,24.0,24.0,76.0,22396,550,6,2
184289,Kaijuu Sekai Seifuku,2025-04-05,50.0,3.0,47.0,455,4,7,2
182814,Kowloon Generic Romance,2025-04-05,13.0,25.0,72.0,65930,1220,6,2
179955,"Katainaka no Ossan, Kensei ni Naru",2025-04-05,12.0,23.0,69.0,83324,1447,6,2
179054,Kuroshitsuji: Midori no Majo-hen,2025-04-05,13.0,24.0,81.0,22721,587,6,2
178046,GUILTY GEAR STRIVE: DUAL RULERS,2025-04-05,8.0,24.0,56.0,11273,152,6,2
177476,Shin Samurai-den YAIBA,2025-04-05,24.0,24.0,70.0,22545,298,6,2
149118,Enen no Shouboutai: San no Shou,2025-04-05,12.0,24.0,78.0,128649,2235,6,2
143337,"Slime Taoshite 300-nen, Shiranai Uchi ni Level MAX ni Nattemashita: Sono ni",2025-04-05,12.0,24.0,67.0,48750,710,6,2
214509,Mr. Robot,2025-04-04,1.0,90.0,,27,1,1,2
188884,Sumikko Gurashi: Koko ga Ochitsukun Desu,2025-04-04,26.0,1.0,,206,2,7,2
187998,Oideyo Mahou Shoujo-mura (Fuhou Senkyo),2025-04-04,13.0,1.0,43.0,1033,13,7,2
186522,Araiguma Calcal-dan,2025-04-04,24.0,2.0,50.0,708,5,7,2
186313,Nmeneko,2025-04-04,48.0,2.0,49.0,417,4,7,2
185166,"Akogare no Onna Joushi ga, Aibeya Shucchou no Tonari no Bed de Zetsurin Otoko ni Netorarete Iru",2025-04-04,,22.0,56.0,892,42,4,4
184989,Nazotoki wa Dinner no Ato de,2025-04-04,12.0,23.0,61.0,13655,112,6,2
181078,"Bye Bye, Earth Season 2",2025-04-04,10.0,24.0,59.0,9091,116,6,2
178680,WIND BREAKER Season 2,2025-04-04,12.0,24.0,77.0,99167,2093,6,2
153554,"Danjo no Yuujou wa Seiritsu suru? (Iya, Shinai!!)",2025-04-04,12.0,24.0,65.0,66174,1089,6,2
189716,Yurukawa Mell-chan,2025-04-03,13.0,3.0,,70,0,7,2
189581,7FATES: CHAKHO,2025-04-03,1.0,11.0,64.0,2992,30,5,2
189576,The Star Seekers Hoshi wo Ou Shounen-tachi,2025-04-03,1.0,11.0,,207,1,5,2
188394,PetitCure: Precure Fairies,2025-04-03,27.0,1.0,53.0,928,15,3,2
183275,Kanpeki Sugite Kawai-ge ga Nai to Konyaku Haki Sareta Seijo wa Ringoku ni Urareru,2025-04-03,12.0,24.0,72.0,35401,769,3,2
183161,"Saikyou no Ousama, Nidome no Jinsei wa Nani wo Suru?",2025-04-03,12.0,23.0,60.0,94962,2044,6,2
179694,Rock wa Lady no Tashinami Deshite,2025-04-03,13.0,24.0,77.0,39006,1125,6,2
175872,"Isshun de Chiryou Shiteita no ni Yakutatazu to Tsuihou Sareta Tensai Chiyushi, Yami Healer Toshite Tanoshiku Ikiru",2025-04-03,12.0,24.0,68.0,74465,1412,6,2
166373,MIRU: Watashi no Mirai,2025-04-03,5.0,24.0,49.0,3017,28,6,2
189513,Sousou no Frieren: ●● no Mahou Part 2,2025-04-02,6.0,1.0,71.0,4440,67,3,2
184279,Ballpark de Tsukamaete!,2025-04-02,12.0,24.0,69.0,20255,327,6,2
179965,"Haite Kudasai, Takamine-san",2025-04-02,12.0,24.0,58.0,55869,1014,6,2
177633,MUZIK TIGER In the Forest,2025-04-02,13.0,1.0,48.0,221,1,7,2
167142,Your Forma,2025-04-02,13.0,24.0,59.0,20232,178,6,2
204517,Huangjin Dafandian,2025-04-01,1.0,2.0,61.0,334,9,5,2
204496,Liella Taiga Drama Gyarabou: Heanna Eika no Yume Hanashi,2025-04-01,1.0,5.0,,50,1,5,2
189425,Lunatic Wars,2025-04-01,1.0,6.0,,127,0,2,2
188668,Koisuru ONE PIECE,2025-04-01,5.0,7.0,66.0,4739,39,3,2
188248,Wo De Shixiong Tai Qiang Le,2025-04-01,48.0,8.0,56.0,303,5,3,2
178701,Aru Majo ga Shinu Made,2025-04-01,12.0,24.0,71.0,27735,509,6,2
143598,Kijin Gentoushou,2025-03-31,24.0,24.0,70.0,55765,1165,6,2
189383,Shimazu Seisakushou Sougyou 150 Shuunen Kinen Animation,2025-03-30,1.0,4.0,,91,0,5,2
183133,"Kanchigai no Atelier Meister: Eiyuu Party no Moto Zatsuyougakari ga, Jitsu wa Sentou Igai ga SSS Rank Datta to Iu Yoku Aru Hanashi",2025-03-30,12.0,24.0,64.0,45088,694,3,2
166527,cocoon: Aru Natsu no Shoujo-tachi Yori,2025-03-30,1.0,62.0,73.0,7045,68,5,2
185992,NEET Kunoichi to Naze ka Dousei Hajimemashita OVAs,2025-03-29,2.0,12.0,61.0,1947,18,3,2
192928,Nomo no Kuni,2025-03-28,1.0,34.0,61.0,605,5,3,2
189892,Petit Forma: Denpa Kyoku Nisshi,2025-03-28,5.0,2.0,50.0,304,1,3,2
189160,"Momentary Lily: Tsuzuite iku Kappou, Kappou!",2025-03-28,1.0,23.0,59.0,1651,19,5,2
186153,Yuugao,2025-03-28,1.0,16.0,65.0,1367,75,4,2
185779,Hametsu no Yuuwaku,2025-03-28,,20.0,56.0,805,33,4,4
185612,The iDOLM@STER: Shiny Colors 2nd season - SHHis,2025-03-28,1.0,20.0,52.0,628,4,4,2
184810,Immoral Routine The Animation,2025-03-28,,30.0,71.0,1570,80,4,4
183742,Ajin ga Osuki nan desu ne♡,2025-03-28,,20.0,60.0,1133,57,4,4
179999,Kaijuu 8-gou: Hoshina no Kyuujitsu,2025-03-28,1.0,20.0,69.0,23223,221,5,2
179998,Kaijuu 8-gou Movie,2025-03-28,1.0,120.0,73.0,25894,294,1,2
189115,Aka no Kioku,2025-03-27,1.0,4.0,62.0,428,1,5,2
168133,Hua Jianghu: Buliang Ren 7,2025-03-27,12.0,19.0,,169,3,3,2
204539,Game no Eiyuu,2025-03-26,1.0,1.0,,90,2,3,2
188239,Transformers: Wild King,2025-03-26,14.0,4.0,,242,4,3,2
181440,Aldnoah.Zero: Ame no Danshou - The Penultimate Truth,2025-03-26,1.0,23.0,63.0,4596,49,4,2
199955,dying breath,2025-03-25,1.0,4.0,,102,6,2,2
188973,Kirameku Bansoukou,2025-03-25,1.0,3.0,54.0,180,1,2,2
189304,METEORGIRL,2025-03-22,1.0,4.0,55.0,147,1,2,2
188687,Caramel Pain,2025-03-22,1.0,3.0,72.0,619,12,2,2
194945,Charisma Sabira,2025-03-21,1.0,3.0,,96,0,2,2
183743,"Kan'ochi x Netorare Kazoku The Animation: Anata, Yurushite. Watakushitachi, Uwaki Sex ni Honki de Hamacchatta no",2025-03-21,2.0,18.0,53.0,1185,54,4,2
177778,Ninja Batman vs. Yakuza League,2025-03-21,1.0,89.0,68.0,4962,65,1,2
166442,Chao Neng Lifang,2025-03-21,12.0,20.0,70.0,33592,624,3,2
204482,Digimon Adventure: BEYOND,2025-03-20,1.0,4.0,57.0,370,5,5,2
185643,Oshiri Tantei: STAR AND MOON,2025-03-20,1.0,76.0,,104,1,1,2
213461,Fate/Grand Order: Fujimaru Ritsuka wa Wakaranai Season 2 Specials,2025-03-19,2.0,2.0,,152,2,5,2
188122,Tirori Mix (2025),2025-03-18,1.0,4.0,61.0,538,5,2,2
188036,AOTU Shijie Reborn,2025-03-14,,26.0,,72,2,3,4
183412,Shimajirou: Shimajirou to Yuuki no Uta,2025-03-14,1.0,75.0,,92,0,1,2
181244,Kono Subarashii Sekai ni Shukufuku wo! 3: BONUS STAGE,2025-03-14,2.0,25.0,80.0,41769,629,4,2
179852,Mononoke: Hinezumi,2025-03-14,1.0,74.0,82.0,9771,295,1,2
207350,Very Chubby Belly,2025-03-10,1.0,4.0,,62,0,1,2
187596,AnimeCanvas Concept Movie,2025-03-09,1.0,1.0,,138,1,3,2
185903,DIVE IN!,2025-03-09,1.0,10.0,,128,0,3,2
185901,TRUST,2025-03-09,1.0,10.0,,227,1,3,2
185900,Hoshi no Kodomo to Hajimari no Ki,2025-03-09,1.0,9.0,,197,2,3,2
185898,Galaxy Apartment★Cosmo Hills,2025-03-09,1.0,10.0,48.0,203,0,3,2
206500,Gwangjang,2025-03-08,1.0,73.0,,176,2,1,2
187626,Gorogura Gorogoro Gu ga Dekkai-hen,2025-03-08,1.0,1.0,49.0,199,3,5,2
192650,Imprisoned XII,2025-03-07,1.0,3.0,72.0,553,14,2,2
182333,Doraemon: Nobita no E Sekai Monogatari,2025-03-07,1.0,105.0,70.0,1001,21,1,2
187514,"Let's Roll, Cinnamoroll!",2025-03-06,12.0,4.0,60.0,385,6,3,2
187383,Kimetsu no Yaiba x MLB Tokyo Series presented by Guggenheim,2025-03-05,1.0,2.0,59.0,1090,10,3,2
189733,Haai! Myakumyaku desu,2025-03-03,8.0,2.0,,77,1,7,2
187265,Ruri Dragon PV,2025-03-03,1.0,2.0,74.0,1673,29,3,2
204474,Gavvtto Anime! Sweety Days: Okashi na Nichijou,2025-03-02,5.0,4.0,,30,1,3,2
204375,Shade no Hokori wa Enchou,2025-02-28,1.0,4.0,,75,1,2,2
187236,Princess Connect! Michibiki no Hatsuhana: Fiore Storia,2025-02-28,1.0,26.0,63.0,1729,19,3,2
187225,LOS ANGELES LAKERS x ONE PIECE,2025-02-28,1.0,1.0,76.0,4128,62,5,2
185714,Aldnoah.Zero (Re+),2025-02-28,1.0,120.0,60.0,3602,47,1,2
185506,Nonohara Yuka no Himitsu no Haishin,2025-02-28,,16.0,66.0,1550,85,4,4
185001,Shiranai Koto Shiritai no? The Animation,2025-02-28,,20.0,65.0,1259,59,4,4
184824,Yuusha-chan no Bouken wa Owatte Shimatta!,2025-02-28,,15.0,53.0,584,25,4,4
186559,Kairyuu to Yuubinya-san,2025-02-27,1.0,14.0,75.0,2465,37,3,2
198699,Zui Qiang Shengji,2025-02-26,40.0,10.0,,132,0,3,2
187084,Kamone,2025-02-26,1.0,4.0,,114,1,2,2
206056,Hebi,2025-02-25,1.0,4.0,64.0,677,15,2,2
188830,Choeganggongnyong Mini Teukgongdae,2025-02-25,26.0,11.0,,40,0,7,2
141867,Chang Ge Xing,2025-02-23,16.0,24.0,55.0,466,7,3,2
182877,Kankin Kuiki Level X 2nd Season,2025-02-22,6.0,13.0,59.0,864,8,7,2
205844,Glass and Kumo,2025-02-21,1.0,6.0,,26,1,1,2
205843,Heya Nikki,2025-02-21,1.0,7.0,,23,1,1,2
205842,I,2025-02-21,1.0,4.0,,33,1,1,2
205841,Nini to Nene no Dai Dasshutsu,2025-02-21,1.0,13.0,,22,1,1,2
205840,Boku no!,2025-02-21,1.0,3.0,,25,1,1,2
205839,Inu Ringo,2025-02-21,1.0,4.0,,26,2,1,2
205838,Saka no Me,2025-02-21,1.0,7.0,,22,1,1,2
205837,Shinsei: Tamamizu Monogatari,2025-02-21,1.0,3.0,,20,1,1,2
205835,"Ito Amu, Itonamu",2025-02-21,1.0,6.0,,20,1,1,2
205834,OCTOPOLIS,2025-02-21,1.0,7.0,,21,1,1,2
205833,GOOD-MOURNING,2025-02-21,1.0,9.0,,21,1,1,2
205832,Kinjo no Numa,2025-02-21,1.0,4.0,,21,1,1,2
187305,Hypnosis Mic -Division Rap Battle- Movie,2025-02-21,1.0,100.0,62.0,979,15,1,2
183741,Nikuen,2025-02-21,2.0,20.0,62.0,1397,76,4,2
176432,Thunderbolt Fantasy: Touriken Yuuki - Saishuushou,2025-02-21,1.0,90.0,71.0,700,19,1,2
194403,Boku no Hero Academia THE MOVIE: YOU'RE NEXT - A PIECE OF CAKE,2025-02-19,1.0,3.0,66.0,2843,33,4,2
185648,Monpoké,2025-02-19,10.0,5.0,50.0,621,4,3,2
195456,Ran Bi Wa,2025-02-18,1.0,85.0,,148,1,1,2
187582,Yell For You,2025-02-16,1.0,2.0,57.0,205,2,1,2
206071,Futsuu no Seikatsu,2025-02-15,1.0,10.0,,75,2,1,2
182158,Senpai wa Otokonoko: Ame Nochi Hare,2025-02-14,1.0,82.0,72.0,8679,110,1,2
194218,Glow Embrace,2025-02-13,1.0,4.0,55.0,195,3,2,2
204525,Yuanshen: Yuanye Denghuo,2025-02-12,1.0,2.0,53.0,199,1,3,2
189893,Sora-iro Utility × BIRDIE WING: Golf Girls' Story Mini Anime,2025-02-12,2.0,2.0,53.0,567,4,3,2
186837,Tian Guan Ci Fu Duanpian,2025-02-12,,8.0,82.0,2759,80,3,4
186757,Junzi Wu Ji,2025-02-12,16.0,15.0,,170,0,3,2
211864,MYSTERIOUS STAR,2025-02-11,1.0,3.0,,70,1,2,2
192634,Akai Kitsune Midori no Tanuki Web CM: Hitori no Yoru to Akamidori,2025-02-06,2.0,1.0,,150,1,3,2
168244,Shiye Mowang,2025-02-05,26.0,15.0,64.0,3231,72,3,2
205858,Tententengoku Jigokugoku,2025-02-04,1.0,4.0,,127,7,2,2
185073,Kimi to Idol Precure♪,2025-02-02,49.0,24.0,66.0,4857,113,6,2
204470,HAVEN,2025-02-01,1.0,3.0,,66,4,2,2
198154,Queens,2025-01-31,1.0,3.0,,127,1,2,2
184765,Iku Iku ♡ Succubus Saikyouiku,2025-01-31,2.0,16.0,58.0,949,33,4,2
183602,Kanojo Face THE ANIMATION,2025-01-31,2.0,20.0,64.0,1454,50,4,2
154392,Versailles no Bara Movie,2025-01-31,1.0,113.0,61.0,11485,119,1,2
154064,MAKE A GIRL,2025-01-31,1.0,90.0,60.0,10550,99,1,2
168082,Xingchen Bian 6,2025-01-30,28.0,25.0,69.0,606,37,3,2
186861,Nezha: Zhi Mo Tong Nao Hai,2025-01-29,1.0,145.0,83.0,5590,238,1,2
214869,Tiandu Yilu,2025-01-27,26.0,20.0,,15,1,3,2
166415,Fengwu Yao Chu,2025-01-25,8.0,16.0,,95,0,3,2
186329,Nee Nee Anone,2025-01-24,1.0,3.0,,103,3,3,2
179838,Binan Koukou Chikyuu Bouei-bu ETERNAL LOVE!,2025-01-24,1.0,81.0,59.0,1075,14,1,2
136381,SK∞ Extra Part,2025-01-24,1.0,25.0,79.0,24057,348,4,2
191975,Douzhan Tianxia,2025-01-21,48.0,10.0,,100,2,3,2
187591,Arknights Xin​chun Hui: Zao Li Qian​kun,2025-01-19,1.0,2.0,,153,3,3,2
187380,"ONE PIECE: Original Episode/Luffy, Law",2025-01-19,1.0,5.0,62.0,1271,7,5,2
185861,Fanren Xiu Xian Zhuan Di Si Ji,2025-01-18,52.0,20.0,77.0,865,44,3,2
186207,Itsuka no Watashi yori,2025-01-17,1.0,2.0,62.0,756,5,3,2
179878,Project Sekai: Kowareta SEKAI to Utaenai MIKU,2025-01-17,1.0,105.0,76.0,21989,799,1,2
166438,Xiang Huo Er Sheng,2025-01-17,6.0,21.0,,261,2,3,2
175237,Huo Feng Liao Yuan 2,2025-01-16,16.0,25.0,,238,8,3,2
204469,Shinitai Himawari,2025-01-15,1.0,4.0,,93,3,2,2
195966,Xing Qia Meng Shao Nu 3: Xing Jie Chuanshuo,2025-01-15,26.0,8.0,,41,0,3,2
186836,Tianming Da Zhuzai,2025-01-15,40.0,7.0,,141,1,3,2
186206,Mao Xing Dongfang,2025-01-13,10.0,17.0,,124,1,3,2
186148,Maomao no Hitorigoto 2nd Season,2025-01-13,24.0,2.0,67.0,2440,37,3,2
181886,Kinnikuman: Kanpeki Choujin Shiso-hen Season 2,2025-01-12,11.0,24.0,65.0,1410,19,6,2
180812,"A-Rank Party wo Ridatsu Shita Ore wa, Moto Oshiegotachi to Meikyuu Shinbu wo Mezasu.",2025-01-12,24.0,23.0,65.0,53437,879,6,2
180052,Sentai Red Isekai de Boukensha ni Naru,2025-01-12,12.0,24.0,66.0,30739,482,6,2
173333,Mashin Souzouden Wataru,2025-01-12,24.0,24.0,55.0,824,13,6,2
172258,Kimi no Koto ga Dai Dai Dai Dai Daisuki na 100-nin no Kanojo 2nd Season,2025-01-12,12.0,24.0,79.0,77376,2167,6,2
170892,Jibaku Shounen Hanako-kun 2,2025-01-12,12.0,24.0,79.0,39754,890,6,2
162722,Mahoutsukai Precure!! MIRAI DAYS,2025-01-12,12.0,24.0,72.0,3133,68,6,2
182920,Cardfight!! Vanguard: Divinez - Deluxe-hen,2025-01-11,13.0,24.0,66.0,1264,21,6,2
177709,SAKAMOTO DAYS,2025-01-11,11.0,24.0,76.0,217588,4887,3,2
175422,Baban Baban Ban Vampire,2025-01-11,12.0,23.0,60.0,7793,100,6,2
175198,Übel Blatt,2025-01-11,12.0,24.0,60.0,31692,450,6,2
167742,UniteUp!: Uni:Birth,2025-01-11,12.0,24.0,64.0,2060,26,6,2
167143,"Guild no Uketsukejou desu ga, Zangyou wa Iya nanode Boss wo Solo Toubatsu Shiyou to Omoimasu",2025-01-11,12.0,24.0,66.0,64938,917,6,2
196249,Xi Yangyang Yu Hui Tailang: Qi Xia da Yingjiu,2025-01-10,60.0,15.0,,35,1,7,2
178312,FARMAGIA,2025-01-10,12.0,24.0,50.0,8092,90,6,2
176301,Kusuriya no Hitorigoto 2nd Season,2025-01-10,24.0,24.0,88.0,200091,10329,6,2
175409,"Douse, Koishite Shimaunda.",2025-01-10,12.0,24.0,59.0,18841,198,6,2
172453,Akuyaku Reijou Tensei Oji-san,2025-01-10,12.0,24.0,73.0,41663,820,6,2
172439,Nihon e Youkoso Elf-san.,2025-01-10,12.0,24.0,72.0,42006,814,6,2
162921,Sousei no Aquarion: Myth of Emotions,2025-01-10,12.0,24.0,51.0,2632,23,6,2
204403,Yuanshen: Ci Shi Zhi Yi,2025-01-09,1.0,2.0,63.0,254,7,3,2
204381,Benghuai: Xingqiong Tiedao - The Her Ta De Mo Fa Chu Fang,2025-01-09,1.0,2.0,65.0,386,10,3,2
180292,Arafou Otoko no Isekai Tsuuhan Seikatsu,2025-01-09,13.0,23.0,62.0,45702,765,6,2
179297,Magic Maker: Isekai Mahou no Tsukurikata,2025-01-09,12.0,24.0,66.0,38003,646,6,2
178548,Fuguushoku [Kanteishi] ga Jitsu wa Saikyou Datta: Naraku de Kitaeta Saikyou no [Shingan] de Musou Suru,2025-01-09,12.0,24.0,63.0,60451,987,6,2
175443,Honey Lemon Soda,2025-01-09,12.0,23.0,70.0,61558,1183,6,2
172019,Dr. STONE: SCIENCE FUTURE,2025-01-09,12.0,24.0,82.0,114434,2477,6,2
185828,Shaonian Ge Xing: Xue Ran Tianqi Pian,2025-01-08,26.0,20.0,,136,4,3,2
178022,"Hana wa Saku, Shura no Gotoku",2025-01-08,12.0,23.0,69.0,21111,211,6,2
176234,Ishura 2nd Season,2025-01-08,12.0,24.0,70.0,18098,288,6,2
178550,Unnamed Memory Act.2,2025-01-07,12.0,24.0,70.0,22456,446,6,2
177552,Kuroiwa Medaka ni Watashi no Kawaii ga Tsuujinai,2025-01-07,12.0,24.0,64.0,56121,876,6,2
176063,"Botsuraku Yotei no Kizoku dakedo, Hima Datta kara Mahou wo Kiwamete mita",2025-01-07,12.0,24.0,60.0,39909,585,6,2
185088,Yami Shibai 14,2025-01-06,13.0,4.0,53.0,1687,18,7,2
179696,Kono Kaisha ni Suki na Hito ga Imasu,2025-01-06,12.0,24.0,74.0,58849,1075,6,2
179333,"""1-punkan dake Furete mo Ii yo…"" Share House no Himitsu Rule.	",2025-01-06,8.0,7.0,55.0,1485,75,3,2
170916,Mahoutsukai no Yakusoku,2025-01-06,12.0,24.0,52.0,13478,155,6,2
169441,Watashi no Shiawase na Kekkon 2nd Season,2025-01-06,13.0,24.0,74.0,59318,923,6,2
204405,Yuanshen: Ping Zhong de Xinyuan,2025-01-05,1.0,2.0,58.0,296,5,3,2
185880,Ao no Exorcist: Yosuga-hen,2025-01-05,12.0,24.0,79.0,28300,532,6,2
185462,0-saiji Start Dash Monogatari Season 2,2025-01-05,12.0,4.0,51.0,1610,22,7,2
185261,Neko ni Naritai Tamagawa-kun,2025-01-05,1.0,17.0,65.0,3157,43,5,2
176496,Ore dake Level Up na Ken: Season 2 - Arise from the Shadow,2025-01-05,13.0,24.0,84.0,304692,14004,6,2
176273,Zenshuu.,2025-01-05,12.0,24.0,73.0,72600,1639,6,2
174654,NEET Kunoichi to Naze ka Dousei Hajimemashita,2025-01-05,24.0,12.0,57.0,27314,349,3,2
170650,Kisaki Kyouiku kara Nigetai Watashi,2025-01-05,12.0,24.0,54.0,14324,164,6,2
166699,Okinawa de Suki ni Natta Ko ga Hougen Sugite Tsura Sugiru,2025-01-05,12.0,24.0,69.0,30721,504,6,2
165171,Medalist,2025-01-05,13.0,23.0,83.0,40631,1585,6,2
174596,Sora-iro Utility (TV),2025-01-04,12.0,24.0,70.0,12020,165,6,2
178495,Tasokare Hotel,2025-01-03,12.0,24.0,69.0,13204,269,3,2
178462,Class no Daikirai na Joshi to Kekkon Suru Koto ni Natta.,2025-01-03,12.0,24.0,67.0,75671,1429,6,2
177159,Momentary Lily,2025-01-02,13.0,24.0,54.0,12823,153,6,2
176642,Ameku Takao no Suiri Karte,2025-01-02,12.0,25.0,69.0,40806,541,6,2
169295,BanG Dream! Ave Mujica,2025-01-02,13.0,24.0,81.0,20229,1727,6,2
145740,Grisaia: Phantom Trigger,2025-01-02,13.0,25.0,62.0,13225,165,6,2
185748,Wu Dong Qiankun 5,2025-01-01,12.0,22.0,70.0,654,13,3,2
179689,Salaryman ga Isekai ni Ittara Shitennou ni Natta Hanashi,2025-01-01,12.0,24.0,65.0,47103,669,3,2
178100,Hazure Skill «Kinomi Master»: Skill no Mi (Tabetara Shinu) wo Mugen ni Taberareru You ni Natta Ken Nitsuite,2025-01-01,12.0,25.0,57.0,44352,598,6,2
177506,Izure Saikyou no Renkinjutsushi?,2025-01-01,12.0,23.0,66.0,58397,1028,6,2
185940,"SFBC ""Fake"" Commercial Film",2024-12-31,5.0,1.0,57.0,590,3,5,2
202422,Monster Strike Elle: Daten no Kakusei,2024-12-30,2.0,23.0,,92,0,3,2
176158,"S-Rank Monster no ""Behemoth"" Dakedo, Neko to Machigawarete Elf Musume no Pet to Shite Kurashitemasu",2024-12-28,12.0,24.0,56.0,33973,540,6,2
213696,Shi Wang Zhe A? 4,2024-12-27,13.0,8.0,,27,1,3,2
205863,Inner Net Explorer,2024-12-27,1.0,3.0,,57,3,2,2
182104,IKUsei,2024-12-27,2.0,15.0,50.0,1077,52,4,2
180806,Inazuma Eleven: Aratanaru Eiyuutachi no Joshou,2024-12-27,1.0,63.0,71.0,1862,30,1,2
180804,Inazuma Eleven: Soushuuhen - Densetsu no Kickoff,2024-12-27,1.0,42.0,66.0,2227,37,1,2
170166,Shiguang Dailiren: Yingdu Pian,2024-12-27,6.0,23.0,83.0,31936,1131,3,2
206030,Happy Naizou Cake,2024-12-25,1.0,3.0,,75,2,2,2
186084,Sayonara End Roll,2024-12-24,1.0,4.0,71.0,502,36,2,2
185793,YouTuNya: Christmas Tokubetsu-hen,2024-12-24,1.0,3.0,50.0,136,0,5,2
187676,Yuanshen: Huanghun,2024-12-22,1.0,10.0,68.0,628,5,3,2
188548,JOCHUM (ONA),2024-12-21,2.0,2.0,,65,0,3,2
187507,Duel Masters LOST: Gekka no Shinigami,2024-12-21,4.0,23.0,49.0,375,2,3,2
137680,Quanqiu Gao Wu,2024-12-21,16.0,19.0,60.0,1192,43,3,2
193295,Okaimono Panda! (ONA),2024-12-20,4.0,3.0,,82,0,3,2
185797,Hypnosis Mic -Division Rap Battle- FINAL,2024-12-20,1.0,9.0,60.0,226,2,2,2
175138,Nintama Rantarou: Dokutake Ninja-tai Saikyоu no Gunshi,2024-12-20,1.0,90.0,54.0,433,12,1,2
168116,Zuoshou Shanglan 2,2024-12-20,9.0,24.0,68.0,1468,19,3,2
185832,Yongheng Jian Zu,2024-12-19,40.0,10.0,,211,3,3,2
214539,Stella Sora Anime PVs,2024-12-18,,1.0,,49,2,5,4
199369,Momose Akira no Hatsukoi Hatan-chuu. PV,2024-12-18,1.0,1.0,56.0,871,13,3,2
185539,Alps no Roujin Heidi no Ojii-san,2024-12-18,12.0,1.0,,147,0,3,2
187833,Jiaonang Jihua Yingxiong,2024-12-17,11.0,,,184,1,3,2
185538,Dokodemo Makibao,2024-12-16,24.0,5.0,,88,0,3,2
204481,Science (feat. Kasane Teto),2024-12-14,1.0,3.0,,115,5,2,2
186618,Juequling: Chengwei Yingxiong de Lucheng,2024-12-14,1.0,5.0,75.0,793,20,3,2
185726,Quanzhi Gaoshou: Rongyao Xiao Juchang,2024-12-14,12.0,3.0,,317,0,3,2
166511,Xiongshi Shaonian 2,2024-12-14,1.0,134.0,,359,5,1,2
195890,Guangying Tian Yan Zhan Jia,2024-12-13,26.0,13.0,,32,0,3,2
185613,The Lord of the Rings: Rohan no Tatakai,2024-12-13,1.0,134.0,65.0,4144,83,1,2
185281,Gomu wo Tsukete to Iimashita yo ne...,2024-12-13,2.0,16.0,65.0,1416,68,3,2
180832,Oni Chichi Harem,2024-12-13,,19.0,55.0,1104,51,4,4
176470,30-sai made Doutei da to Mahou Tsukai ni Nareru Rashii: Tokubetsu-hen,2024-12-13,1.0,60.0,67.0,4090,40,1,2
195187,Champagne Night Fever,2024-12-08,1.0,3.0,,101,1,2,2
185457,Gomen ne Medicine,2024-12-08,1.0,3.0,60.0,309,4,2,2
185371,complex♡princess,2024-12-08,1.0,3.0,64.0,506,11,2,2
196279,Moana to Densetsu no Umi 2 3D Short Anime,2024-12-07,4.0,1.0,,274,0,3,2
191361,Crz Love,2024-12-07,1.0,3.0,61.0,196,4,2,2
185724,Tunshi Xingkong Movie: Xueluo Dalu,2024-12-07,1.0,93.0,71.0,672,26,3,2
206844,Pan no Akachan,2024-12-06,1.0,4.0,52.0,138,1,1,2
186300,minute! kaiju no. 8,2024-12-06,31.0,2.0,58.0,1142,14,3,2
185719,Cang Yuan Tu 2,2024-12-06,29.0,22.0,75.0,774,35,3,2
174189,Shinsei Kourin Dacryon - Luna: Daseibo Tanjou,2024-12-06,2.0,28.0,46.0,601,19,4,2
186083,SUI to Utaeba,2024-12-05,1.0,1.0,53.0,469,2,3,2
185586,TAIDADA,2024-12-05,1.0,4.0,69.0,1542,17,2,2
153473,Wu Lian Dianfeng,2024-12-05,48.0,,63.0,1285,57,3,2
136880,BEASTARS FINAL SEASON Part 1,2024-12-05,12.0,24.0,78.0,41786,587,3,2
175137,Yoru wa Neko to Issho Season 3,2024-12-04,40.0,3.0,69.0,1287,24,3,2
185189,Sukicchan! Karachu,2024-12-03,1.0,4.0,65.0,814,13,2,2
185860,Renjian Zui Deyi 2,2024-12-01,14.0,12.0,,86,0,3,2
153471,Juedai Shuang Jiao: Tian Wai You Tian,2024-12-01,1.0,84.0,,111,5,3,2
185968,New me,2024-11-30,1.0,3.0,56.0,201,2,2,2
185720,Wan Jie Du Zun 3,2024-11-30,224.0,9.0,,242,9,3,4
120226,Katu,2024-11-30,13.0,,,282,8,3,2
207031,Sayonara End Roll (Short Douga),2024-11-29,1.0,1.0,,99,0,3,2
184694,Ore dake Level Up na Ken: ReAwakening,2024-11-29,1.0,114.0,80.0,28746,753,1,2
182094,Onii-san... Ohitori desu ka?,2024-11-29,1.0,16.0,63.0,1347,43,3,2
180704,Elf ni Inmon wo Tsukeru Hon The Animation,2024-11-29,,20.0,61.0,1170,41,4,4
180533,Bishoku-ka no Rule,2024-11-29,2.0,22.0,58.0,800,28,4,2
178782,Genjitsu no Yohane: SUNSHINE in the MIRROR Movie,2024-11-29,1.0,89.0,62.0,1764,13,1,2
173884,PUI PUI Molcar the Movie MOLMAX,2024-11-29,1.0,69.0,62.0,1173,13,1,2
172218,Yumemiru Otome,2024-11-29,,20.0,63.0,1518,71,4,4
213458,Sorotani no Keibacchi,2024-11-28,4.0,3.0,,12,1,7,2
199479,Ganbare! Chrome,2024-11-28,3.0,2.0,57.0,568,4,3,2
192383,Sham'ing,2024-11-24,1.0,2.0,,90,1,2,2
183651,Kidou Senshi Gundam ALC ENCOUNTER,2024-11-24,1.0,5.0,55.0,1097,7,5,2
170631,1 Cho,2024-11-24,13.0,11.0,,377,4,7,2
185200,utakata,2024-11-23,1.0,6.0,59.0,248,3,2,2
185723,Zhen Hun Jie 4,2024-11-22,26.0,20.0,60.0,736,15,3,2
184816,Teenage Blue,2024-11-22,1.0,4.0,71.0,1593,24,2,2
178436,Gintama on Theater 2D: Kintama-hen,2024-11-22,1.0,97.0,70.0,1652,15,1,2
185970,9-tsu no Bouken,2024-11-21,1.0,3.0,56.0,281,3,5,2
182157,Sylvanian Families: Freya no Piece of Secret,2024-11-21,6.0,12.0,,130,0,7,2
184896,Hongami Precious Moment,2024-11-20,1.0,4.0,55.0,283,5,2,2
184651,Gyoukou Chronicle,2024-11-18,1.0,4.0,56.0,222,1,2,2
126370,Qia Tongxue Shaonian,2024-11-17,10.0,22.0,,76,0,3,2
184998,Maarui Kanojo to Zannen na Kareshi 2nd Season,2024-11-16,6.0,11.0,,150,1,7,2
214888,Balala Xiao Mo Xian: Yao Xing Shouhu Zhe 1,2024-11-15,26.0,13.0,,13,1,3,2
194229,Charisma Pizza Party,2024-11-15,1.0,4.0,,100,0,2,2
179677,Maso Mesu Soap de Aimashou!,2024-11-15,2.0,20.0,59.0,1155,53,4,2
185722,Zanting! Zhi Xu Chongzu,2024-11-14,12.0,15.0,,395,3,3,2
184644,AWAKE (Music),2024-11-14,1.0,4.0,64.0,349,3,2,2
184288,Kazuhiho to Marie no Youkoso Kitchen.,2024-11-14,6.0,3.0,52.0,424,6,3,2
181776,Murder Mystery of the Dead,2024-11-14,6.0,24.0,46.0,1712,22,6,2
185830,Shanhai Fu Mo Lu,2024-11-11,7.0,19.0,,128,3,3,2
184099,Agent Blue,2024-11-10,3.0,1.0,44.0,418,1,3,2
182241,"BanG Dream! It's MyGO!!!!!: Utau, Bokura ni Nareru Uta & FILM LIVE",2024-11-08,1.0,119.0,76.0,1139,12,1,2
178774,Fuuto Tantei: Kamen Rider Skull no Shouzou,2024-11-08,1.0,82.0,74.0,3395,64,1,2
168243,Wu Ni,2024-11-07,30.0,10.0,,273,8,3,2
186337,Taxi to the Moon,2024-11-06,1.0,2.0,,119,2,2,2
177603,Okaimono Panda!,2024-11-06,20.0,3.0,,310,1,7,2
153482,Wan Gu Zui Qiang Zong,2024-11-06,36.0,12.0,55.0,312,8,3,2
176369,HIGH CARD: THE FLOWERS BLOOM,2024-11-05,1.0,27.0,65.0,3814,34,3,2
185541,Asatir 2: Mirai no Mukashibanashi,2024-11-03,13.0,25.0,,270,7,3,2
183423,ONE PIECE: Gyojin Tou-hen,2024-11-03,21.0,24.0,77.0,14321,267,6,2
137699,Biaozhun Guige Zhanshi,2024-11-03,16.0,17.0,,115,3,3,2
186752,minini Animation Series,2024-11-01,80.0,1.0,,88,2,3,2
184641,ENDLESS FES,2024-11-01,1.0,3.0,,139,1,2,2
183744,Jibi Eopseo,2024-11-01,8.0,6.0,67.0,2119,51,7,2
183471,KUROMI'S PRETTY JOURNEY: Hacha Mecha! Multiverse Daidasshutsu!,2024-10-31,19.0,2.0,61.0,657,10,3,2
184640,Tori To Re:TreaT,2024-10-30,1.0,3.0,55.0,176,0,2,2
186758,Wanjie Zhuzai,2024-10-28,32.0,15.0,,119,0,3,2
185728,Tudi Ge Ge Shi Da Lao,2024-10-28,40.0,12.0,,215,5,3,2
153497,Wo Shi Da Shenxian 3,2024-10-28,16.0,,,206,8,3,2
185721,Mu Shen Ji,2024-10-27,26.0,20.0,78.0,1573,97,3,2
178084,Douwa Revengers,2024-10-27,18.0,3.0,52.0,851,8,3,2
185831,Wo Neng Wuxian Dunwu,2024-10-26,52.0,12.0,,167,1,3,2
183520,flower rhapsody,2024-10-26,1.0,4.0,67.0,478,5,2,2
168097,Changsheng Jie,2024-10-26,26.0,19.0,64.0,800,31,3,2
186200,Caihong Huwei Dui,2024-10-25,26.0,13.0,,39,0,7,2
179820,Kyokugen Chikan Tokuiten 3 The Animation,2024-10-25,2.0,20.0,53.0,931,30,4,2
179722,Mecha Gishi Resta no Daibouken,2024-10-25,2.0,16.0,47.0,568,12,4,2
176245,Ganbatte Ikimasshoi,2024-10-25,1.0,95.0,60.0,3230,20,1,2
183394,Kuzurinen,2024-10-23,1.0,4.0,57.0,182,3,2,2
185794,Shendao Dizun,2024-10-22,48.0,7.0,,221,0,3,2
183391,Nani Warotonnen,2024-10-21,1.0,3.0,64.0,502,14,2,2
182469,ONE PIECE FAN LETTER,2024-10-20,1.0,25.0,90.0,57301,3236,5,2
183473,Nui Story 2,2024-10-19,,2.0,,66,1,3,4
183390,Anta Nante.,2024-10-19,1.0,5.0,67.0,786,4,2,2
169258,Ao no Miburo,2024-10-19,24.0,24.0,64.0,15589,190,6,2
188453,Benghuai: Xing Qiong Tiedao - Yinhe Renfa Tie Luan Wu Qu Mo Poxie Zhan Yue Zhi Juan,2024-10-18,1.0,3.0,61.0,638,8,3,2
183393,Neverland,2024-10-18,1.0,3.0,61.0,269,4,2,2
183201,KIZAO,2024-10-18,1.0,4.0,,79,0,2,2
177376,Tsuma Netori Rei: Boku no Ayamachi Kanojo no Sentaku,2024-10-18,1.0,27.0,58.0,1200,63,3,2
206151,Shan Shantian Tianjian,2024-10-17,12.0,11.0,,57,1,3,2
166703,Kidou Senshi Gundam: Fukushuu no Requiem,2024-10-17,6.0,25.0,61.0,6132,71,3,2
204409,Muu,2024-10-16,1.0,4.0,,55,2,2,2
183066,META,2024-10-16,1.0,5.0,,169,1,2,2
180599,Bananya: Around the World,2024-10-15,13.0,3.0,66.0,1823,15,3,2
185727,Zongmen Li Chule Wo Dou Shi Wodi,2024-10-14,152.0,7.0,,301,9,3,2
154473,Arifureta Shokugyou de Sekai Saikyou 3rd season,2024-10-14,16.0,24.0,70.0,75631,1645,6,2
176508,Shangri-La Frontier 2nd Season,2024-10-13,25.0,24.0,82.0,111482,3050,6,2
163135,Maou 2099,2024-10-13,12.0,24.0,72.0,60222,1070,6,2
196193,MONOCHROME,2024-10-12,1.0,3.0,54.0,268,3,2,2
183387,BRAIN,2024-10-11,1.0,3.0,61.0,233,6,2,2
170083,Dragon Ball DAIMA,2024-10-11,20.0,24.0,75.0,59633,1626,6,2
183386,Shugotte Lu-knight,2024-10-10,1.0,4.0,57.0,258,3,2,2
182159,Shooting Star Catch! Tiniping,2024-10-10,26.0,11.0,,115,0,7,2
174390,Tono to Inu,2024-10-10,24.0,3.0,57.0,2100,29,7,2
171038,Hoshi Furu Oukoku no Nina,2024-10-10,12.0,24.0,72.0,27672,612,6,2
156084,Da Dao Chao Tian,2024-10-10,16.0,19.0,63.0,436,17,3,2
204537,Shoujo Kakumei Keikaku,2024-10-09,27.0,3.0,,100,2,3,2
182772,Pochars,2024-10-09,52.0,2.0,,143,2,7,2
164299,Yarinaoshi Reijou wa Ryuutei Heika wo Kouryaku-chuu,2024-10-09,12.0,24.0,68.0,38276,686,6,2
206054,Aporia,2024-10-08,1.0,4.0,67.0,796,17,2,2
171545,Youkai Gakkou no Sensei Hajimemashita!,2024-10-08,24.0,23.0,68.0,18596,530,6,2
170893,Houkago Shounen Hanako-kun 2,2024-10-08,4.0,10.0,70.0,14960,148,7,2
166611,Natsume Yuujinchou Shichi,2024-10-08,12.0,24.0,84.0,15830,384,6,2
141182,Seirei Gensouki 2,2024-10-08,12.0,24.0,69.0,73262,1482,6,2
180747,Taishou Itsuwari Bridal: Migawari Hanayome to Gunpuku no Mouai,2024-10-07,8.0,7.0,61.0,1115,38,3,2
176191,Neko ni Tensei Shita Oji-san,2024-10-07,48.0,1.0,56.0,1110,12,7,2
172355,Kamonohashi Ron no Kindan Suiri 2nd Season,2024-10-07,13.0,24.0,75.0,23423,360,6,2
171642,MF Ghost 2nd Season,2024-10-07,12.0,24.0,76.0,18567,435,6,2
170468,Raise wa Tanin ga Ii,2024-10-07,12.0,24.0,71.0,60167,1123,6,2
168537,Haigakura,2024-10-07,13.0,24.0,52.0,7457,70,6,2
189834,Naoe-kun wa Yasesasetai. (ONA),2024-10-06,2.0,11.0,46.0,195,1,3,2
183383,Love Live! Superstar!! Season 3 NHK E Tokubetsu Part,2024-10-06,12.0,1.0,62.0,658,5,7,2
179292,Punirunes Puni 2,2024-10-06,25.0,12.0,,204,1,7,2
179126,Elf-san wa Yaserarenai. Specials,2024-10-06,2.0,11.0,54.0,4008,57,3,2
178533,Ranma 1/2 (2024),2024-10-06,12.0,24.0,79.0,65373,1999,6,2
176311,Ao no Exorcist: Yuki no Hate-hen,2024-10-06,12.0,24.0,74.0,37229,493,6,2
176292,Nanatsu no Taizai: Mokushiroku no Yonkishi 2nd Season,2024-10-06,12.0,24.0,74.0,17591,267,6,2
174043,"Party kara Tsuihou sareta Sono Chiyushi, Jitsu wa Saikyou ni Tsuki",2024-10-06,12.0,23.0,57.0,45058,599,6,2
172190,Kimi wa Meido-sama.,2024-10-06,12.0,23.0,69.0,59181,1148,6,2
171400,Puniru wa Kawaii Slime,2024-10-06,12.0,24.0,67.0,8243,147,6,2
162785,"Tsuma, Shougakusei ni Naru.",2024-10-06,12.0,24.0,72.0,24864,421,6,2
155502,Love Live! Superstar!! 3rd Season,2024-10-06,12.0,24.0,78.0,9589,284,6,2
182561,BLEACH 20th PV,2024-10-05,1.0,2.0,81.0,5793,96,5,2
181835,SHIBUYA♡HACHI Part 2,2024-10-05,12.0,3.0,,160,1,7,2
178729,Ooi! Tonbo 2nd Season,2024-10-05,13.0,24.0,70.0,2559,41,6,2
178395,Kumarba Season 2,2024-10-05,12.0,2.0,,122,0,7,2
175533,The iDOLM@STER: Shiny Colors 2nd season,2024-10-05,12.0,24.0,59.0,2509,33,6,2
174913,Kagaku×Bouken Survival!,2024-10-05,21.0,24.0,,788,13,6,2
173263,Touhai: Ura Rate Mahjong Touhai Roku,2024-10-05,25.0,24.0,61.0,9199,106,6,2
169755,BLEACH: Sennen Kessen-hen - Soukoku-tan,2024-10-05,14.0,24.0,86.0,114586,4269,6,2
167141,Sword Art Online Alternative: Gun Gale Online II,2024-10-05,12.0,24.0,71.0,42361,517,6,2
163146,Blue Lock VS. U-20 JAPAN,2024-10-05,14.0,24.0,75.0,140578,3175,6,2
151514,Chi. Chikyuu no Undou ni Tsuite,2024-10-05,25.0,25.0,86.0,120960,6951,6,2
141917,Hu x He Yao Shi Lu,2024-10-05,24.0,15.0,,292,7,3,2
138522,Thunderbolt Fantasy: Touriken Yuuki 4,2024-10-05,12.0,24.0,72.0,1210,26,6,2
107372,Mahoutsukai ni Narenakatta Onnanoko no Hanashi.,2024-10-05,12.0,24.0,61.0,11197,74,6,2
186756,"Hajime Mashita, Yamaneko Iin",2024-10-04,13.0,4.0,,51,0,7,2
185682,VORTEX,2024-10-04,1.0,3.0,61.0,357,12,2,2
182734,Sakuranbo Message,2024-10-04,1.0,3.0,56.0,338,1,2,2
179823,Iribitari Gal ni Manko Tsukawasete Morau Hanashi Animation,2024-10-04,,17.0,71.0,3260,183,3,4
176053,Sayonara Ryuusei Konnichiwa Jinsei,2024-10-04,12.0,24.0,62.0,37858,547,6,2
175473,Duel Masters LOST:  Tsuioku no Suishou,2024-10-04,4.0,23.0,57.0,2251,50,3,2
171689,Hyakushou Kizoku 2nd Season,2024-10-04,12.0,4.0,64.0,1057,3,7,2
171637,Rurouni Kenshin: Meiji Kenkaku Romantan - Kyoto Douran,2024-10-04,23.0,23.0,77.0,23728,461,6,2
171109,Fureru.,2024-10-04,1.0,107.0,64.0,7086,38,1,2
171025,Kabushiki Gaisha Magi Lumiere,2024-10-04,12.0,24.0,69.0,18895,192,6,2
171018,Dandadan,2024-10-04,12.0,24.0,83.0,380038,19000,6,2
169315,Trillion Game,2024-10-04,26.0,24.0,72.0,15164,246,6,2
169098,Hamidashi Creative,2024-10-04,12.0,5.0,52.0,2891,34,7,2
154673,Mecha-ude (TV),2024-10-04,12.0,24.0,67.0,25842,341,6,2
137663,Ya She,2024-10-04,12.0,24.0,64.0,1442,25,3,2
187509,He Zhong Zhi Hai,2024-10-03,1.0,129.0,,210,2,3,2
182562,Wanmei Shijie 5,2024-10-03,52.0,24.0,71.0,575,38,3,2
182466,Good Morning,2024-10-03,1.0,3.0,58.0,174,2,2,2
182417,Re:Zero kara Hajimeru Kyuukei Jikan (Break Time) 3rd Season,2024-10-03,16.0,3.0,69.0,3818,47,3,2
179919,NegaPosi Angler,2024-10-03,12.0,24.0,73.0,30181,491,6,2
177581,Kinokoinu,2024-10-03,12.0,24.0,64.0,3535,46,6,2
172199,Kamierabi GOD.app Season 2,2024-10-03,12.0,23.0,60.0,3568,43,6,2
170942,Ao no Hako,2024-10-03,25.0,24.0,81.0,145989,5578,3,2
170732,Dungeon ni Deai wo Motomeru no wa Machigatteiru Darou ka V: Houjou no Megami-hen,2024-10-03,15.0,24.0,79.0,83513,2033,3,2
165810,Shin Tennis no Ouji-sama: U-17 WORLD CUP SEMIFINAL,2024-10-03,13.0,23.0,63.0,2832,46,6,2
165790,"Kekkon Suru tte, Hontou desu ka",2024-10-03,12.0,24.0,70.0,47636,702,6,2
137696,Wu Chengen Ji Yao Lu,2024-10-03,12.0,19.0,55.0,1354,16,3,2
185725,Dushi Gu Xian Yi,2024-10-02,195.0,11.0,53.0,307,6,3,4
182445,Wu Liuqi: Jiyi Suipian,2024-10-02,10.0,15.0,82.0,8396,252,3,2
170578,Shicao Lao Long Bei Guanyi E Long Zhi Ming 2nd Season,2024-10-02,12.0,13.0,66.0,3358,44,3,2
164172,Amagami-san Chi no Enmusubi,2024-10-02,24.0,24.0,73.0,50907,1174,6,2
163134,Re:Zero kara Hajimeru Isekai Seikatsu 3rd Season,2024-10-02,16.0,24.0,84.0,192274,6353,6,2
157965,Acro Trip,2024-10-02,12.0,24.0,67.0,12441,206,3,2
206877,Monotone,2024-10-01,1.0,4.0,,111,0,2,2
177104,Saikyou no Shien-shoku [Wajutsushi] Dearu Ore wa Sekai Saikyou Clan wo Shitagaeru,2024-10-01,12.0,24.0,74.0,55894,1350,3,2
168139,Rekishi ni Nokoru Akujo ni Naruzo,2024-10-01,13.0,24.0,72.0,54229,1183,6,2
193469,Shushan Qi Xian Lu Part 2,2024-09-30,10.0,,,54,0,3,2
182434,5-Oku-nen Button Part 2,2024-09-30,2.0,23.0,,214,2,6,2
182364,DONUT HOLE 2024,2024-09-30,1.0,4.0,72.0,842,27,2,2
169931,Goukon ni Ittara Onna ga Inakatta Hanashi,2024-09-30,12.0,24.0,72.0,27027,633,3,2
168084,Fei Ren Zai 2 Part 3,2024-09-30,24.0,5.0,,125,0,3,2
206724,Ai no Shoumi Kigen,2024-09-29,1.0,4.0,,81,1,2,2
190619,Neppuu,2024-09-29,1.0,3.0,57.0,262,6,2,2
178434,"Tensei Kizoku, Kantei Skill de Nariagaru 2nd Season",2024-09-29,12.0,24.0,73.0,47619,806,6,2
175019,Nageki no Bourei wa Intai Shitai,2024-09-29,13.0,24.0,69.0,69418,1342,6,2
111314,Uzumaki,2024-09-29,4.0,29.0,54.0,85515,951,6,2
168500,"Maou-sama, Retry! R",2024-09-28,12.0,24.0,57.0,22372,325,6,2
179368,InCha Couple ga You Gal-tachi to SEX Training Suru Hanashi,2024-09-27,2.0,20.0,72.0,2101,113,4,2
178557,Futsuma Shoujo Charlotte,2024-09-27,,16.0,52.0,746,23,4,4
173693,Hitoribocchi no Isekai Kouryaku,2024-09-27,12.0,24.0,65.0,65514,1214,3,2
173174,"BanG Dream! It's MyGO!!!!!: Haru no Hidamari, Mayoi Neko",2024-09-27,1.0,118.0,77.0,2456,33,1,2
196241,Onaka ga Guuguu Island,2024-09-25,,4.0,,33,0,3,4
185750,Man Huang Xian Jie,2024-09-25,48.0,7.0,,101,0,3,2
189964,Nuno Sanpo: Opening Movie-ppoi Anime PV,2024-09-23,1.0,2.0,,100,0,5,2
187121,Ai no Yakusoku,2024-09-21,1.0,16.0,56.0,424,2,3,2
153472,Tian Ying,2024-09-21,26.0,16.0,,347,5,3,2
213429,Himitsu Doushi,2024-09-20,1.0,2.0,,60,1,3,2
177191,Go-toubun no Hanayome *,2024-09-20,2.0,24.0,76.0,25419,586,5,2
175199,Given: Umi e,2024-09-20,1.0,80.0,84.0,13305,426,1,2
133845,Overlord: Sei Oukoku-hen,2024-09-20,1.0,135.0,78.0,66517,1322,1,2
183486,GAUZE,2024-09-19,1.0,4.0,,101,0,2,2
182386,POKÉTOON (2024),2024-09-18,9.0,8.0,70.0,1724,17,3,2
183157,Xianwu Zhuan 3,2024-09-15,52.0,18.0,59.0,278,13,3,2
182879,Office Work,2024-09-15,1.0,1.0,43.0,245,0,3,2
181277,Paipai Kamen de Doukashiran?,2024-09-15,1.0,5.0,69.0,774,14,2,2
204473,Danyuan Meng Changjiu,2024-09-14,1.0,3.0,,127,2,5,2
183478,UNDEAD,2024-09-14,1.0,3.0,77.0,1620,24,2,2
183158,Yishi Du Zun 2nd Season,2024-09-14,120.0,,,155,1,3,2
182563,Wanmei Shijie Movie: Huo Zhi Huijin,2024-09-14,3.0,33.0,64.0,383,12,3,2
185796,Xian Ji Xun Zong,2024-09-13,48.0,7.0,,85,0,3,2
169403,Wonderful Precure! The Movie! Dokidoki♡Game no Sekai de Daibouken!,2024-09-13,1.0,71.0,65.0,1630,16,1,2
182301,Wish Cat,2024-09-12,26.0,11.0,,121,5,7,2
180947,Transformers 40th Shuunen Kinen Special Movie,2024-09-12,1.0,4.0,74.0,1133,37,5,2
180936,Feelingradation,2024-09-11,1.0,4.0,63.0,299,4,2,2
204407,Juequling: Jinghun Wuye,2024-09-09,1.0,2.0,55.0,240,5,3,2
180870,Allegro,2024-09-09,1.0,4.0,66.0,475,9,2,2
180923,Kankin Kuiki Level X,2024-09-07,6.0,13.0,59.0,2250,26,7,2
180871,Azur Lane: 7 Shuunen Kinen Anime PV,2024-09-07,1.0,2.0,56.0,322,5,5,2
187087,Benghuai: Xingqiong Tiedao - Qingxian Zizai Shen,2024-09-06,1.0,3.0,71.0,818,13,3,2
180847,PIHOTEK: Hokkyoku wo Kaze to Aruku,2024-09-06,1.0,2.0,,143,0,3,2
180817,Go-Getters,2024-09-06,1.0,4.0,68.0,1808,44,2,2
177856,Shounen ga Otona ni Natta Natsu,2024-09-06,4.0,20.0,65.0,2630,163,4,2
174634,Sex ga Suki de Suki de Daisuki na Classmate no Anoko,2024-09-06,,15.0,67.0,1886,94,4,4
166476,Love Live! Nijigasaki Gakuen School Idol Doukoukai: Kanketsu-hen 1,2024-09-06,1.0,67.0,76.0,4983,77,1,2
199412,Fuji Lieren,2024-09-04,12.0,20.0,,37,0,3,2
150930,Murai no Koi,2024-09-04,12.0,24.0,70.0,9530,181,3,2
184326,Kitto Zutto,2024-09-03,1.0,3.0,,64,7,2,2
180814,Violet!?,2024-09-03,1.0,3.0,54.0,164,4,2,2
180810,melting,2024-09-03,1.0,4.0,59.0,284,6,2,2
185576,START AGAIN,2024-08-31,1.0,2.0,58.0,318,6,2,2
180798,Melodrama,2024-08-31,1.0,4.0,,119,3,2,2
177789,Ima♥Ria,2024-08-30,6.0,16.0,65.0,2167,130,4,2
177707,Rignetta-san no Bouken,2024-08-30,,20.0,51.0,853,22,4,4
177149,Bubble de House de ***: Ofuro Maker no Showroom ga Sharehouse de... The Animation,2024-08-30,,31.0,69.0,1683,94,4,4
158166,Kimi no Iro,2024-08-30,1.0,100.0,78.0,27064,480,1,2
151017,Garden of Remembrance,2024-08-30,1.0,18.0,68.0,4987,30,1,2
180731,Kaiba Seichoutsuu,2024-08-29,1.0,3.0,58.0,257,7,2,2
177814,Terminator 0,2024-08-29,8.0,28.0,70.0,11014,157,3,2
156108,Xijing Sushe,2024-08-29,12.0,15.0,,486,5,3,2
207594,Given: Hiiragi mix Specials,2024-08-28,4.0,4.0,72.0,1256,28,5,2
188805,Metal Cardbot S,2024-08-26,26.0,11.0,,46,0,7,2
185669,Nanashi Kaidan 3rd Season,2024-08-26,5.0,6.0,,181,2,3,2
180585,Aqutan no Koto Sukisugi☆Song,2024-08-26,1.0,2.0,63.0,416,9,2,2
185481,YES to NO no Aida ni,2024-08-24,1.0,4.0,,123,1,2,2
180875,Xi Xing Ji: Da Yuan Hun Tebie Pian,2024-08-21,4.0,20.0,,93,1,3,2
206289,Zhanshen Lianmeng,2024-08-20,48.0,8.0,,63,1,3,2
184372,Wujin Shenyu,2024-08-18,80.0,13.0,,168,2,3,2
180336,Midnight Vampire,2024-08-17,1.0,8.0,60.0,803,13,3,2
180332,Monogatari Series: Off & Monster Season - Zankoku Douwa: Utsukushi-hime,2024-08-17,1.0,13.0,78.0,9779,89,5,2
177680,Touken Ranbu Kai: Douden Chikashi Haberau Monora,2024-08-16,1.0,69.0,55.0,1524,14,1,2
176275,KING OF PRISM -Dramatic PRISM.1-,2024-08-16,1.0,60.0,,495,7,1,2
168998,Zegapain STA,2024-08-16,1.0,90.0,,1015,9,1,2
168081,Quanzhi Fashi Special: Shenmi Weituo,2024-08-16,6.0,22.0,61.0,1979,45,3,2
150103,Rick and Morty: The Anime,2024-08-16,10.0,19.0,44.0,6461,95,6,2
169692,Kengan Ashura Season 2 Part 2,2024-08-15,16.0,25.0,77.0,11575,229,3,2
137672,Jian Lai,2024-08-15,26.0,,71.0,1370,66,3,2
185749,Wo de Wei Xin Tong Longgong,2024-08-13,60.0,11.0,,113,3,3,2
199433,Bai She 3: Fusheng,2024-08-10,1.0,,58.0,366,6,1,2
155319,Shen Mu 2,2024-08-10,27.0,20.0,61.0,602,22,3,2
137718,TAISU PROJECT,2024-08-10,4.0,24.0,,656,2,3,2
184760,HYURURIRAPAPPA,2024-08-09,1.0,3.0,63.0,178,12,2,2
171145,Crayon Shin-chan: Ora-tachi no Kyouryuu Nikki,2024-08-09,1.0,100.0,66.0,1042,21,1,2
171099,Bocchi the Rock! Re:Re:,2024-08-09,1.0,77.0,83.0,13615,215,1,2
180797,Wander!,2024-08-08,1.0,4.0,55.0,235,0,2,2
167991,Delico's Nursery,2024-08-08,13.0,24.0,67.0,23181,329,6,2
152184,Yeosingangnim,2024-08-08,13.0,19.0,64.0,13410,219,3,2
181179,Sarangui Heartsping,2024-08-07,1.0,86.0,,65,0,1,2
180064,ICHINAN,2024-08-07,1.0,4.0,,81,2,2,2
179839,Feng Ling Yu Xiu 2nd Season: Tebie Pian,2024-08-07,2.0,39.0,59.0,363,8,3,2
166418,Nian Wushuang,2024-08-07,14.0,23.0,56.0,255,8,3,2
184560,Rising Impact Season 2,2024-08-06,14.0,25.0,78.0,4291,71,3,2
181837,Long Zhong Ren,2024-08-06,16.0,17.0,58.0,596,12,3,2
180796,Butai ni Tatte,2024-08-06,1.0,4.0,55.0,164,0,2,2
156086,Guai Xiang Shou,2024-08-05,8.0,12.0,52.0,564,3,3,2
168164,Dou Po Cangqiong: Nian Fan 3,2024-08-04,52.0,22.0,80.0,1311,119,3,2
179991,Fate/Grand Order: Fujimaru Ritsuka wa Wakaranai Season 2,2024-08-03,26.0,3.0,65.0,1026,16,3,2
179978,Fate/Grand Order Explore Movie 2024,2024-08-03,3.0,1.0,63.0,888,12,5,2
168083,Huyao Xiao Hongniang: Jinghua Yuan,2024-08-03,10.0,,,223,8,3,2
179845,You Shou Yan 4,2024-08-02,12.0,7.0,71.0,456,20,3,2
168013,Boku no Hero Academia THE MOVIE: YOU'RE NEXT,2024-08-02,1.0,110.0,76.0,43721,632,1,2
180157,Easier to Love You,2024-08-01,1.0,4.0,60.0,215,6,2,2
179953,Ikenie,2024-08-01,1.0,4.0,56.0,252,2,2,2
168872,Kimi ni Todoke 3RD SEASON,2024-08-01,5.0,67.0,84.0,48190,1247,3,2
168105,Zhan Shen: Fanchen Shen Yu,2024-07-31,15.0,24.0,77.0,2551,114,3,2
179880,Yuureisen-sen,2024-07-30,1.0,5.0,77.0,1527,54,2,2
181836,Zhui Xu 2nd Season,2024-07-28,16.0,15.0,,201,3,3,2
166416,Shen Wu Tianzun,2024-07-27,24.0,17.0,,280,12,3,2
179916,Ling Wu Dalu,2024-07-26,,10.0,,349,13,3,4
179844,Yong Sheng 4,2024-07-26,16.0,19.0,64.0,494,10,3,2
177255,Seiyoku Tsuyo Tsuyo THE ANIMATION,2024-07-26,2.0,16.0,65.0,1919,81,4,2
151117,Mononoke: Karakasa,2024-07-26,1.0,87.0,80.0,23337,605,1,2
168630,Horangi Deureowayo,2024-07-22,8.0,10.0,60.0,495,10,3,2
179720,DAIDAIDAI Fantasista,2024-07-21,1.0,4.0,56.0,300,3,2,2
211328,First Line,2024-07-20,1.0,8.0,62.0,289,5,1,2
179954,Mirai no Kuromakukei Akuyaku Reijou Moriarty no Isekai Kanzen Hanzai Hakusho,2024-07-20,6.0,11.0,46.0,834,14,7,2
137802,Baise Shandian,2024-07-20,6.0,13.0,51.0,635,2,3,2
185529,Utuber,2024-07-19,1.0,3.0,,131,1,2,2
176907,Ito wo Yoru,2024-07-19,,20.0,53.0,1067,33,4,4
176319,SutoPuri: Hajimari no Monogatari - Strawberry School Festival!!!,2024-07-19,1.0,84.0,54.0,1101,18,1,2
175120,Koneko no Chii: Ponponra Natsuyasumi,2024-07-19,12.0,12.0,57.0,434,5,3,2
158641,Bakeneko Anzu-chan,2024-07-19,1.0,90.0,70.0,4768,44,1,2
144779,Yamato yo Towa ni: REBEL3199,2024-07-19,26.0,24.0,61.0,2692,46,4,4
131791,Xi Yangyang Yu Hui Tailang Zhi Shouhu,2024-07-19,1.0,96.0,,62,0,1,2
179716,Genshin Ten: Tabigokoro no Omomuku Mama ni Kinen Anime,2024-07-18,1.0,1.0,58.0,408,6,3,2
176660,Sengoku Youko: Senma Konton-hen,2024-07-18,22.0,24.0,74.0,11863,226,6,2
179213,Shaonian Bai Ma Zui Chun Feng 2nd Season,2024-07-17,26.0,24.0,,164,3,3,2
179860,Aikatsu Academy! Animation PVs,2024-07-16,,1.0,55.0,346,4,3,4
207654,Tulip-chan,2024-07-15,1.0,19.0,,37,1,1,2
206201,Wan Yu Feng Shen 2,2024-07-15,20.0,12.0,,59,1,3,2
186496,Sui Kin Chi Ka Moku Dotten Amen SP Dance PV,2024-07-15,1.0,1.0,67.0,733,4,5,2
177922,Yami Shibai 13,2024-07-15,13.0,4.0,55.0,1788,12,7,2
182555,Wo De San Ti 4th Season,2024-07-14,9.0,23.0,,49,1,3,2
179719,KAMAKURA STYLE,2024-07-14,1.0,3.0,63.0,785,10,2,2
179429,Hao×2+Lie×2,2024-07-14,1.0,3.0,,108,1,2,2
171457,Make Heroine ga Oosugiru!,2024-07-14,12.0,24.0,80.0,129963,5098,6,2
154963,ATRI: My Dear Moments,2024-07-14,13.0,24.0,70.0,32602,570,6,2
137710,Jiu Wo,2024-07-14,1.0,5.0,,141,0,3,2
124118,Denglong Dao,2024-07-14,3.0,24.0,,109,1,3,2
179408,JOCHUM,2024-07-13,24.0,2.0,48.0,200,0,7,2
176865,Cang Yuan Tu: Dongning Fu Fanwai Pian,2024-07-13,4.0,20.0,69.0,737,28,3,2
167419,Naze Boku no Sekai wo Daremo Oboeteinai no ka?,2024-07-13,12.0,24.0,62.0,57684,888,6,2
124343,Erlang Shen: Shenhai Jialong,2024-07-13,1.0,,,263,6,1,2
185117,Luo Fanchen,2024-07-12,1.0,118.0,,140,2,1,2
157371,"Bye Bye, Earth",2024-07-12,10.0,24.0,59.0,28620,278,6,2
185118,Mindiao Ju Yi Wen Lu 2,2024-07-11,8.0,18.0,,300,3,3,2
183537,LONELINESS WILL SHINE,2024-07-10,1.0,6.0,,103,2,2,2
167144,Koi wa Futago de Warikirenai,2024-07-10,12.0,24.0,61.0,29049,380,6,2
139825,"Kimi to Boku no Saigo no Senjou, Arui wa Sekai ga Hajimaru Seisen Season II",2024-07-10,12.0,24.0,68.0,43401,705,6,2
186620,Benghuai: Xingqiong Tiedao - Ciyu Dianya,2024-07-09,1.0,1.0,60.0,556,5,3,2
179207,Seitokai ni mo Ana wa Aru! PV,2024-07-09,1.0,1.0,70.0,2124,31,3,2
177097,Egumi Legacy,2024-07-09,12.0,11.0,59.0,935,14,7,2
170938,Katsute Mahou Shoujo to Aku wa Tekitai Shite Ita.,2024-07-09,12.0,12.0,74.0,41091,1109,7,2
152137,Isekai Shikkaku,2024-07-09,12.0,23.0,71.0,93065,1827,6,2
180677,Danryoku Saiteki Kai,2024-07-08,1.0,1.0,,124,1,3,2
174044,Mayonaka Punch,2024-07-08,12.0,24.0,72.0,28798,647,6,2
173489,Yoasobi Gurashi!,2024-07-08,8.0,7.0,63.0,2761,117,3,2
171031,Isekai Yururi Kikou: Kosodate Shinagara Boukensha Shimasu,2024-07-08,12.0,24.0,66.0,38885,730,6,2
184812,Gendai Goyaku,2024-07-07,12.0,24.0,,157,0,6,2
179212,Naoe-kun wa Yasesasetai.,2024-07-07,12.0,11.0,43.0,630,7,7,2
177879,0-saiji Start Dash Monogatari,2024-07-07,12.0,3.0,47.0,4550,53,7,2
174576,Tsue to Tsurugi no Wistoria,2024-07-07,12.0,24.0,79.0,172992,5609,6,2
173388,Elf-san wa Yaserarenai.,2024-07-07,12.0,11.0,52.0,20964,301,7,2
173295,Shoushimin Series,2024-07-07,10.0,23.0,74.0,62082,1371,6,2
170891,Na-Nare Hana-Nare,2024-07-07,12.0,24.0,61.0,17070,286,6,2
162796,Kinnikuman: Kanpeki Choujin Shiso-hen,2024-07-07,12.0,24.0,66.0,3406,58,6,2
160488,VTuber nanda ga Haishin Kiri Wasuretara Densetsu ni Natteta,2024-07-07,12.0,24.0,68.0,32644,501,6,2
153406,Kami no Tou: Tower of God 2nd Season,2024-07-07,26.0,24.0,66.0,121969,1951,6,2
139095,FAIRY TAIL: 100 YEARS QUEST,2024-07-07,25.0,24.0,75.0,57631,1344,6,2
179214,San Shao Nü,2024-07-06,1.0,90.0,,278,3,1,2
176283,Harimaware! Koinu 2nd Season,2024-07-06,12.0,4.0,,170,1,7,2
175868,Tensui no Sakuna-hime,2024-07-06,13.0,24.0,65.0,9288,213,6,2
173533,Monogatari Series: Off & Monster Season,2024-07-06,14.0,23.0,86.0,41813,1191,3,2
172416,Mob kara Hajimaru Tansaku Eiyuutan,2024-07-06,12.0,24.0,56.0,32483,459,6,2
168623,Madougushi Dahlia wa Utsumukanai,2024-07-06,12.0,24.0,67.0,31167,386,6,2
168345,Dungeon no Naka no Hito,2024-07-06,12.0,24.0,70.0,21351,449,6,2
165681,Cardfight!! Vanguard: Divinez Season 2,2024-07-06,13.0,24.0,68.0,1518,34,6,2
163077,Kono Sekai wa Fukanzen Sugiru,2024-07-06,13.0,24.0,63.0,23535,352,6,2
162896,Nige Jouzu no Wakagimi,2024-07-06,12.0,24.0,77.0,89295,1767,6,2
154195,Grendizer U,2024-07-06,13.0,24.0,56.0,4030,55,6,2
196248,Xi Yangyang Yu Hui Tailang: Fengkuang Chao Neng Ying,2024-07-05,60.0,15.0,,26,1,7,2
173694,Hazure Waku no [Joutai Ijou Skill] de Saikyou ni Natta Ore ga Subete wo Juurin Suru made,2024-07-05,12.0,24.0,64.0,93879,2026,6,2
170695,Ore wa Subete wo [Parry] Suru: Gyaku Kanchigai no Sekai Saikyou wa Boukensha ni Naritai,2024-07-05,12.0,25.0,68.0,88855,1646,6,2
167420,NieR:Automata Ver1.1a 2nd Season,2024-07-05,12.0,24.0,80.0,36644,944,6,2
166477,Megami no Café Terrace 2nd Season,2024-07-05,12.0,23.0,73.0,29354,601,6,2
163623,Giji Harem,2024-07-05,12.0,24.0,76.0,93523,2721,6,2
163133,Senpai wa Otokonoko,2024-07-05,12.0,23.0,72.0,36534,729,6,2
158559,2.5 Jigen no Ririsa,2024-07-05,24.0,24.0,72.0,67073,1563,6,2
156087,Wuliao Jiu Wanjie,2024-07-05,24.0,19.0,63.0,3934,62,3,2
170998,Ramen Aka Neko,2024-07-04,12.0,23.0,69.0,6790,121,6,2
166700,Tasogare Outfocus,2024-07-04,12.0,24.0,73.0,21657,458,6,2
152681,Gimai Seikatsu,2024-07-04,12.0,24.0,72.0,80809,1907,6,2
204620,Koikeya SDGs Gekijou Suss to Tina Season 5,2024-07-03,13.0,3.0,,25,1,7,2
175977,Shikanoko Nokonoko Koshitantan,2024-07-03,12.0,23.0,67.0,106725,2107,3,2
174070,Tasuuketsu,2024-07-03,24.0,23.0,47.0,10546,131,6,2
168104,Yi Nian Yongheng 3,2024-07-03,59.0,19.0,77.0,1478,50,3,2
166531,[Oshi no Ko] 2nd Season,2024-07-03,13.0,24.0,85.0,176589,5928,6,2
162804,Tokidoki Bosotto Rossiya-go de Dereru Tonari no Alya-san,2024-07-03,12.0,25.0,75.0,201493,6640,6,2
171748,SHY: Tokyo Dakkan-hen,2024-07-02,12.0,23.0,68.0,12649,182,6,2
163292,"Shinmai Ossan Bouken-sha, Saikyou Party ni Shinu Hodo Kitaerarete Muteki ni Naru.",2024-07-02,12.0,24.0,73.0,79382,1691,6,2
175450,Boku no Tsuma wa Kanjou ga Nai,2024-06-29,12.0,24.0,65.0,25473,530,3,2
206292,"Wo, Xiu Xianjie De Gongdi",2024-06-28,40.0,7.0,,63,1,3,2
177160,Bouken Tairiku Ania Kingdom: Densetsu no Guardian-hen,2024-06-28,5.0,5.0,,103,1,7,2
176707,Boku ni Harem Sefure ga Dekita Riyuu,2024-06-28,4.0,16.0,69.0,1922,94,4,2
176489,Natsu ga Owaru made: Natsu no Owari The Animation,2024-06-28,2.0,20.0,59.0,1273,55,4,2
176396,Gobaku: Moe Mama Tsurezure,2024-06-28,,24.0,61.0,1099,53,4,2
176395,Yarakashi,2024-06-28,2.0,24.0,55.0,817,36,4,2
176328,Sefure no Senpai THE ANIMATION,2024-06-28,2.0,20.0,62.0,1267,42,4,2
174788,Look Back,2024-06-28,1.0,58.0,86.0,122841,8386,1,2
172965,Sore Ike! Anpanman: Baikinman to Ehon no Lulun,2024-06-28,1.0,64.0,,169,2,1,2
166710,Isekai Suicide Squad,2024-06-27,10.0,24.0,61.0,62060,798,6,2
178396,NIJIYON ANIMATION 2: Shinsaku Animation,2024-06-26,3.0,4.0,65.0,926,6,5,2
177008,Hibike! Euphonium 3: Extra Episodes,2024-06-26,6.0,4.0,70.0,4179,37,5,2
177007,Yuru Camp△ SEASON 3 OVA,2024-06-26,3.0,6.0,75.0,6538,49,4,2
173584,Maou Gun Saikyou no Majutsushi wa Ningen datta,2024-06-26,12.0,24.0,63.0,57294,762,6,2
181834,Lu Di Jian Xian,2024-06-24,150.0,8.0,,199,4,3,2
178402,#Mugen ni Tomaranai,2024-06-22,1.0,1.0,60.0,299,3,5,2
171115,Rising Impact,2024-06-22,12.0,25.0,76.0,10299,172,3,2
178620,Lunny-chan to Tanjoubiya-san,2024-06-21,1.0,1.0,,116,0,3,2
178435,Empurple,2024-06-21,1.0,3.0,56.0,187,1,2,2
175573,Gintama on Theater 2D: Ikkoku Keisei-hen,2024-06-21,1.0,109.0,67.0,2627,28,1,2
174383,Oomuro-ke: dear friends,2024-06-21,1.0,44.0,77.0,4803,76,1,2
126830,Code Geass: Dakkan no Rozé,2024-06-21,12.0,24.0,64.0,34550,372,3,2
179718,Johari,2024-06-20,1.0,4.0,52.0,155,2,2,2
189736,Go! Go! Vehicle Zoo (ONA),2024-06-19,4.0,8.0,,64,0,3,2
178102,Grrr Grrr Tummy,2024-06-18,1.0,3.0,53.0,282,3,2,2
137647,Taiping Tianshu: Jiang Hun Juexing,2024-06-18,12.0,12.0,,187,2,3,2
185090,Page of Lambda,2024-06-15,1.0,2.0,54.0,217,2,3,2
184750,Benghuai: Xingqiong Tiedao - Gelamo de Yujin,2024-06-14,1.0,6.0,77.0,1012,23,3,2
181833,Bai Lian Feisheng Lu 2nd Season,2024-06-14,40.0,12.0,,125,0,3,2
178101,Itai no Itai no Tondeike,2024-06-14,1.0,4.0,66.0,741,14,2,2
178051,Tokyo Friday Night,2024-06-14,1.0,3.0,55.0,175,0,2,2
173935,Suu-funkan no Yell wo,2024-06-14,1.0,68.0,71.0,6375,74,1,2
169766,RABBITS KINGDOM THE MOVIE,2024-06-14,1.0,94.0,,839,9,1,2
135511,Cheng He Titong,2024-06-14,24.0,26.0,72.0,2319,64,3,2
198702,Shi Wang Zhe A? 3,2024-06-13,13.0,8.0,,53,0,3,2
163785,Toemarok,2024-06-13,1.0,85.0,,447,3,1,2
178014,Reverse,2024-06-12,1.0,3.0,,124,1,2,2
178013,Emerald,2024-06-12,1.0,3.0,,75,0,2,2
178012,new world,2024-06-12,1.0,5.0,,129,2,2,2
166414,Tianting Banzhuan Xia,2024-06-12,18.0,15.0,,209,4,3,2
193831,Fudanshi Shoukan: Isekai de Shinjuu ni Hameraremashita 7th Season,2024-06-10,3.0,2.0,,86,0,3,2
155315,Jin Can Wangshi,2024-06-10,24.0,18.0,,208,3,3,2
176908,Insomnia,2024-06-09,1.0,4.0,73.0,889,50,2,2
179211,Cong Gu Huo Niao Kaishi: Long Cheng Fengyun,2024-06-08,16.0,18.0,,165,3,3,2
178421,Maarui Kanojo to Zannen na Kareshi,2024-06-08,6.0,11.0,45.0,645,2,7,2
165253,Bocchi the Rock! Re:,2024-06-07,1.0,92.0,83.0,25618,314,1,2
155154,Tsuma wo Dousoukai ni Ikasetara,2024-06-07,,16.0,60.0,1097,55,4,4
182556,Shixiong A Shixiong Nian Fan,2024-06-06,52.0,21.0,66.0,379,24,3,2
177878,Blues in the Closet,2024-06-06,1.0,4.0,57.0,345,3,2,2
176287,Hanma Baki VS Kengan Ashura,2024-06-06,1.0,60.0,65.0,15425,184,3,2
173313,Atashin'chi NEXT,2024-06-05,5.0,10.0,53.0,256,1,3,2
156097,Jintian De Wancan Jiushi Ni,2024-06-05,36.0,14.0,,476,6,3,2
137758,Juan Siliang: Feng Yan Dieqi,2024-06-01,15.0,19.0,59.0,383,12,3,2
175499,Kyonyuu Onna Shikan Sennou Saimin,2024-05-31,2.0,16.0,61.0,1361,63,4,2
175250,Mugoku no Kuni no Alice,2024-05-31,2.0,15.0,50.0,833,24,4,2
175248,Shuumatsu Hospital,2024-05-31,2.0,24.0,56.0,897,24,4,2
137735,Quanzhi Gaoshou 3,2024-05-31,17.0,19.0,71.0,12352,196,3,2
177815,Hajimari no Mahou -charm-,2024-05-30,1.0,2.0,57.0,340,2,2,2
137673,Yuan Zun,2024-05-30,26.0,20.0,66.0,1109,42,3,2
177754,We are GAMERS!!!!,2024-05-28,1.0,4.0,61.0,431,9,2,2
179717,Hai Yorokonde,2024-05-27,1.0,3.0,67.0,379,11,2,2
177845,Hallucinate,2024-05-27,1.0,3.0,,117,0,2,2
178758,Huan Chong Shi,2024-05-26,16.0,24.0,61.0,399,15,3,2
177772,replica,2024-05-26,1.0,6.0,,90,0,2,2
177798,Nyaaaanvy,2024-05-25,6.0,3.0,49.0,226,2,7,2
184748,Yuanshen: Weixing Zhi Lu,2024-05-24,1.0,3.0,73.0,1076,18,3,2
177776,GOLDENWEEK,2024-05-24,1.0,4.0,,103,0,2,2
177697,Dead Dead Demon's Dededededestruction,2024-05-24,18.0,24.0,78.0,40198,1032,3,2
177688,Lucky (feat. UMI),2024-05-24,1.0,4.0,62.0,477,2,2,2
176218,Dead Dead Demon's Dededededestruction Koushou,2024-05-24,1.0,120.0,70.0,5158,55,1,2
172420,Uma Musume: Pretty Derby - Shin Jidai no Tobira,2024-05-24,1.0,108.0,87.0,31918,2622,1,2
148080,Suki demo Kirai na Amanojaku,2024-05-24,1.0,112.0,68.0,18692,234,1,2
177813,I’ll be there,2024-05-23,1.0,5.0,,113,0,2,2
177683,Uso ja Nai,2024-05-23,1.0,5.0,67.0,578,8,2,2
177512,Xiehou Ta De Shaonu Shidai,2024-05-23,18.0,17.0,72.0,6066,125,3,2
177106,Garouden: The Way of the Lone Wolf,2024-05-23,8.0,24.0,61.0,4488,52,3,2
206516,Watashi wo Shiranai France ni Ai ni Iku,2024-05-22,1.0,1.0,,99,1,3,2
178067,Girls' F1st!!!! GT,2024-05-22,13.0,8.0,,158,5,3,2
177640,Hatsukoi no Nioi,2024-05-19,1.0,5.0,68.0,634,12,2,2
166413,Jinwu Wei: Feng Qi Jingling,2024-05-18,16.0,20.0,,155,1,3,2
174722,You Shou Yan 3,2024-05-17,12.0,6.0,71.0,473,19,3,2
156727,i☆Ris the Movie: Full Energy!!,2024-05-17,1.0,60.0,63.0,1206,14,1,2
137649,Fengyun Bian,2024-05-17,30.0,20.0,,214,4,3,2
177583,Mahou Shoujo holoWitches!,2024-05-16,1.0,4.0,64.0,755,7,3,2
177672,Hazard Symbol,2024-05-14,1.0,4.0,63.0,462,2,2,2
166240,Kimetsu no Yaiba: Hashira Geiko-hen,2024-05-12,8.0,30.0,79.0,273275,6156,6,2
177547,After Epochs,2024-05-10,1.0,4.0,64.0,524,10,2,2
176299,Uma Musume: Pretty Derby - ROAD TO THE TOP Movie,2024-05-10,1.0,99.0,79.0,9695,171,1,2
171291,trapezium,2024-05-10,1.0,94.0,68.0,11263,83,1,2
177497,Oracle,2024-05-08,1.0,3.0,63.0,314,6,2,2
200373,Ootsuchi Chou Kagura Dai Hammer,2024-05-07,1.0,23.0,,130,0,3,2
168178,Kaiju Yi Zuo Shan 2,2024-05-06,24.0,14.0,,95,0,3,2
163139,Boku no Hero Academia 7,2024-05-04,21.0,24.0,82.0,182304,4116,6,2
177407,Flatwoods no Monster Mitai ni,2024-05-03,1.0,3.0,59.0,361,6,2,2
177384,III,2024-05-03,1.0,3.0,73.0,956,26,2,2
169930,T・P Bon,2024-05-02,24.0,28.0,65.0,4628,54,3,2
156103,Hui Ming: Fenghuo Sanyue,2024-05-02,16.0,20.0,57.0,314,5,3,2
204762,Enter the Garden,2024-04-30,3.0,,53.0,1219,7,3,4
178351,Yao Shen Ji 8,2024-04-30,52.0,8.0,68.0,593,18,3,2
183795,Prima Rabbit,2024-04-29,1.0,1.0,,191,0,3,2
206051,Dungeons & Television Pilot Film,2024-04-28,1.0,2.0,,87,1,3,2
178352,Gotchard Short Anime: Gotchanime - Furasu Koukou Nanafushigi wo Gotcha Seyo!,2024-04-28,5.0,6.0,,99,1,3,2
137708,Xiao Bing Chuanqi,2024-04-28,26.0,20.0,,250,3,3,2
179807,Jueshi Zhan Hun,2024-04-27,180.0,10.0,,275,13,3,2
179715,Shi Dao Zhe,2024-04-27,1.0,15.0,66.0,326,10,3,2
177177,Arknights: 2024 Tebie Jinian Donghua,2024-04-27,1.0,2.0,77.0,1501,32,5,2
183162,Insect Land (ONA),2024-04-26,4.0,5.0,,50,0,3,2
178350,selector loth WIXOSS PV,2024-04-26,1.0,2.0,58.0,456,1,3,2
174633,Midareuchi,2024-04-26,2.0,16.0,62.0,1793,98,4,2
174187,Mebuki The Animation,2024-04-26,2.0,16.0,58.0,1399,51,4,2
174186,Rennyuu Order: Okawari The Animation,2024-04-26,1.0,27.0,66.0,1503,66,4,2
174184,Dearest Blue,2024-04-26,,23.0,52.0,977,34,4,4
174181,Succubus★Connect!,2024-04-26,,17.0,55.0,1139,26,4,4
177240,Kawaranai Mono,2024-04-25,1.0,3.0,,164,0,5,2
177231,Ponkotsu Quest: Maou to Haken no Mamono-tachi Season 8,2024-04-25,12.0,4.0,,81,0,3,2
172964,Jongtama Kan!!,2024-04-25,13.0,5.0,55.0,2320,16,3,2
192298,Charisma in Da House,2024-04-24,1.0,5.0,,109,2,2,2
177406,Gif ni Ted,2024-04-24,1.0,3.0,59.0,367,1,2,2
177405,Wan Wan Train Doko e Iku?,2024-04-24,9.0,1.0,54.0,721,3,3,2
177494,Yong Sheng 3,2024-04-19,16.0,19.0,66.0,536,14,3,2
176317,Blue Lock: EPISODE Nagi - Additional Time!,2024-04-19,4.0,1.0,68.0,5682,71,5,2
170297,Konomi ja Nai kedo: Mukatsuku Ane to Aishou Batsugun Ecchi,2024-04-19,2.0,15.0,68.0,2222,111,4,2
163147,Blue Lock: EPISODE Nagi,2024-04-19,1.0,91.0,73.0,50295,677,1,2
177048,Zettai Reido,2024-04-18,1.0,3.0,73.0,1634,74,2,2
184624,Yuanshen: Jin Zhong Ge,2024-04-17,1.0,7.0,78.0,1682,33,3,2
175786,Shaonian Ge Xing: Anhe Zhuan Part 2,2024-04-17,14.0,20.0,,232,4,3,2
135643,Grimm Kumikyoku,2024-04-17,6.0,44.0,66.0,17246,188,3,2
187376,Benghuai: Xingqiong Tiedao - Fei Ling He Boyi,2024-04-16,1.0,1.0,64.0,589,11,3,2
177047,DO-KA,2024-04-16,1.0,4.0,,115,1,2,2
141913,Fanpai Chushihua,2024-04-16,16.0,17.0,59.0,517,17,3,2
177009,Sekai wo Inuite,2024-04-14,1.0,4.0,56.0,279,1,2,2
170890,THE NEW GATE,2024-04-14,12.0,24.0,64.0,58627,986,6,2
160181,Sasayaku You ni Koi wo Utau,2024-04-14,12.0,23.0,64.0,46070,780,6,2
177006,TROUBLE “WAN”DER！,2024-04-13,1.0,4.0,56.0,346,4,2,2
172187,Shadowverse Flame: Arc-hen,2024-04-13,23.0,24.0,63.0,1251,21,6,2
166715,Kuroshitsuji: Kishuku Gakkou-hen,2024-04-13,11.0,24.0,78.0,32401,663,6,2
153288,Kaijuu 8-gou,2024-04-13,12.0,24.0,81.0,279241,9730,6,2
171608,Kuramerukagari,2024-04-12,1.0,62.0,60.0,5063,30,1,2
169778,Kurayukaba,2024-04-12,1.0,64.0,62.0,5343,39,1,2
169754,Meitantei Conan: 100-man Dollar no Michishirube,2024-04-12,1.0,111.0,77.0,5339,119,1,2
130590,"Maou Gakuin no Futekigousha: Shijou Saikyou no Maou no Shiso, Tensei shite Shison-tachi no Gakkou e Kayou II Part 2",2024-04-12,12.0,24.0,65.0,69600,925,6,2
177046,Meitantei Conan x McDonald's,2024-04-11,2.0,1.0,56.0,545,3,5,2
176909,Yozakura-san Chi no Mini Sakusen,2024-04-11,28.0,1.0,58.0,951,10,3,2
174653,Kenka Dokugaku,2024-04-11,12.0,23.0,71.0,38490,726,6,2
167927,Boukyaku Battery (TV),2024-04-10,12.0,24.0,74.0,20128,371,6,2
160090,Kaii to Otome to Kamikakushi,2024-04-10,12.0,24.0,66.0,41125,679,6,2
159039,Seiyuu Radio no Uraomote,2024-04-10,12.0,24.0,68.0,27633,272,6,2
156095,Xuwu Bianjing,2024-04-10,13.0,22.0,,396,5,3,2
151380,Date A Live V,2024-04-10,12.0,24.0,76.0,47565,1316,6,2
136804,Kono Subarashii Sekai ni Shukufuku wo! 3,2024-04-10,11.0,24.0,82.0,177900,4263,6,2
169698,"Tadaima, Okaeri",2024-04-09,12.0,24.0,75.0,16089,434,6,2
163141,Rinkai!,2024-04-09,12.0,24.0,50.0,4309,24,6,2
158709,Unnamed Memory,2024-04-09,12.0,24.0,66.0,59073,1240,6,2
173240,"Ateuma Chara no Kuse Shite, Supadari Ouji ni Chouai Sareteimasu.",2024-04-08,8.0,7.0,55.0,2168,33,3,2
170130,Lv2 Kara Cheat datta Moto Yuusha Kouho no Mattari Isekai Life,2024-04-08,12.0,24.0,69.0,99727,2531,6,2
166873,Mushoku Tensei II: Isekai Ittara Honki Dasu Part 2,2024-04-08,12.0,24.0,83.0,205410,6151,6,2
141923,Shen Zhiyi Jiao,2024-04-08,12.0,14.0,,284,1,3,2
172395,Shinkalion: Change the World,2024-04-07,39.0,24.0,50.0,4302,64,6,2
171080,Himitsu no AiPri,2024-04-07,51.0,24.0,65.0,2748,58,6,2
170604,Vampire Dormitory,2024-04-07,12.0,24.0,60.0,20932,301,6,2
169584,Shinigami Bocchan to Kuro Maid 3rd Season,2024-04-07,12.0,24.0,80.0,22542,583,6,2
168138,Jii-san Baa-san Wakagaeru,2024-04-07,11.0,24.0,71.0,50585,1054,6,2
166910,The Fable,2024-04-07,25.0,23.0,78.0,38350,1220,6,2
164702,"Tensei Kizoku, Kantei Skill de Nariagaru",2024-04-07,12.0,24.0,71.0,72605,1273,6,2
163078,Yoru no Kurage wa Oyogenai,2024-04-07,12.0,24.0,76.0,62036,1485,6,2
160589,Blue Archive The Animation,2024-04-07,12.0,24.0,66.0,30449,688,6,2
158898,Yozakura-san Chi no Daisakusen,2024-04-07,27.0,24.0,74.0,74723,1733,6,2
158417,Sentai Daishikkaku,2024-04-07,12.0,24.0,72.0,78500,1489,6,2
146867,Tonari no Youkai-san,2024-04-07,13.0,23.0,71.0,9735,144,6,2
109731,Hibike! Euphonium 3,2024-04-07,13.0,25.0,87.0,36057,2345,6,2
185644,Oshiri Tantei 8,2024-04-06,15.0,20.0,,66,0,6,2
176577,SHIBUYA♡HACHI,2024-04-06,13.0,3.0,47.0,268,1,7,2
173249,Kumarba,2024-04-06,12.0,2.0,,155,0,7,2
170503,Karasu wa Aruji wo Erabanai,2024-04-06,20.0,25.0,78.0,22258,452,6,2
164440,Ooi! Tonbo,2024-04-06,13.0,24.0,67.0,6140,66,6,2
164212,GIRLS BAND CRY,2024-04-06,13.0,24.0,83.0,66232,4477,6,2
152302,HIGHSPEED Étoile,2024-04-06,12.0,24.0,53.0,7750,94,6,2
172242,NIJIYON ANIMATION 2,2024-04-05,12.0,4.0,69.0,3181,25,7,2
171397,NocturnaL,2024-04-05,2.0,23.0,61.0,1309,52,4,2
171040,Astro Note,2024-04-05,12.0,24.0,64.0,14057,275,6,2
169202,Kateikyoushi x Saimin 2 The Animation,2024-04-05,2.0,17.0,58.0,1394,64,4,2
166828,Henjin no Salad Bowl,2024-04-05,12.0,24.0,71.0,28067,440,6,2
163270,WIND BREAKER,2024-04-05,13.0,24.0,77.0,188688,5758,6,2
162889,The iDOLM@STER: Shiny Colors,2024-04-05,12.0,24.0,57.0,5542,66,6,2
156822,Tensei Shitara Slime Datta Ken 3rd Season,2024-04-05,24.0,24.0,78.0,184241,5003,6,2
156023,"Maou no Ore ga Dorei Elf wo Yome ni Shitanda ga, Dou Medereba Ii?",2024-04-05,12.0,24.0,73.0,78222,1921,6,2
143271,Mahouka Koukou no Rettousei 3rd Season,2024-04-05,13.0,24.0,70.0,55715,857,6,2
165855,Hananoi-kun to Koi no Yamai,2024-04-04,12.0,24.0,66.0,55815,847,6,2
155908,Yuru Camp△ SEASON 3,2024-04-04,12.0,24.0,80.0,36987,676,6,2
155890,Bartender: Kami no Glass,2024-04-04,12.0,24.0,73.0,51050,950,6,2
175869,Chibi Godzilla no Gyakushuu 2,2024-04-03,52.0,3.0,58.0,395,9,7,2
176635,YouTuNya 2,2024-04-02,12.0,2.0,47.0,200,1,7,2
173250,Ageo to Tim,2024-04-02,12.0,2.0,,135,0,7,2
169417,Re:Monster,2024-04-02,12.0,24.0,65.0,69381,1429,6,2
166372,"Dekisokonai to Yobareta Moto Eiyuu wa, Jikka kara Tsuihou Sareta node Suki Katte ni Ikiru Koto ni Shita",2024-04-02,12.0,24.0,49.0,38141,513,6,2
163786,Yu-Mi-ui Sepodeul,2024-04-02,1.0,,,205,1,1,2
156415,"Tensei Shitara Dai Nana Ouji Datta node, Kimamani Majutsu wo Kiwamemasu",2024-04-02,12.0,24.0,73.0,102508,2516,6,2
150085,Touken Ranbu Kai: Kyoden Moyuru Honnouji,2024-04-02,8.0,24.0,54.0,5596,65,6,2
145728,Ookami to Koushinryou: MERCHANT MEETS THE WISE WOLF,2024-04-02,25.0,24.0,79.0,98464,2689,6,2
178125,Rokurou no Daibouken,2024-04-01,,11.0,,119,0,3,4
170593,Shin Yaranai ka,2024-04-01,1.0,31.0,51.0,1894,17,4,2
168240,San Xiu Zhi Wang,2024-04-01,52.0,10.0,,265,5,3,2
166454,Jiadao Zhong Er,2024-04-01,120.0,7.0,,42,0,3,2
158988,Saint Seiya: Knights of the Zodiac Battle Sanctuary Part 2,2024-04-01,12.0,23.0,57.0,1043,8,3,2
155657,Shuumatsu Train Doko e Iku?,2024-04-01,12.0,24.0,72.0,39851,574,6,2
144176,Kami wa Game ni Ueteiru.,2024-04-01,13.0,24.0,61.0,42478,513,6,2
176634,Duel Masters Special Movie: DO-KA,2024-03-31,1.0,2.0,,111,1,5,2
169927,"One Room, Hi Atari Futsuu, Tenshi Tsuki.",2024-03-30,12.0,24.0,69.0,35252,650,6,2
168132,Zhu Xian 2,2024-03-30,26.0,22.0,73.0,1003,49,3,2
185780,2024 Arknights Yinlu Lian Jue - Bumi Langchen Xiandao Yugao,2024-03-29,1.0,2.0,68.0,686,20,3,2
177499,Sugar Rush,2024-03-29,1.0,3.0,61.0,323,2,2,2
177456,The IDOLM@STER Million Live!: The Backstage,2024-03-29,1.0,21.0,57.0,479,3,4,2
176633,guruguru@mawaru@mawaluna,2024-03-29,1.0,3.0,52.0,242,5,2,2
172399,Ojisan de Umeru Ana The Animation,2024-03-29,2.0,16.0,61.0,1501,64,4,2
172398,Ruins Seeker,2024-03-29,2.0,14.0,50.0,838,24,4,2
199488,Hoshi X kara no Rakko,2024-03-27,15.0,3.0,,42,0,3,2
176663,Girls und Panzer: Taichou War!,2024-03-27,1.0,10.0,73.0,2624,37,4,2
176632,HELP!!,2024-03-27,1.0,3.0,69.0,506,17,2,2
177496,Yin Shizong Men Zhang Jiao,2024-03-23,52.0,9.0,,268,7,3,2
176300,Ojamajo Doremi 1620's,2024-03-23,2.0,2.0,75.0,1477,36,5,2
185890,BRIDGE -My Little Friends-,2024-03-22,1.0,10.0,51.0,193,2,3,2
185889,POP POP CITY,2024-03-22,1.0,10.0,55.0,309,1,3,2
185888,KICKS AND PUNK,2024-03-22,1.0,10.0,52.0,359,3,3,2
184373,éphémère,2024-03-22,1.0,10.0,59.0,745,5,3,2
178126,Luka to Taiyou no Hana,2024-03-22,2.0,30.0,,66,1,5,2
176431,BIBBIDIBA,2024-03-22,1.0,3.0,76.0,954,31,2,2
176303,Anime to Susume!,2024-03-22,1.0,1.0,,186,3,5,2
174916,Haramaseya THE ANIMATION,2024-03-22,2.0,16.0,61.0,1153,42,3,2
146609,Dead Dead Demon's Dededededestruction Zenshou,2024-03-22,1.0,120.0,74.0,18868,166,1,2
191059,Charisma Jamboree,2024-03-21,1.0,5.0,,121,1,2,2
204506,Kaette Kita! SYNDUALITY: Kagaku Kouza,2024-03-20,1.0,5.0,,50,1,3,2
176226,pipapo☆pipipu,2024-03-20,1.0,3.0,58.0,342,4,2,2
175642,SAND LAND: THE SERIES,2024-03-20,13.0,24.0,73.0,9828,177,3,2
172016,Oshiri Tantei: Saraba Itoshiki Oshiri yo,2024-03-20,1.0,71.0,,165,0,1,2
177514,Benghuai: Xingqiong Tiedao - Donghua Duanpian Yong Jie Lun Wu,2024-03-19,1.0,5.0,81.0,2142,70,3,2
186790,Chiisana Jam to Goblin no Opp,2024-03-18,1.0,17.0,,50,0,1,2
176469,DIGGY DIGGY,2024-03-15,1.0,3.0,,95,1,2,2
171395,Kotowarenai Haha,2024-03-15,2.0,20.0,60.0,1577,75,4,2
167486,Watashi no Shiawase na Katachi,2024-03-15,1.0,24.0,76.0,28981,378,4,2
175744,Xiaolü He Xiaolan 5,2024-03-13,12.0,8.0,,166,2,3,2
174749,Hajimete no Futarikkiri Ryokou,2024-03-13,1.0,5.0,55.0,673,6,4,2
175047,Say You to Yo Asobi ANIMATION: Ikuda Momo! Sobii,2024-03-11,8.0,5.0,,65,0,3,2
177602,Harinezumi no Luchika,2024-03-10,1.0,3.0,50.0,179,0,3,2
177464,Granblue Fantasy: 10th Anniversary Movie,2024-03-10,1.0,2.0,,286,5,3,2
175945,Waai WaiWai WaiWaiWai!,2024-03-10,1.0,3.0,64.0,512,10,2,2
173639,Ensemble Stars!!: Tsuioku Selection - Checkmate,2024-03-10,6.0,12.0,69.0,879,31,3,2
156109,Hanhua Riji 4,2024-03-10,12.0,13.0,67.0,829,15,3,2
175867,Glorious Day,2024-03-09,1.0,4.0,67.0,1012,14,2,2
175783,Uji ni wa Monogatari ga Aru,2024-03-09,1.0,6.0,65.0,1082,10,5,2
172976,Shimajirou Miracle-jima no Nanairo Carnation,2024-03-08,1.0,80.0,,101,0,1,2
176430,Kyun Kyun MIKO Kyun Kyun♡,2024-03-05,1.0,4.0,56.0,278,2,2,2
175691,Haru,2024-03-05,1.0,5.0,71.0,2066,22,2,2
177475,ONE PIECE×KAWAISOUNI! Kono Boushi wo Omae ni Azukeru,2024-03-03,1.0,1.0,58.0,764,2,3,2
166439,Baijia Jue: Jianghu Gui Shi Lu,2024-03-03,16.0,18.0,,165,7,3,2
206353,Hakofugu to Minamata no Umi,2024-03-02,1.0,19.0,,33,1,1,2
198690,Amedama,2024-03-02,1.0,21.0,,107,0,1,2
175513,Panda Narikiri Taisou,2024-03-02,15.0,1.0,,71,0,3,2
174666,Science SARU x MBS Original Short Anime Daisakusen!,2024-03-02,4.0,2.0,51.0,631,3,7,2
171026,Paripi Koumei: Road To Summer Sonia,2024-03-01,1.0,120.0,71.0,9620,78,1,2
166976,Doraemon: Nobita no Chikyuu Symphony,2024-03-01,1.0,115.0,69.0,1666,38,1,2
184766,Benghuai: Xingqiong Tiedao - Huahuo Baxi,2024-02-29,1.0,1.0,68.0,719,13,3,2
141883,Bu Xing Si: Yuan Qi,2024-02-29,18.0,15.0,,312,8,3,2
188063,Kkoma Bus Tayo 7,2024-02-28,26.0,11.0,,33,0,7,2
183797,Overtake! Extra Tokubetsu-hen,2024-02-28,1.0,5.0,,104,1,5,2
137682,Xi Xing Ji: Kuang Wang,2024-02-28,9.0,18.0,,294,8,3,2
176495,Pokémon Masters EX 4.5 Shuunen Kinen,2024-02-27,1.0,2.0,52.0,375,2,3,2
175353,POKÉDANCE,2024-02-27,1.0,1.0,66.0,1151,11,2,2
175296,Tokyo Clone,2024-02-27,1.0,4.0,57.0,278,3,2,2
193468,Dinoster: Gonglyongsuhodae 2,2024-02-26,26.0,12.0,,25,0,7,2
176529,WcDonalds,2024-02-26,4.0,1.0,52.0,1250,9,3,2
175352,Bring Me,2024-02-26,1.0,3.0,51.0,184,0,2,2
175351,Hoshi Meguru Uta,2024-02-26,1.0,3.0,56.0,198,0,2,2
184399,YABABAINA,2024-02-25,1.0,3.0,61.0,197,8,2,2
175350,START UP,2024-02-24,1.0,5.0,50.0,176,0,2,2
186764,SINoALICE: Ichiban Saigo no Monogatari,2024-02-23,1.0,64.0,49.0,518,8,1,2
175144,Value,2024-02-23,1.0,3.0,71.0,658,27,2,2
170935,GREAT PRETENDER: razbliuto,2024-02-23,1.0,88.0,69.0,21790,142,3,2
168947,NO Wife NO LIFE!,2024-02-23,,22.0,60.0,1852,98,4,4
156082,Bai Yao Pu: Si Fu Pian,2024-02-23,12.0,23.0,67.0,922,19,3,2
175349,Mind Replacer,2024-02-22,1.0,2.0,,105,0,2,2
175132,Neko Kaburi-Na,2024-02-22,1.0,3.0,65.0,524,14,2,2
174912,Dokonjou Gaeru Yanen,2024-02-22,25.0,1.0,,108,1,3,2
171016,69: Itsuwari no Hohoe,2024-02-22,2.0,23.0,57.0,1041,46,4,2
170969,"Mitasarete Mezameru Asa ni, Jimi na Choushoku wo The Animation",2024-02-22,1.0,19.0,68.0,2330,90,4,2
175068,Soliloquy,2024-02-20,1.0,3.0,62.0,355,1,2,2
175033,Ima wa Shourai ni Hairimasu ka.,2024-02-20,1.0,3.0,57.0,674,10,3,2
175690,Sakura Kimi Watashi,2024-02-19,1.0,3.0,57.0,176,2,2,2
175689,apart,2024-02-18,1.0,5.0,,80,0,2,2
155902,Yishi Zhi Zun,2024-02-18,16.0,18.0,,428,10,3,2
177148,Ikimono-san: Hitsuji no Kai,2024-02-17,1.0,2.0,,78,1,3,2
177439,Harutsugeuo to Fuuraibou,2024-02-16,1.0,5.0,,69,0,5,2
176471,Kabigon Neterun Kai!,2024-02-16,1.0,3.0,58.0,458,3,2,2
153658,Haikyuu!!: Gomi Suteba no Kessen,2024-02-16,1.0,85.0,86.0,96703,2860,1,2
168251,Yi Ren Zhi Xia: Xiutie Chongxian,2024-02-15,1.0,70.0,56.0,841,9,1,2
156106,Xian Yu Ge 2,2024-02-15,13.0,27.0,,92,2,3,2
175052,Aishang Ta de Liyou Extra,2024-02-13,1.0,10.0,76.0,3820,81,3,2
174780,Ghibli Park: Yukkuri Kite Kudasai. Ugokushiro-hen,2024-02-13,1.0,1.0,54.0,914,18,3,2
151639,Ninja Kamui,2024-02-11,13.0,23.0,64.0,76664,1540,6,2
177233,Hi Φ CLUB,2024-02-10,1.0,4.0,,143,8,2,2
143560,Bajie Zhi Tian Peng Xiajie,2024-02-10,1.0,90.0,,121,2,1,2
175054,Lutu Weiji! Sheng Freya Hao Tebie Shijian,2024-02-09,1.0,36.0,68.0,539,12,3,2
175034,Dubu Wangu 2nd Season,2024-02-09,90.0,11.0,57.0,362,8,3,2
174975,Hyu~dorodoro,2024-02-09,1.0,3.0,57.0,472,5,2,2
184751,Benghuai: Xingqiong Tiedao - Taiping Lin Xin Sui,2024-02-08,1.0,4.0,64.0,612,8,3,2
177495,Liangchen you meng,2024-02-05,1.0,3.0,59.0,293,1,3,2
171030,Wonderful Precure!,2024-02-04,50.0,24.0,76.0,5695,282,6,2
174439,Yu-Gi-Oh! CARD GAME: THE CHRONICLES,2024-02-03,1.0,6.0,72.0,2548,39,3,2
156112,Kui Cheng Shoufu Cong Youxi Kaishi,2024-02-03,16.0,15.0,72.0,3564,88,3,2
184143,Celia-sensei no Dokidoki Interview Room,2024-02-02,6.0,2.0,,228,0,3,2
174428,pray,2024-02-02,1.0,3.0,63.0,462,6,2,2
167984,Oomuro-ke: dear sisters,2024-02-02,1.0,43.0,78.0,8915,127,1,2
173807,Chocolat Cadabra,2024-01-31,1.0,3.0,71.0,1835,27,2,2
168809,Kemonokko Tsuushin: The Animation - Toriko Rupia,2024-01-31,1.0,18.0,59.0,1180,73,3,2
177124,Arknights Xin​chun Hui: Lili Kurong,2024-01-28,1.0,2.0,55.0,322,5,3,2
175277,Eyeshield 21: 21st ANNIVERSARY PV,2024-01-28,1.0,1.0,56.0,468,5,3,2
166411,Jian Xian Zaici 2,2024-01-27,50.0,11.0,,164,5,3,2
162987,Given: Hiiragi mix,2024-01-27,1.0,70.0,80.0,20125,353,1,2
174087,Rinrin,2024-01-26,1.0,3.0,56.0,186,3,2,2
170599,Fleur The Animation,2024-01-26,2.0,20.0,68.0,2042,109,4,2
170514,SiNiSistar,2024-01-26,2.0,15.0,46.0,944,42,4,2
167140,Eiyuu Kyoushitsu OVA,2024-01-26,3.0,10.0,59.0,3766,86,4,2
155223,Jian Wang 3: Xia Gan Yi Dan Shen Jianxin 3 Part 2,2024-01-26,12.0,23.0,,168,1,3,2
134761,Kidou Senshi Gundam SEED FREEDOM,2024-01-26,1.0,135.0,73.0,7446,249,1,2
174718,Taigu Xing Shen Jue,2024-01-25,40.0,10.0,53.0,288,8,3,2
174128,Chikomaru,2024-01-25,1.0,2.0,46.0,263,0,3,2
156079,Yiren Jun Moxie,2024-01-24,12.0,24.0,51.0,317,9,3,2
155313,Shengzu,2024-01-23,26.0,17.0,49.0,376,9,3,2
175348,Choudai na,2024-01-22,1.0,2.0,,127,0,2,2
141856,Da Yuzhou Shidai,2024-01-22,12.0,25.0,,330,7,3,2
167404,MONSTERS: Ippaku Sanjou Hiryuu Jigoku,2024-01-21,1.0,25.0,76.0,25914,412,3,2
206223,Jiangtun: Feng Shi Wu,2024-01-20,1.0,85.0,,74,2,1,2
177071,Shenlong Xing Zhu,2024-01-20,48.0,9.0,,131,4,3,2
196247,Xi Yangyang Yu Hui Tailang: Xin Shijie Qiyu,2024-01-19,60.0,15.0,,26,1,7,2
173640,Aru Hi no Gogo,2024-01-19,1.0,1.0,59.0,896,10,3,2
173549,non-reflection,2024-01-19,1.0,4.0,58.0,249,5,2,2
173534,Odekake Kozame × Chiba-ken Kuro Ajillo,2024-01-18,1.0,2.0,59.0,625,1,3,2
174400,Ramen wo Tabete Iru Toki dake Naze ka Nounai de Kaiwa ga Dekiru Futari,2024-01-17,2.0,2.0,,172,1,3,2
129770,Yun Zhong Ju San Zi,2024-01-17,26.0,10.0,,169,2,3,2
170953,Yami Shibai 12,2024-01-15,13.0,4.0,54.0,2138,16,7,2
173647,Sakuretsu! Amabie-hime. Season3,2024-01-14,12.0,4.0,,90,0,7,2
171144,Meiji Gekken: 1874,2024-01-14,10.0,25.0,60.0,6125,64,6,2
162842,Hikari no Ou 2nd Season,2024-01-14,10.0,24.0,58.0,5246,46,6,2
155227,Kingdom 5th Season,2024-01-14,13.0,24.0,85.0,15369,419,6,2
177388,Kirifuda,2024-01-13,1.0,4.0,53.0,169,1,2,2
166093,Snack Basue,2024-01-13,13.0,24.0,59.0,4153,46,6,2
165254,BUCCHIGIRI?!,2024-01-13,12.0,24.0,64.0,43837,659,6,2
164204,Cardfight!! Vanguard: Divinez,2024-01-13,13.0,24.0,68.0,2216,51,6,2
122519,Wangzhe Rongyao: Rongyao Zhi Zhang,2024-01-13,4.0,26.0,58.0,557,19,3,2
181970,Kizumonogatari: Koyomi Vamp,2024-01-12,1.0,144.0,79.0,6149,137,1,2
171019,"Meitou ""Isekai no Yu"" Kaitaku-ki: AraFou Onsen Mania no Tensei-saki wa, Nonbiri Onsen Tengoku deshita",2024-01-12,12.0,4.0,48.0,16087,221,7,2
156891,Saijaku Tamer wa Gomi Hiroi no Tabi wo Hajimemashita.,2024-01-12,12.0,24.0,74.0,52578,1566,6,2
155645,Urusei Yatsura (2022) 2nd Season,2024-01-12,23.0,23.0,78.0,21812,442,6,2
153818,Majo to Yajuu,2024-01-12,12.0,24.0,73.0,69381,1420,6,2
149025,Dayu,2024-01-12,1.0,,,372,3,1,2
199795,Enjou Bokumetsu! Mahou Shoujo Aiko,2024-01-11,12.0,4.0,,110,0,7,2
177125,Gekai Elise Mini Drama,2024-01-11,12.0,1.0,48.0,301,4,3,2
173287,Intergalactic Bound,2024-01-11,1.0,4.0,65.0,453,10,2,2
169418,Gekkan Mousou Kagaku,2024-01-11,12.0,24.0,47.0,4975,38,6,2
168194,Sengoku Youko,2024-01-11,13.0,24.0,69.0,30892,539,6,2
167087,30-sai made Doutei da to Mahou Tsukai ni Nareru Rashii,2024-01-11,12.0,24.0,76.0,36177,1201,6,2
165598,Yuuki Bakuhatsu Bang Bravern,2024-01-11,12.0,24.0,76.0,17210,481,6,2
162985,Metallic Rouge,2024-01-11,13.0,23.0,59.0,48914,653,6,2
174939,Tirori Mix (2024),2024-01-10,1.0,4.0,52.0,277,0,2,2
172852,Shinobanai! Crypto Ninja Sakuya Ni no Maki,2024-01-10,12.0,5.0,,163,3,7,2
162144,Gekai Elise,2024-01-10,12.0,24.0,71.0,41756,816,6,2
147850,SHAMAN KING: FLOWERS,2024-01-10,13.0,24.0,64.0,11262,152,6,2
169559,SYNDUALITY Noir Part 2,2024-01-09,12.0,24.0,70.0,8271,171,6,2
166522,"Hime-sama, ""Goumon"" no Jikan desu",2024-01-09,12.0,24.0,71.0,35887,599,6,2
164244,Oroka na Tenshi wa Akuma to Odoru,2024-01-09,12.0,24.0,67.0,58949,920,6,2
163076,Akuyaku Reijou Level 99: Watashi wa Ura Boss desu ga Maou de wa Arimasen,2024-01-09,12.0,24.0,71.0,77829,1896,6,2
155963,Dosanko Gal wa Namara Menkoi,2024-01-09,12.0,24.0,70.0,89716,1825,6,2
170913,"Modaete yo, Adam-kun",2024-01-08,8.0,7.0,66.0,7246,352,3,2
163151,HIGH CARD season 2,2024-01-08,12.0,24.0,70.0,18020,244,6,2
162002,Kyuujitsu no Warumono-san,2024-01-08,12.0,24.0,71.0,41125,763,6,2
139518,Tsuki ga Michibiku Isekai Douchuu 2nd Season,2024-01-08,25.0,24.0,78.0,118504,3435,6,2
177062,"More Loop 7-kaime no Akuyaku Reijou wa, Moto Tekikoku de Jiyuu Kimama na Hanayome Seikatsu wo Mankitsu suru Mini Anime",2024-01-07,12.0,1.0,50.0,362,3,3,2
174417,Yubisaki Petit,2024-01-07,12.0,2.0,57.0,1201,5,3,2
169935,"Saikyou Tank no Meikyuu Kouryaku: Tairyoku 9999 no Rare Skill-mochi Tank, Yuusha Party wo Tsuihou Sareru",2024-01-07,12.0,23.0,59.0,36583,464,6,2
168374,"Loop 7-kaime no Akuyaku Reijou wa, Moto Tekikoku de Jiyuu Kimama na Hanayome Seikatsu wo Mankitsu Suru",2024-01-07,12.0,24.0,75.0,87521,2604,6,2
166216,Boku no Kokoro no Yabai Yatsu 2nd Season,2024-01-07,13.0,23.0,86.0,103713,5965,6,2
158931,Ao no Exorcist: Shimane Illuminati-hen,2024-01-07,12.0,24.0,71.0,61993,745,6,2
156131,"Shin no Nakama ja Nai to Yuusha no Party wo Oidasareta node, Henkyou de Slow Life suru Koto ni shimashita 2nd",2024-01-07,12.0,24.0,68.0,59781,839,6,2
151807,Ore dake Level Up na Ken,2024-01-07,12.0,24.0,81.0,440371,20668,6,2
173216,Sai-Kyo-Oh! Zukan: The Ultimate Battles,2024-01-06,50.0,4.0,57.0,408,9,7,2
172967,VSPO! × Vanguard Animation PV,2024-01-06,1.0,1.0,50.0,236,0,5,2
169291,Harimaware! Koinu,2024-01-06,12.0,4.0,,343,1,7,2
167146,Momochi-san Chi no Ayakashi Ouji,2024-01-06,12.0,24.0,62.0,20735,220,6,2
166794,Yubisaki to Renren,2024-01-06,12.0,24.0,81.0,138247,5959,6,2
166610,MASHLE: Kami Shinkakusha Kouho Senbatsu Shiken-hen,2024-01-06,12.0,24.0,78.0,180178,3695,6,2
165314,Pon no Michi,2024-01-06,12.0,24.0,61.0,16195,201,6,2
160389,Kekkon Yubiwa Monogatari,2024-01-06,12.0,24.0,59.0,54905,825,6,2
137908,Chiyu Mahou no Machigatta Tsukaikata,2024-01-06,13.0,24.0,75.0,126207,3415,6,2
184369,Meitantei Conan vs Kaitou Kid,2024-01-05,1.0,81.0,66.0,1011,13,1,2
177061,Elise's Karute,2024-01-05,7.0,2.0,,188,3,3,2
172966,Chou Futsuu-ken Chiba Densetsu,2024-01-05,13.0,4.0,42.0,1239,11,7,2
158028,"Sokushi Cheat ga Saikyou Sugite, Isekai no Yatsura ga Marude Aite ni Naranai n desu ga.",2024-01-05,12.0,24.0,62.0,76143,1442,6,2
152682,Sasaki to Pii-chan,2024-01-05,12.0,24.0,67.0,42282,651,6,2
147642,Nozomanu Fushi no Boukensha,2024-01-05,12.0,24.0,74.0,83166,1939,3,2
144770,BLOODY ESCAPE: Jigoku no Tousou Geki,2024-01-05,1.0,97.0,54.0,2436,44,1,2
153518,Dungeon Meshi,2024-01-04,24.0,25.0,85.0,223025,14114,6,2
141821,Mato Seihei no Slave,2024-01-04,12.0,24.0,68.0,113017,2647,6,2
162780,Mahou Shoujo ni Akogarete,2024-01-03,13.0,24.0,74.0,77268,2854,6,2
161476,Ishura,2024-01-03,12.0,24.0,65.0,51625,766,6,2
146066,Youkoso Jitsuryoku Shijou Shugi no Kyoushitsu e 3rd Season,2024-01-03,13.0,24.0,78.0,186929,4399,6,2
143866,Jaku-Chara Tomozaki-kun 2nd STAGE,2024-01-03,13.0,24.0,70.0,54464,766,6,2
174702,Wu Nao Monü 2,2024-01-02,15.0,8.0,60.0,945,14,3,2
177444,Wangu Kuang Di,2024-01-01,20.0,16.0,52.0,257,5,3,2
155323,Wangu Xie Di,2024-01-01,20.0,16.0,,89,1,3,4
152072,Isekai de Mofumofu Nadenade Suru Tame ni Ganbattemasu.,2024-01-01,12.0,24.0,66.0,32403,659,3,2
171029,Fate/Grand Order: Fujimaru Ritsuka wa Wakaranai - Dai Bounen Otanoshimikai 2023,2023-12-31,1.0,35.0,60.0,963,8,5,2
172594,sunbeams,2023-12-30,1.0,3.0,57.0,200,2,2,2
169362,BURN THE WITCH #0.8,2023-12-30,1.0,29.0,74.0,22479,280,5,2
146543,Dawang Raoming 2,2023-12-30,12.0,22.0,75.0,10367,214,3,2
183798,Yeonae Jehan Guyeok,2023-12-29,10.0,5.0,62.0,1361,11,3,2
179873,Monster Strike Anime: Masamune - Shimei no Akaki Yaiba,2023-12-29,2.0,22.0,,170,1,3,2
177438,Hua Jianghu: Tiangang,2023-12-29,1.0,,,104,1,3,2
174384,Haze,2023-12-29,1.0,3.0,51.0,178,1,2,2
206159,Balala Xiao Mo Xian: Xing Yuan Die Qi 2,2023-12-28,26.0,13.0,,31,1,3,2
162147,Pokémon Concierge,2023-12-28,4.0,18.0,77.0,10398,227,3,2
164551,Jashin-chan Dropkick [Seikimatsu-hen],2023-12-27,1.0,24.0,68.0,4086,56,5,2
172345,Toon Bangers feat.DEMONDICE,2023-12-25,1.0,3.0,,96,1,2,2
153483,Cong Hong Yue Kaishi,2023-12-25,16.0,19.0,58.0,508,15,3,2
172324,Little Missing Stars,2023-12-24,1.0,4.0,54.0,162,1,2,2
172251,tohiko,2023-12-24,1.0,3.0,64.0,341,7,2,2
174706,Dan Dao Zhizun,2023-12-23,168.0,9.0,59.0,462,17,3,2
172250,JUVENILE,2023-12-22,1.0,5.0,61.0,483,5,2,2
169941,Yuusha-hime Milia,2023-12-22,4.0,16.0,52.0,1068,46,4,2
169683,Shunka Shuutou,2023-12-22,2.0,24.0,55.0,824,28,4,2
158928,SPY×FAMILY CODE: White,2023-12-22,1.0,110.0,81.0,103508,1691,1,2
141862,Mingyun Quan Tai,2023-12-22,12.0,22.0,67.0,1513,39,3,2
193809,Azur Lane: 6 Shuunen Kinen Anime PV,2023-12-21,1.0,2.0,,150,0,5,2
174713,Xiaolü He Xiaolan 4,2023-12-21,12.0,8.0,,187,1,3,2
174938,Happy Cheat Day,2023-12-20,1.0,3.0,,186,2,2,2
169511,Hyakushou Kizoku OVA,2023-12-20,2.0,5.0,59.0,616,1,4,2
141860,Huoxing Xi Lu 7 Hao,2023-12-20,12.0,21.0,,176,4,3,2
171601,Sakigake!! Reiwa no Otokojuku,2023-12-18,36.0,4.0,,192,2,3,2
156110,Xian Wang De Richang Shenghuo 4,2023-12-17,12.0,18.0,75.0,27792,496,3,2
142494,Yaneura no Rudger,2023-12-15,1.0,108.0,69.0,5941,68,1,2
166447,Shenyuan Youxi,2023-12-14,16.0,22.0,52.0,248,8,3,2
171402,Igniter,2023-12-13,1.0,3.0,59.0,242,3,2,2
204547,Heart Cocktail Colorful: Fuyu-hen,2023-12-11,5.0,5.0,,74,1,7,2
170221,Boku no Kokoro no Yabai Yatsu: Twi-Yaba,2023-12-10,1.0,21.0,77.0,17029,250,3,2
174703,Bai Lian Cheng Shen 2,2023-12-08,52.0,20.0,68.0,756,35,3,2
171346,Kabigon to Karakara,2023-12-08,4.0,1.0,56.0,500,3,3,2
171130,Fudanshi Shoukan: Isekai de Shinjuu ni Hameraremashita Mini Anime 6th Season,2023-12-08,3.0,3.0,48.0,206,1,3,2
162904,Madogiwa no Totto-chan,2023-12-08,1.0,114.0,75.0,2483,37,1,2
139359,Otome Game no Hametsu Flag shika Nai Akuyaku Reijou ni Tensei shiteshimatta… Movie,2023-12-08,1.0,90.0,72.0,21328,204,1,2
171337,Night Loop,2023-12-07,1.0,3.0,50.0,145,1,2,2
157071,Jiaonang Jihua 2,2023-12-05,13.0,,,155,1,3,2
137747,Zhen Dao Ge 2,2023-12-05,14.0,22.0,,205,4,3,2
177098,Street Fighter 6 × SPY×FAMILY CODE: White,2023-12-04,1.0,1.0,68.0,4681,66,5,2
171203,Santa Tell Me,2023-12-04,1.0,1.0,62.0,488,10,2,2
151598,Ran Xia,2023-12-03,16.0,,,217,7,3,2
137706,Shi Shi Chuanshuo,2023-12-03,26.0,26.0,,258,3,3,2
199478,Gasonshi!!: Esper Shoujo to Ninja no Abiko Monogatari,2023-12-02,,6.0,,77,0,3,4
171050,Aim ni Aisareshi Girl,2023-12-01,1.0,3.0,60.0,439,2,2,2
169932,Xiaoke de Huatu Xie Hua,2023-12-01,12.0,4.0,64.0,1141,13,3,2
161474,Seishun Buta Yarou wa Randoseru Girl no Yume wo Minai,2023-12-01,1.0,75.0,83.0,84089,1801,1,2
206854,Sinbi Apateu: Ghost Ball ZERO - Du Beonjjae Iyagi,2023-11-30,15.0,26.0,,39,1,6,2
206146,Zhongguo Jingqi Xiansheng (2023),2023-11-30,1.0,69.0,,52,1,3,2
174936,Migi Hidari Kimi Kimi Migi Shita Uwame Kyurun Mecho Kawa!,2023-11-29,1.0,3.0,54.0,263,1,2,2
174705,Zhenwu Dianfeng 3,2023-11-29,104.0,10.0,57.0,366,14,3,2
188828,Choeganggyeongchal Mini Teukgongdae,2023-11-28,26.0,11.0,,36,0,7,2
171825,Shiawase ni Nante Naranaide,2023-11-28,1.0,4.0,59.0,223,4,2,2
154999,Onmyouji,2023-11-28,13.0,26.0,65.0,4340,56,3,2
174934,HoloHawk,2023-11-27,1.0,3.0,58.0,308,5,2,2
170992,Tokyo Wabi-Sabi Lullaby,2023-11-25,1.0,3.0,64.0,511,10,2,2
156062,Fanren Xiu Xian Zhuan: Xinghai Feichi,2023-11-25,48.0,20.0,75.0,1040,38,3,2
153495,Wu Dong Qiankun 4,2023-11-25,12.0,20.0,72.0,1026,70,3,2
168539,Hatsukoi Time.,2023-11-24,6.0,20.0,75.0,3914,266,4,2
168538,Shijoku Zukushi,2023-11-24,2.0,20.0,58.0,1241,57,4,2
187051,Sylvanian Families: Freya kara no Okurimono,2023-11-23,1.0,66.0,,88,1,1,2
170986,Avant,2023-11-23,1.0,4.0,65.0,379,7,2,2
163363,Pole Princess!! Movie,2023-11-23,1.0,59.0,63.0,1617,14,1,2
163143,Koukaku Kidoutai: SAC_2045 - Saigo no Ningen,2023-11-23,1.0,126.0,51.0,1496,23,1,2
170985,Gyudon Carnival!,2023-11-22,1.0,4.0,53.0,301,1,2,2
166977,Princess Principal: Crown Handler - Chapter 3: Cost for Custom Cars,2023-11-22,1.0,8.0,67.0,1695,19,4,2
185463,Artiswitch: Ruru's Episodes of Memories,2023-11-20,2.0,3.0,62.0,761,9,3,2
175889,Jiu Tian Xuan Di Jue 5,2023-11-20,52.0,10.0,,154,1,3,2
173956,Rhapsody,2023-11-20,4.0,23.0,,362,4,3,2
170984,BITE! KAMU! BITE!,2023-11-19,1.0,4.0,60.0,398,3,2,2
172252,KETATAMA,2023-11-18,1.0,3.0,50.0,172,0,2,2
170983,Biri-Biri,2023-11-18,1.0,3.0,68.0,1163,10,2,2
178004,Buta Thunder,2023-11-17,1.0,2.0,53.0,194,1,2,2
170989,Cult.,2023-11-17,1.0,4.0,,149,2,2,2
170206,Scott Pilgrim Takes Off,2023-11-17,8.0,26.0,80.0,36657,1831,3,2
166996,Tsuma Netori Kan: Bijutsu Kyoushi no Baai,2023-11-17,1.0,30.0,53.0,895,28,4,2
130622,Kitarou Tanjou: Gegege no Nazo,2023-11-17,1.0,105.0,75.0,5663,131,1,2
176860,Feng Qi Luoyang: Shuangzi Zhui Xiong,2023-11-16,1.0,66.0,,70,0,3,2
156088,Bu Si Bu Mie,2023-11-16,16.0,20.0,55.0,372,12,3,2
188367,"Benghuai: Xingqiong Tiedao - Ni... Nihao, Wo Jiao Huohuo",2023-11-14,1.0,1.0,60.0,498,3,3,2
174704,Shixiong A Shixiong 2,2023-11-14,26.0,21.0,67.0,641,28,3,2
172842,Totonoe! Sakuma-kun by &sauna,2023-11-12,11.0,3.0,,107,0,7,2
170917,SHINKIRO,2023-11-12,1.0,5.0,78.0,1720,42,2,2
170915,All Night Radio,2023-11-11,1.0,4.0,70.0,696,23,2,2
170914,Nenechi no Giragira Fan Meeting,2023-11-11,1.0,4.0,55.0,296,2,2,2
169000,Gintama on Theater 2D: Baragaki-hen,2023-11-10,1.0,77.0,70.0,2428,26,1,2
168946,Sweet and Hot,2023-11-10,,20.0,57.0,1366,64,4,4
168196,Doukyo Suru Neneki,2023-11-10,2.0,20.0,54.0,1409,68,4,2
166461,Kozukuri Ninkatsu-bu!,2023-11-10,,15.0,60.0,995,31,4,4
164293,Komada Jouryuusho e Youkoso,2023-11-10,1.0,91.0,67.0,6068,32,1,2
164241,Ensemble Stars!!: Tsuioku Selection - Crossroad,2023-11-10,6.0,12.0,66.0,1088,17,3,2
156093,Shi Fang Wu Sheng,2023-11-10,16.0,19.0,57.0,695,9,3,2
166455,Wanneng Lianai Zahuodian,2023-11-09,16.0,17.0,60.0,693,12,3,2
130706,Akuma-kun (ONA),2023-11-09,12.0,24.0,67.0,9006,103,3,2
205280,Kawauso,2023-11-08,1.0,15.0,,33,1,1,2
204741,365-nichi no Ashita,2023-11-08,1.0,2.0,,112,1,2,2
177232,NIGHT OWL,2023-11-08,1.0,9.0,,75,0,3,2
174720,Ni De Rensheng Shi Wo Lai Chi Le,2023-11-07,16.0,15.0,,219,4,3,2
122526,Shen Cang,2023-11-07,12.0,20.0,,250,4,3,2
170752,What an amazing swing,2023-11-05,1.0,3.0,67.0,586,11,2,2
162314,Shingeki no Kyojin: The Final Season - Kanketsu-hen Kouhen,2023-11-05,1.0,85.0,87.0,165484,7635,5,2
213544,Ling Long 2 Qianzhan Pian: Changye Jiangzhi,2023-11-04,1.0,31.0,,157,4,3,2
186202,Secret Jouju: Byeolui Boseok,2023-11-03,12.0,14.0,,40,1,7,2
176864,Xing Qia Meng Shao Nu 1 Hua Yu Bi Ji,2023-11-03,40.0,8.0,,73,0,7,2
169296,Sumikko Gurashi Movie: Tsugihagi Koujou no Fushigina Ko,2023-11-03,1.0,69.0,,272,1,1,2
155015,ONIMUSHA,2023-11-02,8.0,28.0,63.0,6486,73,3,2
137660,Jin Zhan Fashi,2023-11-02,20.0,17.0,66.0,1209,32,3,2
204624,Jiu Cang Miao Wo Season 2.5,2023-11-01,26.0,13.0,,30,2,3,2
161802,Tensei Shitara Slime Datta Ken: Coleus no Yume,2023-11-01,3.0,24.0,76.0,49179,879,4,2
137715,Wu Shuang Shu,2023-11-01,12.0,,,131,2,3,2
177465,Ghost Tale,2023-10-31,1.0,2.0,56.0,324,3,3,2
170620,Ple Ple Pleiades × Kage-Jitsu!,2023-10-31,1.0,10.0,69.0,3268,29,3,2
171443,SUI × Nabe Kyuukyoku Anime,2023-10-30,1.0,1.0,,119,1,3,2
174715,Jian Yu Feng Yun 3,2023-10-29,104.0,10.0,,266,6,3,2
187832,Meiji Yasuda Seimei 'MY Link Coordinator Aki no Tegami' Hen,2023-10-28,1.0,1.0,,58,1,5,2
156081,Qi Hou Bilu,2023-10-28,12.0,,55.0,993,16,3,2
167474,Mahou Touki Lilustear,2023-10-27,4.0,20.0,48.0,868,29,4,2
167473,Mihitsu no Koi,2023-10-27,2.0,25.0,60.0,1083,56,4,2
137310,Digimon Adventure 02 THE BEGINNING,2023-10-27,1.0,80.0,67.0,5398,74,1,2
170511,Sumikko Gurashi: Sorairo no Mainichi,2023-10-26,5.0,5.0,,165,3,7,2
99088,PLUTO,2023-10-26,8.0,60.0,84.0,103767,3749,3,2
170661,Temple Specials,2023-10-25,2.0,12.0,64.0,5933,63,5,2
170535,Meitantei Pikachu: Kareinaru Morning Routine,2023-10-25,1.0,7.0,57.0,804,5,3,2
170534,Zero Talking,2023-10-25,1.0,4.0,58.0,247,4,2,2
170512,Midnight Mission,2023-10-25,1.0,4.0,67.0,493,12,2,2
166532,THE iDOLM@STER Cinderella Girls: U149 OVA,2023-10-25,1.0,26.0,71.0,1991,15,4,2
155314,Shaonian Ge Xing: Haiwai Xianshan Pian,2023-10-25,26.0,20.0,,227,8,3,2
170508,Maomao no Hitorigoto,2023-10-23,24.0,2.0,66.0,4080,73,3,2
170498,Ashen,2023-10-22,1.0,2.0,62.0,519,10,2,2
161645,Kusuriya no Hitorigoto,2023-10-22,24.0,23.0,88.0,319705,26769,6,2
160514,DOG SIGNAL,2023-10-22,20.0,25.0,63.0,3106,27,6,2
156113,Zhengjing Shao Zhu De Xingfu Shenghuo,2023-10-22,12.0,7.0,53.0,501,9,3,2
170509,Tokyo Great Bears Opening Movie,2023-10-21,1.0,1.0,50.0,193,1,5,2
183487,Pocket no Monster,2023-10-20,1.0,4.0,62.0,309,3,2,2
174708,Tai Yi Jian Xian Zhuan,2023-10-20,20.0,20.0,,267,5,3,2
169402,Boku no Hero Academia: Yuuei Heroes Battle,2023-10-20,1.0,23.0,68.0,14074,151,4,2
164226,Hokkyoku Hyakkaten no Concierge-san,2023-10-20,1.0,70.0,74.0,7604,100,1,2
162989,Mask Danshi wa Koishitakunai no ni,2023-10-20,1.0,23.0,65.0,6642,115,4,2
170546,Gekkouyoku,2023-10-19,1.0,4.0,56.0,320,5,2,2
127976,Tian Guan Ci Fu 2,2023-10-18,12.0,24.0,86.0,24815,1311,3,2
176858,"Tearmoon Teikoku Monogatari: Dantoudai kara Hajimaru, Hime no Tensei Gyakuten Story Mini Anime",2023-10-13,12.0,3.0,,255,2,3,2
170112,Shokutaku,2023-10-13,1.0,3.0,,120,0,2,2
159886,Ooyukiumi no Kaina: Hoshi no Kenja,2023-10-13,1.0,100.0,68.0,4839,59,1,2
167820,Good Night World,2023-10-12,12.0,24.0,69.0,27515,377,3,2
162670,Dr. STONE: NEW WORLD Part 2,2023-10-12,11.0,24.0,83.0,137440,2740,6,2
170068,Sousou no Frieren: ●● no Mahou,2023-10-11,12.0,1.0,73.0,10747,111,3,2
159074,Houkago Shounen Hanako-kun,2023-10-11,4.0,10.0,71.0,26575,389,7,2
162803,Dead Mount Death Play Part 2,2023-10-10,12.0,24.0,74.0,47626,676,6,2
170059,mumei,2023-10-09,1.0,4.0,69.0,559,17,2,2
162209,Kawagoe Boys Sing,2023-10-09,12.0,24.0,49.0,2796,19,6,2
155419,Hoshikuzu Telepath,2023-10-09,12.0,24.0,70.0,25856,451,6,2
129229,Sanshiliu Ji,2023-10-09,13.0,,,221,4,3,2
168992,Ochibi-san,2023-10-08,24.0,5.0,56.0,598,6,7,2
166896,Bokura no Ameiro Protocol,2023-10-08,12.0,23.0,57.0,17541,214,6,2
163142,Kikansha no Mahou wa Tokubetsu desu,2023-10-08,12.0,24.0,69.0,68044,1370,6,2
162694,Kimi no Koto ga Dai Dai Dai Dai Daisuki na 100-nin no Kanojo,2023-10-08,12.0,24.0,76.0,131132,4215,6,2
161992,Potion-danomi de Ikinobimasu!,2023-10-08,12.0,24.0,64.0,21984,319,6,2
154384,"Tearmoon Teikoku Monogatari: Dantoudai kara Hajimaru, Hime no Tensei Gyakuten Story",2023-10-08,12.0,24.0,71.0,35470,675,6,2
148862,Nanatsu no Taizai: Mokushiroku no Yonkishi,2023-10-08,24.0,24.0,72.0,32988,588,6,2
142599,Buta no Liver wa Kanetsu Shiro,2023-10-08,12.0,24.0,57.0,18075,219,6,2
120755,The IDOLM@STER Million Live!,2023-10-08,12.0,24.0,68.0,5794,96,6,2
183472,Nui Story,2023-10-07,50.0,2.0,,49,0,3,2
179872,Oshiri Tantei 7 Part 2,2023-10-07,7.0,20.0,,83,0,6,2
169227,Matsuinu,2023-10-07,12.0,3.0,46.0,387,2,7,2
165070,Atarashii Joushi wa Dotennen,2023-10-07,12.0,24.0,78.0,24376,809,6,2
163140,Hypnosis Mic -Division Rap Battle- Rhyme Anima+,2023-10-07,13.0,24.0,67.0,5279,101,6,2
162720,Kibou no Chikara: Otona Precure '23,2023-10-07,12.0,25.0,63.0,4325,61,6,2
160900,Hametsu no Oukoku,2023-10-07,12.0,24.0,61.0,82274,1508,6,2
159808,Hikikomari Kyuuketsuki no Monmon,2023-10-07,12.0,24.0,70.0,53326,1018,6,2
158927,SPY×FAMILY Season 2,2023-10-07,12.0,24.0,80.0,235682,4326,6,2
158895,Arknights: Touin Kiro,2023-10-07,8.0,24.0,75.0,22572,532,6,2
154692,Kanojo mo Kanojo Season 2,2023-10-07,12.0,24.0,69.0,45248,724,6,2
154116,Undead Unluck,2023-10-07,24.0,24.0,76.0,130660,3022,6,2
145000,Zenryoku Usagi (2023),2023-10-07,12.0,4.0,,143,0,7,2
143085,Saihate no Paladin: Tetsusabi no Yama no Ou,2023-10-07,12.0,24.0,73.0,48698,724,6,2
183475,Yankee Hamster Season 4,2023-10-06,50.0,2.0,,58,0,3,2
174709,Quan Zhi Ming,2023-10-06,11.0,4.0,,140,0,3,2
170496,Bokura no Ameiro Protocol Mini Anime,2023-10-06,13.0,3.0,47.0,285,8,3,2
168131,Wanmei Shijie 4,2023-10-06,52.0,,73.0,847,65,3,2
166459,Tsuma ni Damatte Sokubaikai ni Ikun ja Nakatta,2023-10-06,2.0,16.0,69.0,2804,182,4,2
165159,BEYBLADE X,2023-10-06,,22.0,64.0,4557,141,6,4
163204,GUNDAM BUILD METAVERSE,2023-10-06,3.0,24.0,53.0,2455,36,3,2
154459,"Keikenzumi na Kimi to, Keiken Zero na Ore ga, Otsukiai suru Hanashi.",2023-10-06,12.0,24.0,67.0,85431,1661,6,2
138788,Under Ninja,2023-10-06,12.0,24.0,66.0,26185,392,6,2
132420,Girls und Panzer: Saishuushou 4,2023-10-06,1.0,54.0,82.0,10083,220,1,2
129188,Goblin Slayer II,2023-10-06,12.0,24.0,71.0,118221,1798,6,2
127163,Rail Romanesque 2,2023-10-06,13.0,3.0,51.0,2894,31,7,2
111322,Tate no Yuusha no Nariagari Season 3,2023-10-06,12.0,24.0,70.0,148361,2286,6,2
169966,I.CINNAMOROLL Animation,2023-10-05,,3.0,55.0,609,19,3,4
169929,Kage-Jitsu! 2nd,2023-10-05,12.0,2.0,70.0,4979,61,7,2
166523,Kizuna no Allele Season 2,2023-10-05,12.0,24.0,51.0,2073,18,6,2
166452,Mahoutsukai no Yome SEASON 2 Part 2,2023-10-05,12.0,24.0,79.0,36419,729,6,2
164312,Yuzuki-san Chi no Yon Kyoudai.,2023-10-05,12.0,24.0,77.0,23675,582,6,2
163364,Bikkurimen,2023-10-05,12.0,24.0,45.0,1103,7,6,2
162984,Kamierabi GOD.app,2023-10-05,12.0,23.0,53.0,11115,100,6,2
159559,16bit Sensation: ANOTHER LAYER,2023-10-05,13.0,24.0,68.0,26318,391,6,2
156632,Uma Musume: Pretty Derby Season 3,2023-10-05,13.0,24.0,78.0,29972,804,6,2
170041,Shinobanai! Crypto Ninja Sakuya,2023-10-04,13.0,5.0,,205,1,7,2
163329,Tokyo Revengers: Tenjiku-hen,2023-10-04,13.0,24.0,77.0,84662,1882,6,2
161964,Kage no Jitsuryokusha ni Naritakute! 2nd season,2023-10-04,12.0,24.0,82.0,192924,6660,6,2
157399,Bullbuster,2023-10-04,12.0,24.0,57.0,5388,42,6,2
154214,"Konyaku Haki sareta Reijou wo Hirotta Ore ga, Ikenai Koto wo Oshiekomu",2023-10-04,12.0,24.0,69.0,47464,879,6,2
166219,Tunshi Xingkong 4,2023-10-03,175.0,21.0,80.0,1884,168,3,4
161364,Toaru Ossan no VRMMO Katsudouki,2023-10-03,12.0,24.0,62.0,36928,629,6,2
158704,Watashi no Oshi wa Akuyaku Reijou.,2023-10-03,12.0,24.0,73.0,66779,2135,6,2
155389,SHY,2023-10-03,12.0,24.0,66.0,35443,436,6,2
150077,Paradox Live THE ANIMATION,2023-10-03,12.0,24.0,66.0,15465,312,6,2
146206,Seijo no Maryoku wa Bannou desu Season 2,2023-10-03,12.0,24.0,74.0,36233,643,6,2
169728,Secret Mission: Sennyuu Sousakan wa Zettai ni Makenai!,2023-10-02,8.0,7.0,62.0,2016,99,3,2
158926,Kamonohashi Ron no Kindan Suiri,2023-10-02,13.0,25.0,74.0,58017,1115,6,2
156039,Boushoku no Berserk,2023-10-02,12.0,24.0,67.0,99197,2062,6,2
143327,MF Ghost,2023-10-02,12.0,24.0,74.0,34361,864,6,2
142666,Migi to Dali,2023-10-02,13.0,24.0,75.0,34694,968,6,2
126316,B-PROJECT: Netsuretsu*Love Call,2023-10-02,12.0,24.0,57.0,1904,29,6,2
170507,Overtake! Extra,2023-10-01,12.0,2.0,,309,1,3,2
169773,Hanaarashi,2023-10-01,1.0,4.0,70.0,654,14,2,2
163024,Captain Tsubasa: Season 2 - Junior Youth-hen,2023-10-01,39.0,22.0,73.0,5130,124,6,2
160515,Overtake!,2023-10-01,12.0,25.0,74.0,28226,483,6,2
156075,Aoshi Jiu Chong Tian,2023-10-01,12.0,25.0,61.0,494,20,3,2
154454,Dekoboko Majo no Oyako Jijou,2023-10-01,12.0,24.0,65.0,23482,470,3,2
151970,Shangri-La Frontier,2023-10-01,25.0,26.0,80.0,185454,6527,6,2
146493,Ragna Crimson,2023-10-01,24.0,24.0,74.0,112447,2759,6,2
146473,FLCL: Shoegaze,2023-10-01,3.0,23.0,59.0,9813,84,6,2
170505,Journey to Bloom,2023-09-30,5.0,5.0,70.0,2694,73,3,2
169751,NEO,2023-09-30,1.0,3.0,71.0,859,27,2,2
158791,Megumi no Daigo: Kyuukoku no Orange,2023-09-30,23.0,24.0,64.0,11974,269,6,2
153479,Wang Zhe Da Shixiong,2023-09-30,16.0,20.0,57.0,362,4,3,2
169811,Yuusha,2023-09-29,1.0,3.0,79.0,5122,94,2,2
166493,Night Tail,2023-09-29,2.0,16.0,53.0,985,25,4,2
164298,Tanetsuke Oji-san to Papakko JD Saimin Seikatsu The Animation,2023-09-29,1.0,20.0,57.0,1632,73,4,2
155527,Ojou to Banken-kun,2023-09-29,13.0,24.0,52.0,29620,477,6,2
154587,Sousou no Frieren,2023-09-29,28.0,24.0,91.0,473189,55435,6,2
137684,Gei Wo Lai Ge Xiao Heshang,2023-09-29,26.0,4.0,,57,0,3,2
137666,Emo Faze,2023-09-29,24.0,19.0,66.0,914,39,3,2
173244,ELEMON,2023-09-28,30.0,12.0,,92,1,3,2
170658,Waluolan Xiao Zhen,2023-09-28,12.0,4.0,54.0,196,3,3,2
170561,Dubu Wangu,2023-09-28,40.0,11.0,62.0,530,9,3,2
169750,Shangri-La Frontier Mini Anime,2023-09-28,9.0,2.0,61.0,1973,19,3,2
166410,Wan Jie Zhizun 2,2023-09-28,180.0,7.0,,197,6,3,2
156184,Boukensha ni Naritai to Miyako ni Deteitta Musume ga S Rank ni Natteta,2023-09-28,13.0,24.0,66.0,36019,488,6,2
174712,Xiaolü He Xiaolan 3,2023-09-27,12.0,6.0,,194,1,3,2
170114,salvia,2023-09-27,1.0,4.0,55.0,154,4,2,2
169749,Mattari Kaisetsu: Boushoku no Berserk,2023-09-27,6.0,3.0,51.0,739,5,3,2
134090,You Yao 2,2023-09-27,24.0,24.0,55.0,429,12,3,2
140501,Seiken Gakuin no Maken Tsukai,2023-09-26,12.0,24.0,61.0,62555,1117,3,2
137674,Xiuluo Wu Shen,2023-09-26,16.0,,66.0,843,43,3,2
170660,Chickip Dancers 3rd Season,2023-09-25,,5.0,,103,0,7,4
137653,Xian Ni,2023-09-25,180.0,23.0,82.0,6038,411,3,4
174707,Xianwu Zhuan 2,2023-09-24,52.0,18.0,65.0,606,24,3,2
134095,Nitian Xie Shen (2023),2023-09-23,30.0,20.0,69.0,1079,54,3,2
180520,Seakomdalkom Catch! Tiniping,2023-09-22,26.0,11.0,,115,0,7,2
169519,Atelier,2023-09-22,1.0,4.0,59.0,440,3,2,2
146638,Kengan Ashura Season 2,2023-09-21,12.0,25.0,76.0,17412,281,3,2
205284,Mijime na Kiseki,2023-09-20,1.0,8.0,,58,2,1,2
169514,Lapis no Oningyou,2023-09-20,1.0,3.0,,156,3,2,2
169451,Ghost Dive,2023-09-20,1.0,1.0,61.0,560,4,2,2
169442,Odekake Kozame × GAMERA: Rebirth,2023-09-20,1.0,2.0,62.0,682,0,3,2
169748,"Kanojo, Okarishimasu 3rd Season Petit",2023-09-19,12.0,2.0,50.0,1041,9,3,2
169518,Yume to Shiriseba,2023-09-19,1.0,3.0,,116,0,2,2
192977,Utaimashou Narashimashou,2023-09-18,1.0,3.0,58.0,268,2,2,2
175944,Andersen,2023-09-15,1.0,5.0,,84,0,2,2
169319,15th Anniversary Short Animation: Battle Spirits Shounen Toppa Bashin x Saikyou Ginga Ultimate Zero Battle Spirits,2023-09-15,1.0,5.0,,118,3,3,2
159429,Precure All Stars F,2023-09-15,1.0,73.0,80.0,2843,123,1,2
136149,Alice to Therese no Maboroshi Koujou,2023-09-15,1.0,111.0,72.0,54319,736,1,2
157957,Hi no Tori: Eden no Sora,2023-09-13,4.0,22.0,65.0,3419,18,3,2
170657,Jinyi Shen Jiag,2023-09-11,13.0,20.0,,175,5,3,2
213699,Ruguo Lishi Shi Yi Qun Miao 10,2023-09-10,12.0,9.0,,18,1,3,2
170656,Honghuang Ling Zun,2023-09-10,60.0,8.0,,168,1,3,2
169450,Telescope,2023-09-10,1.0,5.0,53.0,136,2,2,2
169085,Shukusei!! Loli Kami Requiem ☆,2023-09-10,1.0,5.0,76.0,2024,63,2,2
146472,FLCL: Grunge,2023-09-10,3.0,24.0,44.0,12385,85,6,2
169526,"Kanojo, Okarishimasu 3rd Season Collab Mini Animation",2023-09-09,2.0,2.0,47.0,631,7,3,2
147189,City Hunter: Angel Dust,2023-09-08,1.0,93.0,68.0,2871,39,1,2
169001,Yoru wo Matsu yo,2023-09-07,1.0,4.0,61.0,217,8,2,2
160831,GAMERA: Rebirth,2023-09-07,6.0,45.0,61.0,2174,47,3,2
168962,Yoru wa Neko to Issho × GAMERA: Rebirth,2023-09-06,1.0,1.0,63.0,894,5,3,2
168092,Houkago no Breath,2023-09-06,4.0,11.0,70.0,5379,38,3,2
176857,Eldraine no Mori: Twin Fates,2023-09-05,1.0,3.0,55.0,320,3,3,2
163327,Go-toubun no Hanayome∽,2023-09-02,2.0,24.0,79.0,46120,1126,5,2
177166,Bakugan,2023-09-01,26.0,23.0,53.0,443,11,3,2
166609,Junjou Decamelon,2023-09-01,2.0,19.0,54.0,967,39,4,2
165321,Tsundero Series,2023-09-01,6.0,16.0,69.0,3036,186,4,2
171659,Rainbow Bubblegem,2023-08-30,26.0,11.0,,154,5,7,2
169448,Blue Planet,2023-08-30,1.0,4.0,58.0,305,5,2,2
169372,Benghuai: Xingqiong Tiedao - Xuanhuang,2023-08-29,1.0,6.0,75.0,1768,38,3,2
193467,Dinoster: Gongnyongsuhodae,2023-08-28,26.0,12.0,,34,0,7,2
177147,Bborongbborong Bbororo 8,2023-08-28,25.0,11.0,,46,0,7,2
168609,Kororon,2023-08-27,1.0,4.0,77.0,1455,56,2,2
166588,Wu Ying Sanqian Dao 2,2023-08-26,50.0,12.0,58.0,306,9,3,2
169793,Soirée,2023-08-25,1.0,4.0,65.0,389,3,2,2
168999,Watashi no Oshi wa Akuyaku Reijou.: Rae to Claire ni Ichimon Ittou,2023-08-25,6.0,2.0,57.0,966,8,3,2
165599,Kono Koi ni Kizuite THE ANIMATION,2023-08-25,1.0,30.0,74.0,4011,233,4,2
165444,SLEEPLESS Nocturne The Animation,2023-08-25,2.0,20.0,53.0,1466,50,4,2
170012,Yakan Hikou,2023-08-23,1.0,4.0,,90,0,2,2
137665,Mo Zhuang Chuanshuo,2023-08-21,31.0,10.0,,236,6,3,2
168511,Yoake no Mellow,2023-08-20,1.0,3.0,57.0,307,1,2,2
158896,SAND LAND,2023-08-18,1.0,105.0,68.0,4941,46,1,2
170497,Nandemo Bakukai! Koyori-chan,2023-08-17,,1.0,,213,2,3,4
169447,Hiten,2023-08-17,1.0,3.0,63.0,499,14,2,2
141892,Yi Kong Zhan Ge,2023-08-17,15.0,20.0,,301,3,3,2
168343,Hi-Fi Roman,2023-08-16,1.0,3.0,53.0,213,1,2,2
195965,Xing Qia Meng Shao Nu 2: Menghuan Jingling,2023-08-12,26.0,8.0,,27,0,3,2
206158,Balala Xiao Mo Xian: Xing Yuan Die Qi 1,2023-08-11,26.0,13.0,,40,1,3,2
176579,Damedayo,2023-08-11,1.0,4.0,,141,1,5,2
169908,GUSH 20th Anniversary special project: GUSH x Yamashita RIRI,2023-08-11,1.0,1.0,53.0,302,6,5,2
168210,Boukenroku,2023-08-11,1.0,4.0,61.0,337,2,2,2
135584,Mignon,2023-08-11,12.0,5.0,78.0,9278,388,3,2
161647,Kyoukai Senki: Kyokkou no Souki,2023-08-10,6.0,10.0,52.0,1909,21,3,2
162291,Nanatsu no Taizai: Ensa no Edinburgh - Kouhen,2023-08-08,1.0,54.0,65.0,9137,114,3,2
185642,Nanashi Kaidan 2nd Season,2023-08-07,5.0,6.0,,257,0,3,2
169771,Geats Extra: Geats Anime - Another Grand Prix,2023-08-06,8.0,8.0,,90,2,3,2
168973,"Kanojo, Okarishimasu × Temple Collab Mini Anime",2023-08-05,4.0,2.0,51.0,1314,11,3,2
167990,Celia-sensei no Wakuwaku Magical Kyoushitsu season2,2023-08-04,12.0,2.0,51.0,625,2,3,2
158595,Shin Jigen! Crayon Shin-chan THE MOVIE: Chounouryoku Daikessen - Tobe Tobe Temakizushi,2023-08-04,1.0,93.0,64.0,1158,13,1,2
150429,Tokubetsu-hen Hibike! Euphonium: Ensemble Contest,2023-08-04,1.0,58.0,78.0,19325,225,4,2
169774,I like u,2023-08-03,1.0,3.0,51.0,178,0,2,2
153493,Xi Xing Ji: Nian Fan,2023-08-02,64.0,21.0,,270,11,3,2
133772,Shaonian Ge Xing: Anhe Zhuan,2023-08-02,12.0,20.0,57.0,586,20,3,2
182151,Kappa wa Shitteiru,2023-08-01,1.0,2.0,,38,0,2,2
181472,Chessboard,2023-08-01,1.0,4.0,,52,0,2,2
167928,HYPERSONIC music club,2023-08-01,1.0,7.0,51.0,243,1,3,2
165426,Odekake Kozame,2023-08-01,60.0,2.0,70.0,2653,87,3,2
205794,BREACH,2023-07-31,1.0,1.0,,126,3,5,2
204545,Heart Cocktail Colorful: Natsu-hen,2023-07-31,5.0,5.0,,69,1,7,2
159926,BASTARD!!: Ankoku no Hakaishin - Jigoku no Chinkonka-hen,2023-07-31,15.0,24.0,69.0,9550,156,3,2
180744,Fate/Grand Order: Memorial Movie 2023,2023-07-30,1.0,4.0,82.0,1790,81,5,2
171403,Fanren Xiu Xian Zhuan: Xinghai Feichi Prologue,2023-07-30,4.0,23.0,70.0,665,8,3,2
167743,Bishoujyo Muzai♡Pirates,2023-07-30,1.0,4.0,73.0,1292,24,2,2
155321,Gaishi Dizun,2023-07-30,52.0,11.0,57.0,380,11,3,2
167646,Naniiro,2023-07-29,1.0,5.0,,118,0,2,2
156080,Zhen Hun Jie 3,2023-07-29,16.0,20.0,62.0,1062,21,3,2
164297,Tanetsuke Oji-san to NTR Hitozuma Sex,2023-07-28,1.0,20.0,63.0,2092,117,4,2
164292,Oku-sama no Kaifuku Jutsu The Animation,2023-07-28,1.0,30.0,63.0,1488,77,4,2
164240,Kunoichi Ryoujokuden Ajisai,2023-07-28,,20.0,53.0,1128,52,4,4
164239,so_low,2023-07-28,,25.0,56.0,1048,41,4,4
158908,ChroNoiR Episode.0,2023-07-28,1.0,9.0,66.0,2188,47,3,2
156623,Shi Wang Zhe A? 2,2023-07-27,13.0,,,121,1,3,2
154525,OVA Azur Lane: Queen's Orders,2023-07-27,2.0,24.0,65.0,3850,48,4,2
167647,Tokosiesta,2023-07-26,1.0,3.0,60.0,288,0,2,2
166369,Bear Bear Bear Kuma Punch!! Daiundoukai-hen,2023-07-26,3.0,1.0,61.0,1993,31,5,2
146646,Hanma Baki Season 2,2023-07-26,27.0,24.0,79.0,42125,897,3,2
122585,Wu Shan Wu Xing: Xi Chuan Huan Zi Lin,2023-07-26,4.0,35.0,81.0,7618,223,3,2
168496,six feet under,2023-07-25,1.0,4.0,53.0,240,1,2,2
167418,Kimi ni Aeta!,2023-07-23,1.0,1.0,63.0,759,2,5,2
163544,Re:STARS: Mirai e Tsunagu 2-tsu no Kiraboshi,2023-07-21,1.0,115.0,,574,9,1,2
135178,Osomatsu-san: Tamashii no Takoyaki Party to Densetsu no Otomari-kai,2023-07-21,1.0,59.0,64.0,1127,11,1,2
204324,MARO17 Animation CM,2023-07-20,3.0,2.0,,131,5,5,2
166323,Long Shidai,2023-07-20,26.0,10.0,,99,3,3,2
141857,Diyi Xulie,2023-07-19,16.0,15.0,67.0,854,35,3,2
156096,Si Ge Yongzhe,2023-07-17,10.0,7.0,62.0,14453,310,3,2
168163,Dou Po Cangqiong: Nian Fan 2,2023-07-16,53.0,24.0,80.0,1229,94,3,2
166445,Feng Huo Zhan Ji,2023-07-16,16.0,19.0,,127,0,3,2
167147,SKYSONAR,2023-07-15,1.0,5.0,62.0,475,6,2,2
166409,Shen Lan Qi Yu Wushuang Zhu: Tianmo Pian,2023-07-15,15.0,,63.0,313,18,3,2
214896,Sinbi Apateu Teukbyeolpan: Joseontoemasillok,2023-07-14,4.0,30.0,,15,1,3,2
165439,Mahou Shoujo Noble Rose THE ANIMATION,2023-07-14,,17.0,53.0,673,33,4,4
136484,Shiguang Dailiren II,2023-07-14,12.0,24.0,86.0,69074,3297,3,2
109979,Kimitachi wa Dou Ikiru ka,2023-07-14,1.0,124.0,77.0,66053,1625,1,2
167470,Kyuuseishu,2023-07-13,1.0,3.0,63.0,491,7,2,2
163542,Spy Kyoushitsu 2nd season,2023-07-13,12.0,24.0,70.0,19338,268,6,2
156101,Guaishou Xiao Guan,2023-07-13,12.0,4.0,,277,3,3,2
155168,Hataraku Maou-sama!! 2nd Season,2023-07-13,12.0,24.0,66.0,59190,591,6,2
150972,Shiro Seijo to Kuro Bokushi,2023-07-13,12.0,24.0,73.0,40258,1000,6,2
166104,Tonikaku Kawaii: Joshikou-hen,2023-07-12,4.0,24.0,78.0,30705,620,3,2
165356,Shuumatsu no Valkyrie II Part 2,2023-07-12,5.0,24.0,76.0,40729,707,3,2
163263,Bungou Stray Dogs 5th Season,2023-07-12,11.0,24.0,85.0,80182,2798,6,2
156105,Xiaolü He Xiaolan 2: Mowang Pian,2023-07-12,12.0,6.0,56.0,417,11,3,2
145140,Helck,2023-07-12,24.0,23.0,71.0,45617,864,6,2
174649,Jiu Chen Fengyun Lu,2023-07-11,40.0,10.0,53.0,233,8,3,2
169363,SYNDUALITY: Kagaku Kouza,2023-07-11,12.0,2.0,48.0,255,2,3,2
154643,SYNDUALITY Noir,2023-07-11,12.0,24.0,67.0,22669,366,6,2
166829,Yami Shibai 11,2023-07-10,13.0,4.0,54.0,2494,30,7,2
155302,Zhen Yang Wushen,2023-07-10,14.0,,56.0,357,14,3,2
152802,Dark Gathering,2023-07-10,25.0,24.0,75.0,68204,1736,6,2
169373,Higeki no Genkyou to Naru Saikyou Gedou Last Boss Joou wa Tami no Tame ni Tsukushimasu. mini,2023-07-09,12.0,2.0,53.0,658,12,3,2
160447,Temple,2023-07-09,12.0,24.0,65.0,45832,760,6,2
159831,Zom 100: Zombie ni Naru Made ni Shitai 100 no Koto,2023-07-09,12.0,24.0,76.0,238675,5696,6,2
139606,Eiyuu Kyoushitsu,2023-07-09,12.0,24.0,59.0,55046,860,6,2
139435,Shinigami Bocchan to Kuro Maid 2nd Season,2023-07-09,12.0,24.0,76.0,32169,579,6,2
175646,Chang'An,2023-07-08,1.0,168.0,,159,5,1,2
169512,Uchi no Kaisha no Chiisai Senpai no Hanashi Mini Anime,2023-07-08,12.0,2.0,54.0,630,12,3,2
169364,Ikimono-san,2023-07-08,12.0,2.0,53.0,263,0,7,2
169322,Kimberly Mahou Gakkou Tsuushin,2023-07-08,15.0,3.0,,282,3,3,2
163136,Shadowverse Flame: Seven Shadows-hen,2023-07-08,25.0,24.0,64.0,1509,32,6,2
159322,BLEACH: Sennen Kessen-hen - Ketsubetsu-tan,2023-07-08,13.0,24.0,86.0,140476,5287,6,2
158530,AI no Idenshi,2023-07-08,12.0,24.0,63.0,18307,175,6,2
156099,Yong Sheng: Shi Nian Zhi Yue,2023-07-08,12.0,20.0,68.0,719,31,3,2
154745,"Kanojo, Okarishimasu 3rd Season",2023-07-08,12.0,24.0,67.0,73259,1071,6,2
150970,Cardfight!! Vanguard: will+Dress Season 3,2023-07-08,13.0,24.0,62.0,1728,23,6,2
149883,Dekiru Neko wa Kyou mo Yuuutsu,2023-07-08,13.0,23.0,75.0,40569,980,6,2
148465,Level 1 dakedo Unique Skill de Saikyou desu,2023-07-08,12.0,24.0,61.0,55912,782,6,2
142598,Nanatsu no Maken ga Shihai Suru,2023-07-08,15.0,24.0,64.0,71615,1094,6,2
131863,Liar Liar,2023-07-08,12.0,24.0,61.0,66380,888,6,2
167145,Uchuu Sanpo,2023-07-07,1.0,3.0,53.0,210,0,2,2
163294,Sukebe Elf Tanbouki,2023-07-07,2.0,16.0,72.0,3304,184,4,2
163079,Sugar Apple Fairy Tale Part 2,2023-07-07,12.0,23.0,76.0,26107,574,6,2
161680,1LDK+JK Ikinari Doukyo? Micchaku!? Hatsu Ecchi!!?,2023-07-07,,16.0,66.0,2024,114,4,4
161441,Biohazard: Death Island,2023-07-07,1.0,91.0,64.0,4332,71,1,2
156040,Higeki no Genkyou to Naru Saikyou Gedou Last Boss Joou wa Tami no Tame ni Tsukushimasu.,2023-07-07,12.0,24.0,69.0,48588,919,6,2
155971,Hyakushou Kizoku,2023-07-07,12.0,4.0,64.0,2436,22,7,2
155418,"Seija Musou: Salaryman, Isekai de Ikinokoru Tame ni Ayumu Michi",2023-07-07,12.0,24.0,70.0,52850,1011,3,2
142877,Rurouni Kenshin: Meiji Kenkaku Romantan (2023),2023-07-07,24.0,23.0,74.0,60715,1285,6,2
204619,Koikeya SDGs Gekijou Suss to Tina Season 4,2023-07-06,13.0,3.0,,20,1,7,2
196246,Xi Yangyang Yu Hui Tailang: Aoyou Shenmi Yang,2023-07-06,60.0,15.0,,23,1,7,2
170220,Sylvanian Families: Freya no Go for Dream!,2023-07-06,13.0,11.0,,100,0,7,2
162983,Undead Girl Murder Farce,2023-07-06,13.0,23.0,78.0,65103,1656,6,2
145064,Jujutsu Kaisen 2nd Season,2023-07-06,23.0,24.0,86.0,485881,22753,6,2
158830,Wan Sheng Jie 4,2023-07-05,12.0,5.0,77.0,2997,52,3,2
153360,Jidou Hanbaiki ni Umarekawatta Ore wa Meikyuu wo Samayou,2023-07-05,12.0,24.0,62.0,69697,831,6,2
147103,Watashi no Shiawase na Kekkon,2023-07-05,12.0,24.0,76.0,141534,3970,6,2
163205,Mononogatari 2nd Season,2023-07-04,12.0,24.0,72.0,12700,224,6,2
160188,Suki na Ko ga Megane wo Wasureta,2023-07-04,13.0,24.0,69.0,88373,1787,6,2
157397,Yumemiru Danshi wa Genjitsushugisha,2023-07-04,12.0,24.0,65.0,86794,1749,6,2
153339,Okashi na Tensei,2023-07-04,12.0,24.0,66.0,39155,619,3,2
141914,Wu Nao Monü,2023-07-04,15.0,8.0,61.0,3542,43,3,2
137676,Duo Xuan Shi,2023-07-04,16.0,,57.0,331,14,3,2
169375,Bousei no Volicia,2023-07-03,1.0,32.0,56.0,1722,14,1,2
168253,Fuufu Koukan: Modorenai Yoru,2023-07-03,8.0,6.0,59.0,1559,79,3,2
146953,Masamune-kun no Revenge R,2023-07-03,12.0,24.0,72.0,85566,1441,6,2
146836,Lv1 Maou to One Room Yuusha,2023-07-03,12.0,24.0,69.0,32478,542,6,2
146065,Mushoku Tensei II: Isekai Ittara Honki Dasu,2023-07-03,13.0,24.0,81.0,259300,7927,6,2
166974,Golden Ray,2023-07-02,1.0,4.0,63.0,508,5,2,2
166510,"Ququ Bucai, Zaixia Ye Guai 2",2023-07-02,16.0,15.0,64.0,1586,25,3,2
162893,Ryza no Atelier: Tokoyami no Joou to Himitsu no Kakurega,2023-07-02,12.0,24.0,62.0,31698,393,6,2
155982,AYAKA,2023-07-02,12.0,24.0,61.0,20001,252,6,2
155730,Uchi no Kaisha no Chiisai Senpai no Hanashi,2023-07-02,12.0,23.0,67.0,52291,820,6,2
154966,Fate/strange Fake: Whispers of Dawn,2023-07-02,1.0,55.0,81.0,52385,916,5,2
154391,"Jitsu wa Ore, Saikyou Deshita?",2023-07-02,12.0,23.0,63.0,82501,1470,6,2
141868,Feng Ling Yu Xiu 2,2023-07-02,12.0,24.0,65.0,942,19,3,2
169827,Wakarebana,2023-07-01,1.0,5.0,,121,1,2,2
166614,Seishun Archive,2023-07-01,1.0,3.0,69.0,801,14,2,2
163132,Horimiya: piece,2023-07-01,13.0,24.0,81.0,162489,4566,6,2
154789,Youjo Shachou R,2023-07-01,13.0,4.0,52.0,697,2,3,2
153478,Shi Fang Jian Sheng,2023-07-01,18.0,14.0,55.0,309,11,3,2
186715,Shiori (2023),2023-06-30,1.0,4.0,66.0,443,7,2,2
175152,Sore Ike! Anpanman: Roboly to Pokapoka Present,2023-06-30,1.0,64.0,,82,0,1,2
166989,HERO (Music),2023-06-30,1.0,4.0,57.0,421,5,2,2
166492,You Shou Yan 2,2023-06-30,12.0,6.0,71.0,545,19,3,2
160850,Bishoujo Senshi Sailor Moon: Cosmos - Kouhen,2023-06-30,1.0,80.0,78.0,4592,148,1,2
134088,Da Zhuzai (2023),2023-06-30,52.0,,71.0,1564,85,3,2
177437,Gekka,2023-06-29,1.0,5.0,47.0,217,0,2,2
163571,BanG Dream! It's MyGO!!!!!,2023-06-29,13.0,24.0,82.0,21904,1848,6,2
163137,Oooku,2023-06-29,10.0,28.0,73.0,13247,217,3,2
174981,Yi Nian Yongheng: Zhizi Pian,2023-06-28,3.0,19.0,70.0,445,11,3,2
166973,Kimberly Mahou Gakkou no Yukai na Nichijou,2023-06-28,21.0,3.0,47.0,535,4,3,2
208831,Copihan Tokubetsu-hen,2023-06-27,1.0,6.0,,59,0,5,2
184814,"Kiutsu, Hakudakusu",2023-06-26,1.0,3.0,60.0,327,2,2,2
169523,Honky Tonky Night,2023-06-26,1.0,3.0,51.0,108,0,2,2
151513,Genjitsu no Yohane: SUNSHINE in the MIRROR,2023-06-25,13.0,24.0,68.0,18485,295,6,2
175136,Daiichiya,2023-06-24,1.0,4.0,,141,2,2,2
166446,Wu Xing Zhan Shen,2023-06-24,80.0,10.0,,325,13,3,2
137885,Huyao Xiao Hongniang: Wu Mu,2023-06-24,12.0,,,406,7,3,2
137683,Douluo Dalu 2: Jueshi Tangmen,2023-06-24,182.0,20.0,76.0,2934,205,3,4
169087,Ayagashima Kankou Annai,2023-06-23,16.0,2.0,,197,2,3,2
166988,Okashi na Tensei Mini Anime,2023-06-23,10.0,3.0,50.0,536,5,3,2
157654,Love Live! Nijigasaki Gakuen School Idol Doukoukai: NEXT SKY,2023-06-23,1.0,30.0,73.0,6312,75,4,2
154967,Seishun Buta Yarou wa Odekake Sister no Yume wo Minai,2023-06-23,1.0,73.0,79.0,87240,1742,1,2
155244,Cang Yuan Tu,2023-06-22,26.0,23.0,76.0,1875,101,3,2
166404,Ban Shen Zhi Jing,2023-06-21,20.0,,,145,3,3,2
166381,Genjitsu no Rimuru: SUNSHINE in the SLIME,2023-06-21,2.0,9.0,56.0,2628,23,3,2
166327,Jian Gu,2023-06-16,60.0,10.0,,158,3,3,2
131680,Black Clover: Mahou Tei no Ken,2023-06-16,1.0,113.0,80.0,98740,2282,1,2
169081,"Mitsukannai, Mitsukannai",2023-06-15,1.0,3.0,,62,1,2,2
166324,Shashou Good,2023-06-15,26.0,,,165,0,3,2
166111,Utakata Lullaby,2023-06-14,1.0,3.0,56.0,589,4,2,2
153632,Mark Your Kiss The Animation,2023-06-14,1.0,13.0,46.0,697,29,3,2
166110,Tsuki no Hana,2023-06-13,1.0,4.0,59.0,420,4,2,2
166214,Baka Bakka,2023-06-11,1.0,3.0,62.0,617,11,2,2
166213,......,2023-06-11,1.0,2.0,63.0,688,11,2,2
168997,Tokimeki Rainbow,2023-06-09,1.0,2.0,,88,0,2,2
162993,Eikyuu Shounen: Eternal Boys - NEXT STAGE,2023-06-09,1.0,69.0,53.0,723,1,1,2
148149,Bishoujo Senshi Sailor Moon: Cosmos - Zenpen,2023-06-09,1.0,80.0,77.0,6764,137,1,2
166132,Purple Rain,2023-06-06,1.0,4.0,53.0,142,0,2,2
166125,Fins,2023-06-06,1.0,5.0,63.0,458,2,2,2
169089,Hanaichi Monnme,2023-06-04,1.0,4.0,57.0,200,0,2,2
214948,Sinbi Apateu: Bugiui Balmyeongpumeul Chajara!,2023-06-03,1.0,7.0,,14,1,5,2
167247,Moffun to Issho,2023-06-02,5.0,2.0,,171,1,3,2
137726,Quanzhi Fashi 6,2023-06-02,12.0,18.0,69.0,7104,148,3,2
181474,Kimi ni,2023-06-01,1.0,2.0,,52,0,2,2
181471,Annibirthday,2023-06-01,1.0,2.0,,40,0,2,2
169823,Sayonara no Mukou ni,2023-06-01,1.0,2.0,,50,0,2,2
122508,Biaoren,2023-06-01,15.0,20.0,73.0,17611,297,3,2
184296,Terrarium Adventure,2023-05-31,3.0,7.0,,134,0,3,2
184295,Butagini Jugeojura,2023-05-31,11.0,5.0,,164,0,3,2
184293,Ityeojin Hwangnyeoneun Pyeonghwaropge Salgo Sipeo,2023-05-31,10.0,5.0,,184,1,3,2
179832,from beyond the stage,2023-05-28,1.0,4.0,,66,1,1,2
175688,Itsuwari no Kotowari,2023-05-28,1.0,3.0,66.0,749,5,2,2
175358,HOTTEST TOKYO,2023-05-28,1.0,3.0,,72,0,1,2
175289,Iseijin no Fuyu,2023-05-28,1.0,6.0,,43,0,1,2
175200,Goen to Hokori,2023-05-28,1.0,5.0,,62,0,1,2
175104,Mayu,2023-05-28,1.0,4.0,52.0,216,1,1,2
175103,Spring storm,2023-05-28,1.0,4.0,,79,1,1,2
175057,MASTER,2023-05-28,1.0,5.0,,76,0,1,2
175056,spring,2023-05-28,1.0,3.0,,65,0,1,2
169797,Hajimari no Asa,2023-05-28,1.0,6.0,,148,0,1,2
165680,Douluo Dalu: Shuang Shen Zhi Zhan,2023-05-27,3.0,30.0,79.0,1095,64,3,2
183885,Kagami no Kojou no Mae to Ato,2023-05-26,1.0,2.0,57.0,416,3,5,2
169516,Shin Shinka no Mi Gekijou: Tokubetsu-hen,2023-05-26,1.0,2.0,51.0,1003,18,5,2
165749,Tenchi Muyou! GXP: Paradise Shidou-hen,2023-05-26,6.0,30.0,55.0,1125,13,4,2
162482,Nightmare x Deathscythe: Hangyaku no Resonance,2023-05-26,2.0,30.0,50.0,892,29,4,2
161970,Fushigi no Kuni no Succubus,2023-05-26,2.0,20.0,54.0,1421,45,4,2
160735,Rakuen Shinshoku: Island of the dead,2023-05-26,2.0,20.0,62.0,1303,74,4,2
147622,Maid Kyouiku.: Botsuraku Kizoku Rurikawa Tsubaki - THE ANIMATION,2023-05-26,2.0,20.0,68.0,3239,157,4,2
134099,Shu Tian Fu Mo Lu,2023-05-26,16.0,,51.0,646,14,3,2
114606,Amrita no Kyouen,2023-05-26,1.0,48.0,48.0,4731,43,1,2
109821,Collar×Malice: deep cover,2023-05-26,2.0,55.0,51.0,5893,77,1,2
168553,Monk SEISHIN,2023-05-25,1.0,3.0,49.0,174,0,1,2
133892,Stand My Heroes: WARMTH OF MEMORIES,2023-05-24,1.0,59.0,54.0,1033,13,4,2
165285,slash,2023-05-22,1.0,4.0,66.0,1081,17,2,2
170087,IDOLiSH7: LIVE 4bit - BEYOND THE PERiOD DAY 2,2023-05-21,1.0,94.0,73.0,783,21,1,2
161440,IDOLiSH7: LIVE 4bit - BEYOND THE PERiOD DAY 1,2023-05-20,1.0,93.0,74.0,1658,33,1,2
179760,Synapusyu THE MOVIE: Pushu Hoppe Nyuu World,2023-05-19,1.0,43.0,,97,0,1,2
163138,Yakitori,2023-05-18,6.0,32.0,60.0,1838,21,3,2
164441,Mamekichi Mameko NEET no Nichijou 2,2023-05-17,39.0,2.0,,101,0,7,2
184294,Nunchi Eobsneun Dolsoe,2023-05-16,6.0,5.0,,166,3,3,2
167644,Fuhou Shinnyuu,2023-05-15,1.0,4.0,58.0,246,3,2,2
168633,"Boku wa Konya, Deteiku",2023-05-13,1.0,5.0,50.0,161,1,2,2
165679,Douluo Dalu: Wan Xian Geng Xin,2023-05-13,2.0,22.0,76.0,990,29,3,2
164875,BASTIONS,2023-05-13,5.0,14.0,40.0,181,2,3,2
165056,VINLAND SAGA SEASON 2: Same old story,2023-05-12,1.0,2.0,71.0,8935,45,3,2
153687,PSYCHO-PASS PROVIDENCE,2023-05-12,1.0,120.0,76.0,21006,252,1,2
147729,ULTRAMAN FINAL,2023-05-11,12.0,25.0,69.0,2282,36,3,2
169370,Benghuai: Xingqiong Tiedao - Fei Guang,2023-05-10,1.0,5.0,75.0,1904,29,3,2
165647,Fudanshi Shoukan: Isekai de Shinjuu ni Hameraremashita Mini Anime 5th Season,2023-05-10,3.0,2.0,47.0,249,1,3,2
165066,Shayou (Music),2023-05-10,1.0,3.0,69.0,1382,26,2,2
155322,Zhenwu Dianfeng 2,2023-05-10,52.0,9.0,62.0,520,21,3,2
168577,Hoshi wo Miru Hito,2023-05-07,1.0,5.0,,128,2,2,2
164675,Yume Juuya,2023-05-07,1.0,2.0,60.0,968,24,3,2
164538,Bear Bear Bear Kuma Punch!,2023-05-03,5.0,1.0,59.0,1315,10,3,2
137671,Zhe Tian,2023-05-03,208.0,22.0,73.0,1978,129,3,4
206352,until i die,2023-05-01,1.0,5.0,,71,1,2,2
166325,Jiu Tian Xuan Di Jue 4,2023-05-01,52.0,,,241,4,3,2
114107,Huo Feng Liao Yuan,2023-04-29,16.0,,63.0,1218,37,3,2
160701,Kokuhaku......,2023-04-28,,24.0,54.0,1082,32,4,4
128643,"Yahari Ore no Seishun Love Come wa Machigatteiru. Kan: Dakara, Shishunki wa Owarazu ni, Seishun wa Tsuzuiteiku.",2023-04-27,1.0,24.0,77.0,45860,732,4,2
213634,Genki Genki Nontan: Kirakira Shanshan Ohoshisama☆,2023-04-26,1.0,29.0,,10,1,4,2
164353,Re: searchlight,2023-04-26,1.0,5.0,56.0,237,4,2,2
164314,Seimei Ouka,2023-04-26,1.0,3.0,,157,0,2,2
143766,Choujigen Game Neptune THE ANIMATION: Hidamari no Little Purple,2023-04-26,1.0,25.0,66.0,1982,33,4,2
141884,Chang Jian Fengyun 2,2023-04-26,10.0,30.0,,122,5,3,2
156107,Nüshen You Dian Ling,2023-04-24,18.0,13.0,,339,2,3,2
166221,Qing Lian Jian Xian Zhuan,2023-04-23,54.0,10.0,,260,11,3,2
141896,Zhui Xu,2023-04-23,12.0,28.0,63.0,506,10,3,2
169912,Lee Shi Zhentan Shiwusuo: Liang Xiaoshi Jiaqi,2023-04-22,1.0,10.0,56.0,419,3,3,2
166223,Yishi Du Zun,2023-04-22,45.0,,54.0,323,5,3,2
164197,Unmei Kyoudoutai!,2023-04-22,1.0,4.0,65.0,665,7,2,2
163825,Douluo Dalu: Tang Sancheng Shen,2023-04-22,3.0,23.0,76.0,1020,33,3,2
156083,Ta Bu Dang Nüzhu Hen Duonian,2023-04-22,16.0,21.0,53.0,494,6,3,2
164193,Kien Romance,2023-04-21,1.0,4.0,70.0,746,11,2,2
164192,Planetarium,2023-04-21,1.0,4.0,68.0,704,16,2,2
166050,Iya na Kao sare nagara Opantsu Misete Moraitai ver 3.0,2023-04-20,1.0,6.0,51.0,3461,67,4,2
156111,Aishang Ta De Liyou,2023-04-20,22.0,13.0,77.0,25466,830,3,2
129246,Bu Mie Shen Wang,2023-04-20,19.0,,53.0,340,15,3,2
128715,Niehime to Kemono no Ou,2023-04-20,24.0,24.0,77.0,33917,923,6,2
156078,Pi Zhe Lang Pi De Yang,2023-04-18,16.0,16.0,,211,1,3,2
156085,"Ququ Bucai, Zaixia Ye Guai",2023-04-16,12.0,19.0,63.0,4589,77,3,2
148370,Uma Musume: Pretty Derby - ROAD TO THE TOP,2023-04-16,4.0,25.0,80.0,24063,765,3,2
161312,Tsurupeta Shugo Kishi Elfina Ochiru,2023-04-14,2.0,20.0,62.0,1657,88,4,2
158871,Pocket Monsters (2023),2023-04-14,,24.0,73.0,24114,757,6,4
156841,Meitantei Conan: Kurogane no Submarine,2023-04-14,1.0,109.0,82.0,7041,221,1,2
153452,Ousama Ranking: Yuuki no Takarabako,2023-04-14,10.0,23.0,74.0,53808,576,6,2
131251,You Shou Yan,2023-04-14,12.0,6.0,72.0,1213,49,3,2
181863,Denden no Dennou Densha,2023-04-13,12.0,5.0,,197,0,7,2
163943,Shuumatsu no Valkyrie II Mini Anime,2023-04-13,18.0,3.0,54.0,766,4,3,2
163753,Wonky Monkey,2023-04-13,1.0,3.0,58.0,810,5,2,2
156100,Shan Hai Ji Hui,2023-04-13,25.0,18.0,,215,1,3,2
171728,Untarou Tabi Monogatari,2023-04-12,12.0,5.0,,60,0,3,2
164117,Idol,2023-04-12,1.0,4.0,86.0,24802,852,2,2
163417,Majutsushi Orphen Hagure Tabi: Seiiki-hen,2023-04-12,12.0,24.0,60.0,3498,62,6,2
156854,THE MARGINAL SERVICE,2023-04-12,12.0,23.0,50.0,9116,83,6,2
150672,[Oshi no Ko],2023-04-12,11.0,24.0,84.0,326230,18716,6,2
141855,Aiyou De Mishi,2023-04-12,16.0,15.0,68.0,5677,87,3,2
168565,Mellow,2023-04-11,1.0,4.0,66.0,716,5,2,2
165525,Dianqi Shaonü,2023-04-11,12.0,8.0,55.0,566,6,3,2
157198,Dead Mount Death Play,2023-04-11,12.0,24.0,72.0,98239,1652,6,2
143653,Kimi wa Houkago Insomnia,2023-04-11,13.0,24.0,80.0,108566,3160,6,2
151847,Kanojo ga Koushaku-tei ni Itta Riyuu,2023-04-10,12.0,24.0,74.0,70872,1867,6,2
141872,Wulin Buer Zhoukan,2023-04-10,24.0,,,188,1,3,2
163621,Nero,2023-04-09,1.0,4.0,66.0,822,20,2,2
163619,Marujanai Shima no Shikaku na Pokémon!?,2023-04-09,5.0,2.0,55.0,689,0,3,2
158640,Sakuretsu! Amabie-hime. Season2,2023-04-09,12.0,4.0,,132,0,7,2
157765,World Dai Star,2023-04-09,12.0,24.0,72.0,8326,143,6,2
155158,Kidou Senshi Gundam: Suisei no Majo Season 2,2023-04-09,12.0,24.0,78.0,43684,1336,6,2
148098,Otonari ni Ginga,2023-04-09,12.0,24.0,70.0,68531,1117,6,2
147369,Ao no Orchestra,2023-04-09,24.0,24.0,70.0,26508,528,6,2
145139,Kimetsu no Yaiba: Katanakaji no Sato-hen,2023-04-09,11.0,24.0,81.0,369425,9740,6,2
140754,Isekai Shoukan wa Nidome desu,2023-04-09,12.0,24.0,55.0,66343,907,6,2
179871,Oshiri Tantei 7,2023-04-08,8.0,20.0,,86,0,6,2
169097,Mendako no Menmen,2023-04-08,10.0,1.0,,84,2,3,2
160442,Rokudou no Onna-tachi,2023-04-08,12.0,24.0,61.0,20564,315,6,2
160173,GUNMACHAN Season 2,2023-04-08,13.0,24.0,,256,0,6,2
159681,"Kyou, Watashi no Monogatari ga Hashirimasu.",2023-04-08,1.0,2.0,54.0,344,0,5,2
159452,Mao Zhi Ming 2,2023-04-08,11.0,8.0,,237,1,3,2
154412,Megami no Café Terrace,2023-04-08,12.0,23.0,71.0,57868,1265,6,2
151801,MASHLE,2023-04-08,12.0,24.0,76.0,285745,7384,6,2
151606,BIRDIE WING: Golf Girls' Story Season 2,2023-04-08,12.0,24.0,74.0,14285,245,6,2
150957,Edomae Elf,2023-04-08,12.0,25.0,70.0,27119,464,6,2
141208,Tonikaku Kawaii Season 2,2023-04-08,12.0,24.0,76.0,91961,1871,6,2
134226,Tabi Hani: Kyoto-hen,2023-04-08,1.0,13.0,53.0,1510,7,1,2
134131,Mahou Shoujo Magical Destroyers,2023-04-08,12.0,24.0,60.0,36457,395,6,2
155070,Kawaisugi Crisis,2023-04-07,12.0,24.0,65.0,16983,184,6,2
148109,Yuusha ga Shinda!,2023-04-07,12.0,24.0,63.0,58192,828,6,2
146678,Opus.COLORs,2023-04-07,12.0,24.0,48.0,3133,26,6,2
146234,Isekai One Turn Kill Nee-san: Ane Douhan no Isekai Seikatsu Hajimemashita,2023-04-07,12.0,24.0,60.0,44423,617,6,2
141865,Xiling Jiyuan,2023-04-07,16.0,18.0,58.0,1996,41,3,2
137612,Princess Principal: Crown Handler - Chapter 3,2023-04-07,1.0,60.0,77.0,7089,69,1,2
160829,Ensemble Stars!!: Tsuioku Selection - Element,2023-04-06,6.0,13.0,71.0,1808,45,3,2
154364,Mahoutsukai no Yome SEASON 2,2023-04-06,12.0,24.0,77.0,62083,1061,6,2
150075,Kono Subarashii Sekai ni Bakuen wo!,2023-04-06,12.0,24.0,74.0,122447,2039,6,2
149028,Watashi no Yuri wa Oshigoto desu!,2023-04-06,12.0,24.0,64.0,27002,360,6,2
148048,Kaminaki Sekai no Kamisama Katsudou,2023-04-06,12.0,24.0,65.0,85291,1548,6,2
146975,THE iDOLM@STER Cinderella Girls: U149,2023-04-06,12.0,24.0,76.0,9319,256,6,2
131518,Dr. STONE: NEW WORLD,2023-04-06,11.0,24.0,81.0,200264,3889,6,2
204412,Know Your Heart,2023-04-05,1.0,3.0,,46,2,2,2
163446,Circle,2023-04-05,1.0,3.0,,126,3,2,2
154876,Tokyo Mew Mew New~♡ 2nd Season,2023-04-05,12.0,24.0,65.0,6208,100,6,2
184290,4-ju Aein,2023-04-04,10.0,5.0,63.0,1275,14,3,2
166062,Beyblade Burst QuadStrike,2023-04-04,26.0,22.0,56.0,932,24,3,2
162717,YouTuNya,2023-04-04,15.0,2.0,47.0,403,4,7,2
156896,Kizuna no Allele,2023-04-04,12.0,24.0,47.0,7881,67,6,2
153845,"Isekai de Cheat Skill wo Te ni Shita Ore wa, Genjitsu Sekai wo mo Musou Suru: Level Up wa Jinsei wo Kaeta",2023-04-04,13.0,24.0,63.0,148212,3432,6,2
141911,Skip to Loafer,2023-04-04,12.0,24.0,81.0,131776,5522,6,2
182149,Boku wa Jinkou Eisei,2023-04-03,1.0,2.0,,39,0,2,2
181473,Chikyuu ga Ichimai no Ita Dattara,2023-04-03,1.0,2.0,,78,0,2,2
180802,Mori no Chiisana Restaurant,2023-04-03,1.0,2.0,,50,0,2,2
166220,Nitian Zhan Ji,2023-04-03,20.0,,,180,3,3,2
162840,Bosanimal,2023-04-03,96.0,1.0,49.0,428,6,7,2
147571,Isekai wa Smartphone to Tomo ni. 2,2023-04-03,12.0,24.0,62.0,60744,1118,6,2
144188,Alice Gear Aegis Expansion,2023-04-03,12.0,24.0,53.0,4890,61,6,2
127550,Kuma Kuma Kuma Bear Punch!,2023-04-03,12.0,24.0,72.0,30763,544,6,2
168555,Bouken Tairiku Ania Kingdom,2023-04-02,39.0,10.0,,102,6,7,2
168001,Go! Go! Vehicle Zoo,2023-04-02,26.0,3.0,,156,0,7,2
163256,Duel Masters WIN: Duel Wars,2023-04-02,49.0,24.0,,459,5,6,2
159560,Tousouchuu: The Great Mission,2023-04-02,97.0,23.0,50.0,2451,39,6,2
157295,Jijou wo Shiranai Tenkousei ga Guigui Kuru.,2023-04-02,13.0,24.0,73.0,28753,742,6,2
154965,Yamada-kun to Lv999 no Koi wo Suru,2023-04-02,13.0,24.0,77.0,203385,6447,6,2
154650,"Sazanami Soushi ni Shojo wo Sasagu: Saa, Jikkuri Medemashou ka",2023-04-02,8.0,7.0,57.0,1523,41,3,2
153332,Tensei Kizoku no Isekai Boukenroku: Jichou wo Shiranai Kamigami no Shito,2023-04-02,12.0,24.0,66.0,84044,1938,6,2
153152,Boku no Kokoro no Yabai Yatsu,2023-04-02,12.0,23.0,81.0,158988,6906,6,2
151189,My Home Hero,2023-04-02,12.0,24.0,68.0,50872,702,6,2
144932,EDENS ZERO 2nd Season,2023-04-02,25.0,23.0,73.0,29562,506,6,2
163823,Douluo Dalu: Qi Qing Kaoyan,2023-04-01,3.0,20.0,75.0,1017,27,3,2
163328,Nyochio ga Yattekuru☆Yaa☆Yaa☆Yaa☆,2023-04-01,1.0,2.0,64.0,493,10,2,2
162312,Chibi Godzilla no Gyakushuu,2023-04-01,13.0,3.0,61.0,671,10,7,2
155783,Tengoku Daimakyou,2023-04-01,13.0,24.0,81.0,211135,8107,6,2
153344,"MIX: MEISEI STORY 2ND SEASON  - Nidome no Natsu, Sora no Mukou e",2023-04-01,24.0,24.0,69.0,3077,35,6,2
151384,Kaguya-sama wa Kokurasetai: First Kiss wa Owaranai,2023-04-01,4.0,25.0,87.0,146533,4538,6,2
128893,Jigokuraku,2023-04-01,13.0,24.0,80.0,357859,11815,6,2
191981,Moshi Meta: Moshi Joshikousei ga Metaverse de Miko ni Nattara,2023-03-31,1.0,8.0,,111,0,3,2
184758,WANDER BURABURA BAKKAMU,2023-03-31,1.0,7.0,,79,0,3,2
184757,NICO/AGONY,2023-03-31,1.0,10.0,,78,0,3,2
176881,Tsuru ga Mau Yoru ni,2023-03-31,1.0,10.0,50.0,177,2,3,2
170982,Friday night,2023-03-31,1.0,3.0,55.0,173,4,2,2
169826,Bakugan: Legends,2023-03-31,13.0,22.0,62.0,512,6,3,2
159097,Futei with… The Animation: Hitozuma Nanpa NTR Onsen - Ryokousaki de Nakayoku Tanetsuke Saremashita,2023-03-31,1.0,28.0,60.0,1576,96,4,2
159076,Goblin no Suana,2023-03-31,4.0,20.0,55.0,1849,86,4,2
157664,Ikumonogakari The Animation,2023-03-31,2.0,20.0,64.0,1949,94,4,2
140173,Rakudai Majo: Fuuka to Yami no Majo,2023-03-31,1.0,60.0,59.0,2974,19,1,2
116805,Jintian Kaishi Shanyao Dengchang,2023-03-30,15.0,20.0,56.0,575,13,3,2
188804,Metal Cardbot,2023-03-29,26.0,11.0,,74,3,7,2
159839,NIJIYON ANIMATION: Shinsaku Animation,2023-03-29,3.0,4.0,66.0,1889,18,5,2
159807,Inu ni Nattara Suki na Hito ni Hirowareta. OVA,2023-03-29,2.0,12.0,50.0,10412,111,4,2
204544,Heart Cocktail Colorful: Haru-hen,2023-03-28,5.0,5.0,,75,1,7,2
163257,Dinner Bell,2023-03-28,1.0,3.0,55.0,258,4,2,2
169768,Menghuan Shuyuan 8,2023-03-27,12.0,4.0,,27,0,3,2
169361,Mawangnimeun Jukgosipeo,2023-03-27,10.0,6.0,,488,7,3,2
163203,SEVENTEEN,2023-03-27,1.0,4.0,66.0,483,5,2,2
168554,Abstractions void,2023-03-24,1.0,5.0,49.0,135,3,2,2
166217,Bai Lian Feisheng Lu,2023-03-24,60.0,11.0,54.0,313,10,3,2
163339,Kurae! Telepathy,2023-03-24,1.0,5.0,66.0,1117,18,2,2
159730,COLORs,2023-03-24,1.0,3.0,73.0,6110,117,3,2
142684,GRIDMAN UNIVERSE,2023-03-24,1.0,118.0,81.0,19739,649,1,2
128344,Argonavis AXIA,2023-03-24,1.0,64.0,54.0,1656,16,1,2
159728,Detarame na Sekai no Melodrama,2023-03-23,1.0,4.0,60.0,1203,12,3,2
162982,Michizure,2023-03-22,1.0,3.0,67.0,593,4,2,2
162981,BLUE GURASU,2023-03-22,1.0,4.0,59.0,234,3,2,2
159727,Neko to Wakai se na,2023-03-22,1.0,5.0,53.0,979,4,3,2
162778,Umi no Manimani,2023-03-21,1.0,5.0,67.0,659,14,2,2
162716,Puchi Cool Doji Danshi no Hito Koma,2023-03-21,2.0,12.0,53.0,1338,8,3,2
159726,Himitsu no Hana no Niwa,2023-03-21,1.0,7.0,66.0,1132,10,3,2
157553,Yomawari Neko,2023-03-21,15.0,5.0,,316,0,7,2
206853,Sinbi Apateu: Ghost Ball ZERO,2023-03-20,11.0,24.0,,44,1,6,2
166059,Ao no Orchestra 5-bu de Tanoshii Kurashikku,2023-03-20,19.0,5.0,,183,2,7,2
162960,667-tsuu no Love Letter,2023-03-20,1.0,2.0,52.0,381,2,3,2
161958,Nezumikozou Jirokichi,2023-03-20,1.0,25.0,55.0,447,4,1,2
159731,Tentai Kansoku,2023-03-20,1.0,5.0,66.0,1784,12,3,2
152889,Xianwu Zhuan,2023-03-19,26.0,18.0,66.0,943,46,3,2
186198,Oshiri Tantei: Cosmic Front,2023-03-18,2.0,25.0,,56,0,5,2
161505,Fuyu no Okurimono,2023-03-18,1.0,13.0,63.0,1303,8,3,2
166053,Akebi-chan 100 man-bu,2023-03-17,1.0,1.0,52.0,370,5,3,2
169446,INTERNET YAMERO,2023-03-16,1.0,4.0,73.0,1131,39,2,2
166052,Otaku-chans,2023-03-16,80.0,1.0,,130,1,3,2
166284,Yi Nian Yongheng: Ni Zhan Pian,2023-03-15,15.0,19.0,78.0,959,39,3,2
165607,Kyoufuu All Back,2023-03-15,1.0,2.0,66.0,794,14,2,2
162882,P.E.T.,2023-03-15,1.0,3.0,62.0,496,12,2,2
190325,Charisma Picnic,2023-03-14,1.0,4.0,,112,0,2,2
168560,Kkomimanyeo Rara Season 1,2023-03-13,13.0,11.0,,80,1,7,2
166060,Meitantei Conan: Keisatsu Gakkou-hen - Wild Police Story CASE. Furuya Rei,2023-03-11,1.0,25.0,64.0,728,3,5,2
169542,Shitasaki kara Koi,2023-03-10,3.0,1.0,50.0,451,4,3,2
169163,Ratpark,2023-03-10,1.0,4.0,54.0,152,1,2,2
166038,Elena Evoy Gwanchal Ilji,2023-03-10,12.0,5.0,,403,4,3,2
163821,Douluo Dalu: Haishen Chuancheng,2023-03-10,3.0,23.0,75.0,1019,27,3,2
158991,SSSS.DYNAZENON Movie,2023-03-10,1.0,121.0,63.0,2840,31,1,2
162547,MANNEQUIN,2023-03-09,1.0,3.0,60.0,360,2,2,2
160088,Yoru wa Neko to Issho Season 2,2023-03-08,30.0,3.0,71.0,2215,33,3,2
155399,EVANGELION:3.0 (-46h),2023-03-08,1.0,11.0,73.0,10725,167,4,2
172423,Koshaberi Biyori,2023-03-07,1.0,4.0,59.0,446,7,2,2
165559,MagidesKAI: Mahou Shoujo Magical Destroyers PV,2023-03-07,1.0,2.0,55.0,670,4,3,2
162529,"Kizutsukedo, Aishiteru.",2023-03-04,1.0,3.0,70.0,1761,31,2,2
146984,Shingeki no Kyojin: The Final Season - Kanketsu-hen Zenpen,2023-03-04,1.0,61.0,87.0,247513,7001,5,2
157919,Class de Otoko wa Boku Hitori!?: Kawaii Anoko-tachi ni Kakomarete,2023-03-03,1.0,16.0,69.0,3027,150,4,2
152964,Bonyuu-chan wa Dashitai.,2023-03-03,4.0,17.0,69.0,2421,142,4,2
151896,Doraemon: Nobita to Sora no Utopia,2023-03-03,1.0,107.0,74.0,2032,35,1,2
146914,Hua Jianghu: Buliang Ren 6,2023-03-02,12.0,,62.0,248,18,3,2
169824,Tong Meng Zhi Lu,2023-02-28,1.0,12.0,52.0,265,0,3,2
166041,Magwi,2023-02-28,10.0,,,160,1,3,2
137639,Kyouki Sanmyaku: Naked Peak - Pilot Film,2023-02-28,1.0,5.0,64.0,1332,12,5,2
165526,Dan Dao Zongshi,2023-02-27,40.0,8.0,52.0,363,8,3,2
161981,Bokurano (Music),2023-02-24,1.0,4.0,71.0,1735,21,2,2
160982,Yishu Xueyuan,2023-02-24,1.0,118.0,,331,2,1,2
157631,Majo wa Kekkyoku Sono Kyaku to... The Animation,2023-02-24,2.0,25.0,66.0,2152,87,4,2
161913,Atashi wa Mondaisaku,2023-02-20,1.0,3.0,72.0,829,40,2,2
165524,Lian Qi Shiwan Nian,2023-02-18,420.0,10.0,63.0,1093,55,3,4
207488,Ninjin wa Matte Kurenai,2023-02-17,1.0,8.0,,60,1,1,2
163818,Douluo Dalu: Jilang Zhi Zhan,2023-02-17,3.0,16.0,75.0,1006,25,3,2
162923,Koumi-jima: Shuu 7 de Umeru Mesu-tachi,2023-02-17,2.0,16.0,61.0,2093,121,3,2
161632,KUROMI'S PRETTY JOURNEY,2023-02-17,21.0,2.0,63.0,2032,17,3,2
153553,Aoharu Snatch,2023-02-17,2.0,21.0,55.0,1235,43,4,2
152122,Hirano to Kagiura,2023-02-17,1.0,9.0,76.0,10604,163,5,2
146743,Sasaki to Miyano: Sotsugyou-hen,2023-02-17,1.0,60.0,82.0,25477,597,1,2
140499,BLUE GIANT,2023-02-17,1.0,120.0,83.0,24767,802,1,2
154983,Aggressive Retsuko Season 5,2023-02-16,10.0,20.0,73.0,11741,129,3,2
161923,VINLAND SAGA SEASON 2: Drowning in the Shadow,2023-02-14,1.0,3.0,75.0,12828,94,3,2
161581,Hitoribocchi Sangyou Kakumei,2023-02-14,1.0,4.0,,157,1,2,2
166040,No More Prince,2023-02-13,3.0,4.0,,121,0,3,2
184761,"Ryan's World Anime ""Nangoku Daibouken""",2023-02-11,4.0,8.0,,37,0,3,2
184292,Uri Veranda-eseo Mannayo,2023-02-10,10.0,4.0,,72,0,3,2
161363,Inochi Karagara,2023-02-10,1.0,4.0,50.0,173,7,2,2
159599,Fanren Xiu Xian Zhuan: Fanren Feng Qi Tian Nan Chongzhi Ban,2023-02-05,21.0,18.0,69.0,856,31,3,2
157883,Hirogaru Sky! Precure,2023-02-05,50.0,24.0,74.0,7366,255,6,2
159569,Fate/Grand Order: Fujimaru Ritsuka wa Wakaranai,2023-02-04,33.0,2.0,68.0,2685,32,7,2
160963,SHOCK!,2023-02-03,1.0,3.0,66.0,1183,24,2,2
152556,Imouto wa GAL Kawaii,2023-02-03,2.0,15.0,64.0,3453,146,4,2
135429,MAKE MY DAY,2023-02-02,8.0,25.0,52.0,2714,15,3,2
131485,Zuoshou Shanglan,2023-02-02,8.0,21.0,68.0,5658,93,3,2
181470,Poplar no Dengon,2023-02-01,1.0,2.0,,39,0,2,2
165866,Sewing Love,2023-02-01,1.0,9.0,55.0,205,1,1,2
160962,Telepath,2023-02-01,1.0,5.0,61.0,536,9,2,2
160902,Ibrahim 3 Shuunen Kinen Animation,2023-02-01,1.0,3.0,57.0,289,7,3,2
159751,Liang Bu Yi 2 Part 2,2023-02-01,12.0,10.0,75.0,1011,31,3,2
160865,Inu to Shounen,2023-01-31,1.0,4.0,46.0,1544,8,3,2
214263,Coffee Kousou,2023-01-30,1.0,2.0,,350,6,3,2
141876,Li Linke De Xiao Guaner 2,2023-01-30,10.0,15.0,,179,0,3,2
161468,Tsuki ni Hoeru (2023),2023-01-29,1.0,4.0,51.0,207,2,2,2
169911,Lee Shi Zhentan Shiwusuo: Once Upon a Time in Lungmen,2023-01-27,1.0,5.0,51.0,364,2,3,2
163797,Douluo Dalu: Shenhai Mojing,2023-01-27,3.0,16.0,75.0,1011,25,3,2
162881,Mosh Race,2023-01-27,1.0,3.0,58.0,433,8,2,2
160830,Space Idol,2023-01-27,6.0,5.0,,277,0,3,2
160728,RUDE LOSE DANCE,2023-01-27,1.0,4.0,66.0,696,11,2,2
156162,Yari Agari,2023-01-27,2.0,25.0,57.0,1233,48,4,2
156161,Otogibanashi no Onigokko,2023-01-27,2.0,17.0,54.0,1802,70,4,2
156017,3Piece THE ANIMATION,2023-01-27,1.0,25.0,65.0,3255,141,4,2
154924,Lupin III VS Cat's Eye,2023-01-27,1.0,92.0,65.0,2711,21,3,2
151300,Kin no Kuni Mizu no Kuni,2023-01-27,1.0,117.0,72.0,7106,70,1,2
208209,ANTIHERO,2023-01-26,1.0,3.0,,71,1,2,2
138056,Shuumatsu no Valkyrie II,2023-01-26,10.0,24.0,75.0,62388,1157,3,2
161445,Darling (Music),2023-01-25,1.0,2.0,63.0,312,9,2,2
165929,Mirage Code,2023-01-24,1.0,3.0,,85,2,2,2
160382,Bing Zhu Qi Hun Part 2,2023-01-24,12.0,,,192,3,3,2
137641,Jiuzhou Piaomiao Lu,2023-01-24,13.0,,,266,6,3,2
137685,Wo Jian Qile Yi Di Shuxing,2023-01-23,16.0,,54.0,472,18,3,2
162613,CASE 143 -Japanese ver.-,2023-01-22,1.0,4.0,57.0,189,3,2,2
126289,Shenhai,2023-01-22,1.0,112.0,70.0,1417,41,1,2
159497,Huangjin Tingyuan: Dong Ri Li De Xinnian Yuanwang,2023-01-20,2.0,15.0,74.0,1539,63,3,2
158990,SSSS.GRIDMAN Movie,2023-01-20,1.0,118.0,66.0,3258,37,1,2
156053,Kuroko no Basket: Zero Step,2023-01-20,1.0,5.0,67.0,1614,19,2,2
155738,Aikatsu! 10th STORY: Mirai e no STARWAY (2023),2023-01-20,1.0,72.0,78.0,1315,39,1,2
143201,Soukyuu no Fafner: BEHIND THE LINE,2023-01-20,1.0,53.0,64.0,1452,13,1,2
160547,Billimillion,2023-01-19,1.0,4.0,51.0,148,0,2,2
150653,Itou Junji: Maniac,2023-01-19,12.0,24.0,66.0,27720,478,3,2
129238,Shixiong A Shixiong,2023-01-19,13.0,20.0,71.0,1087,48,3,2
160836,Watashi no Hashtag ga Haenakute.,2023-01-18,1.0,3.0,55.0,1256,2,3,2
159494,Fei Ren Zai 2 Part 2,2023-01-18,12.0,,,173,0,3,2
159490,Wu Liuqi: Anying Suming,2023-01-18,10.0,15.0,82.0,16041,444,3,2
155068,Majutsushi Orphen Hagure Tabi: Urbanrama-hen,2023-01-18,12.0,24.0,60.0,5657,89,6,2
138612,Xi Xing Ji: Anying Mo Cheng,2023-01-18,1.0,,,178,2,1,2
160789,Never Fear,2023-01-17,1.0,4.0,64.0,509,15,2,2
160147,Wo Shi Xuexiao Weiyi De Renlei,2023-01-17,52.0,,,80,1,3,2
156059,HIDARI (Pilot Film),2023-01-17,1.0,5.0,69.0,942,14,3,2
155997,FLAGLIA: Natsuyasumi No Monogatari,2023-01-17,6.0,13.0,41.0,1327,8,7,2
187592,Xiao Ling Mofa Shijie Xiaoyuan Qixiang Qu,2023-01-16,25.0,5.0,,52,1,7,2
164205,Day By Day,2023-01-16,1.0,2.0,54.0,330,1,2,2
147133,Jian Yu Chuanqi 2,2023-01-15,52.0,10.0,58.0,473,19,3,2
199796,Samishii Anata,2023-01-14,12.0,5.0,,97,0,7,2
159582,Yao Shen Ji 7,2023-01-14,52.0,,71.0,953,29,3,2
155839,Shen Lan Qi Yu Wushuang Zhu 2,2023-01-14,15.0,,66.0,377,22,3,2
146954,Shin Shinka no Mi: Shiranai Uchi ni Kachigumi Jinsei,2023-01-14,12.0,24.0,54.0,43851,677,6,2
139213,Cardfight!! Vanguard: will+Dress Season 2,2023-01-14,12.0,24.0,63.0,2174,30,6,2
125869,Hikari no Ou,2023-01-14,10.0,24.0,61.0,19841,106,6,2
161442,Float Play,2023-01-13,1.0,4.0,63.0,349,8,2,2
160448,Tirori Mix,2023-01-13,1.0,4.0,58.0,488,5,2,2
169830,Yinhe Zhi Xin Fan Wai Pian: Yi Bian,2023-01-12,1.0,8.0,,40,0,3,2
144144,Ooyukiumi no Kaina,2023-01-12,11.0,23.0,64.0,19995,306,6,2
137308,Toutotsu ni Egypt Shin 2,2023-01-11,10.0,5.0,63.0,1519,12,7,2
116867,Itai no wa Iya nano de Bougyoryoku ni Kyokufuri Shitai to Omoimasu. 2,2023-01-11,12.0,24.0,71.0,87882,1524,6,2
156067,Tondemo Skill de Isekai Hourou Meshi,2023-01-10,12.0,24.0,76.0,118265,3623,6,2
148969,Kubo-san wa Mob wo Yurusanai,2023-01-10,12.0,24.0,74.0,94988,2371,6,2
142849,Ayakashi Triangle,2023-01-10,12.0,24.0,61.0,32922,435,6,2
142193,"Eiyuu-ou, Bu wo Kiwameru Tame Tenseisu: Soshite, Sekai Saikyou no Minarai Kishi♀",2023-01-10,12.0,24.0,65.0,61230,984,6,2
141785,Mononogatari,2023-01-10,12.0,24.0,69.0,26709,413,6,2
136430,VINLAND SAGA SEASON 2,2023-01-10,24.0,26.0,88.0,272185,15309,6,2
155291,KJ File 2nd Season,2023-01-09,13.0,4.0,46.0,568,6,7,2
142914,Kyuuketsuki Sugu Shinu 2,2023-01-09,12.0,24.0,74.0,12230,207,6,2
136435,Mou Ippon!,2023-01-09,13.0,24.0,68.0,10394,122,6,2
135778,HIGH CARD,2023-01-09,12.0,24.0,71.0,51197,769,6,2
126529,Kyokou Suiri Season 2,2023-01-09,12.0,25.0,73.0,58048,745,6,2
162526,Egao no Hanataba,2023-01-08,1.0,3.0,60.0,487,12,2,2
162285,Tsunlise Mini,2023-01-08,12.0,1.0,49.0,383,4,3,2
160054,"Ijiranaide, Nagatoro-san 2nd Attack Mini Anime",2023-01-08,12.0,2.0,57.0,1991,31,3,2
152765,Rougo ni Sonaete Isekai de 8-manmai no Kinka wo Tamemasu,2023-01-08,12.0,23.0,68.0,42394,707,6,2
151679,Nokemono-tachi no Yoru,2023-01-08,13.0,24.0,63.0,17518,243,6,2
147216,D4DJ All Mix,2023-01-08,12.0,24.0,74.0,7541,175,6,2
145665,NieR:Automata Ver1.1a,2023-01-08,12.0,24.0,73.0,120326,2605,6,2
144553,Saikyou Onmyouji no Isekai Tenseiki,2023-01-08,13.0,24.0,70.0,98380,2080,6,2
144092,"Benriya Saitou-san, Isekai ni Iku",2023-01-08,12.0,24.0,72.0,74838,1635,6,2
142853,Tokyo Revengers: Seiya Kessen-hen,2023-01-08,13.0,24.0,75.0,141936,2838,6,2
140596,"Ijiranaide, Nagatoro-san 2nd Attack",2023-01-08,12.0,24.0,73.0,101773,1715,6,2
135102,Kamitachi ni Hirowareta Otoko 2,2023-01-08,12.0,24.0,68.0,45693,885,6,2
130588,"Maou Gakuin no Futekigousha: Shijou Saikyou no Maou no Shiso, Tensei shite Shison-tachi no Gakkou e Kayou II",2023-01-08,12.0,24.0,68.0,136843,2313,6,2
169910,"Yowai 5000-nen no Soushoku Dragon, Iwarenaki Jaryuu Nintei: Chokotto",2023-01-07,12.0,2.0,,187,0,3,2
155907,Buddy Daddies,2023-01-07,12.0,24.0,80.0,126785,4433,6,2
155089,Ars no Kyojuu,2023-01-07,12.0,24.0,58.0,17719,140,6,2
154969,UniteUp!,2023-01-07,12.0,24.0,67.0,4991,68,6,2
152523,Kaiko sareta Ankoku Heishi (30-dai) no Slow na Second Life,2023-01-07,12.0,24.0,68.0,64957,1192,6,2
151040,TRIGUN STAMPEDE,2023-01-07,12.0,24.0,77.0,87434,2740,6,2
143338,Otonari no Tenshi-sama ni Itsunomanika Dame Ningen ni Sareteita Ken,2023-01-07,12.0,24.0,78.0,170617,7124,6,2
143064,Tsundere Akuyaku Reijou Liselotte to Jikkyou no Endou-kun to Kaisetsu no Kobayashi-san,2023-01-07,12.0,25.0,70.0,37877,706,6,2
196245,Xi Yangyang Yu Hui Tailang: Yong Chuang Siji Cheng,2023-01-06,60.0,15.0,,25,1,7,2
163784,Douluo Dalu: Tianshi Jianglin,2023-01-06,3.0,17.0,75.0,1013,24,3,2
159869,Wei Jiang,2023-01-06,26.0,,,94,3,3,2
158997,Meitantei Conan: Haibara Ai Monogatari - Kurogane no Mystery Train,2023-01-06,1.0,90.0,72.0,2058,20,1,2
154785,NIJIYON ANIMATION,2023-01-06,12.0,4.0,68.0,5894,67,7,2
148116,Hyouken no Majutsushi ga Sekai wo Suberu,2023-01-06,12.0,24.0,63.0,78501,1412,6,2
146850,Isekai Nonbiri Nouka,2023-01-06,12.0,24.0,74.0,110848,3529,6,2
146346,Inu ni Nattara Suki na Hito ni Hirowareta.,2023-01-06,12.0,12.0,46.0,46636,588,7,2
141880,Wo Jia Da Shixiong Youdian Kaopu,2023-01-06,13.0,15.0,54.0,718,6,3,2
139821,Sugar Apple Fairy Tale,2023-01-06,12.0,23.0,73.0,54035,1336,6,2
130696,The Legend of Heroes: Sen no Kiseki - Northern War,2023-01-06,12.0,24.0,52.0,16096,200,6,2
155211,Dungeon ni Deai wo Motomeru no wa Machigatteiru Darou ka IV: Shin Shou Yakusai-hen,2023-01-05,11.0,24.0,82.0,97832,2986,6,2
155202,REVENGER,2023-01-05,12.0,24.0,65.0,34399,382,6,2
153841,Tsurune: Tsunagari no Issha,2023-01-05,13.0,24.0,81.0,19816,505,6,2
151806,Tomo-chan wa Onnanoko!,2023-01-05,13.0,24.0,76.0,174396,4402,6,2
147864,Onii-chan wa Oshimai!,2023-01-05,12.0,24.0,75.0,73555,3053,6,2
146323,Spy Kyoushitsu,2023-01-05,12.0,26.0,61.0,65965,825,6,2
141062,TECHNOROID: OVERMIND,2023-01-05,12.0,24.0,59.0,6453,82,6,2
153629,Tensei Oujo to Tensai Reijou no Mahou Kakumei,2023-01-04,12.0,24.0,76.0,89383,2940,6,2
141249,Bungou Stray Dogs 4th Season,2023-01-04,13.0,24.0,84.0,108910,3017,6,2
159690,Kaiko sareta Ankoku Heishi (30-dai) no Slow na Second Life SD Mini Anime,2023-01-03,13.0,2.0,53.0,833,4,3,2
151252,Koori Zokusei Danshi to Cool na Douryou Joshi,2023-01-03,12.0,24.0,72.0,94815,1911,6,2
147511,Wu Geng Ji 4 Part 2,2023-01-03,18.0,,59.0,333,17,3,2
137909,Ningen Fushin no Boukensha-tachi ga Sekai wo Sukuu you desu,2023-01-03,12.0,24.0,62.0,68621,923,3,2
156091,Guan Miao Shenmeshi,2023-01-02,13.0,4.0,53.0,366,4,3,2
154982,Gokushufudou Season 2,2023-01-01,5.0,18.0,75.0,38420,428,3,2
153492,Sanguo Yanyi 3,2023-01-01,26.0,,,71,1,3,2
141895,Zhongguo Qitan,2023-01-01,8.0,15.0,58.0,645,4,3,2
169384,Fate/Grand Order: Fujimaru Ritsuka wa Wakaranai - Nenmatsu Special,2022-12-31,1.0,7.0,63.0,1109,7,5,2
160236,VSPO! Shin Logo Animation PV,2022-12-31,1.0,1.0,57.0,225,3,5,2
159687,for Victory!,2022-12-31,1.0,2.0,53.0,241,2,2,2
134097,Chi Yan Jinyiwei,2022-12-31,24.0,,,283,9,3,2
166251,Xi You Ji: 72 Bian,2022-12-30,1.0,90.0,,40,0,1,2
161927,Pole Princess!!: Pole Dance Show Movie,2022-12-28,7.0,3.0,58.0,440,3,2,2
159453,Fangyu Quan Kai,2022-12-28,60.0,,,227,10,3,2
159406,Betsu Sekai,2022-12-28,1.0,4.0,63.0,746,10,2,2
159110,Fight Song,2022-12-28,1.0,5.0,78.0,3774,116,2,2
154887,Isekai Kita node Sukebe Skill de Zenryoku Ouka Shiyou to Omou THE ANIMATION,2022-12-27,,18.0,68.0,3284,180,4,4
180785,Machiawase,2022-12-26,3.0,1.0,,62,1,5,2
168808,Kemonokko Tsuushin: The Animation - Nekomusume Nia,2022-12-26,1.0,17.0,62.0,1276,53,3,2
162802,Saikyou Onmyouji Mini,2022-12-26,18.0,2.0,48.0,852,9,3,2
153494,Xingchen Bian: An Xing Jie Pian,2022-12-26,28.0,,70.0,940,50,3,2
162284,Kobayashi-san no Tsundere Kouza,2022-12-23,3.0,2.0,49.0,579,4,3,2
160089,Shinmai Renkinjutsushi no Tenpo Keiei Mini Anime: Onsen,2022-12-23,2.0,1.0,52.0,1047,16,5,2
159109,Shirayuki,2022-12-23,1.0,6.0,74.0,1818,50,2,2
158923,Futari-bun no Shoumei,2022-12-23,1.0,5.0,73.0,3742,83,3,2
158869,Pocket Monsters: Haruka Naru Aoi Sora,2022-12-23,1.0,25.0,71.0,3250,33,5,2
157693,Pole Princess!!,2022-12-23,8.0,6.0,51.0,2860,13,3,2
155221,Cang Lan Jue Part 2,2022-12-23,12.0,,67.0,983,22,3,2
155170,Mama Katsu,2022-12-23,4.0,23.0,64.0,1868,96,4,2
155169,Roshutsu-Kei Mahou Joshi Daisei Christhea,2022-12-23,2.0,17.0,53.0,964,29,4,2
145739,Kagami no Kojou,2022-12-23,1.0,116.0,74.0,18689,307,1,2
140665,Lee Shi Zhentan Shiwusuo,2022-12-23,6.0,10.0,63.0,2153,29,3,2
159107,saikai,2022-12-21,1.0,5.0,60.0,415,7,2,2
158914,1000-mankai Hug Nanda,2022-12-21,1.0,3.0,55.0,411,2,2,2
170074,Transparent Blue,2022-12-20,1.0,3.0,,66,0,2,2
141352,Nanatsu no Taizai: Ensa no Edinburgh - Zenpen,2022-12-20,1.0,52.0,61.0,15166,163,3,2
158983,Slimetachi no Idobata Kaigi 2,2022-12-19,14.0,1.0,49.0,797,6,3,2
163783,Douluo Dalu: Senlin Shou Ying,2022-12-17,2.0,17.0,75.0,1032,28,3,2
158480,Jintian Shao Zhu Bu Zaijia,2022-12-17,7.0,6.0,,43,0,3,2
158925,STORYWRITER,2022-12-16,1.0,4.0,57.0,455,7,2,2
155925,LUPIN ZERO,2022-12-16,6.0,24.0,73.0,5930,88,3,2
187775,Alchemy Stars: 1.5 Shuunen Kinen Douga,2022-12-15,1.0,2.0,,160,2,3,2
158829,Kira Killer,2022-12-15,1.0,4.0,65.0,602,6,2,2
214947,Sinbi Apateu Geukjangpan Chawondokkaebiwa 7-gaeui Segye,2022-12-14,1.0,103.0,,15,1,1,2
155220,Shaonian Bai Ma Zui Chun Feng Part 2,2022-12-14,10.0,,,169,5,3,2
145440,ETERNITY,2022-12-10,1.0,21.0,46.0,1748,6,1,2
114123,San Ti,2022-12-10,15.0,,54.0,671,13,3,2
169794,Kaiketsu Zorori: Lalala♪ Star Tanjou,2022-12-09,1.0,70.0,,110,0,1,2
165645,Fudanshi Shoukan: Isekai de Shinjuu ni Hameraremashita Mini Anime 4th Season,2022-12-09,3.0,2.0,47.0,201,0,3,2
142298,Yi Ren Zhi Xia 5,2022-12-09,12.0,,66.0,3163,43,3,2
142136,Showtime! 2: Uta no Onee-san datte Shitai,2022-12-09,8.0,7.0,66.0,2612,75,3,2
158539,Oemojisangjuui,2022-12-08,8.0,24.0,72.0,49582,1131,3,2
153431,Onna no Sono no Hoshi,2022-12-08,1.0,20.0,62.0,1871,16,4,2
150117,Boku to Roboco,2022-12-05,28.0,3.0,63.0,3964,42,7,2
180803,Tanoshii ne (2022),2022-12-04,1.0,2.0,,38,0,2,2
166049,Kiyoneko,2022-12-04,10.0,13.0,,182,1,3,2
158230,Iiwake Bunny,2022-12-03,1.0,4.0,60.0,468,4,2,2
155325,Bing Huo Mo Chu 2,2022-12-03,104.0,15.0,63.0,715,31,3,2
128207,THE FIRST SLAM DUNK,2022-12-03,1.0,124.0,87.0,32044,1691,1,2
158222,Doku Ringo,2022-12-02,1.0,2.0,57.0,251,1,2,2
139376,Joshikousei to Mahou no Note,2022-12-01,1.0,40.0,,472,2,3,2
162726,UniteUp! Mini Drama,2022-11-30,4.0,8.0,,116,0,3,2
184291,Neurin Jangma,2022-11-26,10.0,4.0,,70,0,3,2
158218,Alche Miss Katrina,2022-11-26,1.0,3.0,52.0,210,1,2,2
121514,Dali Si Rizhi 2,2022-11-26,12.0,,59.0,578,17,3,2
154076,Mesudachi The Animation,2022-11-25,2.0,18.0,67.0,2921,143,4,2
151632,Isekai Meikyuu de Harem wo OVA,2022-11-25,2.0,5.0,64.0,11254,212,4,2
141864,Wuxian Shijie,2022-11-25,16.0,19.0,57.0,482,11,3,2
139498,Tensei Shitara Slime Datta Ken: Guren no Kizuna-hen,2022-11-25,1.0,108.0,77.0,104545,2006,1,2
157181,Wan Jie Zhizun,2022-11-24,50.0,,53.0,326,8,3,2
141893,Yuan Long 3,2022-11-24,16.0,,54.0,591,24,3,2
153496,Yi Nian Yongheng: Hezong Pian,2022-11-23,16.0,19.0,78.0,1244,57,3,2
157653,beautiful day dreamer,2022-11-22,1.0,10.0,68.0,2805,38,3,2
157650,Kageiro Mai,2022-11-22,1.0,4.0,66.0,592,5,2,2
141212,Tonikaku Kawaii: Seifuku,2022-11-22,1.0,22.0,77.0,41728,634,5,2
165931,Niehime to Kemono no Ou Mini Anime,2022-11-21,44.0,1.0,49.0,375,5,3,2
157127,Douluo Dalu: Zhan Gu Zan Yie,2022-11-19,4.0,22.0,76.0,1139,49,3,2
157425,Protector,2022-11-18,1.0,1.0,57.0,667,2,5,2
157349,Dainouteki na Rendezvous,2022-11-16,1.0,2.0,66.0,2478,41,2,2
114842,Kidou Senshi Gundam: Tekketsu no Orphans - Urdr Hunt,2022-11-15,24.0,4.0,54.0,3552,24,3,2
166046,Alssongdalssong Catch! Tiniping,2022-11-14,26.0,11.0,,140,5,7,2
205873,"Ryan's World Anime ""Hokkyoku Daibouken""",2022-11-13,3.0,8.0,,20,1,3,2
157347,Suki da,2022-11-13,1.0,4.0,63.0,487,3,2,2
157062,Zen: Grogu to Makkuro-Kurosuke,2022-11-12,1.0,3.0,58.0,3424,22,3,2
166058,"Big Mac® to, Susume!",2022-11-11,1.0,1.0,66.0,2723,16,5,2
159454,Tom to Jerry Gokko,2022-11-11,,1.0,62.0,1028,9,7,4
157331,GOOD LUCKER,2022-11-11,1.0,5.0,60.0,399,1,2,2
142770,Suzume no Tojimari,2022-11-11,1.0,121.0,81.0,199121,6748,1,2
153499,Shen Yin Wangzuo 2,2022-11-10,130.0,21.0,79.0,2182,176,3,2
157173,In the Back Room,2022-11-09,1.0,3.0,68.0,2183,26,2,2
156759,Seishun Kippu,2022-11-08,1.0,4.0,64.0,655,13,2,2
156809,Jouzai,2022-11-07,1.0,3.0,63.0,2073,23,2,2
157058,Sword Art Online: FULLDIVE - Opening Eizou,2022-11-06,1.0,2.0,66.0,3242,44,5,2
175787,Hi-DRIVERS!,2022-11-05,1.0,3.0,57.0,283,3,2,2
155328,Wo Zai Xianjie Zheng Jifen,2022-11-05,40.0,10.0,53.0,524,11,3,2
157419,BBOONG-UH CAFE X DOGGIE CORGI,2022-11-04,16.0,5.0,,60,0,3,2
157287,Shin Shinka no Mi Gekijou,2022-11-04,15.0,2.0,50.0,1059,14,3,2
153346,Succubus Yondara Haha ga Kita!?,2022-11-04,2.0,20.0,73.0,5120,319,4,2
150950,Bai Lian Cheng Shen,2022-11-04,52.0,15.0,68.0,1694,70,3,2
21294,KanColle: Itsuka Ano Umi de,2022-11-04,8.0,24.0,59.0,14958,150,6,2
156189,Jing Cui Xian Zun Part 2,2022-11-02,10.0,10.0,,115,3,3,2
126389,Xue Yu Xin,2022-11-02,12.0,18.0,57.0,634,15,3,2
169767,Menghuan Shuyuan Zhi Guojia Anquan Pian,2022-11-01,4.0,3.0,,30,0,3,2
156750,Momen no Handkerchief,2022-11-01,1.0,4.0,,114,1,2,2
170058,Through the glass,2022-10-31,1.0,4.0,,57,0,2,2
156153,Halloween Pajama,2022-10-31,1.0,8.0,53.0,576,5,1,2
155327,Jiu Tian Xuan Di Jue 3,2022-10-31,52.0,10.0,52.0,342,10,3,2
155193,Ruguo Lishi Shi Yi Qun Miao 9,2022-10-30,12.0,7.0,,63,0,3,2
140660,Arknights: Reimei Zensou,2022-10-29,8.0,24.0,70.0,45444,937,6,2
154979,Kame no Koura wa Abarabone,2022-10-28,1.0,67.0,43.0,600,1,1,2
152881,Eroriman 2,2022-10-28,2.0,24.0,59.0,1151,29,4,2
151018,Tsuma Netori 3: Kairaku ni Ochita Injiru Kyoushi-tachi,2022-10-28,1.0,30.0,55.0,1157,40,4,2
145069,Raikou Shinki Igis Magia: PANDRA saga 3rd ignition - The Animation,2022-10-28,2.0,20.0,50.0,1094,26,4,2
155093,Douluo Dalu: Tang Men Jueding,2022-10-27,4.0,21.0,76.0,1168,37,3,2
154937,Zhege Nianji Huan Neng Dang Daxia Ma,2022-10-27,10.0,7.0,,107,0,3,2
153930,Romantic Killer,2022-10-27,12.0,26.0,78.0,106964,3555,3,2
156008,Clay,2022-10-26,1.0,4.0,52.0,195,1,2,2
156001,Kage-Jitsu!,2022-10-26,17.0,2.0,69.0,8286,113,3,2
153791,Made in Abyss: Retsujitsu no Ougonkyou - Papa to Issho,2022-10-26,1.0,7.0,70.0,6832,62,5,2
151067,Jongtama PONG☆ Special,2022-10-26,1.0,2.0,54.0,836,3,5,2
141877,Liang Bu Yi 2,2022-10-26,12.0,10.0,75.0,1696,40,3,2
139806,Choujigen Game Neptune THE ANIMATION: Nepu Nepu Darake no Festival,2022-10-26,1.0,27.0,64.0,2035,41,4,2
126390,Yinhe Zhi Xin,2022-10-25,12.0,20.0,51.0,396,3,3,2
158643,I Love Me Part 2,2022-10-23,5.0,10.0,,87,0,7,2
156065,Running In The Dark,2022-10-23,1.0,2.0,71.0,952,27,2,2
155200,Shouhu Lian Meng ROY6: Senlin Li De Minini,2022-10-23,16.0,3.0,,44,0,3,2
138565,Fumetsu no Anata e Season 2,2022-10-23,20.0,25.0,80.0,105655,2090,6,2
157294,"Eiyuu-ou, Bu wo Kiwameru Tame Tenseisu Mini Anime",2022-10-22,24.0,2.0,48.0,641,7,3,2
155912,Shin Tantakatantantantanmen,2022-10-22,1.0,4.0,,136,0,2,2
155195,Fatchi Baike 7,2022-10-22,12.0,6.0,,31,0,3,2
140999,Sword Art Online: Progressive - Kuraki Yuuyami no Scherzo,2022-10-22,1.0,100.0,76.0,60656,1017,1,2
168564,ROLY POLY PEOPLES,2022-10-21,30.0,3.0,,91,0,3,2
146489,Bokura no Yoake,2022-10-21,1.0,120.0,56.0,4040,15,1,2
155884,Zanki,2022-10-20,1.0,4.0,68.0,2863,45,2,2
175347,Onitsuka Tiger x Urusei Yatsura to Collaboration Anime,2022-10-19,1.0,1.0,59.0,743,3,3,2
155843,THE POLiCY,2022-10-19,1.0,3.0,63.0,501,6,2,2
155723,Wushen Zhuzai: Da Wei Pian,2022-10-16,448.0,7.0,66.0,584,46,3,4
148401,Umayuru,2022-10-16,24.0,3.0,71.0,4636,48,3,2
146962,4-nin wa Sorezore Uso wo Tsuku,2022-10-16,11.0,23.0,68.0,14789,160,6,2
155692,Plantopia,2022-10-15,1.0,4.0,65.0,671,7,2,2
172844,Guardy Girls,2022-10-14,1.0,79.0,,166,0,1,2
143277,Urusei Yatsura (2022),2022-10-14,23.0,23.0,72.0,74398,1322,6,2
126425,Watashi ni Tenshi ga Maiorita!: Precious Friends,2022-10-14,1.0,67.0,74.0,10876,112,1,2
152207,Aru Asa Dummy Head Mic ni Natteita Ore-kun no Jinsei,2022-10-13,12.0,4.0,46.0,7848,51,7,2
135660,exception,2022-10-13,8.0,29.0,57.0,4097,30,3,2
155767,Donna Monja TV,2022-10-12,2.0,4.0,56.0,1181,5,3,2
146676,Renai Flops,2022-10-12,12.0,24.0,65.0,62950,1297,6,2
127230,Chainsaw Man,2022-10-12,12.0,25.0,83.0,625828,35885,6,2
147885,Cool Doji Danshi,2022-10-11,24.0,11.0,78.0,39990,1237,7,2
146438,Eikyuu Shounen: Eternal Boys,2022-10-11,24.0,13.0,61.0,4215,39,7,2
116674,BLEACH: Sennen Kessen-hen,2022-10-11,13.0,24.0,88.0,203895,11796,6,2
155626,Yukueshirezu,2022-10-10,1.0,3.0,65.0,653,16,2,2
141400,Peter Grill to Kenja no Jikan: Super Extra,2022-10-10,12.0,12.0,57.0,21205,301,7,2
193812,Azur Lane: 5 Shuunen Kinen Anime PV,2022-10-09,1.0,2.0,,153,0,5,2
142481,Yowamushi Pedal: LIMIT BREAK,2022-10-09,25.0,25.0,73.0,8450,141,6,2
141949,"Fuufu Ijou, Koibito Miman.",2022-10-09,12.0,24.0,76.0,163104,6010,6,2
137822,Blue Lock,2022-10-09,24.0,25.0,80.0,322181,13134,6,2
130003,Bocchi the Rock!,2022-10-09,12.0,24.0,87.0,262793,28090,6,2
155909,Kurage,2022-10-08,1.0,3.0,,119,0,2,2
150188,PUI PUI Molcar: DRIVING SCHOOL,2022-10-08,12.0,3.0,71.0,3462,50,7,2
139092,Mairimashita! Iruma-kun 3,2022-10-08,21.0,25.0,78.0,73147,1765,6,2
136150,Seiken Densetsu: Legend of Mana - The Teardrop Crystal,2022-10-08,12.0,24.0,51.0,7450,92,6,2
155634,Kumo wo Kou,2022-10-07,1.0,3.0,62.0,697,10,2,2
155222,Wanmei Shijie 3,2022-10-07,52.0,,74.0,981,81,3,2
152292,Boku ni Sefure ga Dekita Riyuu,2022-10-07,6.0,16.0,69.0,3293,185,4,2
151803,TIGER & BUNNY 2 Part 2,2022-10-07,12.0,24.0,74.0,4314,65,3,2
151379,Akiba Meido Sensou,2022-10-07,12.0,24.0,74.0,71723,1784,6,2
142541,Megaton-kyuu Musashi Season 2,2022-10-07,15.0,25.0,64.0,1871,42,6,2
141870,Lian Qi Lianle 3000 Nian,2022-10-07,16.0,19.0,62.0,1931,29,3,2
139311,Kimi wo Aishita Hitori no Boku e,2022-10-07,1.0,98.0,73.0,54318,949,1,2
139310,Boku ga Aishita Subete no Kimi e,2022-10-07,1.0,102.0,74.0,57615,946,1,2
135515,Reiwa no Di Gi Charat,2022-10-07,16.0,4.0,57.0,2438,15,7,2
168559,Sylvanian Families: Freya no Happy Diary,2022-10-06,12.0,11.0,,130,1,7,2
144533,Mushikaburi-hime,2022-10-06,12.0,24.0,67.0,29672,526,6,2
142985,Muv-Luv Alternative 2nd Season,2022-10-06,12.0,23.0,63.0,6505,90,6,2
141861,Changye Kaituozhe,2022-10-06,16.0,15.0,57.0,444,16,3,2
140439,Mob Psycho 100 III,2022-10-06,12.0,24.0,87.0,262086,11967,6,2
131516,Do It Yourself!!,2022-10-06,12.0,24.0,74.0,48732,958,6,2
158570,Obake Zukan!,2022-10-05,13.0,3.0,,132,0,7,2
155775,Afuregu!: Aufregendes leben,2022-10-05,1.0,2.0,61.0,600,4,2,2
155391,KONKON Beats,2022-10-05,1.0,3.0,63.0,621,5,2,2
155196,Xiaolan He Ta De Pengyou,2022-10-05,13.0,3.0,,45,0,3,2
154545,Human Bug Daigaku,2022-10-05,12.0,24.0,61.0,3842,42,6,2
146233,Futoku no Guild,2022-10-05,12.0,24.0,63.0,40622,777,6,2
131182,Yama no Susume: Next Summit,2022-10-05,12.0,24.0,77.0,10554,228,6,2
130298,Kage no Jitsuryokusha ni Naritakute!,2022-10-05,20.0,24.0,81.0,310429,16558,6,2
145604,Shinobi no Ittoki,2022-10-04,12.0,24.0,58.0,60508,730,6,2
140005,Meitantei Conan: Hannin no Hanzawa-san,2022-10-04,12.0,10.0,69.0,5734,71,7,2
137704,Xing Yu Siwan Nian,2022-10-04,16.0,17.0,69.0,926,43,3,2
125910,VAZZROCK THE ANIMATION,2022-10-04,13.0,24.0,44.0,2279,21,6,2
155348,ROAD OF NARUTO,2022-10-03,1.0,10.0,82.0,20708,374,5,2
154828,Fengzi Wuyu: Xian Luo Pian,2022-10-03,20.0,16.0,,150,5,3,2
154672,Mamekichi Mameko NEET no Nichijou,2022-10-03,48.0,2.0,,414,4,7,2
142343,Golden Kamuy 4th Season,2022-10-03,13.0,24.0,81.0,36346,633,6,2
139369,Shinmai Renkinjutsushi no Tenpo Keiei,2022-10-03,12.0,24.0,65.0,28271,341,6,2
137642,Juedai Shuang Jiao,2022-10-03,18.0,,56.0,375,10,3,2
204618,Koikeya SDGs Gekijou Suss to Tina Season 3,2022-10-02,13.0,3.0,,21,1,7,2
182150,Chiisana Uta,2022-10-02,1.0,2.0,,35,0,2,2
162271,Shukufuku,2022-10-02,1.0,3.0,76.0,1946,40,2,2
155526,Punirunes,2022-10-02,25.0,13.0,49.0,408,4,7,2
155345,Kao ni Denai Kashiwada-san to Kao ni Deru Oota-kun CM,2022-10-02,1.0,1.0,58.0,769,14,5,2
155276,WONDER LiGHT,2022-10-02,1.0,4.0,63.0,457,6,2,2
155011,Berserk: Ougon Jidai-hen - MEMORIAL EDITION,2022-10-02,13.0,26.0,77.0,18866,459,6,2
146475,C Danchi,2022-10-02,4.0,25.0,50.0,12324,106,6,2
143086,Poputepipikku 2,2022-10-02,12.0,24.0,74.0,17832,246,6,2
139274,Kidou Senshi Gundam: Suisei no Majo,2022-10-02,12.0,24.0,78.0,73063,2480,6,2
128890,IDOLiSH7: Third BEAT! Part 2,2022-10-02,17.0,24.0,83.0,5392,268,6,2
210071,Leichte Chousaroku,2022-10-01,1.0,5.0,,96,2,3,2
158669,Psycho,2022-10-01,1.0,5.0,61.0,360,4,2,2
150695,"Yuusha Party wo Tsuihou Sareta Beast Tamer, Saikyoushu no Nekomimi Shoujo to Deau",2022-10-01,13.0,24.0,68.0,77498,1773,6,2
145815,Noumin Kanren no Skill Bakka Agetetara Naze ka Tsuyoku Natta.,2022-10-01,12.0,24.0,57.0,55845,914,6,2
142838,SPY×FAMILY Part 2,2022-10-01,13.0,24.0,81.0,326759,7127,6,2
142701,Koukyuu no Karasu,2022-10-01,13.0,24.0,73.0,44889,922,6,2
139630,Boku no Hero Academia 6,2022-10-01,25.0,24.0,82.0,267334,6652,6,2
124395,Uzaki-chan wa Asobitai! ω,2022-10-01,13.0,24.0,71.0,68943,1129,6,2
159680,Katsuren Omorosoushi,2022-09-30,2.0,8.0,44.0,179,0,3,2
155496,Shinmai Renkinjutsushi no Tenpo Keiei Mini Anime,2022-09-30,13.0,1.0,53.0,673,5,3,2
155179,Journey,2022-09-30,1.0,3.0,70.0,952,31,2,2
151631,Delivery Chinko wo Tanomitai Onee-san,2022-09-30,1.0,27.0,63.0,2191,71,4,2
151414,Korashime 2: Kyouikuteki Depaga Shidou,2022-09-30,4.0,24.0,60.0,1238,40,4,2
151411,Renseijutsushi Colette no H na Sakusei Monogatari,2022-09-30,4.0,17.0,55.0,1710,61,4,2
148970,Ginga Eiyuu Densetsu: Die Neue These - Sakubou,2022-09-30,12.0,25.0,81.0,5960,118,3,2
141852,Xian Wang De Richang Shenghuo 3,2022-09-30,12.0,18.0,73.0,45892,832,3,2
137341,Uchi no Shishou wa Shippo ga Nai,2022-09-30,13.0,24.0,64.0,11081,87,6,2
129244,Wangu Jian Shen,2022-09-30,26.0,,57.0,555,19,3,2
212435,Bongchon Gaksi,2022-09-29,3.0,5.0,,147,2,3,2
155171,Gunjou Sanka (2022),2022-09-29,1.0,5.0,71.0,1232,32,2,2
156571,Dongitsune Season 2,2022-09-28,10.0,1.0,54.0,504,5,5,2
153322,Futsal Boys!!!!! Short Anime,2022-09-28,5.0,5.0,48.0,541,4,5,2
139587,Tensei Shitara Ken Deshita,2022-09-28,12.0,24.0,74.0,113112,3039,3,2
170659,Chickip Dancers 2nd Season,2022-09-27,26.0,5.0,,68,0,7,2
137679,Mo You Ji,2022-09-27,12.0,,,140,4,3,2
155206,Nee yo na,2022-09-26,1.0,3.0,,180,1,2,2
146921,Arifureta Shokugyou de Sekai Saikyou: Maboroshi no Bouken to Kiseki no Kaigou,2022-09-25,1.0,40.0,71.0,20380,337,4,2
208067,Muhou no Ai,2022-09-24,1.0,23.0,,63,0,1,2
155092,Douluo Dalu: Nu Shi Ao Zhan,2022-09-24,4.0,21.0,76.0,1177,37,3,2
155003,Yoru to Itoshii,2022-09-24,1.0,5.0,,127,0,2,2
154961,The Circle Of Butterflies,2022-09-24,1.0,4.0,61.0,440,3,2,2
139820,Akuyaku Reijou nano de Last Boss wo Kattemimashita,2022-09-24,12.0,24.0,71.0,71233,1460,3,2
154678,Watashi dake no Okosama Lunch,2022-09-23,1.0,7.0,63.0,823,6,5,2
144687,Delicious Party♡Precure: Yumemiru♡Okosama Lunch!,2022-09-23,1.0,64.0,68.0,1801,21,1,2
189708,Charisma tte Ii na,2022-09-21,1.0,3.0,,99,1,2,2
155199,Miaomiao Ruci Yaorao,2022-09-19,19.0,3.0,,47,1,3,2
154834,Rebellion,2022-09-19,1.0,3.0,69.0,669,17,2,2
155841,Hidden Region,2022-09-18,1.0,2.0,62.0,428,6,2,2
154955,Akuyaku Reijou nano de Last Boss wo Kattemimashita Mini,2022-09-17,27.0,1.0,53.0,1072,15,3,2
141897,Jiaonang Jihua,2022-09-16,12.0,,,358,6,3,2
139643,Ame wo Tsugeru Hyouryuu Danchi,2022-09-16,1.0,120.0,73.0,35816,595,3,2
154953,Mikage Nikki,2022-09-15,1.0,3.0,52.0,235,1,2,2
154895,Natsugare,2022-09-15,1.0,4.0,61.0,587,3,2,2
166218,Tunshi Xingkong 3,2022-09-14,33.0,21.0,79.0,1511,71,3,2
158562,TIME,2022-09-14,1.0,4.0,50.0,155,2,2,2
137819,Yojouhan Time Machine Blues,2022-09-14,6.0,18.0,81.0,25606,481,3,2
120377,Cyberpunk: Edgerunners,2022-09-13,10.0,24.0,85.0,381143,29588,3,2
158542,Dokusou Shuusa,2022-09-12,1.0,5.0,59.0,320,1,2,2
154591,Let You Down,2022-09-12,1.0,5.0,80.0,11978,367,2,2
157800,Tsukasa's♪Kitchen,2022-09-11,1.0,2.0,62.0,848,5,2,2
154552,Onomatopoeia Rap ~Natsu Asobi-hen~,2022-09-11,1.0,2.0,61.0,407,6,2,2
154468,Duxing Yueqiu,2022-09-10,12.0,3.0,,136,0,3,2
153567,Harem Camp!,2022-09-09,8.0,7.0,63.0,5402,212,3,2
142769,"Natsu e no Tunnel, Sayonara no Deguchi",2022-09-09,1.0,83.0,80.0,108949,3480,1,2
158568,Shijuuku Nichi,2022-09-05,1.0,4.0,,125,1,2,2
154341,MEE,2022-09-04,1.0,2.0,,140,0,1,2
153412,Duel Masters WIN,2022-09-04,29.0,24.0,49.0,519,6,6,2
156480,UFO wo Yobu Dance,2022-09-03,1.0,4.0,,117,0,2,2
154150,Douluo Dalu: Nu Shi Mo Zhan,2022-09-03,3.0,22.0,77.0,1204,43,3,2
151072,Iinchou wa Saimin Appli wo Shinjiteru.,2022-09-02,1.0,16.0,67.0,2515,109,4,2
132055,Uta no☆Prince-sama♪ Maji LOVE ST☆RISH Tours,2022-09-02,1.0,66.0,66.0,1777,22,1,2
188827,Mini Teukgongdae V Rangers,2022-09-01,26.0,11.0,,29,0,7,2
146722,JoJo no Kimyou na Bouken: Stone Ocean Part 2,2022-09-01,26.0,24.0,82.0,123408,4203,3,2
122516,Tianmei de Yaohen,2022-09-01,12.0,11.0,60.0,4087,87,3,2
169770,Xinghe Zhizun 3,2022-08-31,72.0,,,83,1,3,2
186586,"NEVER LOSE, MY RULE",2022-08-30,1.0,2.0,56.0,263,1,2,2
137677,Libashanhe Xi Zitang,2022-08-29,20.0,9.0,50.0,217,7,3,2
154688,Ryuuutto Kite Kyuuu!!!,2022-08-28,1.0,2.0,59.0,967,8,2,2
142173,ETERNITY MEMORIES,2022-08-28,1.0,50.0,67.0,1701,18,5,2
182545,Aware! Meisaku-kun: Ryuuguuchuu-hen,2022-08-26,14.0,5.0,,54,1,7,2
150157,Kitsune Musume no Ecchi na Oyado,2022-08-26,2.0,17.0,58.0,1563,45,4,2
147929,Kisaku Reiwa Ban,2022-08-26,1.0,30.0,51.0,650,9,4,2
125440,Rilakkuma to Yuuenchi,2022-08-25,8.0,16.0,67.0,2037,27,3,2
193414,MyGO!!!!! Member no Nichijou,2022-08-24,57.0,1.0,63.0,589,6,3,2
155842,Higasa,2022-08-24,1.0,5.0,53.0,208,1,2,2
155631,Pocket no Naka,2022-08-24,1.0,6.0,53.0,201,0,2,2
154020,MILGRAM Second Season,2022-08-24,10.0,3.0,83.0,2245,111,2,2
154001,Kaze no Yukue,2022-08-24,1.0,5.0,77.0,2478,64,2,2
148379,BANZAI! digital trippers,2022-08-24,1.0,8.0,71.0,1331,16,2,2
155625,Hyouhakusha,2022-08-23,1.0,4.0,51.0,352,7,2,2
126439,Shan Hai Juelun,2022-08-23,17.0,18.0,,200,7,3,2
177458,Cap Kakumei Bottleman DX: Side Story,2022-08-21,8.0,5.0,,60,0,3,2
156865,Back to You,2022-08-21,1.0,5.0,55.0,241,1,3,2
153931,Flashback Insanity,2022-08-21,1.0,4.0,,109,1,2,2
146321,D4DJ Double Mix,2022-08-19,1.0,24.0,71.0,5197,73,5,2
138611,Xi Xing Ji: Qiong Qi Didong,2022-08-19,1.0,,,176,1,1,2
138065,Xin Shen Bang: Yang Jian,2022-08-19,1.0,,67.0,996,24,1,2
125261,Tsurune: Hajimari no Issha,2022-08-19,1.0,102.0,74.0,8719,63,1,2
122511,Long Zu,2022-08-19,17.0,18.0,73.0,28642,675,3,2
157648,"Iro wo Shiru Tabi, Sekai ga Hiroku Naru.",2022-08-18,2.0,2.0,49.0,402,5,3,2
153906,Tekken: Bloodline,2022-08-18,6.0,25.0,63.0,11316,153,3,2
159052,Monster Disco,2022-08-17,1.0,3.0,51.0,225,0,2,2
158566,Tsuki ga Michiru,2022-08-17,1.0,3.0,56.0,179,2,2,2
153986,Tot Musica,2022-08-17,1.0,3.0,80.0,4418,132,2,2
153777,Wan Jie Duzun 2,2022-08-16,224.0,,64.0,752,39,3,2
153775,Saikyoutic Polka,2022-08-16,1.0,4.0,65.0,776,10,2,2
153418,Wangu Shenhua,2022-08-15,280.0,8.0,57.0,520,28,3,2
159455,Koneko no Haitatsuin Uunyan,2022-08-13,1.0,7.0,54.0,282,7,3,2
153507,Shanhai Jing: Zaijian Gaoshou,2022-08-13,1.0,99.0,,95,2,1,2
153424,Douluo Dalu: Di Ying Laixi,2022-08-13,3.0,22.0,77.0,1224,43,3,2
151280,Sancun Renjian,2022-08-11,16.0,15.0,,216,10,3,2
153982,Sekai no Tsuzuki,2022-08-10,1.0,5.0,75.0,2235,48,2,2
151691,Fei Ren Zai 2,2022-08-10,12.0,6.0,52.0,247,1,3,2
155005,Unleash!!!!!,2022-08-09,1.0,3.0,61.0,355,4,2,2
156061,Nanashi Kaidan,2022-08-08,10.0,3.0,40.0,641,0,3,2
154418,Find Your One Way,2022-08-08,1.0,2.0,71.0,811,25,2,2
155207,Nee yo na,2022-08-06,1.0,2.0,,101,0,2,2
153973,Utakata Lullaby,2022-08-06,1.0,3.0,76.0,2569,61,2,2
141902,ONE PIECE FILM: RED,2022-08-06,1.0,115.0,78.0,77722,2108,1,2
155773,Dorothy,2022-08-05,1.0,2.0,,139,3,2,2
153348,hololive Summer 2022,2022-08-05,4.0,4.0,59.0,994,20,3,2
146632,Gundam: G no Reconguista V - Shisen wo Koete,2022-08-05,1.0,95.0,69.0,1430,21,1,2
136459,Boku wa Chiisana Succubus no Shimobe,2022-08-05,2.0,15.0,68.0,2951,128,4,2
153287,Ima ni Mitero yo!,2022-08-04,1.0,3.0,50.0,161,0,2,2
148042,Yoru wa Neko to Issho,2022-08-04,30.0,3.0,71.0,6400,110,7,2
141351,Kakegurui Twin,2022-08-04,6.0,27.0,71.0,50159,520,3,2
174280,Mini Mini Pocket no Ookina Niwa de,2022-08-03,1.0,6.0,,93,4,1,2
150575,Sekai no Owari ni Shiba Inu to,2022-08-02,72.0,2.0,59.0,3383,25,3,2
122509,Zhu Xian,2022-08-02,26.0,20.0,71.0,1999,98,3,2
187517,Ganbare! Choushuu-kun,2022-08-01,60.0,1.0,,35,0,7,2
169358,Minami no Shima no Hamehameha Daiou,2022-08-01,1.0,2.0,,42,0,2,2
149073,Boku no Hero Academia 5 (ONA),2022-08-01,2.0,23.0,68.0,20909,229,3,2
131912,Fuuto Tantei,2022-08-01,12.0,25.0,71.0,22349,420,3,2
153200,Fanren Xiu Xian Zhuan: Chu Ru Xing Hai,2022-07-31,12.0,19.0,72.0,641,29,3,2
153146,Uta no☆Prince-sama♪ Maji LOVE ST☆RISH Tours: Tabi no Hajimari,2022-07-31,1.0,48.0,63.0,1166,14,5,2
151659,Saint Seiya: Knights of the Zodiac Battle Sanctuary,2022-07-31,12.0,23.0,57.0,1508,19,3,2
137728,Dou Po Cangqiong: Nian Fan,2022-07-31,52.0,24.0,82.0,2899,186,3,2
132530,Hanhua Riji 3,2022-07-31,12.0,15.0,73.0,1277,26,3,2
122531,Hun Hou Richang,2022-07-31,24.0,,,76,0,3,2
152962,I’m Your Treasure Box＊Anata wa Marine Senchou Otakara Bako kara Mitsuketa.,2022-07-30,1.0,4.0,78.0,4265,113,2,2
152488,Mini Shijie: Juexing,2022-07-30,1.0,96.0,,49,0,1,2
151635,Fatchi Baike 6,2022-07-30,12.0,6.0,,33,0,3,2
141879,Shicao Lao Long Bei Guanyi E Long Zhi Ming,2022-07-30,12.0,13.0,65.0,10968,146,3,2
148148,SUMMER: Inaka No Seikatsu,2022-07-29,,20.0,60.0,1752,74,4,4
148147,Haji+,2022-07-29,2.0,25.0,55.0,1088,31,4,2
148112,SLEEPLESS: A Midsummer Night's Dream - The Animation,2022-07-29,2.0,20.0,51.0,2150,53,4,2
144506,Doukyuusei Remake The Animation,2022-07-29,2.0,30.0,62.0,1452,48,4,2
126394,Hei Men,2022-07-29,12.0,20.0,49.0,400,5,3,2
205752,Overd,2022-07-28,1.0,3.0,,108,3,2,2
153278,Knock on the new world,2022-07-28,1.0,4.0,,141,1,2,2
146501,BanG Dream! Morfonication,2022-07-28,2.0,24.0,73.0,4441,84,5,2
153840,Midori no Makibao: Owaranai Chоusen!!,2022-07-27,1.0,5.0,,113,2,5,2
151636,Zetsubou-san,2022-07-27,1.0,3.0,,117,1,2,2
143082,Sasaki to Miyano: Koi ni Kizuku Mae no Chottoshita Hanashi.,2022-07-27,1.0,23.0,77.0,14768,229,4,2
141881,Kao Ni La! Zhanshen Xitong,2022-07-27,16.0,20.0,70.0,7902,175,3,2
141873,Xing Yuan Zhi Zhu,2022-07-27,48.0,8.0,50.0,291,11,3,2
133730,Shaonian Bai Ma Zui Chun Feng,2022-07-27,10.0,18.0,60.0,581,19,3,2
152804,Kumorizora no Mukou wa Hareteiru,2022-07-26,1.0,5.0,64.0,572,4,2,2
141866,Bai Yao Pu: Jingshi Pian,2022-07-25,12.0,20.0,71.0,1387,32,3,2
134102,Shi Shaoxia Ganjue Hao Gudan,2022-07-25,36.0,9.0,,356,6,3,2
149326,Saikin Yatotta Maid ga Ayashii,2022-07-24,11.0,23.0,63.0,48806,635,6,2
152213,Douluo Dalu: Benfu Qianxian,2022-07-23,3.0,21.0,77.0,1252,45,3,2
141900,Zhanguo Qiannian,2022-07-23,16.0,15.0,58.0,289,15,3,2
134101,Shen Lan Qi Yu Wushuang Zhu,2022-07-23,15.0,,67.0,844,49,3,2
169383,Ohiru no Shocker-san: The Movie,2022-07-22,1.0,2.0,,40,0,1,2
153286,Natsu ni Saku,2022-07-22,1.0,3.0,52.0,177,1,2,2
150697,Obey Me! The Anime Season 2,2022-07-22,12.0,6.0,68.0,4924,91,3,2
148179,RE:cycle of the PENGUINDRUM: Kouhen - Boku wa Kimi wo Aishiteru,2022-07-22,1.0,142.0,73.0,2569,40,1,2
146631,Gundam: G no Reconguista IV - Gekitou Ni Sakebu Ai,2022-07-22,1.0,101.0,70.0,1443,17,1,2
129251,Shen Mu,2022-07-21,16.0,,66.0,1161,43,3,2
129196,Dungeon ni Deai wo Motomeru no wa Machigatteiru Darou ka IV: Shin Shou Meikyuu-hen,2022-07-21,11.0,24.0,77.0,127581,2436,6,2
151313,Yanguang Coffee Ting Zhi Xin You Ji,2022-07-20,52.0,5.0,,209,3,3,2
148334,Xian Mu,2022-07-20,60.0,12.0,,294,12,3,2
137742,Yi Nian Yongheng: Chuancheng Pian,2022-07-20,20.0,19.0,79.0,2661,102,3,2
152603,Anata no France wa Donna Tokoro?,2022-07-18,1.0,2.0,55.0,492,2,3,2
154539,Chiichai! Maou-sama!!,2022-07-17,24.0,1.0,50.0,1081,9,3,2
152633,Liella no Uta 2,2022-07-17,12.0,1.0,67.0,1565,19,7,2
152472,I Sekai Kongou dai Butoukai,2022-07-17,1.0,4.0,50.0,143,0,2,2
140642,Love Live! Superstar!! 2nd Season,2022-07-17,12.0,24.0,75.0,15597,352,6,2
137730,Dou Po Cangqiong: Yuanqi,2022-07-17,3.0,29.0,74.0,1269,59,3,2
152636,Blue Archive: 1.5 Shuunen Kinen Short Animation,2022-07-16,1.0,9.0,68.0,2733,44,5,2
137602,Chong Chu Diqiu,2022-07-16,1.0,100.0,,189,2,1,2
196244,Xi Yangyang Yu Hui Tailang: Qimiao da Yingjiu,2022-07-15,60.0,15.0,,29,1,7,2
155525,Aikatsu Planet! Movie,2022-07-15,1.0,43.0,59.0,801,9,1,2
150909,5-Oku-nen Button,2022-07-15,12.0,21.0,52.0,1256,14,6,2
148960,Aikatsu! 10th STORY: Mirai e no STARWAY,2022-07-15,1.0,25.0,74.0,1224,15,1,2
146565,Cang Lan Jue,2022-07-15,12.0,,67.0,3279,79,3,2
146922,Kidou Senshi Gundam: Suisei no Majo - PROLOGUE,2022-07-14,1.0,24.0,78.0,33702,410,5,2
130592,Hataraku Maou-sama!!,2022-07-14,12.0,24.0,65.0,156688,1674,6,2
140753,SHINE POST,2022-07-13,12.0,23.0,72.0,11217,174,6,2
146637,ORIENT: Awajishima Gekitou-hen,2022-07-12,12.0,24.0,69.0,18803,293,6,2
148492,KJ File,2022-07-11,13.0,4.0,42.0,2567,34,7,2
145001,Extreme Hearts,2022-07-10,12.0,24.0,62.0,6066,62,6,2
142876,Dr. STONE: Ryuusui,2022-07-10,1.0,55.0,81.0,122196,1928,5,2
137621,Hanabi-chan wa Okure-gachi,2022-07-10,12.0,5.0,58.0,2572,12,7,2
136707,Isekai Yakkyoku,2022-07-10,12.0,24.0,72.0,88506,1661,6,2
126402,Shanghai Gushi,2022-07-10,8.0,15.0,,285,3,3,2
151634,Si Wuxie,2022-07-09,12.0,6.0,,84,1,3,2
145260,Kuro no Shoukanshi,2022-07-09,12.0,24.0,69.0,95039,1884,6,2
144509,Prima Doll,2022-07-09,12.0,24.0,67.0,15050,222,6,2
144323,Hoshi no Samidare,2022-07-09,24.0,24.0,50.0,22533,182,6,2
139093,Shadows House 2nd Season,2022-07-09,12.0,24.0,79.0,45297,908,6,2
154540,Fudanshi Shoukan: Isekai de Shinjuu ni Hameraremashita Mini Anime 3rd Season,2022-07-08,3.0,2.0,47.0,585,1,3,2
147430,Natsuyasumi Ake no Kanojo wa...,2022-07-08,2.0,20.0,55.0,1794,67,4,2
146650,Bucchigire!,2022-07-08,12.0,24.0,56.0,14922,118,6,2
146583,Wo Shi Nezha 2: Danao Dong Hai,2022-07-08,1.0,89.0,,139,4,3,2
144858,CHIMIMO,2022-07-08,12.0,24.0,65.0,1850,34,6,2
141391,Yofukashi no Uta,2022-07-08,13.0,23.0,79.0,279253,11035,6,2
135177,Osomatsu-san: Hipipo-Zoku to Kagayaku Kajitsu,2022-07-08,1.0,68.0,56.0,1285,10,1,2
132804,Zannen na Ikimono Jiten The Movie,2022-07-08,1.0,91.0,,177,2,1,2
128223,Soredemo Ayumu wa Yosetekuru,2022-07-08,12.0,24.0,69.0,60924,893,6,2
122688,Jian Wang 3: Xia Gan Yi Dan Shen Jianxin 3 Part 1,2022-07-08,12.0,20.0,,308,7,3,2
140187,Shin Tennis no Ouji-sama: U-17 WORLD CUP,2022-07-07,13.0,24.0,67.0,5105,80,6,2
138882,Kumichou Musume to Sewagakari,2022-07-07,12.0,24.0,77.0,85873,1944,6,2
153966,Gyakkou,2022-07-06,1.0,4.0,80.0,3148,78,2,2
149874,Warau Arsnotoria Sun!,2022-07-06,12.0,24.0,55.0,12612,98,6,2
136934,Mamahaha no Tsurego ga Motokano datta,2022-07-06,12.0,24.0,66.0,107185,1840,6,2
135806,Isekai Oji-san,2022-07-06,13.0,24.0,76.0,132255,3236,6,2
127090,Isekai Meikyuu de Harem wo,2022-07-06,12.0,24.0,63.0,79510,1694,6,2
124641,Jashin-chan Dropkick X,2022-07-06,12.0,24.0,73.0,15095,235,6,2
117196,Tokyo Mew Mew New~♡,2022-07-06,12.0,24.0,64.0,18951,260,6,2
114745,Made in Abyss: Retsujitsu no Ougonkyou,2022-07-06,12.0,24.0,85.0,154872,5715,6,2
154385,"Kanojo, Okarishimasu 2nd Season Petit",2022-07-05,12.0,1.0,51.0,1805,15,3,2
151898,Overlord: Ple Ple Pleiades 4,2022-07-05,13.0,2.0,66.0,5789,57,3,2
147212,Wo Kao Chongzhi Dang Wudi,2022-07-05,90.0,,54.0,402,10,3,2
146210,Kinsou no Vermeil: Gakeppuchi Majutsushi wa Saikyou no Yakusai to Mahou Sekai wo Tsukisusumu,2022-07-05,12.0,24.0,67.0,110213,2497,6,2
141878,Meng Qi Shi Shen: Huanxi Zhui Hun,2022-07-05,12.0,18.0,73.0,2511,52,3,2
139212,Cardfight!! Vanguard: will+Dress,2022-07-05,13.0,24.0,65.0,2704,47,6,2
133844,Overlord IV,2022-07-05,13.0,24.0,80.0,176752,4820,6,2
151884,Bremen,2022-07-04,1.0,5.0,55.0,249,2,2,2
146648,Tuanzimen De Shiming,2022-07-04,12.0,3.0,,112,1,3,2
145545,Youkoso Jitsuryoku Shijou Shugi no Kyoushitsu e 2nd Season,2022-07-04,13.0,24.0,79.0,259393,7059,6,2
136796,"Mori no Kuma-san, Toumin-chuu.",2022-07-04,9.0,7.0,55.0,1920,36,3,2
129192,"Tensei Kenja no Isekai Life: Daini no Shokugyou wo Ete, Sekai Saikyou ni Narimashita",2022-07-04,12.0,24.0,61.0,85345,1404,6,2
122522,Huanmeng Shan Hai Yao,2022-07-04,15.0,,,301,6,3,2
151511,Xianwu Cangqiong,2022-07-03,48.0,8.0,52.0,253,10,3,2
146668,RWBY: Hyousetsu Teikoku,2022-07-03,12.0,24.0,61.0,42977,585,6,2
146625,Engage Kiss,2022-07-03,13.0,24.0,66.0,91221,1466,6,2
145468,Yurei Deco,2022-07-03,12.0,24.0,57.0,8917,41,6,2
112640,Utawarerumono: Futari no Hakuoro,2022-07-03,28.0,24.0,73.0,12562,199,6,2
103118,Renmei Kuugun Koukuu Mahou Ongakutai: Luminous Witches,2022-07-03,12.0,24.0,63.0,9315,111,6,2
174452,Shinsekai He,2022-07-02,1.0,4.0,,103,0,2,2
163274,Bath Time Planetarium,2022-07-02,1.0,4.0,,82,0,2,2
158639,Sakuretsu! Amabie-hime.,2022-07-02,12.0,3.0,,130,0,7,2
152212,Douluo Dalu: Gui Zong Zhi Lu,2022-07-02,3.0,21.0,76.0,1253,45,3,2
151128,iii icecrin Double,2022-07-02,12.0,4.0,,175,1,7,2
149095,Jidao Long Shen,2022-07-02,40.0,,55.0,355,16,3,2
143417,Teppen!!!!!!!!!!!!!!!,2022-07-02,12.0,24.0,63.0,9189,82,6,2
143270,Lycoris Recoil,2022-07-02,13.0,24.0,81.0,209509,9686,6,2
142095,Kami Kuzu☆Idol,2022-07-02,10.0,24.0,66.0,9356,67,6,2
141775,Shoot! Goal to the Future,2022-07-02,13.0,24.0,48.0,5756,42,6,2
136064,Bakuten!! Movie,2022-07-02,1.0,90.0,76.0,8831,109,1,2
124410,"Kanojo, Okarishimasu 2nd Season",2022-07-02,12.0,24.0,65.0,136283,1922,6,2
98577,Musashino!,2022-07-02,12.0,4.0,41.0,3114,9,7,2
152309,VOICE,2022-07-01,1.0,4.0,51.0,152,1,2,2
151743,Mahou no nai Sekai de Ikiru to Iu Koto,2022-07-01,1.0,7.0,73.0,2200,55,1,2
147578,Seika Jogakuin Kounin Sao Oji-san,2022-07-01,6.0,17.0,73.0,4303,288,4,2
104460,Yuru Camp△ Movie,2022-07-01,1.0,120.0,83.0,39222,832,1,2
153765,Petit! Tokyo Mew Mew New~♡,2022-06-30,43.0,1.0,54.0,687,11,3,2
144677,BASTARD!!: Ankoku no Hakaishin (ONA),2022-06-30,24.0,24.0,63.0,32173,519,3,2
158565,Noisy Rainy,2022-06-29,1.0,3.0,,125,1,2,2
137734,Ani ni Tsukeru Kusuri wa Nai! 5,2022-06-29,12.0,4.0,71.0,5699,69,3,2
129250,Shen Ji Long Wei,2022-06-26,26.0,,51.0,389,16,3,2
169917,Comedy na Hero ni Nareta Nara,2022-06-24,1.0,3.0,,100,1,2,2
160856,Sore Ike! Anpanman: Dororin to Bakeru Carnival,2022-06-24,1.0,65.0,,123,0,1,2
154117,Heartbeat,2022-06-24,1.0,3.0,,90,0,2,2
151126,"Yuusha, Yamemasu: Kenshuu Ryokou wa Mokuteki wo Miushinau na",2022-06-24,2.0,14.0,65.0,17015,187,4,2
150080,Xing Wu Shen Jue 2,2022-06-24,40.0,,59.0,415,20,3,2
147287,JK Genkai Koubi: Goui Sounyuu de Bachibachi Nikuana-ka,2022-06-24,2.0,15.0,62.0,1874,73,4,2
146951,#Ima made de Ichiban Yokatta Sex The Animation,2022-06-24,2.0,17.0,62.0,2039,67,4,2
146837,Tsugunai,2022-06-24,4.0,24.0,56.0,1428,54,4,2
146742,Otome wa Boku ni Koishiteru: Mittsu no Kiraboshi - The Animation (2022),2022-06-24,2.0,18.0,54.0,1269,18,4,2
146741,Pandemic,2022-06-24,1.0,20.0,48.0,1224,28,4,2
145916,IDOL bu SHOW Movie,2022-06-24,1.0,64.0,47.0,704,3,1,2
152308,Abyssal Zone,2022-06-23,1.0,3.0,55.0,126,0,2,2
151327,Shitteiru Tegami,2022-06-23,1.0,1.0,52.0,207,0,2,2
153964,Watashi wa Saikyou,2022-06-22,1.0,4.0,74.0,2454,40,2,2
151063,Menghuan Shuyuan 7,2022-06-20,12.0,2.0,,46,1,3,2
137643,Jiandao Di Yi Xian,2022-06-20,140.0,8.0,55.0,481,16,3,2
108353,SPRIGGAN (ONA),2022-06-18,6.0,45.0,67.0,18449,229,3,2
151196,FUTURE EVE,2022-06-17,1.0,4.0,55.0,282,4,2,2
140765,Kaitou Queen wa Circus ga Osuki,2022-06-17,1.0,59.0,56.0,1532,15,4,2
214077,Rebirth: Yuu vs. Great-O-Kahn,2022-06-15,2.0,3.0,,36,1,3,2
163822,Ni Tian Jian Shen 6,2022-06-15,26.0,12.0,,66,0,3,2
153959,Shin Jidai,2022-06-15,1.0,4.0,80.0,3596,78,2,2
151008,Serenade,2022-06-15,1.0,5.0,,105,0,2,2
150947,Shaonian Ge Xing: Feng Hua Xue Yue Pian Special,2022-06-15,1.0,23.0,,197,6,3,2
150910,Otose Thunder,2022-06-12,1.0,4.0,,118,1,2,2
152211,Douluo Dalu: Ayin Fuhuo,2022-06-11,3.0,17.0,77.0,1285,41,3,2
133898,Dragon Ball Super: Super Hero,2022-06-11,1.0,99.0,76.0,52956,1193,1,2
138425,Karakai Jouzu no Takagi-san Movie,2022-06-10,1.0,73.0,83.0,30592,863,1,2
117074,Isekai Quartet: Another World,2022-06-10,1.0,112.0,73.0,30259,291,1,2
154200,Knickknack Kingdom,2022-06-08,1.0,3.0,51.0,140,5,2,2
150848,HELLO CALLiNG,2022-06-08,1.0,2.0,60.0,349,0,2,2
150583,Yofukashi no Uta Mini,2022-06-06,22.0,1.0,61.0,3101,53,3,2
150512,Criticism,2022-06-05,1.0,3.0,,148,0,2,2
149810,Shishang Zui Qiang Nan Zhujue,2022-06-05,48.0,,52.0,313,10,3,2
150546,Tensei Ringo,2022-06-03,1.0,4.0,64.0,438,8,2,2
150430,Tarinai,2022-06-03,1.0,3.0,,116,0,2,2
146282,Kyonyuu Onna Senshi Dogeza Saimin,2022-06-03,2.0,16.0,65.0,2489,117,4,2
139273,Kidou Senshi Gundam: Cucuruz Doan no Shima,2022-06-03,1.0,109.0,73.0,6039,78,1,2
130705,Tongari Atama no Gonta: Futatsu no Namae wo Ikita Fukushima Hisai Inu no Monogatari,2022-06-03,1.0,114.0,,797,2,1,2
150673,milk crown,2022-06-02,1.0,4.0,,170,2,2,2
188064,Safari Bus Tayo,2022-06-01,8.0,8.0,,26,0,3,2
149703,Xin Weiqi Shaonian,2022-06-01,52.0,22.0,,126,1,3,2
137736,Xi Xing Ji 4,2022-06-01,12.0,,57.0,287,12,3,2
154173,Nanamental,2022-05-30,20.0,1.0,,160,0,3,2
150202,Gekkou,2022-05-30,1.0,4.0,54.0,281,1,2,2
129652,Xiong Bing Lian 3: Leiting Wan Jun,2022-05-29,27.0,,,174,9,3,2
150548,Matsurika,2022-05-28,1.0,4.0,,84,0,2,2
109928,Inu-ou,2022-05-28,1.0,97.0,78.0,20500,563,1,2
144996,Harem Cult side HAREM,2022-05-27,4.0,22.0,60.0,2039,81,4,2
174125,Gugumi-chan,2022-05-25,3.0,5.0,,88,0,3,2
154176,"Kanojo, Okarishimasu 2nd Season: Date Movie",2022-05-25,12.0,2.0,61.0,4722,54,3,2
150545,"Sekai, Nishihara Shoukai no Sekai! Part 2 Gyaku featuring CRAZY KEN BAND",2022-05-24,1.0,7.0,,82,0,2,2
154178,"Yuusha, Yamemasu Puchi Hiroma",2022-05-23,6.0,1.0,51.0,1182,9,3,2
117756,Koukaku Kidoutai: SAC_2045 Season 2,2022-05-23,12.0,25.0,66.0,5653,97,3,2
153657,Youkoso Hoshi no Oyado,2022-05-22,1.0,4.0,50.0,205,2,2,2
149847,Mr.,2022-05-22,1.0,3.0,61.0,526,3,2,2
149799,Douluo Dalu: Fenghuo Buxi,2022-05-21,3.0,17.0,78.0,1362,50,3,2
149701,Jian Xian Zaici,2022-05-21,36.0,,49.0,300,9,3,2
141882,Zanting! Rang Wo Cha Gonglüe,2022-05-21,12.0,18.0,59.0,4015,52,3,2
150700,Hikousen,2022-05-20,1.0,4.0,,137,1,2,2
143388,Unmei Sensen Liddell-light,2022-05-20,1.0,,,80,0,5,2
143387,Soundback: Kanade no Ishi,2022-05-20,1.0,,,68,0,5,2
131520,Go-toubun no Hanayome Movie,2022-05-20,1.0,136.0,78.0,115031,3582,1,2
130305,Toku: Touken Ranbu - Hanamaru - Setsugetsuka,2022-05-20,3.0,72.0,64.0,1669,21,1,2
149871,THE FINEST,2022-05-19,1.0,3.0,52.0,182,1,2,2
149498,Shu Ling Ji 3,2022-05-18,60.0,,,91,1,3,2
145813,Yuki Hodokishi Futaai,2022-05-18,3.0,10.0,73.0,8803,101,3,2
136303,Shin Ikkitousen,2022-05-17,3.0,26.0,57.0,8748,90,6,2
108357,Vampire in the Garden,2022-05-16,5.0,26.0,70.0,32781,660,3,2
113689,Jewelpet: Attack Travel!,2022-05-14,1.0,23.0,49.0,463,3,3,2
149038,Tokyo Koya,2022-05-12,1.0,4.0,,138,3,2,2
151661,Dakishimetai Hodo Utsukushii Hibi ni,2022-05-10,1.0,3.0,,110,3,2,2
183474,Yankee Hamster Season 3,2022-05-06,50.0,2.0,,54,0,3,2
149923,Toumei na Shinzou ga Naiteita,2022-05-06,1.0,3.0,51.0,148,1,2,2
148643,GIVE ME RICE,2022-05-06,1.0,3.0,52.0,164,2,2,2
213379,Dramatic Nounai,2022-05-05,4.0,3.0,,32,1,7,2
147887,Qing Chi Hong Xiao Dou Ba! 0.5,2022-05-05,16.0,2.0,,63,0,3,2
158621,Haru ni Nattara: Koguma no Yuugo Monogatari,2022-05-03,1.0,18.0,,93,0,1,2
148226,Jiu Tian Xuan Di Jue 2,2022-05-02,52.0,,57.0,439,11,3,2
122670,Wu Dong Qiankun 3,2022-05-01,12.0,25.0,74.0,1418,69,3,2
150973,Itsuwari,2022-04-29,1.0,4.0,,72,1,2,2
150542,Who knows the answer,2022-04-29,1.0,5.0,,113,0,2,2
149915,Mondainai Tripper!,2022-04-29,1.0,4.0,53.0,208,3,2,2
148303,Noroshi,2022-04-29,1.0,4.0,55.0,189,3,2,2
148291,Managarmr,2022-04-29,1.0,4.0,,113,1,2,2
146553,AOTU Shijie 4,2022-04-29,20.0,18.0,,85,2,3,2
132232,RE:cycle of the PENGUINDRUM: Zenpen - Kimi no Ressha wa Seizon Senryaku,2022-04-29,1.0,124.0,71.0,7427,50,1,2
158671,DIVING,2022-04-28,1.0,3.0,51.0,180,0,1,2
148771,INSIDE,2022-04-28,1.0,3.0,46.0,171,0,2,2
148295,Kakkou no Iikagen!,2022-04-28,22.0,2.0,53.0,1351,5,3,2
146409,Shen Yin Wangzuo,2022-04-28,26.0,20.0,78.0,3249,215,3,2
145016,Isekai Yarisaa,2022-04-28,2.0,20.0,66.0,3452,151,4,2
142455,Bubble,2022-04-28,1.0,100.0,71.0,91214,1922,3,2
141898,Huang Yan,2022-04-28,16.0,14.0,52.0,531,4,3,2
148819,Nana Lucky: Seven Lucky Gods,2022-04-27,12.0,10.0,40.0,213,0,3,2
148104,Marine Shukkou!!,2022-04-27,1.0,2.0,72.0,2627,35,2,2
147886,Shijian Qiutu 2,2022-04-27,12.0,15.0,,166,6,3,2
138700,Yuukoku no Moriarty OVA,2022-04-27,2.0,24.0,77.0,17798,245,4,2
133866,Xun Jian,2022-04-26,12.0,,55.0,247,9,3,2
114108,Zuihou De Zhaohuan Shi,2022-04-26,12.0,23.0,63.0,27796,458,3,2
149071,Fanren Xiu Xian Zhuan: Zai Bie Tiannan,2022-04-24,14.0,19.0,71.0,719,31,3,2
148434,Ai wo Kure,2022-04-24,1.0,3.0,,140,3,2,2
146729,Ruguo Lishi Shi Yi Qun Miao 8,2022-04-24,12.0,7.0,,71,0,3,2
132052,Kakkou no Iinazuke,2022-04-24,24.0,23.0,67.0,112620,1875,6,2
177060,Xiaoke de Huatu Xie Hua: Pan Xie Yu Luo,2022-04-23,1.0,2.0,54.0,241,2,3,2
169884,GYB!!,2022-04-23,1.0,2.0,52.0,183,2,2,2
159581,Yao Shen Ji 6,2022-04-23,52.0,8.0,68.0,783,16,3,2
147934,Bokura no Saishuu Sensou,2022-04-23,1.0,3.0,,134,0,2,2
146730,Fatchi Baike 5,2022-04-23,12.0,6.0,,34,1,3,2
126369,Ni Zhenshi Ge Tiancai,2022-04-23,24.0,8.0,53.0,330,9,3,2
172896,Tomica Heroes Jobraver: Tokusou Gattai Robo,2022-04-22,37.0,6.0,,87,0,3,2
148923,Amulet,2022-04-22,1.0,5.0,,100,0,2,2
142549,Crayon Shin-chan: Mononoke Ninja Chinpuuden,2022-04-22,1.0,100.0,69.0,1391,15,1,2
133124,Free!: the Final Stroke - Kouhen,2022-04-22,1.0,105.0,78.0,12602,204,1,2
151780,Balala Xiao Moxian: Mofa Xing Yuan Bao,2022-04-21,26.0,23.0,,168,3,6,2
141869,Jun You Yun,2022-04-21,24.0,15.0,62.0,681,33,3,2
181831,Madtoy Chatty,2022-04-20,50.0,1.0,,33,0,7,2
158564,Baby I Hate You,2022-04-20,1.0,3.0,52.0,154,3,2,2
148182,Shinzou,2022-04-20,1.0,4.0,61.0,261,9,2,2
170056,Etopirika: Omoi wo Tsumugu Tori,2022-04-19,1.0,24.0,,81,0,3,2
147933,Soumatou,2022-04-19,1.0,5.0,,105,1,2,2
146512,Xingji Yi You,2022-04-18,12.0,8.0,,246,0,3,2
147777,Tekketsu†Gravity,2022-04-17,1.0,4.0,,59,1,2,2
148395,Tomadoi Rythem,2022-04-15,1.0,3.0,,131,1,2,2
142219,Meitantei Conan: Halloween no Hanayome,2022-04-15,1.0,110.0,80.0,6813,137,1,2
141368,"Otaku ni Yasashii Gal toka, Kyonyuu no Osananajimi toka.",2022-04-15,2.0,20.0,60.0,2832,91,4,2
137698,Kaiju Yi Zuo Shan,2022-04-15,12.0,,,183,2,3,2
129201,Summer Time Render,2022-04-15,25.0,24.0,83.0,223843,9658,6,2
126367,Shikong Zhi Xi,2022-04-15,13.0,18.0,59.0,2600,58,3,2
148816,Period Color,2022-04-14,1.0,2.0,58.0,336,4,2,2
109911,ULTRAMAN Season 2,2022-04-14,6.0,25.0,64.0,3503,49,3,2
147495,Doggy god's street,2022-04-13,1.0,3.0,69.0,1307,19,2,2
146541,Xinghe Zhizun 2,2022-04-13,40.0,,,295,15,3,2
143150,Kaginado Season 2,2022-04-13,12.0,4.0,72.0,4863,70,7,2
143203,Kyoukai Senki Part 2,2022-04-12,12.0,24.0,61.0,4931,58,6,2
121176,Honzuki no Gekokujou: Shisho ni Naru Tame ni wa Shudan wo Erandeiraremasen 3rd Season,2022-04-12,10.0,24.0,79.0,59590,1259,6,2
144676,Onipan!,2022-04-11,60.0,3.0,62.0,6875,45,7,2
141350,Kunoichi Tsubaki no Mune no Uchi,2022-04-10,13.0,24.0,69.0,23375,334,6,2
140350,Kingdom 4th Season,2022-04-10,26.0,25.0,85.0,19353,569,6,2
132351,"Kono Healer, Mendokusai",2022-04-10,12.0,24.0,58.0,23943,246,6,2
127911,Kawaii dake ja Nai Shikimori-san,2022-04-10,12.0,23.0,68.0,214368,4479,6,2
179870,Oshiri Tantei 6,2022-04-09,13.0,20.0,,83,0,6,2
146552,Xiao Motou Baolu La! 2,2022-04-09,13.0,6.0,62.0,682,14,3,2
142016,Yatogame-chan Kansatsu Nikki Yonsatsume,2022-04-09,10.0,3.0,60.0,3268,23,7,2
140960,SPY×FAMILY,2022-04-09,12.0,24.0,83.0,565429,26417,6,2
134732,Aoashi,2022-04-09,24.0,25.0,81.0,89848,3188,6,2
132171,Dance Dance Danseur,2022-04-09,11.0,24.0,76.0,30683,609,6,2
125367,Kaguya-sama wa Kokurasetai: Ultra Romantic,2022-04-09,13.0,24.0,89.0,290012,15769,6,2
169379,Yudatte Saikоu! Revice Anime Yukemuri Paradise A Go! Go!,2022-04-08,5.0,8.0,,58,2,3,2
146886,Jian Yu Yuanzheng - Insomnia De Naxie Shier,2022-04-08,12.0,7.0,,159,2,3,2
133175,Mahoutsukai Reimeiki,2022-04-08,12.0,24.0,62.0,56241,641,6,2
132010,Koi wa Sekai Seifuku no Ato de,2022-04-08,12.0,24.0,73.0,85579,1500,6,2
123330,Machikado Mazoku: 2-Choume,2022-04-08,12.0,24.0,78.0,28432,621,6,2
117197,TIGER & BUNNY 2,2022-04-08,13.0,24.0,73.0,8212,137,3,2
116605,Date A Live IV,2022-04-08,12.0,24.0,76.0,81775,1958,6,2
149098,Mahoutsukai Reimeiki × Machikado Mazoku 2-Choume Collab Mini Anime,2022-04-07,2.0,2.0,47.0,412,5,3,2
147188,MIRROR TUNE,2022-04-07,1.0,4.0,67.0,727,20,2,2
142984,"Komi-san wa, Komyushou desu. 2",2022-04-07,12.0,24.0,78.0,166567,3559,6,2
138459,Heroine Tarumono!: Kiraware Heroine to Naisho no Oshigoto,2022-04-07,12.0,24.0,71.0,24722,355,6,2
135384,Shachiku-san wa Youjo Yuurei ni Iyasaretai.,2022-04-07,12.0,24.0,68.0,14626,210,6,2
132474,"Gaikotsu Kishi-sama, Tadaima Isekai e Odekakechuu",2022-04-07,12.0,24.0,70.0,118735,2309,6,2
154081,Jashin-chan Dropkick X Mame Anime,2022-04-06,12.0,1.0,53.0,588,5,3,2
141014,Tomodachi Game,2022-04-06,12.0,23.0,76.0,165371,4533,3,2
140830,BIRDIE WING: Golf Girls' Story,2022-04-06,13.0,24.0,73.0,27903,470,6,2
140787,Motto! Majime ni Fumajime Kaiketsu Zorori 3rd Season,2022-04-06,25.0,24.0,,332,0,6,2
132532,Deaimon,2022-04-06,12.0,24.0,74.0,33631,523,6,2
130586,"Shijou Saikyou no Daimaou, Murabito A ni Tensei suru",2022-04-06,12.0,24.0,62.0,112245,1699,6,2
130319,RPG Fudousan,2022-04-06,12.0,24.0,63.0,18808,190,6,2
111321,Tate no Yuusha no Nariagari Season 2,2022-04-06,13.0,24.0,65.0,244191,3908,6,2
140457,"Yuusha, Yamemasu",2022-04-05,12.0,24.0,69.0,108416,1831,6,2
140002,Meitantei Conan: Zero no Tea Time,2022-04-05,6.0,15.0,69.0,5529,83,3,2
146488,Kidou Senshi Gundam 00: Revealed Chronicle,2022-04-04,3.0,9.0,46.0,1168,11,3,2
144853,Insect Land,2022-04-04,22.0,5.0,,248,0,7,2
141136,"3-byougo, Yajuu.: Goukon de Sumi ni Ita Kare wa Midara na Nikushoku deshita",2022-04-04,8.0,8.0,53.0,1890,42,3,2
140842,Chiikawa,2022-04-04,,2.0,84.0,10679,1019,7,4
133412,Healer Girl,2022-04-04,12.0,24.0,71.0,16640,425,6,2
204617,Koikeya SDGs Gekijou Suss to Tina Season 2,2022-04-03,13.0,3.0,,21,1,7,2
148376,Zombie-ttal,2022-04-03,26.0,11.0,,792,7,7,2
146865,Duel Masters King MAX,2022-04-03,17.0,24.0,49.0,435,3,6,2
145968,Cap Kakumei Bottleman DX,2022-04-03,51.0,12.0,50.0,438,11,7,2
142842,Yu☆Gi☆Oh! Go Rush!!,2022-04-03,151.0,24.0,52.0,2916,59,6,2
142074,Otomege Sekai wa Mob ni Kibishii Sekai desu,2022-04-03,12.0,24.0,71.0,127155,3038,6,2
139303,Black★★Rock Shooter: DAWN FALL,2022-04-03,12.0,24.0,55.0,13804,173,6,2
136080,Magia Record: Mahou Shoujo Madoka☆Magica Gaiden Final SEASON - Asaki Yume no Akatsuki,2022-04-03,4.0,24.0,68.0,15862,205,6,2
132526,Build Divide: Code White,2022-04-03,12.0,24.0,64.0,7306,96,6,2
143455,Jongtama PONG☆,2022-04-02,12.0,2.0,58.0,4358,29,7,2
140085,Shadowverse Flame,2022-04-02,50.0,24.0,65.0,2890,70,6,2
138452,Gunjou no Fanfare,2022-04-02,13.0,24.0,57.0,8709,54,6,2
137633,Love All Play,2022-04-02,24.0,24.0,62.0,13872,122,6,2
137281,Aharen-san wa Hakarenai,2022-04-02,12.0,24.0,71.0,126883,2414,6,2
133891,Love Live! Nijigasaki Gakuen School Idol Doukoukai 2,2022-04-02,13.0,24.0,75.0,17295,453,6,2
129193,Shokei Shoujo no Virgin Road,2022-04-02,12.0,24.0,69.0,73419,1063,6,2
125124,Rikei ga Koi ni Ochita no de Shoumei shitemita. r=1-sinθ (Heart),2022-04-02,12.0,24.0,71.0,51755,679,6,2
207211,Renzoku Liella Shousetsu: Ren-chan,2022-04-01,1.0,6.0,,117,0,3,2
200372,Ootsuchi Kai Monogatari,2022-04-01,2.0,6.0,,48,0,3,2
151660,Kenda Master Ken,2022-04-01,10.0,13.0,48.0,348,3,7,2
147226,Suisei no Freyline: Prologue,2022-04-01,1.0,7.0,48.0,700,2,5,2
143286,Inkou Kyoushi no Saimin Seikatsu Shidouroku,2022-04-01,2.0,20.0,61.0,2017,96,4,2
143080,Odd Taxi: In the Woods,2022-04-01,1.0,127.0,65.0,19496,99,1,2
155897,Wonderism: Kimi wo Yobu Koe,2022-03-31,1.0,4.0,,94,0,2,2
146934,TEMPLATE,2022-03-31,1.0,3.0,71.0,1296,27,2,2
141774,Paripi Koumei,2022-03-31,12.0,24.0,79.0,103556,2808,6,2
158676,Odd Taxi Original Picture Drama,2022-03-30,1.0,9.0,56.0,1116,2,5,2
155913,Rock'n Oyone,2022-03-30,1.0,10.0,,120,0,3,2
155911,Kirakira Kirari☆,2022-03-30,1.0,10.0,67.0,722,2,3,2
155910,Tenjin,2022-03-30,1.0,10.0,45.0,278,1,3,2
155736,Uchuu Camper Chichi,2022-03-30,1.0,9.0,49.0,379,0,3,2
147948,Touitten,2022-03-30,1.0,4.0,,120,3,2,2
146923,Genei,2022-03-30,1.0,4.0,58.0,384,5,2,2
144336,Tensai Ouji no Akaji Kokka Saisei Jutsu: Short Drama Specials,2022-03-30,4.0,3.0,62.0,3164,64,5,2
136226,Strike the Blood FINAL,2022-03-30,4.0,27.0,66.0,15038,222,4,2
145841,Tesla Note: Mickey to Oliver no Agent Yousei Kouza: Tsuika Kouza,2022-03-29,1.0,2.0,,169,1,5,2
143202,Princess Principal: Crown Handler - Chapter 2: Revealing Reviews,2022-03-29,1.0,7.0,67.0,2591,21,4,2
200647,Ojarumaru: Heianchou Onigami Kessen,2022-03-28,1.0,30.0,,24,0,5,2
154041,I Love Me,2022-03-28,3.0,10.0,,155,0,7,2
148836,Cosmos no Natsu,2022-03-28,1.0,6.0,,124,1,1,2
146866,Jongtama PONG☆Hai,2022-03-28,1.0,2.0,51.0,890,2,3,2
125447,Thermae Romae Novae,2022-03-28,11.0,29.0,70.0,10322,141,3,2
143508,Wu Ying Sanqian Dao,2022-03-27,10.0,12.0,59.0,519,18,3,2
149974,Seven Count,2022-03-26,1.0,3.0,61.0,403,2,2,2
148523,Samishii Hito,2022-03-25,1.0,3.0,,94,0,2,2
143065,Yamitsuki Mura / Melty Limit The Animation,2022-03-25,2.0,20.0,62.0,2318,77,4,2
135513,Kaede to Suzu THE ANIMATION,2022-03-25,3.0,27.0,76.0,8729,508,4,2
146655,Hakkoutai Solar Cycle,2022-03-24,1.0,5.0,59.0,456,1,2,2
143846,Arifureta Shokugyou de Sekai Saikyou 2nd season Special,2022-03-23,1.0,24.0,68.0,22111,346,5,2
137337,Non Non Biyori: Nonstop - Bukatsu wo Ganbatta,2022-03-23,1.0,22.0,80.0,10886,116,4,2
151985,Heroine Tarumono!: Kiraware Heroine to Naisho no Oshigoto Mini Anime,2022-03-22,6.0,2.0,50.0,506,2,3,2
187219,wasimo Special: Chikyuu no Mirai wo Sukue! Washimo vs Washija,2022-03-21,1.0,60.0,,22,0,5,2
170823,Echigo Bakufu,2022-03-19,28.0,2.0,,126,0,5,2
149099,Mahoutsukai Reimeiki Mini Anime,2022-03-19,20.0,2.0,50.0,698,3,3,2
146503,Tensei Shitara Slime Datta Ken: Sukuwareru Ramiris,2022-03-19,2.0,3.0,69.0,8353,138,3,2
146497,Brand new Pastel Road!,2022-03-18,1.0,4.0,63.0,612,3,2,2
146443,YOKU,2022-03-18,1.0,3.0,74.0,1880,47,2,2
142806,Oshiri Tantei: SHIRIARTY,2022-03-18,1.0,50.0,,141,3,1,2
140955,Shi Wang Zhe A?,2022-03-18,14.0,5.0,,241,2,3,2
124032,Ginga Eiyuu Densetsu: Die Neue These - Gekitotsu,2022-03-17,12.0,25.0,80.0,8230,167,3,2
159708,Suki ni Zen Furou!,2022-03-16,1.0,1.0,46.0,205,2,3,2
148821,CUE! Short Anime,2022-03-16,12.0,3.0,53.0,837,16,5,2
147930,A-men de Koi wo Shite,2022-03-16,1.0,3.0,,103,0,2,2
146485,SpoGOMI: World Cup Exhibition Match-hen,2022-03-16,1.0,29.0,46.0,444,1,3,2
141534,Mushoku Tensei: Isekai Ittara Honki Dasu Part 2 - Eris no Goblin Toubatsu,2022-03-16,1.0,24.0,78.0,83065,1096,5,2
146471,Generic Riot!!,2022-03-15,1.0,4.0,59.0,285,3,2,2
148005,Chameleon,2022-03-14,1.0,3.0,51.0,150,1,2,2
146554,Jifeng Jingshe,2022-03-14,52.0,15.0,,60,1,3,2
146316,Senkou,2022-03-12,1.0,2.0,65.0,1089,3,2,2
207215,Taikutsu wo Saien Shinaide,2022-03-11,1.0,4.0,59.0,151,3,2,2
172973,Shimajirou to Kirakira Oukoku no Ouji-sama,2022-03-11,1.0,60.0,,240,0,1,2
147728,Aharen-san wa Hakarenai Mini,2022-03-11,18.0,1.0,56.0,2341,26,3,2
146441,Darkroom,2022-03-11,1.0,3.0,54.0,281,1,2,2
138833,Abandon: 100 Nukishinai to Derarenai Fushigi na Kyoushitsu,2022-03-11,2.0,16.0,55.0,1389,29,4,2
172179,Watashi no Saigo no Hi,2022-03-10,1.0,5.0,,156,1,2,2
146140,BanG Dream! Girls Band Party!: 5th Anniversary Animation - CiRCLE THANKS PARTY!,2022-03-10,2.0,24.0,74.0,3046,38,5,2
139589,Kotarou wa Hitorigurashi,2022-03-10,10.0,28.0,81.0,65271,2185,3,2
130550,Totsukuni no Shoujo (2022),2022-03-10,1.0,70.0,75.0,32272,663,4,2
147941,Aimai Irony,2022-03-09,1.0,3.0,,115,1,2,2
146208,Dilemma,2022-03-09,1.0,3.0,62.0,532,5,2,2
148363,Ki no Uta,2022-03-08,1.0,3.0,,98,0,2,2
147857,Kimi to Soda,2022-03-07,1.0,4.0,,98,0,2,2
149848,NEUROMANCE,2022-03-06,1.0,4.0,,97,0,2,2
146119,Kruel Kreator,2022-03-04,1.0,3.0,58.0,241,2,2,2
144916,Bukusuta The WORLD,2022-03-04,4.0,2.0,,216,3,5,2
141907,Ensemble Stars!!: Road to Show!!,2022-03-04,1.0,72.0,67.0,3038,47,1,2
138379,Blue Thermal,2022-03-04,1.0,104.0,66.0,6963,52,1,2
126783,Doraemon: Nobita no Little Star Wars 2021,2022-03-04,1.0,108.0,69.0,1777,12,1,2
143289,Estab-Life: Great Escape,2022-03-01,12.0,23.0,61.0,4779,34,3,2
188068,Titipo Titipo 3,2022-02-28,26.0,11.0,,37,0,7,2
170443,"Miko Note Episode ""0"": Zenjitsutan",2022-02-28,1.0,11.0,48.0,190,1,3,2
154163,Sekigahara Gassen: Kiro ni Tatta Tarui no Bushou-tachi,2022-02-27,1.0,9.0,42.0,205,0,3,2
150963,Tooboe,2022-02-26,1.0,3.0,,119,2,2,2
150541,Tricologe,2022-02-26,1.0,4.0,52.0,163,1,2,2
145919,Amagami,2022-02-25,1.0,4.0,58.0,387,7,2,2
142229,Eroriman,2022-02-25,,24.0,60.0,1673,49,4,4
142117,Kimi wa Yasashiku Netorareru The Animation,2022-02-25,6.0,16.0,60.0,2259,130,4,2
142116,Garden: Takamine-ke no Nirinka The Animation,2022-02-25,1.0,30.0,72.0,4218,207,4,2
113345,"DEEMO: Sakura no Oto - Anata no Kanadeta Oto ga, Ima mo Hibiku",2022-02-25,1.0,89.0,57.0,5458,34,1,2
148692,Mayday,2022-02-24,1.0,3.0,57.0,181,3,2,2
139170,Qi Jie Diyi Xian,2022-02-24,120.0,11.0,54.0,452,12,3,2
189068,Milky☆Highway,2022-02-23,1.0,3.0,70.0,4044,44,3,2
148704,Zurui Maboroshi,2022-02-22,1.0,4.0,51.0,184,0,2,2
145608,Uma Musume: Pretty Derby - 1st Anniversary Special Animation,2022-02-22,1.0,7.0,70.0,8800,94,5,2
162745,Ryuukyuu Timeline 2: Tedako no Machi Tanbou,2022-02-21,1.0,10.0,48.0,405,1,3,2
155346,"Kikkake wa, KitKat de.",2022-02-21,2.0,1.0,56.0,501,7,5,2
146397,Cosmo Samurai 2,2022-02-20,4.0,5.0,,108,1,7,2
145478,hololiveERROR,2022-02-19,24.0,4.0,65.0,2203,65,3,2
145210,Douluo Dalu: Feng Qi Tangmen,2022-02-19,13.0,17.0,78.0,1490,61,3,2
142553,Women De Dong Ao,2022-02-19,,,,123,0,1,2
146887,Nanako Zhichang Da Zuozhan,2022-02-18,12.0,1.0,,89,2,3,2
146336,Isekaiwhere,2022-02-18,1.0,3.0,,123,1,2,2
145508,Shiori,2022-02-18,1.0,4.0,59.0,275,4,2,2
145388,I Wanna,2022-02-18,1.0,4.0,64.0,831,7,2,2
136302,"Goodbye, Don Glees!",2022-02-18,1.0,94.0,73.0,13535,231,1,2
136192,Fruits Basket: prelude,2022-02-18,1.0,88.0,82.0,49012,983,1,2
143663,Bakemonogatari PV,2022-02-17,1.0,3.0,73.0,5033,51,5,2
146442,MERMAID,2022-02-16,1.0,4.0,51.0,172,1,2,2
145959,Sode no Quilt,2022-02-16,1.0,4.0,59.0,348,1,2,2
142411,Boku no Hero Academia THE MOVIE: World Heroes' Mission - Tabidachi,2022-02-16,1.0,6.0,73.0,15936,247,4,2
145925,Benghuai 3: Dong Zhi Jiyi,2022-02-15,1.0,2.0,72.0,944,23,3,2
145012,Kamigawa: Neon Dynasty,2022-02-15,1.0,4.0,62.0,992,12,3,2
146131,Repaint,2022-02-14,1.0,5.0,65.0,589,2,2,2
145994,Machikado Mazoku: 2-Choume Mini,2022-02-14,24.0,1.0,53.0,907,16,3,2
170013,Penetrate Blue: Vapor Trail Another Age 2824,2022-02-13,1.0,24.0,49.0,536,5,3,2
145209,melt,2022-02-13,1.0,2.0,57.0,510,2,2,2
147190,Parasite Piano,2022-02-12,1.0,3.0,58.0,337,3,2,2
152005,Kyokou Suiri Mini Anime Season 2,2022-02-11,16.0,2.0,53.0,977,10,3,2
145059,A Ripple in Time,2022-02-11,1.0,6.0,58.0,1823,6,3,2
140321,Sei Dorei Gakuen 2,2022-02-11,2.0,30.0,58.0,1315,43,4,2
145063,"Kawaru Machi, Kawareru Machi, Ishinomaki feat. Jun",2022-02-10,1.0,10.0,61.0,868,11,3,2
144990,Piplup Step,2022-02-10,1.0,2.0,69.0,2375,36,2,2
195934,Shiyakusho,2022-02-08,1.0,11.0,62.0,416,3,5,2
145895,KOF XV: Special Animated Short,2022-02-08,1.0,2.0,62.0,778,6,3,2
145830,Mao Zhi Ming Specials,2022-02-08,5.0,5.0,55.0,203,1,3,2
144991,Parasite,2022-02-07,1.0,3.0,62.0,844,10,2,2
146885,Bakugan: Evolutions,2022-02-06,30.0,22.0,63.0,811,11,6,2
142080,Delicious Party♡Precure,2022-02-06,45.0,24.0,66.0,6066,116,6,2
123752,Shenmue the Animation,2022-02-06,13.0,24.0,63.0,7504,97,6,2
147989,Mugen no Ao,2022-02-04,1.0,7.0,51.0,165,0,2,2
140431,Akane wa Tsumare Somerareru,2022-02-04,2.0,17.0,64.0,4402,275,4,2
140320,Himitsu no Kichi,2022-02-04,2.0,21.0,59.0,1926,59,4,2
134070,Hairpin Double,2022-02-04,1.0,7.0,43.0,776,3,5,2
102891,Shika no Ou: Yuna to Yakusoku no Tabi,2022-02-04,1.0,113.0,68.0,15412,122,1,2
151779,Xiong Chumo: Chongfan Diqiu,2022-02-01,1.0,99.0,,68,2,1,2
145852,"Ore, Tsushima x Na Mo Naki Nezumi",2022-02-01,2.0,2.0,46.0,263,1,3,2
143620,Xiao Hu Dun Da Yingxiong,2022-02-01,1.0,89.0,,55,0,1,2
139669,Xi Yangyang Yu Hui Tailang: Kuang Chu Weilai,2022-02-01,1.0,94.0,,75,0,1,2
133661,Zhen Dao Ge: Chenshi Xing,2022-02-01,1.0,90.0,56.0,242,4,3,2
184374,Jin Shancheng Cai Qiu Hua Hui Yi Shi: 2022 Bainian Ji Dan Pin,2022-01-31,1.0,7.0,,127,4,3,2
140502,Ryman's Club,2022-01-30,12.0,23.0,72.0,28402,389,6,2
137378,Eien no 831,2022-01-30,1.0,105.0,46.0,3286,11,5,2
186619,Meijou 2,2022-01-29,2.0,12.0,,256,9,4,2
126391,Yong Sheng,2022-01-29,12.0,20.0,68.0,1102,51,3,2
144992,Kumichou Musume to Sewagakari Picture Drama,2022-01-28,7.0,2.0,54.0,1109,12,3,2
144451,stars*collection,2022-01-28,62.0,2.0,65.0,927,21,3,2
141887,Long She Yanyi,2022-01-28,16.0,,61.0,476,15,3,2
140883,Ero Ishi,2022-01-28,4.0,22.0,58.0,1460,40,4,2
138717,Otome wa Boku ni Koishiteru: Mittsu no Kiraboshi - The Animation,2022-01-28,1.0,25.0,49.0,2399,35,4,2
129243,Zhu Tian Ji,2022-01-28,26.0,15.0,63.0,762,37,3,2
101705,Chikyuugai Shounen Shoujo,2022-01-28,6.0,32.0,68.0,19690,210,3,2
153843,NoriPro Anime,2022-01-27,,2.0,,222,4,3,4
145824,Wan Yu Zhi Wang,2022-01-27,24.0,12.0,,236,6,3,2
145823,Xian Yu Ge Specials,2022-01-27,2.0,25.0,,77,0,3,2
141132,Shaonian Ge Xing: Feng Hua Xue Yue Pian Part 2,2022-01-26,16.0,15.0,59.0,315,14,3,2
137740,Wan Sheng Jie 3,2022-01-26,12.0,5.0,79.0,4278,89,3,2
143485,Onmyoji: Heian Monogatari 3,2022-01-25,12.0,5.0,50.0,365,4,3,2
137738,Xingchen Bian: Po Tian Mi Ju,2022-01-23,16.0,26.0,72.0,1087,52,3,2
144251,Omoikou,2022-01-22,1.0,1.0,65.0,764,11,2,2
178150,Sincereality,2022-01-21,1.0,3.0,,75,0,2,2
148901,Inochi wa Dare no Mono,2022-01-21,1.0,3.0,,114,0,2,2
147337,Ain't Seen Nothing Like This,2022-01-21,1.0,2.0,61.0,540,7,2,2
144190,konomachi ni hare wa konai,2022-01-21,1.0,5.0,63.0,720,8,2,2
142794,Pocket Monsters (2019): Kami to Yobareshi Arceus,2022-01-21,4.0,17.0,66.0,4851,38,5,2
139592,TALES OF LUMINARIA: The Fateful Crossroad,2022-01-21,2.0,27.0,58.0,2541,20,3,2
137725,Hua Jianghu: Buliang Ren 5,2022-01-20,12.0,25.0,58.0,255,14,3,2
126400,Qian Cong Shou,2022-01-20,16.0,23.0,53.0,507,7,3,2
145708,Talk with God,2022-01-19,1.0,4.0,47.0,156,0,2,2
143483,Mao Xian Dong De Shou,2022-01-19,15.0,,,128,1,3,2
136436,Kobayashi-san Chi no Maidragon S: Nippon no Omotenashi (Attend wa Dragon desu),2022-01-19,1.0,24.0,77.0,32689,339,4,2
176912,Inou no AICis Dai-0-wa,2022-01-18,1.0,32.0,,80,1,5,2
133786,Jing Cui Xian Zun,2022-01-18,20.0,10.0,,200,3,3,2
148004,Love Veggie,2022-01-17,1.0,1.0,,76,0,2,2
144189,Sugar Loss,2022-01-16,1.0,3.0,60.0,309,2,2,2
148365,Kimi wo ugatsu,2022-01-15,1.0,5.0,,58,0,2,2
146582,Xiangzhe Mingliang Na Fang,2022-01-15,1.0,83.0,,71,0,1,2
141899,Xiao Motou Baolu La!,2022-01-15,13.0,8.0,61.0,2020,37,3,2
135136,Vanitas no Carte Part 2,2022-01-15,12.0,24.0,81.0,101367,2952,6,2
148932,Inzai Aru Aru Monogatari,2022-01-14,1.0,18.0,44.0,315,0,3,2
138912,Atasha Kawashiri Kodama da yo: Dangerous Lifehacker no Tadareta Seikatsu,2022-01-14,24.0,3.0,53.0,3750,24,7,2
175343,Parallel World,2022-01-13,1.0,3.0,,62,0,2,2
143863,It'll be fine!,2022-01-13,1.0,3.0,67.0,1664,25,2,2
141871,Wo De Yi Jie Zhi Lu,2022-01-13,40.0,11.0,54.0,651,18,3,2
139675,Puchi Seka,2022-01-13,10.0,3.0,66.0,3848,64,3,2
112323,Arifureta Shokugyou de Sekai Saikyou 2nd season,2022-01-13,12.0,24.0,70.0,131650,2896,6,2
165978,Datte Kyou made Koiwazurai,2022-01-12,1.0,3.0,50.0,160,1,2,2
143708,ChroNoiR x vaultroom,2022-01-12,1.0,1.0,51.0,220,1,5,2
143612,"""Anata wo Hitokoto de Arawashite Kudasai"" no Shitsumon ga Nigate da.",2022-01-12,1.0,5.0,56.0,936,5,3,2
143416,BABY-HAMITANG,2022-01-12,6.0,4.0,46.0,250,2,7,2
134252,Fantasy Bishoujo Juniku Oji-san to,2022-01-12,12.0,24.0,70.0,64722,1003,6,2
127050,Koroshi Ai,2022-01-12,12.0,24.0,67.0,65057,1017,6,2
119056,Kenja no Deshi wo Nanoru Kenja,2022-01-12,12.0,24.0,60.0,43594,570,6,2
149346,Gon De Hanta: Tata Turan Xiangdao 2,2022-01-11,12.0,6.0,,62,1,3,2
143621,Suki Datta (Hazu Datta),2022-01-11,1.0,4.0,50.0,173,0,2,2
143415,Ohiru no Shocker-san,2022-01-11,50.0,1.0,,115,2,7,2
137247,Gensou Sangokushi: Tengen Reishinki,2022-01-11,12.0,25.0,44.0,6842,62,6,2
130591,Sabikui Bisco,2022-01-11,12.0,24.0,70.0,83726,1283,6,2
129190,Tensai Ouji no Akaji Kokka Saisei Jutsu,2022-01-11,12.0,24.0,72.0,109330,2167,6,2
122808,Princess Connect! Re:Dive Season 2,2022-01-11,12.0,24.0,76.0,43918,891,6,2
142826,Yami Shibai 10,2022-01-10,13.0,5.0,56.0,3172,23,7,2
142216,Garugaku. II: Lucky Stars,2022-01-10,50.0,3.0,52.0,595,7,7,2
141874,Hua Kaizhang Meili,2022-01-10,12.0,5.0,,131,0,3,2
139804,TRIBE NINE,2022-01-10,12.0,24.0,56.0,16989,137,6,2
135848,Ouji no Honmei wa Akuyaku Reijou,2022-01-10,8.0,6.0,56.0,2694,48,3,2
131681,Shingeki no Kyojin: The Final Season Part 2,2022-01-10,12.0,24.0,87.0,436777,15740,6,2
126288,Sasaki to Miyano,2022-01-10,12.0,24.0,81.0,80473,4192,6,2
144993,Hotaru wa Inakatta,2022-01-09,1.0,4.0,58.0,309,3,2,2
144852,Aka-chan Honbuchou 2nd Season,2022-01-09,8.0,5.0,,111,0,7,2
141063,On Air Dekinai!,2022-01-09,12.0,3.0,48.0,836,6,7,2
139648,Genjitsu Shugi Yuusha no Oukoku Saikenki Part 2,2022-01-09,13.0,24.0,73.0,89335,1510,6,2
136428,Kaijin Kaihatsubu no Kuroitsu-san,2022-01-09,12.0,24.0,65.0,20885,233,6,2
132405,Sono Bisque Doll wa Koi wo Suru,2022-01-09,12.0,24.0,80.0,424574,19926,6,2
131548,Akebi-chan no Sailor Fuku,2022-01-09,12.0,24.0,75.0,73371,1627,6,2
124060,Baraou no Souretsu,2022-01-09,24.0,24.0,56.0,21888,256,6,2
112719,Futsal Boys!!!!!,2022-01-09,12.0,24.0,50.0,10975,84,6,2
109820,Sabiiro no Armor: Reimei,2022-01-09,12.0,24.0,28.0,2296,12,6,2
142274,Ninjala,2022-01-08,,23.0,47.0,1405,34,6,4
138424,Karakai Jouzu no Takagi-san 3,2022-01-08,12.0,24.0,82.0,56259,1522,6,2
129191,Shikkakumon no Saikyou Kenja,2022-01-08,12.0,24.0,61.0,96543,1260,6,2
128828,Dolls' Frontline,2022-01-08,12.0,25.0,53.0,19496,222,6,2
125682,CUE!,2022-01-08,24.0,24.0,64.0,9751,117,6,2
169377,Taiko no Tatsujin (2022),2022-01-07,,7.0,,117,0,3,4
153320,Nani Yattemo Umaku Ikanai (feat. asmi),2022-01-07,1.0,2.0,60.0,260,7,2,2
146004,Girigiri Warukunai Watame,2022-01-07,,1.0,69.0,1284,64,3,4
145814,Yong Mei,2022-01-07,1.0,23.0,,90,2,3,2
145405,New Initial D Movie: BATTLE DIGEST,2022-01-07,1.0,47.0,74.0,3060,42,4,2
127549,Slow Loop,2022-01-07,12.0,24.0,71.0,28735,480,6,2
118465,Shuumatsu no Harem,2022-01-07,11.0,24.0,55.0,77107,1049,6,2
143405,My song,2022-01-06,1.0,4.0,71.0,1051,24,2,2
140643,Tokyo 24-ku,2022-01-06,12.0,24.0,60.0,25003,204,6,2
128400,Saiyuuki RELOAD: ZEROIN,2022-01-06,13.0,24.0,60.0,3737,31,6,2
128034,ORIENT,2022-01-06,12.0,24.0,62.0,43685,537,6,2
189717,GO! GO! TOKYO MER: Kinkyuujitai to Tatakau Nakama-tachi,2022-01-05,,2.0,,30,0,3,4
143413,Teiko Penguin,2022-01-05,13.0,5.0,,214,2,7,2
140950,Irodorimidori,2022-01-05,8.0,3.0,54.0,4081,25,7,2
137312,Hakozume: Kouban Joshi no Gyakushuu,2022-01-05,13.0,24.0,68.0,18496,185,6,2
130166,Leadale no Daichi nite,2022-01-05,12.0,24.0,68.0,59089,1150,6,2
141890,Bing Zhu Qi Hun,2022-01-04,12.0,21.0,51.0,377,13,3,2
140430,Kyonyuu Elf Oyako Saimin,2022-01-01,2.0,16.0,67.0,3664,159,3,2
137745,Xing Hai Qishi: Xinghuo Chongran,2022-01-01,1.0,32.0,55.0,246,9,3,2
117765,BanG Dream! Poppin' Dream!,2022-01-01,1.0,70.0,78.0,6797,120,1,2
140700,Sora-iro Utility,2021-12-31,1.0,15.0,65.0,8043,50,5,2
136344,"Lord El-Melloi II-sei no Jikenbo: ""Rail Zeppelin"" Grace note Tokubetsu-hen",2021-12-31,1.0,53.0,74.0,14385,149,5,2
130389,Mahouka Koukou no Rettousei: Tsuioku-hen,2021-12-31,1.0,71.0,75.0,34545,496,5,2
151778,Wo Cong Zhu Tian Wan Jie Guilai,2021-12-30,,,,103,6,3,4
148622,Ame yo Ame yo Fure,2021-12-29,1.0,4.0,,121,0,2,2
143759,CORUSCATE -DNA-,2021-12-29,1.0,2.0,66.0,785,2,2,2
134283,Tunshi Xingkong 2,2021-12-29,26.0,21.0,80.0,2528,165,3,2
146347,Dou Hun Wei Zhi Xuan Yue Qi Yuan 5,2021-12-28,13.0,19.0,,90,4,3,2
143145,The Missing 8,2021-12-28,8.0,15.0,58.0,2197,32,3,2
142716,Wan Yu Feng Shen,2021-12-28,60.0,13.0,55.0,345,12,3,2
143133,Tenshi no agape,2021-12-27,1.0,2.0,64.0,821,9,2,2
137739,Xue Ying Lingzhu 3,2021-12-27,26.0,19.0,65.0,613,27,3,2
143118,Kemonokko Tsuushin: The Animation - Ushi Musume Bell,2021-12-25,1.0,18.0,60.0,2746,114,3,2
114106,Huan You Lieren,2021-12-25,12.0,,51.0,737,9,3,2
147936,The Grown Dinosaur,2021-12-24,1.0,5.0,,80,0,2,2
145857,Christmas of a Wandering Ghost,2021-12-24,1.0,4.0,58.0,243,4,2,2
145705,dTV Original Anime: Youkai Watch ♪,2021-12-24,3.0,9.0,,99,0,3,2
144803,Girls und Panzer: Daikon War!,2021-12-24,1.0,11.0,72.0,3939,40,4,2
143012,Aisai,2021-12-24,1.0,5.0,67.0,793,14,2,2
139883,Papa Katsu!,2021-12-24,4.0,22.0,59.0,2092,81,4,2
139637,Girls Rush The Animation,2021-12-24,2.0,16.0,66.0,3003,74,4,2
139466,Getsuyoubi no Tawawa 2 Special,2021-12-24,1.0,8.0,64.0,6288,66,5,2
139451,"Ganbare, Douki-chan Special",2021-12-24,1.0,6.0,62.0,6410,50,5,2
138360,Anehame: Ore no Hatsukoi ga Jisshi na wake ga nai,2021-12-24,2.0,18.0,68.0,4243,214,4,2
133787,Zhenwu Dianfeng,2021-12-24,40.0,9.0,64.0,938,36,3,2
131573,Jujutsu Kaisen 0,2021-12-24,1.0,105.0,83.0,432060,12372,1,2
121532,Konbini Shoujo Z,2021-12-24,4.0,17.0,56.0,1538,54,4,2
155209,Battou,2021-12-22,1.0,4.0,52.0,203,1,2,2
145611,Zichuan: Yincang Hudong Ju,2021-12-21,9.0,20.0,,228,8,3,2
143328,Echoes of Silence,2021-12-21,1.0,5.0,,111,1,2,2
118201,Zichuan,2021-12-21,42.0,20.0,64.0,921,39,3,2
148820,Oni no Hanayome wa Taberaretai,2021-12-20,2.0,10.0,,390,5,3,2
145444,ALGO,2021-12-17,1.0,3.0,46.0,116,0,2,2
145433,Follow Your Fantasy,2021-12-17,1.0,2.0,64.0,1187,12,2,2
142808,Shanshen Yu Xiaozao,2021-12-17,18.0,13.0,,240,2,3,2
134469,Shishunki no Obenkyou,2021-12-17,6.0,16.0,72.0,4440,256,4,4
134089,Feng Qi Luoyang: Shen Ji Shaonian,2021-12-17,16.0,18.0,55.0,248,12,3,2
131994,Xiongshi Shaonian,2021-12-17,1.0,104.0,63.0,573,17,1,2
127619,Aggressive Retsuko Season 4,2021-12-16,10.0,18.0,72.0,18575,169,3,2
150506,Ni Tian Jian Shen 5,2021-12-15,26.0,12.0,,83,2,3,2
132312,Hua Jianghu: Gui Yexing Part 2,2021-12-14,20.0,,,64,1,3,2
189509,Otsucharisma! Bounenkai,2021-12-13,1.0,4.0,,89,1,2,2
142731,Winter Wonder Wander,2021-12-13,1.0,4.0,,123,0,2,2
113363,KAIJU DECODE,2021-12-13,1.0,9.0,,934,6,3,2
213428,Itoshi no Zako Haishinsha-chan,2021-12-12,,4.0,,100,1,3,4
143757,Moshimo Inochi ga Egaketara,2021-12-12,1.0,3.0,63.0,416,4,2,2
129245,Bing Huo Mo Chu,2021-12-11,52.0,19.0,67.0,1303,62,3,2
169404,Hisui Kobanashi,2021-12-10,2.0,2.0,52.0,490,1,3,2
148391,RANGEFINDER,2021-12-10,1.0,4.0,,70,0,2,2
142458,SOS! Chao Wei Zhichang Ren,2021-12-10,7.0,,,45,0,3,2
150544,Kasumi ga Tsuite Kuru,2021-12-09,1.0,4.0,,120,5,2,2
154386,Umayon: Shinsaku Short Anime,2021-12-08,12.0,2.0,66.0,2329,18,5,2
147949,Nisshin Gekkou,2021-12-08,1.0,4.0,,69,0,2,2
120125,Shushan Qi Xian Lu Part 1,2021-12-08,10.0,,,313,12,3,2
177411,Wan Jie Xian Zong 6,2021-12-06,240.0,7.0,,179,4,3,2
131477,Kanashiki Debu Neko-chan,2021-12-06,10.0,3.0,48.0,584,4,7,2
152434,Dreaming All Alone,2021-12-05,1.0,3.0,51.0,173,1,2,2
142329,Kimetsu no Yaiba: Yuukaku-hen,2021-12-05,11.0,24.0,86.0,479988,17215,6,2
144811,Fire Emblem Heroes: Fuyu no Mini Chara Theater,2021-12-04,1.0,5.0,52.0,207,3,3,2
147935,Montage,2021-12-03,1.0,3.0,,64,0,2,2
145709,Artiswitch Picture Drama,2021-12-03,5.0,6.0,62.0,1105,9,3,2
130558,ARIA The BENEDIZIONE,2021-12-03,1.0,60.0,80.0,6646,100,1,2
125841,Hula Fulla Dance,2021-12-03,1.0,110.0,60.0,2917,21,1,2
120220,Dawang Raoming,2021-12-03,12.0,25.0,73.0,39479,749,3,2
145898,Chinzei Hachirou Tametomo (ONA),2021-12-02,13.0,5.0,,244,2,3,2
145316,Neko Reset,2021-12-02,1.0,4.0,64.0,485,7,2,2
142218,Tsubame,2021-12-02,1.0,4.0,62.0,495,2,2,2
143309,Tae-il,2021-12-01,1.0,99.0,,177,0,1,2
142262,Kira Kira,2021-12-01,1.0,3.0,64.0,774,9,2,2
142261,"Nonbiri to,",2021-12-01,1.0,3.0,55.0,452,3,2,2
134710,Given: Uragawa no Sonzai,2021-12-01,1.0,22.0,81.0,32595,669,4,2
131942,JoJo no Kimyou na Bouken: Stone Ocean,2021-12-01,12.0,24.0,80.0,191028,5921,3,2
142260,Sore wo Sekai to Iu nda ne,2021-11-30,1.0,4.0,50.0,158,2,2,2
142217,Introduction,2021-11-30,1.0,4.0,67.0,737,7,2,2
142052,Massara,2021-11-30,1.0,7.0,67.0,1608,20,3,2
137675,Shen Yi Jiu Xiaojie,2021-11-30,80.0,11.0,54.0,440,12,3,2
142178,Jian Yu Chuanqi,2021-11-28,40.0,10.0,61.0,659,23,3,2
181468,"Kumo no Ue wa Itsumo, Hare",2021-11-27,1.0,18.0,,131,0,3,2
132679,Idol Land PriPara,2021-11-27,13.0,24.0,70.0,1503,35,3,2
154247,Kagari Hibana,2021-11-26,1.0,17.0,56.0,553,10,3,2
147954,RECEPTION,2021-11-26,1.0,3.0,,94,0,2,2
138658,Cosplay Change: Pure-kei Joshidaisei no Kiken na Seiheki,2021-11-26,4.0,21.0,52.0,1662,43,4,2
138411,Mama x Holic: Miwaku no Mama to Ama Ama Kankei The Animation,2021-11-26,2.0,20.0,68.0,2517,117,4,2
98471,EUREKA: Koukyoushihen Eureka Seven Hi-Evolution,2021-11-26,1.0,116.0,61.0,4920,55,1,2
145829,Xin Qin Shi Mingyue,2021-11-25,39.0,20.0,,194,6,3,2
109946,Super Crooks,2021-11-25,13.0,25.0,71.0,40014,598,3,2
142048,Mahou no Uta,2021-11-24,1.0,4.0,52.0,281,5,2,2
119956,Munyeodo,2021-11-24,1.0,87.0,,276,3,1,2
142033,Rapport,2021-11-23,1.0,4.0,65.0,793,15,2,2
142015,CHARMS!! PV,2021-11-22,1.0,2.0,50.0,196,0,3,2
142017,Mou Sukoshi dake,2021-11-21,1.0,4.0,60.0,425,2,2,2
142172,Xun Guang,2021-11-20,1.0,3.0,50.0,170,0,3,2
141802,Douluo Dalu: Xiaowu Fuhuo,2021-11-20,13.0,21.0,78.0,1606,72,3,2
154974,Argonavis Movie: Ryuusei no Obligato,2021-11-19,1.0,89.0,,395,5,1,2
142018,Hisui,2021-11-19,1.0,4.0,48.0,153,1,2,2
140788,Taimanin Shiranui: Inyoku no Dorei Shoufu,2021-11-19,1.0,22.0,55.0,1408,51,4,2
142019,Hibana Chiru,2021-11-17,1.0,4.0,53.0,260,0,2,2
141779,"Sore, Sunawachi Sketch.",2021-11-17,12.0,13.0,,320,4,3,2
137709,Bai Yue Er,2021-11-17,1.0,9.0,52.0,212,3,3,2
137743,Jing: Shuang Cheng,2021-11-15,18.0,19.0,,271,10,3,2
140645,Fanren Xiu Xian Zhuan: Modao Zhengfeng,2021-11-14,25.0,19.0,74.0,1312,42,3,2
139386,Hakuouki OVA (2021),2021-11-13,3.0,27.0,64.0,1969,21,4,2
105931,BLADE RUNNER: BLACK LOTUS,2021-11-13,13.0,22.0,58.0,9801,95,6,2
145958,"Youkai Watch ♪: Keita to Orecchi no Deai Hen da Nyan ♪ Wa, Watakushi mo ♪♪",2021-11-12,1.0,55.0,,238,2,1,2
141528,Episodeⁿ | Kuusou,2021-11-12,1.0,2.0,61.0,947,5,3,2
138899,Koukaku Kidoutai: SAC_2045 - Jizoku Kanou Sensou,2021-11-12,1.0,120.0,59.0,2741,35,1,2
130050,Summer Ghost,2021-11-12,1.0,40.0,78.0,60243,1697,1,2
141959,Otogibanashi no Youna Kiseki,2021-11-11,1.0,3.0,56.0,467,2,2,2
141328,SUPERGIRL,2021-11-06,1.0,4.0,55.0,294,2,2,2
141309,Zhu Dick: Lan Hai Qi Yuan,2021-11-06,1.0,86.0,,44,0,1,2
141056,Ikuta no Kita,2021-11-06,1.0,64.0,62.0,1909,46,1,2
130033,Soukyuu no Fafner: Dead Aggressor - THE BEYOND Part 4,2021-11-05,3.0,30.0,71.0,1434,21,1,2
125931,Sumikko Gurashi Movie: Aoi Tsukiyo no Mahou no Ko,2021-11-05,1.0,65.0,57.0,529,3,1,2
213463,Neko Jockey Season 2,2021-11-04,4.0,3.0,,12,1,7,2
147013,Nomino Sukune,2021-11-03,1.0,2.0,,173,0,1,2
145799,Fudanshi Shoukan: Isekai de Shinjuu ni Hameraremashita Mini Anime 2nd Season,2021-11-03,3.0,2.0,50.0,502,2,3,2
141329,Rinne,2021-11-03,1.0,4.0,62.0,537,12,2,2
141325,Sanbunteki LIFE,2021-11-03,1.0,4.0,51.0,221,1,2,2
141073,Viking,2021-11-03,1.0,4.0,54.0,216,0,2,2
189085,Charisma 1-shuukan,2021-11-01,1.0,5.0,,95,0,2,2
141055,Cinderella,2021-11-01,1.0,4.0,72.0,2861,50,2,2
153771,"Brunetto-sensei, Koko ni Oide Deshita ka?",2021-10-31,1.0,4.0,,53,0,1,2
146415,TSUNE,2021-10-31,1.0,3.0,51.0,167,0,2,2
137729,Dou Po Cangqiong: San Nian Zhi Yue,2021-10-31,13.0,23.0,83.0,2504,154,3,2
148471,Wareware no 2,2021-10-30,1.0,6.0,,41,0,1,2
146348,Wangu Jian Shen,2021-10-30,38.0,12.0,50.0,527,10,3,2
139986,Yao Shen Ji 5,2021-10-30,52.0,8.0,69.0,1314,35,3,2
139563,Fatchi Baike 4,2021-10-30,12.0,6.0,,34,0,3,2
126357,Xian Wang De Richang Shenghuo 2,2021-10-30,12.0,18.0,74.0,69300,1223,3,2
124140,Sword Art Online: Progressive - Hoshinaki Yoru no Aria,2021-10-30,1.0,97.0,78.0,100149,2072,1,2
139353,Shouji Li de Huanxiong Xiaozhen 2,2021-10-29,26.0,5.0,,56,0,3,2
137264,Onaho Kyoushitsu: Joshi Zenin Ninshin Keikaku The Animation,2021-10-29,1.0,27.0,67.0,3422,116,4,2
132893,Battle Spirits: Mirage,2021-10-29,4.0,24.0,55.0,558,16,3,2
123899,Ai no Utagoe wo Kikasete,2021-10-29,1.0,109.0,75.0,44420,617,1,2
160205,Kimi wa Houkago Insomnia Special Animation PV,2021-10-28,1.0,1.0,64.0,1928,21,5,2
154198,Jashin-chan Dropkick Mame Anime,2021-10-28,14.0,1.0,49.0,329,8,3,2
139564,Wo Jiao MT: Guilai,2021-10-27,10.0,22.0,,42,0,3,2
137678,Renjian Zui Deyi,2021-10-27,60.0,,54.0,397,20,3,2
204542,Pastel Tea Time,2021-10-26,1.0,4.0,,62,2,2,2
169825,Be Your Light!!,2021-10-26,1.0,2.0,52.0,178,0,2,2
116010,Mao Zhi Ming,2021-10-26,12.0,8.0,60.0,666,13,3,2
149454,Menghuan Shuyuan 6,2021-10-25,12.0,3.0,,40,0,3,2
140701,Makafushigi,2021-10-25,1.0,3.0,63.0,553,5,2,2
140689,SHAREDOL,2021-10-25,1.0,3.0,62.0,935,2,3,2
208068,yoidore,2021-10-24,1.0,3.0,,50,0,2,2
145912,Bukkanseii Catharsis,2021-10-24,1.0,4.0,,127,0,2,2
135864,Tropical-Rouge! Precure: Yuki no Princess to Kiseki no Yubiwa!,2021-10-23,1.0,70.0,69.0,2217,29,1,2
148150,Anaphylaxis,2021-10-22,1.0,4.0,,96,3,2,2
145893,Oz.,2021-10-22,1.0,3.0,75.0,3268,66,2,2
140687,Koufukuron,2021-10-22,1.0,4.0,65.0,1092,19,2,2
165557,Kaguya-sama wa Kokurasetai: Ultra Romantic 3rd Season Teaser PV - Ishigami Yuu wa Kataritai,2021-10-21,1.0,10.0,79.0,14854,129,3,2
145842,M,2021-10-19,1.0,4.0,,94,1,2,2
139436,Bu Baichi Hua Shanhai Jing,2021-10-19,41.0,3.0,,59,0,3,2
135645,Gundam Breaker Battlogue,2021-10-19,6.0,8.0,57.0,2550,27,3,2
141904,fly with the night,2021-10-18,1.0,2.0,63.0,591,1,2,2
140474,Kamisama no Idenshi,2021-10-18,1.0,5.0,54.0,294,3,2,2
148528,Red Club,2021-10-17,1.0,3.0,,120,1,2,2
139434,Ruguo Lishi Shi Yi Qun Miao 7,2021-10-17,12.0,6.0,,60,1,3,2
137799,Zoku Oujo & Onna Kishi W Dogehin Roshutsu: Chijoku no Misemono Dorei,2021-10-15,2.0,18.0,51.0,1162,21,4,2
133411,180-byou de Kimi no Mimi wo Shiawase ni Dekiru ka?,2021-10-15,12.0,3.0,49.0,12324,100,7,2
132300,Otoppe: Papa Don't Cry,2021-10-15,1.0,60.0,,126,0,1,2
113717,Ousama Ranking,2021-10-15,23.0,23.0,83.0,222576,10124,6,2
177230,Ponkotsu Quest: Maou to Haken no Mamono-tachi Season 7,2021-10-13,12.0,4.0,,51,0,3,2
136947,Deep Insanity: THE LOST CHILD,2021-10-13,12.0,24.0,50.0,15659,111,6,2
132528,Kaginado,2021-10-13,12.0,4.0,69.0,10377,109,7,2
135432,BRIGHT: Samurai Soul,2021-10-12,1.0,80.0,49.0,2060,9,3,2
131878,Gyakuten Sekai no Denchi Shoujo,2021-10-11,12.0,24.0,60.0,8692,80,6,2
126393,Toushinki G's Frame,2021-10-11,12.0,24.0,52.0,2297,20,3,2
143287,Rick and Morty: The Great Yokai Battle of Akihabara,2021-10-10,1.0,11.0,56.0,716,7,5,2
140175,Shiguang Dailiren: Xiao Juchang,2021-10-10,18.0,6.0,73.0,5298,114,3,2
140168,Kyoukaisen,2021-10-10,1.0,5.0,70.0,2500,26,2,2
134623,Lupin III: PART 6,2021-10-10,25.0,23.0,70.0,9077,121,6,2
132525,Build Divide: Code Black,2021-10-10,12.0,24.0,62.0,19368,217,6,2
129874,Kimetsu no Yaiba: Mugen Ressha-hen (TV),2021-10-10,7.0,23.0,82.0,357881,7379,6,2
127400,World Trigger 3rd Season,2021-10-10,14.0,23.0,82.0,36559,966,6,2
126363,Ba Ma Laizi Erci Yuan,2021-10-10,24.0,3.0,56.0,686,9,3,2
120646,Senpai ga Uzai Kouhai no Hanashi,2021-10-10,12.0,24.0,74.0,113648,2095,6,2
105119,Shikizakura,2021-10-10,12.0,23.0,54.0,6183,38,6,2
140252,Hongse Jiangshan: Huangma Fenghuo,2021-10-09,13.0,13.0,,132,0,7,2
139348,Meng Qi Shi Shen: Zaijie Liangyuan,2021-10-09,12.0,18.0,73.0,3416,63,3,2
132545,Dakaretai Otoko 1-i ni Odosarete Imasu.: Spain-hen,2021-10-09,1.0,78.0,74.0,12569,268,1,2
132473,Saihate no Paladin,2021-10-09,12.0,24.0,68.0,107268,1452,6,2
131584,Visual Prison,2021-10-09,12.0,24.0,60.0,18043,321,6,2
127412,Taishou Otome Otogibanashi,2021-10-09,12.0,24.0,76.0,53519,1416,6,2
137757,Wanmei Shijie 2,2021-10-08,52.0,21.0,74.0,1198,88,3,2
129549,Macross Frontier: Toki no Meikyuu,2021-10-08,1.0,13.0,71.0,2455,31,1,2
127401,Platinum End,2021-10-08,24.0,24.0,58.0,128983,1540,6,2
118390,Kamiarizuki no Kodomo,2021-10-08,1.0,100.0,64.0,9120,84,1,2
118126,Macross Δ: Zettai LIVE!!!!!!,2021-10-08,1.0,110.0,77.0,4875,156,1,2
112019,Uchuu Senkan Yamato 2205: Aratanaru Tabidachi,2021-10-08,8.0,24.0,73.0,3372,50,4,2
135171,BanG Dream! Garupa☆Pico Fever!,2021-10-07,26.0,3.0,76.0,3994,53,7,2
133965,"Komi-san wa, Komyushou desu.",2021-10-07,12.0,24.0,76.0,318402,9028,6,2
132193,Gokushufudou Part 2,2021-10-07,5.0,18.0,74.0,57963,644,3,2
126368,Lie Huo Jiao Chou,2021-10-07,12.0,20.0,69.0,3394,95,3,2
112716,Muv-Luv Alternative,2021-10-07,12.0,23.0,55.0,16211,185,6,2
108987,Sakugan,2021-10-07,12.0,24.0,63.0,34643,362,6,2
140081,Tsuki ni Hoeru,2021-10-06,1.0,4.0,58.0,316,4,2,2
131565,takt op.Destiny,2021-10-06,12.0,24.0,69.0,168353,3272,6,2
129898,"Sekai Saikou no Ansatsusha, Isekai Kizoku ni Tensei suru",2021-10-06,12.0,24.0,72.0,201111,4615,6,2
126793,Puraore!: PRIDE OF ORANGE,2021-10-06,12.0,24.0,59.0,11054,87,6,2
126213,"Shin no Nakama ja Nai to Yuusha no Party wo Oidasareta node, Henkyou de Slow Life suru Koto ni shimashita",2021-10-06,13.0,24.0,68.0,124898,2143,6,2
140163,DENONBU Novel: Shibuya-hen PV,2021-10-05,1.0,2.0,52.0,334,8,3,2
131005,Kyoukai Senki,2021-10-05,13.0,24.0,59.0,12049,111,6,2
130962,Chickip Dancers,2021-10-05,26.0,5.0,,345,1,7,2
129068,Shinka no Mi: Shiranai Uchi ni Kachigumi Jinsei,2021-10-05,12.0,24.0,59.0,72385,1014,6,2
128827,Cardfight!! Vanguard: overDress Season 2,2021-10-05,13.0,25.0,64.0,2942,41,6,2
138063,Showtime!: Uta no Onee-san datte Shitai,2021-10-04,8.0,7.0,65.0,5598,137,3,2
131019,Tsuki to Laika to Nosferatu,2021-10-04,12.0,24.0,72.0,57823,922,6,2
127720,Mushoku Tensei: Isekai Ittara Honki Dasu Part 2,2021-10-04,12.0,24.0,85.0,320239,13349,6,2
118103,Kyuuketsuki Sugu Shinu,2021-10-04,12.0,24.0,70.0,33365,652,6,2
204616,Koikeya SDGs Gekijou Suss to Tina,2021-10-03,13.0,3.0,,21,1,7,2
140162,Arifureta Itsuka,2021-10-03,1.0,4.0,60.0,803,7,2,2
137309,Digimon Ghost Game,2021-10-03,67.0,23.0,66.0,8977,184,6,2
136119,Waccha PriMagi!,2021-10-03,51.0,24.0,67.0,3453,98,6,2
133510,GUNMACHAN,2021-10-03,13.0,24.0,53.0,487,5,6,2
132071,Tesla Note,2021-10-03,13.0,24.0,40.0,9155,53,6,2
131586,86: Eighty Six Part 2,2021-10-03,12.0,24.0,87.0,194669,13635,6,2
131083,Mieruko-chan,2021-10-03,12.0,24.0,72.0,161838,2923,6,2
129259,Shijian Qiutu,2021-10-03,12.0,15.0,53.0,283,6,3,2
126897,Sankaku Mado no Sotogawa wa Yoru,2021-10-03,12.0,24.0,64.0,16539,225,6,2
109745,MUTEKING THE Dancing HERO,2021-10-03,12.0,24.0,56.0,3122,27,6,2
142020,the last bullet,2021-10-02,1.0,4.0,60.0,313,9,2,2
139479,Ashuai 6,2021-10-02,34.0,4.0,,52,0,3,2
137227,Deji Meets Girl,2021-10-02,12.0,2.0,60.0,11132,75,7,2
135939,Yakunara Mug Cup Mo: Niban Gama,2021-10-02,12.0,15.0,68.0,6888,63,7,2
132806,Isekai Shokudou 2,2021-10-02,12.0,24.0,76.0,34029,570,6,2
131264,Hanyou no Yashahime: Ni no Shou,2021-10-02,24.0,24.0,69.0,13733,245,6,2
129973,Maou Evelogia ni Mi wo Sasageyo,2021-10-02,9.0,7.0,55.0,4379,64,3,2
122292,Yuuki Yuuna wa Yuusha de Aru: Dai-Mankai no Shou,2021-10-02,12.0,24.0,73.0,10548,192,6,2
182152,Oto no Niwa,2021-10-01,1.0,2.0,,31,0,2,2
138383,Kimi to Fit Boxing,2021-10-01,12.0,5.0,,390,3,7,2
136221,Riku wa Yowakunai,2021-10-01,1.0,62.0,,176,0,1,2
136049,Chizuru-chan Kaihatsu Nikki,2021-10-01,6.0,20.0,66.0,3160,158,4,2
126790,SELECTION PROJECT,2021-10-01,13.0,24.0,70.0,18518,333,6,2
87502,Megaton-kyuu Musashi,2021-10-01,13.0,25.0,59.0,6274,71,6,2
139811,Zhen Dao Ge Specials,2021-09-30,2.0,,,159,2,3,2
139772,Gunjou Sanka,2021-09-30,1.0,5.0,70.0,1325,26,2,2
139351,Mei Chuxi De Yinyangshi Yijia 3,2021-09-30,12.0,5.0,,143,1,3,2
136829,Otome Game no Hametsu Flag shika Nai Akuyaku Reijou ni Tensei shiteshimatta… X: Unmei no Hito ni Deatte Shimatta...,2021-09-30,1.0,28.0,68.0,11736,105,4,2
124195,Hanma Baki,2021-09-30,12.0,23.0,76.0,61617,1046,3,2
148293,Selepro-chan! Gekijou,2021-09-29,13.0,1.0,49.0,315,1,3,2
145840,Tesla Note: Mickey to Oliver no Agent Yousei Kouza,2021-09-29,14.0,2.0,,222,1,3,2
134081,Xie Wang Zhui Qi: Shennü Guilai,2021-09-29,16.0,21.0,67.0,2041,53,3,2
120205,Shi Ye Miao Yin,2021-09-29,11.0,24.0,54.0,532,13,3,2
146315,Torokeru Tetsugaku,2021-09-28,1.0,4.0,,117,0,2,2
135255,Princess Principal: Crown Handler - Chapter 1: BUSY EASY MONEY,2021-09-28,1.0,6.0,68.0,3441,25,4,2
140601,Honekami,2021-09-26,1.0,10.0,51.0,325,2,1,2
140180,Nani Yattemo Umaku Ikanai,2021-09-26,1.0,2.0,56.0,285,3,2,2
139880,Yakou wo Yobu,2021-09-25,1.0,5.0,53.0,220,2,2,2
139813,"Hachigatsu no Cinderella Nine: Tsudzuku, Monogatari",2021-09-25,1.0,24.0,59.0,1138,11,5,2
128705,Blue Period,2021-09-25,12.0,24.0,77.0,153990,4900,3,2
185776,Guardian Tales Anime PVs,2021-09-24,3.0,1.0,,47,0,5,2
139375,Yamitsuki Pheromone The Animation,2021-09-24,2.0,17.0,61.0,2031,60,3,2
136270,Soshite Watashi wa Sensei ni......,2021-09-24,4.0,25.0,58.0,1841,71,4,2
136190,Torokase Orgasm The Animation,2021-09-24,1.0,28.0,66.0,3195,153,4,2
122631,Yi Ren Zhi Xia 4,2021-09-24,12.0,23.0,66.0,5724,74,3,2
139586,Go! Saitama,2021-09-23,1.0,2.0,72.0,7867,93,3,2
129759,Princess Principal: Crown Handler - Chapter 2,2021-09-23,1.0,56.0,77.0,8832,79,1,2
157304,Banjjagbanjjag Catch! Tiniping,2021-09-22,26.0,11.0,,174,2,7,2
155201,Shouhu Lian Meng ROY6: Baobao Senlin De Maoxian,2021-09-22,8.0,,,36,0,3,2
138060,Star Wars: Visions,2021-09-22,9.0,16.0,70.0,41070,506,3,2
136143,KU-RU-KU-RU Cruller!,2021-09-22,1.0,8.0,72.0,1335,16,2,2
188943,Mecha Mecha Charisma,2021-09-21,1.0,6.0,,127,4,2,2
208066,MAHOROBA,2021-09-20,1.0,14.0,,79,0,1,2
139449,Getsuyoubi no Tawawa 2,2021-09-20,12.0,6.0,64.0,22982,257,3,2
137877,"Ganbare, Douki-chan",2021-09-20,12.0,6.0,63.0,43481,468,3,2
137686,Yan Wang,2021-09-19,12.0,7.0,52.0,736,18,3,2
154068,Takano Kousaten,2021-09-17,1.0,6.0,61.0,480,2,1,2
140101,Benghuai 3: Qian Qishilu,2021-09-17,1.0,2.0,69.0,670,15,3,2
139304,Kono Kaisha... Nanika Okashii!,2021-09-17,2.0,17.0,52.0,1336,50,3,2
107203,Free!: the Final Stroke - Zenpen,2021-09-17,1.0,86.0,77.0,24482,297,1,2
183160,Sinbi Apateu : Ghost Ball Z,2021-09-16,24.0,24.0,,59,0,6,2
139276,Taishou Roman,2021-09-16,1.0,3.0,67.0,970,4,2,2
138714,Heike Monogatari,2021-09-16,11.0,23.0,77.0,36224,930,3,2
139342,UMISEA,2021-09-15,4.0,4.0,63.0,1661,11,3,2
137804,Kobayashi-san Chi no Maidragon S: Mini Dra EX,2021-09-15,5.0,2.0,72.0,14174,123,5,2
126186,Alice Gear Aegis: Doki! Actress Darake no Mermaid Grand Prix ♥,2021-09-15,3.0,15.0,51.0,1873,15,4,2
163831,"Shousetsu ""Tokimori-tachi no Last Dance"" ""Tanabata no Yoru ni Okaeri"" PV",2021-09-14,1.0,2.0,48.0,195,1,3,2
139228,Levitating,2021-09-13,1.0,3.0,64.0,674,5,2,2
193906,Azur Lane: 4 Shuunen Kinen Anime PV,2021-09-12,1.0,2.0,,159,0,5,2
150505,Ni Tian Jian Shen 4,2021-09-11,26.0,12.0,,79,2,3,2
139354,It's Been A Long Time,2021-09-10,1.0,1.0,44.0,193,0,5,2
138880,Yuuseiboushi,2021-09-10,1.0,4.0,75.0,1566,46,2,2
130713,Mahoutsukai no Yome: Nishi no Shounen to Seiran no Kishi,2021-09-10,3.0,23.0,75.0,33795,397,4,2
138699,Pokémon Evolutions,2021-09-09,8.0,8.0,73.0,11527,133,3,2
158615,Ego Rock,2021-09-07,1.0,3.0,52.0,193,7,2,2
140082,Peace,2021-09-07,1.0,3.0,,114,0,2,2
140371,Doggie Corgi 3,2021-09-05,20.0,2.0,,83,0,3,2
138723,Felicia,2021-09-05,1.0,5.0,59.0,461,3,2,2
122652,Xingchen Bian: Xichen Yao Hai,2021-09-05,12.0,,70.0,1260,52,3,2
139751,Geu Yeoreum,2021-09-04,7.0,10.0,68.0,4819,87,3,2
188826,Mini Teukgongdae Animaltron,2021-09-03,26.0,11.0,,28,0,7,2
134288,Jashin Shoukan: Inran Kyonyuu Oyako Ikenie Gishiki,2021-09-03,2.0,17.0,67.0,4202,199,4,2
113254,Ryouma! The Prince of Tennis Shinsei Tennis no Ouji-sama,2021-09-03,1.0,100.0,55.0,1706,17,1,2
138716,Seikan Sekai,2021-09-02,1.0,2.0,59.0,506,16,2,2
188062,Kkoma Bus Tayo 6,2021-09-01,26.0,11.0,,34,0,7,2
138609,Love Letter,2021-08-31,1.0,4.0,67.0,1097,14,2,2
169746,Vapor Trail,2021-08-30,1.0,35.0,52.0,1277,11,1,2
139074,Unmei,2021-08-27,1.0,4.0,52.0,277,3,2,2
138260,Shiguang Dailiren: Xiaoyao Sanren De Weituo,2021-08-27,1.0,16.0,61.0,5009,36,3,2
134946,Usamimi Bouken-tan: Sekuhara Shinagara Sekai wo Sukue,2021-08-27,4.0,17.0,56.0,2045,52,4,2
132209,Kuroinu II THE ANIMATION,2021-08-27,1.0,27.0,56.0,2822,80,4,2
125838,Misaki no Mayoiga,2021-08-27,1.0,100.0,65.0,6320,29,1,2
118743,Fate/kaleid liner Prisma☆Illya: Licht - Namae no Nai Shoujo,2021-08-27,1.0,94.0,71.0,15275,164,1,2
143290,Saturday (Japanese Anime Edition),2021-08-26,1.0,3.0,,130,0,2,2
138351,Liang Bu Yi Part 2,2021-08-25,12.0,10.0,76.0,1542,43,3,2
137075,VOY@GER,2021-08-25,1.0,8.0,75.0,3089,52,1,2
130046,Ichiban Chikakute Tooi Hoshi,2021-08-24,1.0,4.0,63.0,2603,17,3,2
206845,Milk no Kevin THE MOVIE,2021-08-21,1.0,47.0,,40,1,1,2
140076,Careless,2021-08-21,1.0,4.0,59.0,686,5,2,2
138345,Vivy: Fluorite Eye’s Song - PILOT MOVIE,2021-08-21,1.0,2.0,72.0,7031,104,5,2
137761,Douluo Dalu: Chongfan Haotian,2021-08-21,13.0,21.0,78.0,1664,65,3,2
136397,Xiao Hua Da Dianying: Qiji Shaonü,2021-08-21,1.0,90.0,,70,1,1,2
138120,Howling,2021-08-20,1.0,4.0,66.0,928,11,2,2
138119,Fate/kaleid liner Prisma☆Illya: Licht - Namae no Nai Shoujo Special Mini Anime,2021-08-20,3.0,3.0,46.0,1014,4,3,2
116676,Kiniro Mosaic: Thank you!!,2021-08-20,1.0,82.0,75.0,6322,61,1,2
116610,BanG Dream! FILM LIVE 2nd Stage,2021-08-20,1.0,84.0,77.0,4387,62,1,2
138064,Wo Qi Ku Le Baiwan Xiulianzhe,2021-08-19,190.0,11.0,53.0,491,19,3,2
140882,"""Hataraku"" no 100-nenshi",2021-08-18,1.0,2.0,54.0,504,3,3,2
127371,Tonikaku Kawaii: SNS,2021-08-18,1.0,24.0,79.0,63568,1081,4,2
138109,Subarashii Shin Sekai,2021-08-17,1.0,5.0,54.0,329,4,2,2
138047,Sayonara Natsu no Hi,2021-08-17,1.0,5.0,52.0,226,4,2,2
137978,Po,2021-08-16,1.0,2.0,59.0,874,12,2,2
133774,Jiu Tian Xuan Di Jue,2021-08-16,40.0,10.0,61.0,692,25,3,2
122052,Kaizoku Oujo,2021-08-15,12.0,24.0,69.0,72795,979,6,2
148896,hAngedmAn_A,2021-08-14,1.0,4.0,,83,0,2,2
143380,Hokkyokuguma Suggoku Hima,2021-08-14,1.0,7.0,,130,0,1,2
139588,Yami Shibai 9 Special,2021-08-14,1.0,4.0,51.0,980,3,5,2
132381,Huyao Xiao Hongniang: Yue Hong 2,2021-08-14,1.0,65.0,54.0,363,7,3,2
138271,Kohakutou no Yacht,2021-08-13,1.0,4.0,53.0,245,0,2,2
132698,Oshiri Tantei: Sufuure-tou no Himitsu,2021-08-13,1.0,38.0,,86,0,1,2
132444,Shinkai no Survival!,2021-08-13,1.0,41.0,,221,2,1,2
143551,A Viva Non Non,2021-08-11,1.0,4.0,48.0,171,0,2,2
140008,Uranomito,2021-08-11,1.0,4.0,50.0,247,0,2,2
137939,"Kore wa, Watashi no Monogatari.",2021-08-11,1.0,2.0,59.0,770,7,3,2
137898,Tensai Ouji no Akaji Kokka Saisei Jutsu: Short Drama,2021-08-11,5.0,3.0,53.0,1581,13,3,2
137806,Bad Habits,2021-08-11,1.0,4.0,58.0,471,1,2,2
137800,Unison,2021-08-11,1.0,4.0,72.0,2606,66,2,2
138446,Kaisou Ressha,2021-08-09,1.0,4.0,66.0,950,5,2,2
140028,Osumo-san,2021-08-08,1.0,1.0,,148,0,3,2
129263,Dahouji Yu Gongzhu Qun,2021-08-08,13.0,14.0,57.0,670,6,3,2
138530,Ashita wa Nichiyoubi,2021-08-07,1.0,4.0,55.0,271,1,2,2
121467,Modao Zushi 3,2021-08-07,12.0,24.0,86.0,25102,1264,3,2
140103,Benghuai 3: Reburn: II,2021-08-06,1.0,3.0,64.0,637,9,3,2
137983,Jia You,2021-08-06,1.0,5.0,,84,0,3,2
132203,Imaizumin-chi wa Douyara Gal no Tamariba ni Natteru Rashii,2021-08-06,,17.0,77.0,10471,685,4,4
126659,Boku no Hero Academia THE MOVIE: World Heroes' Mission,2021-08-06,1.0,104.0,76.0,102582,1728,1,2
186150,Tian Zhen Yu Kung Fu Wa,2021-08-03,52.0,11.0,,58,0,7,2
180801,Sunabikisou,2021-08-02,1.0,2.0,,35,0,2,2
139079,Funbari Onsen Hanjouki,2021-08-02,10.0,2.0,47.0,643,7,3,2
137537,Rick and Morty: Summer Meets God,2021-08-02,1.0,15.0,53.0,2149,6,5,2
180743,Fate/Grand Order: Haishin 6 Shuunen Kinen Animation PV,2021-08-01,1.0,3.0,58.0,402,5,5,2
150742,Natsu no Mahou,2021-08-01,1.0,4.0,,106,0,2,2
148371,Patchwork,2021-08-01,1.0,3.0,,90,2,2,2
132456,Jahy-sama wa Kujikenai!,2021-08-01,20.0,24.0,68.0,84790,1076,6,2
117002,Magia Record: Mahou Shoujo Madoka☆Magica Gaiden 2nd SEASON - Kakusei Zenya,2021-08-01,8.0,24.0,70.0,24406,284,6,2
139756,HololiveEN PVs,2021-07-31,2.0,2.0,58.0,507,4,3,2
115853,Jiu Jiu Ba Shi Yi,2021-07-31,4.0,14.0,,151,4,3,2
157764,Hen (Music),2021-07-30,1.0,3.0,,111,0,2,2
134116,Succubus Appli: Gakuen Saimin,2021-07-30,4.0,20.0,62.0,2818,98,4,2
133483,Anette-san to Liliana-san THE ANIMATION,2021-07-30,1.0,30.0,65.0,2341,75,4,2
127331,Crayon Shin-chan: Nazo Meki! Hana no Tenkasu Gakuen,2021-07-30,1.0,105.0,73.0,1611,23,1,2
116756,Fate/Grand Order: Shuukyoku Tokuiten - Kani Jikan Shinden Solomon,2021-07-30,1.0,94.0,76.0,30868,557,1,2
115833,Can Ci Pin: Fangzhu Xingkong,2021-07-30,16.0,18.0,63.0,1362,35,3,2
137850,Yoru no Pierrot (TeddyLoid Remix),2021-07-29,1.0,4.0,67.0,1058,24,2,2
136657,Sansan De Shenghuo Guoran You Wenti,2021-07-29,10.0,5.0,,37,0,3,2
126440,Xian Yu Ge,2021-07-29,16.0,15.0,,287,5,3,2
157074,Etotama: Nyankyaku Banrai - Etotama Pretty Gekijou,2021-07-28,1.0,2.0,49.0,318,2,5,2
137319,TOUBOU,2021-07-28,1.0,3.0,50.0,212,2,2,2
136137,Hetalia World★Stars OVA,2021-07-28,3.0,5.0,65.0,1800,20,4,2
132904,NOMAD: Megalo Box 2 - Hachidori to tabibito.,2021-07-28,1.0,11.0,61.0,2106,19,5,2
122671,Quanzhi Fashi 5,2021-07-28,12.0,20.0,71.0,9897,171,3,2
120321,Shaonian Ge Xing: Feng Hua Xue Yue Pian,2021-07-28,16.0,15.0,60.0,461,19,3,2
148352,Ejanaika,2021-07-27,1.0,4.0,,96,0,2,2
138106,Shuumatsu no Valkyrie Mini Anime,2021-07-27,14.0,2.0,52.0,1286,14,3,2
120208,Youxia Zhanji,2021-07-27,20.0,,,212,7,3,2
137144,Uchuu no Kisetsu,2021-07-26,1.0,4.0,64.0,912,10,2,2
168583,Sakananishitajodan,2021-07-24,1.0,2.0,,53,1,2,2
136635,Fatchi Baike 3,2021-07-24,12.0,6.0,,33,1,3,2
139071,Nakayoshi Step,2021-07-23,1.0,4.0,,120,2,2,2
136706,Tomorrow’s Leaves,2021-07-23,1.0,8.0,61.0,1371,6,1,2
130190,Bai She 2: Qing She Jie Qi,2021-07-23,1.0,131.0,73.0,2363,70,1,2
126397,Maoling Xiangce,2021-07-23,21.0,5.0,,253,2,3,2
122434,Heion Sedai no Idaten-tachi,2021-07-23,11.0,23.0,74.0,61714,1187,6,2
137039,COLOURS,2021-07-22,1.0,4.0,62.0,852,4,3,2
136976,DROP,2021-07-22,1.0,5.0,67.0,813,12,2,2
136461,Wu Geng Ji 4 Part 1,2021-07-22,24.0,16.0,62.0,480,19,3,2
132324,Gundam: G no Reconguista III - Uchuu kara no Isan,2021-07-22,1.0,104.0,68.0,1749,15,1,2
107625,Cider no You ni Kotoba ga Wakiagaru,2021-07-22,1.0,87.0,73.0,100884,2138,1,2
148266,Seishun no Hikari to Kage,2021-07-21,1.0,4.0,,92,0,2,2
142963,Sprechchor,2021-07-21,1.0,2.0,67.0,612,3,2,2
136582,Fei Ren Zai: Dongzhi Pian,2021-07-21,12.0,5.0,,248,3,3,2
137275,Gugong Li De Da Guaishou: Dong Guang Baoshi De Mimi,2021-07-20,26.0,14.0,,47,2,3,2
136309,Ling Yun Daima,2021-07-20,20.0,,,166,4,3,2
128703,Assault Lily: FRUITS,2021-07-20,13.0,3.0,61.0,2427,12,3,2
126350,Heibai Wushuang 3,2021-07-19,12.0,20.0,53.0,762,19,3,2
137613,Shabake,2021-07-18,1.0,3.0,46.0,277,0,3,2
126347,Bai Yao Pu 2,2021-07-18,12.0,20.0,71.0,1672,29,3,2
139527,Ji Gong: Jiang Long Jiangshi,2021-07-16,1.0,92.0,,126,2,1,2
137894,Revolver,2021-07-16,1.0,4.0,,109,2,2,2
136862,Ni Tian Zhizun,2021-07-16,580.0,12.0,65.0,1167,74,3,4
132126,Sonny Boy,2021-07-16,12.0,25.0,78.0,134547,7151,6,2
131880,Obey Me!,2021-07-16,12.0,5.0,69.0,17359,480,3,2
128077,Mayonaka no Yuugi -Nora ver.-,2021-07-16,1.0,5.0,52.0,426,12,5,2
127271,Ryuu to Sobakasu no Hime,2021-07-16,1.0,122.0,73.0,69723,2011,1,2
136795,Natsu ga Hajimaru.,2021-07-15,1.0,2.0,62.0,620,11,3,2
126366,Dinghai Fusheng Lu,2021-07-15,12.0,20.0,64.0,1285,33,3,2
125868,NIGHT HEAD 2041,2021-07-15,12.0,23.0,61.0,14719,158,6,2
140099,Ryza no Atelier: Short Anime,2021-07-14,7.0,2.0,50.0,756,20,3,2
117989,Megami-ryou no Ryoubo-kun.,2021-07-14,10.0,24.0,62.0,68216,1081,6,2
138992,Tatehoko Tsubasa,2021-07-13,1.0,4.0,63.0,819,4,2,2
126047,Deatte 5-byou de Battle,2021-07-13,12.0,24.0,66.0,73539,1024,6,2
114118,Hong Huang,2021-07-13,13.0,15.0,,180,7,3,2
140079,Shimi,2021-07-12,1.0,3.0,67.0,1269,18,2,2
137063,Hitoriiro,2021-07-12,1.0,4.0,50.0,252,0,2,2
135108,Yami Shibai 9,2021-07-12,13.0,5.0,53.0,3822,17,7,2
139409,Liella no Uta,2021-07-11,12.0,1.0,68.0,2162,24,7,2
114979,Love Live! Superstar!!,2021-07-11,12.0,24.0,78.0,29856,959,6,2
136569,Caesura of Despair,2021-07-10,1.0,2.0,65.0,1004,12,2,2
135923,Renou Xueyuan,2021-07-10,10.0,5.0,70.0,1113,28,3,2
130997,D_CIDE TRAUMEREI THE ANIMATION,2021-07-10,13.0,24.0,53.0,8205,62,6,2
127366,100-man no Inochi no Ue ni Ore wa Tatteiru 2nd Season,2021-07-10,12.0,24.0,66.0,53409,608,6,2
139106,Mahouka Koukou no Rettousei: 10th Shuunen Kinen PV,2021-07-09,1.0,2.0,68.0,2704,53,5,2
131783,Xi Yangyang Yu Hui Tailang: Juezhan Ci Shidai,2021-07-09,60.0,,,93,0,7,2
128545,Shiroi Suna no Aquatope,2021-07-09,24.0,24.0,73.0,63577,1242,6,2
127227,Kakushigoto: Himegoto wa Nandesuka,2021-07-09,1.0,79.0,76.0,14297,127,1,2
120608,Meikyuu Black Company,2021-07-09,12.0,24.0,70.0,75151,1125,6,2
116740,100-Nichikan Ikita Wani,2021-07-09,1.0,63.0,54.0,957,2,1,2
157175,Kyoto Animation:  Meiji-hen,2021-07-08,1.0,1.0,60.0,1149,2,3,2
136452,Kyoto Animation: Souzou-hen,2021-07-08,1.0,1.0,63.0,1483,2,3,2
131009,Chunqiu Feng Shen,2021-07-08,24.0,17.0,52.0,277,14,3,2
124494,Biohazard: Infinite Darkness,2021-07-08,4.0,26.0,60.0,6308,76,3,2
107717,Kobayashi-san Chi no Maidragon S,2021-07-08,12.0,24.0,81.0,165207,4511,6,2
148506,Miharu no Tsukikari,2021-07-07,1.0,4.0,54.0,148,1,2,2
139754,Shingeki no Kyojin: Chimi Kyara Gekijou - Final,2021-07-07,2.0,5.0,78.0,10344,193,5,2
139752,Azur Lane: Bisoku Zenshin! Hokorashiki Bokou ni Shukusai wo,2021-07-07,1.0,6.0,64.0,3220,52,4,2
136538,KICK&SLIDE,2021-07-07,12.0,3.0,42.0,230,0,7,2
125909,TSUKIPRO THE ANIMATION 2,2021-07-07,13.0,24.0,63.0,1791,21,6,2
125206,Tsuki ga Michibiku Isekai Douchuu,2021-07-07,12.0,24.0,77.0,171258,5463,6,2
114302,Cheat Kusushi no Slow Life: Isekai ni Tsukurou Drugstore,2021-07-07,12.0,24.0,61.0,51205,615,6,2
180850,Ankoku Kazoku Warabi-san,2021-07-06,20.0,4.0,,42,0,3,2
138402,Humanity!,2021-07-06,1.0,3.0,,95,0,2,2
137102,Fire Emblem Heroes: Part 2 - Mini Chara Theater,2021-07-06,1.0,4.0,55.0,296,4,3,2
136517,Mini Van Large,2021-07-06,26.0,3.0,55.0,420,2,3,2
136474,Shiroi Suna no Aquatope Mini,2021-07-06,29.0,1.0,53.0,1215,4,3,2
126546,Seirei Gensouki,2021-07-06,12.0,24.0,69.0,138444,3321,6,2
126432,Sou Xuan Lu: Chen Ling Ji,2021-07-06,6.0,18.0,,223,4,3,2
116742,Tensei Shitara Slime Datta Ken 2nd Season Part 2,2021-07-06,12.0,24.0,82.0,267642,8390,6,2
112802,Uramichi Oniisan,2021-07-06,13.0,24.0,76.0,86601,2392,6,2
136263,Isekai Cheat Magician: Yoiboshi no Matsuri to Majutsushi,2021-07-05,1.0,24.0,61.0,14944,163,5,2
135801,Yuan Shen Haojie,2021-07-05,52.0,12.0,,764,8,3,2
128947,Yubisaki Kara Honki no Netsujou 2: Koibito wa Shouboushi,2021-07-05,8.0,7.0,58.0,3158,43,3,2
136512,"Ore, Tsushima (ONA)",2021-07-04,93.0,2.0,57.0,1325,10,3,2
136400,Chuuken Hachi,2021-07-04,1.0,3.0,62.0,333,7,2,2
136360,Baka ja Nai noni,2021-07-04,1.0,4.0,64.0,665,11,2,2
130549,RE-MAIN,2021-07-04,12.0,23.0,69.0,49817,642,6,2
129277,Shinigami Bocchan to Kuro Maid,2021-07-04,12.0,24.0,74.0,84910,1837,6,2
128712,"Tantei wa mou, Shindeiru.",2021-07-04,12.0,24.0,61.0,128018,1852,6,2
127721,IDOLiSH7: Third BEAT!,2021-07-04,13.0,24.0,81.0,7961,331,6,2
125640,Getter Robo Arc,2021-07-04,13.0,24.0,60.0,3105,57,6,2
125446,Kageki Shoujo!!,2021-07-04,13.0,24.0,76.0,35268,687,6,2
117612,Genjitsu Shugi Yuusha no Oukoku Saikenki,2021-07-04,13.0,24.0,71.0,138346,2631,6,2
136310,Sangenshoku,2021-07-03,1.0,4.0,69.0,914,12,2,2
131646,Vanitas no Carte,2021-07-03,12.0,23.0,78.0,208458,7108,6,2
130392,"Ore, Tsushima",2021-07-03,12.0,2.0,64.0,6548,59,7,2
127688,Mahouka Koukou no Yuutousei,2021-07-03,13.0,24.0,64.0,37291,406,6,2
126360,Yuan Long 2,2021-07-03,16.0,20.0,64.0,867,26,3,2
126192,Kanojo mo Kanojo,2021-07-03,12.0,24.0,63.0,131353,2100,6,2
120209,Otome Game no Hametsu Flag shika Nai Akuyaku Reijou ni Tensei shiteshimatta… X,2021-07-03,12.0,24.0,71.0,78215,1113,6,2
114065,Bokutachi no Remake,2021-07-03,12.0,24.0,72.0,111322,2016,6,2
150919,Hebi Ringo,2021-07-02,1.0,4.0,,94,0,2,2
130692,Mako-chan Kaihatsu Nikki,2021-07-02,4.0,17.0,64.0,3931,188,4,2
128740,Nanatsu no Taizai: Hikari ni Norowareshi Mono-tachi,2021-07-02,1.0,80.0,70.0,38659,457,1,2
136619,Meiying Da Leyuan,2021-07-01,31.0,3.0,,56,0,3,2
133798,Yoshimaho,2021-07-01,12.0,1.0,41.0,1521,11,3,2
131150,SCARLET NEXUS,2021-07-01,26.0,24.0,53.0,35701,550,6,2
131149,Higurashi no Naku Koro ni Sotsu,2021-07-01,15.0,24.0,64.0,38454,684,6,2
122441,Peach Boy Riverside,2021-07-01,12.0,24.0,60.0,60841,631,6,2
148041,Nonnon,2021-06-30,1.0,4.0,48.0,157,0,2,2
131773,Wonder Egg Priority: Tokubetsu-hen,2021-06-30,1.0,47.0,50.0,66192,521,5,2
115900,Zhihao Beipan Diqiule,2021-06-29,72.0,11.0,,271,4,3,2
136297,Mado wo Akete,2021-06-28,1.0,4.0,70.0,1066,18,2,2
136146,Wan Jie Xian Zong 5,2021-06-28,48.0,7.0,61.0,677,34,3,2
131826,Eroge de Subete wa Kaiketsu Dekiru! THE ANIMATION,2021-06-25,2.0,28.0,70.0,3706,177,4,2
121180,Xiao Hua Xian 5: Sishi Hua Yu - Chun Xia 2: Xia,2021-06-25,26.0,13.0,,76,1,3,2
117764,BanG Dream! Episode of Roselia II: Song I am.,2021-06-25,1.0,71.0,79.0,5848,155,1,2
115895,Sore Ike! Anpanman: Fuwa Fuwa Fuwaly to Kumo no Kuni,2021-06-25,1.0,60.0,,211,0,1,2
110224,Journey: Taiko Arabia Hantou de no Kiseki to Tatakai no Monogatari,2021-06-25,1.0,110.0,66.0,6369,85,1,2
148629,7-jigen GIRL wa Nekoze,2021-06-23,1.0,4.0,,89,0,2,2
137916,Rainy Boots,2021-06-23,1.0,3.0,69.0,653,13,2,2
148002,Katarina Nounai Kaigi X,2021-06-21,23.0,1.0,53.0,1018,3,3,2
147996,Dragon Ball: Annecy Festival 60th Anniversary,2021-06-20,1.0,1.0,56.0,607,6,3,2
145837,Shinsekai Pygmalion,2021-06-20,1.0,4.0,,127,0,2,2
136128,Dennou,2021-06-20,1.0,4.0,60.0,585,12,2,2
135866,Youjo Senki: Sabaku no Pasta Daisakusen,2021-06-19,1.0,17.0,74.0,26551,273,3,2
145555,Osomatsu-san 3 Short Episode Anime: Gekokujou,2021-06-18,2.0,2.0,,119,0,5,2
143456,Shokuzai,2021-06-18,1.0,2.0,,97,0,3,2
136307,Aitsura Zenin Dousoukai,2021-06-18,1.0,4.0,60.0,497,3,2,2
135836,Peeping Life 12th anniversary,2021-06-18,1.0,5.0,,76,0,3,2
150006,Byakuya,2021-06-17,1.0,2.0,56.0,266,6,2,2
127399,Shuumatsu no Valkyrie,2021-06-17,12.0,24.0,67.0,130335,2562,3,2
143315,Climbing,2021-06-16,1.0,77.0,,102,0,1,2
143293,One Piece: Annecy Festival 60th Anniversary,2021-06-16,1.0,1.0,53.0,759,2,3,2
117573,Juan Siliang,2021-06-14,15.0,15.0,67.0,897,42,3,2
137339,Ashuai 5,2021-06-12,34.0,4.0,,48,0,3,2
135626,Shiny Racers,2021-06-12,1.0,4.0,67.0,1042,9,2,2
148899,Panspermia,2021-06-11,1.0,3.0,49.0,137,1,2,2
127958,Gyokou no Nikuko-chan,2021-06-11,1.0,97.0,70.0,6393,85,1,2
126275,"""Uchuu Senkan Yamato"" to Iu Jidai: Seireki 2202-nen no Sentaku",2021-06-11,1.0,120.0,67.0,1314,17,1,2
123645,Sayonara Watashi no Cramer: First Touch,2021-06-11,1.0,104.0,68.0,5334,60,1,2
105595,Kidou Senshi Gundam: Senkou no Hathaway,2021-06-11,1.0,95.0,79.0,20150,567,1,2
129239,Xinghe Zhizun,2021-06-10,45.0,7.0,53.0,568,21,3,2
139649,Juukyuu-gatsu,2021-06-09,1.0,4.0,,111,0,2,2
136118,drivers license,2021-06-08,1.0,4.0,49.0,247,0,2,2
135572,Tie Jie Gang Bing 2,2021-06-07,55.0,,,136,8,3,2
136206,Pretty All Friends Selection,2021-06-06,16.0,24.0,55.0,678,6,6,2
130074,Netosis,2021-06-04,1.0,17.0,52.0,3915,124,4,2
130073,Netokano,2021-06-04,1.0,17.0,57.0,3683,131,4,2
113024,Shoujo☆Kageki Revue Starlight Movie,2021-06-04,1.0,120.0,87.0,20909,2438,1,2
99900,Eiga Daisuki Pompo-san,2021-06-04,1.0,94.0,81.0,31354,934,1,2
99730,Sidonia no Kishi: Ai Tsumugu Hoshi,2021-06-04,1.0,110.0,73.0,9051,116,1,2
140878,Non-breath oblige,2021-06-02,1.0,3.0,63.0,422,20,2,2
127149,Fate/Grand Carnival,2021-06-02,4.0,15.0,75.0,21929,305,4,2
122630,Xi Xing Ji 3,2021-06-02,20.0,,57.0,364,13,3,2
143755,Yuukei,2021-06-01,1.0,5.0,48.0,143,0,2,2
136145,Shiguang Dailiren Special,2021-05-28,1.0,24.0,78.0,24051,271,3,2
134120,Artiswitch,2021-05-28,6.0,8.0,70.0,10267,251,3,2
133413,Bai Gui Youeryuan 4,2021-05-28,12.0,5.0,,116,0,3,2
130654,Kazoku: Haha to Shimai no Kyousei,2021-05-28,6.0,24.0,65.0,3243,158,4,2
130653,Karada de Kaiketsu ♡: Hyakkiya Tantei Jimusho - Hyakkiya Hikari no Youkai Jikenbo,2021-05-28,4.0,17.0,59.0,2036,63,4,2
109217,Eden,2021-05-27,4.0,25.0,61.0,9083,77,3,2
134413,Yuru Camp△ SEASON 2 OVA,2021-05-26,2.0,5.0,74.0,10867,98,4,2
101216,Etotama: Nyankyaku Banrai,2021-05-26,1.0,30.0,61.0,3130,20,3,2
152001,Peach Boy Riverside Mini Anime,2021-05-25,12.0,1.0,47.0,800,0,3,2
140393,nag,2021-05-25,1.0,5.0,54.0,193,3,2,2
136946,Celia-sensei no Wakuwaku Magical Kyoushitsu,2021-05-25,18.0,2.0,56.0,2170,18,3,2
136664,Lockdown,2021-05-25,1.0,4.0,51.0,137,0,2,2
134840,The Naked King: Utsukushiki Waga Jinsei wo,2021-05-25,1.0,4.0,66.0,930,18,2,2
138683,VIVA LA EVOLUCION,2021-05-23,1.0,4.0,,53,0,2,2
134462,Real Melancholy,2021-05-22,1.0,4.0,61.0,580,6,2,2
134168,Douluo Dalu: Shan Yu Yu Lai,2021-05-22,13.0,20.0,79.0,1801,76,3,2
151987,"Tantei wa mou, Shindeiru. Mini Anime",2021-05-21,5.0,2.0,52.0,1122,14,3,2
140377,Cogimyun 2nd,2021-05-21,10.0,1.0,50.0,201,2,3,2
134107,Wu Shang Shen Di 2,2021-05-21,620.0,7.0,66.0,894,50,3,4
129963,HOLOLIVE ALTERNATIVE Teaser PVs,2021-05-21,,2.0,78.0,5639,116,3,4
133869,Kuang Shenmo Zun,2021-05-20,62.0,,56.0,482,12,3,2
132305,Xing Hai Qishi Part 2,2021-05-19,7.0,20.0,57.0,260,6,3,2
125368,Kaguya-sama wa Kokurasetai: Tensaitachi no Renai Zunousen OVA,2021-05-19,1.0,24.0,75.0,91337,1048,4,2
138676,PERFECT MAGIC,2021-05-17,1.0,5.0,,58,0,2,2
138554,Closure no Kimitsu File,2021-05-16,17.0,2.0,56.0,407,2,3,2
129222,Tai Yi Xian Mo Lu: Ling Fei Ji 4,2021-05-16,12.0,,,150,2,3,2
139229,Oka no Ue no Charlie Trailer,2021-05-15,1.0,1.0,,85,0,3,2
134289,Daisan no Shinzou,2021-05-15,1.0,4.0,58.0,561,7,2,2
134045,Ling Long Special,2021-05-15,1.0,42.0,72.0,812,22,3,2
121528,Zhen Hun Jie 2 Chongzhi Ban,2021-05-15,10.0,23.0,65.0,2019,24,3,2
103277,Fate/Grand Order: Shinsei Entaku Ryouiki Camelot - Paladin; Agateram,2021-05-15,1.0,96.0,76.0,31436,504,1,2
136779,Rhythmens,2021-05-14,6.0,2.0,50.0,143,2,3,2
140027,About you,2021-05-13,1.0,4.0,43.0,211,1,1,2
140026,Fragile,2021-05-13,1.0,3.0,,216,5,1,2
176922,JUBITO,2021-05-12,1.0,2.0,,118,1,1,2
150504,Ni Tian Jian Shen 3,2021-05-12,26.0,12.0,,83,2,3,2
133728,Hua Jianghu: Huan Shi Men Sheng 2,2021-05-12,19.0,19.0,,163,3,3,2
137270,Kimi no Suki ni Deaou.,2021-05-09,2.0,1.0,48.0,412,2,5,2
127363,Jaku-Chara Tomozaki-kun OVA,2021-05-07,2.0,13.0,67.0,22007,201,4,2
213462,Neko Jockey,2021-05-06,4.0,3.0,,17,1,7,2
134861,Fei Ba! Lanqiu: Xuzhang,2021-05-06,1.0,24.0,,117,1,3,2
129228,Fengzi Wuyu: Yinhe Pian,2021-05-04,20.0,18.0,,150,10,3,2
138679,CALL OF JUSTICE,2021-05-03,1.0,5.0,,66,0,2,2
126833,Ling Long Final Chapter,2021-05-01,2.0,43.0,73.0,1022,32,3,2
138550,Biohazard Village × Ningyou Geki,2021-04-30,3.0,3.0,,160,0,3,2
136646,Ndaho Kekkon Omedetou!!,2021-04-30,1.0,4.0,46.0,217,0,3,2
133442,Trepanation,2021-04-30,1.0,4.0,60.0,637,6,2,2
133425,Ningen Kaishuusha,2021-04-30,8.0,9.0,,231,5,3,2
133410,Yoru wa Honoka,2021-04-30,1.0,3.0,74.0,1639,36,2,2
129115,Shidoukan Day after THE ANIMATION,2021-04-30,2.0,17.0,55.0,2003,46,4,2
128623,Sakusei Byoutou THE ANIMATION,2021-04-30,10.0,20.0,64.0,4537,221,4,2
126403,Shiguang Dailiren,2021-04-30,11.0,24.0,86.0,173268,11253,3,2
133340,Chocosanji,2021-04-29,12.0,2.0,51.0,345,7,3,2
131930,Yasuke,2021-04-29,6.0,29.0,56.0,30823,246,3,2
123375,Hua Jianghu: Buliang Ren 4,2021-04-29,13.0,27.0,57.0,242,9,3,2
158611,masui,2021-04-28,1.0,2.0,,113,1,1,2
147956,Anzu no Hana,2021-04-28,1.0,4.0,,124,4,2,2
139096,Genius,2021-04-28,1.0,4.0,,66,0,2,2
133463,Mirai Note,2021-04-28,1.0,4.0,55.0,301,2,2,2
131647,Chao Shikong Kuaidi,2021-04-28,12.0,6.0,,41,0,3,1
130058,Uchi no Otouto Maji de Dekain dakedo Mi ni Konai?,2021-04-28,2.0,17.0,74.0,10493,608,4,2
127368,Dungeon ni Deai wo Motomeru no wa Machigatteiru Darou ka III OVA,2021-04-28,1.0,28.0,67.0,29418,329,4,2
139297,Yi Shijie Zhongyao Pu 2,2021-04-27,60.0,12.0,,105,0,3,2
126395,Li Linke De Xiao Guaner,2021-04-27,10.0,19.0,57.0,621,8,3,2
132527,Aoi Hane Mitsuketa!,2021-04-26,6.0,4.0,,218,1,3,2
126354,Tianbao Fuyao Lu 2,2021-04-25,13.0,19.0,73.0,1462,51,3,2
139300,Jinsei wa Saikou no Himatsubushi,2021-04-24,1.0,4.0,60.0,393,8,2,2
131239,Luo Xiaohei Zhan Ji: Zhongsheng Zhi Men,2021-04-24,12.0,8.0,73.0,946,29,3,2
139120,Eureka,2021-04-23,1.0,3.0,47.0,218,1,2,2
129750,Bitch na In`ane-sama,2021-04-23,4.0,20.0,60.0,2965,137,4,2
120218,Wanmei Shijie,2021-04-23,26.0,20.0,73.0,3583,140,3,2
117763,BanG Dream! Episode of Roselia I: Yakusoku,2021-04-23,1.0,77.0,76.0,6393,105,1,2
138414,Glory or Dust,2021-04-22,1.0,6.0,64.0,546,13,2,2
188619,Natsume Yuujinchou × Kumamoto-ken: Hitoyoshi Kuma de no Yasashii Jikan,2021-04-21,1.0,2.0,66.0,965,13,3,2
114114,Liang Bu Yi,2021-04-21,12.0,10.0,75.0,4558,125,3,2
136165,Qian Wu Gu Ren,2021-04-20,22.0,7.0,,488,8,3,2
121477,Wo Zhen de Meiyong Mie?,2021-04-19,12.0,8.0,,98,0,3,2
148536,Nigella,2021-04-18,1.0,3.0,,67,0,2,2
138685,LIBERATION,2021-04-18,1.0,5.0,,53,1,2,2
137333,Hyper Positive Yogoremon,2021-04-18,12.0,2.0,41.0,186,1,7,2
135605,Live Beyond!!,2021-04-18,1.0,2.0,59.0,473,0,2,2
168627,Bashinhurudanuki,2021-04-17,1.0,2.0,,56,1,2,2
158625,Saishin,2021-04-17,1.0,4.0,,124,1,2,2
116338,Mairimashita! Iruma-kun 2,2021-04-17,21.0,25.0,80.0,105416,2844,6,2
132283,Yoru no Kuni,2021-04-16,3.0,9.0,72.0,6966,92,3,2
114112,Mi Bao Zhi Guo,2021-04-16,10.0,16.0,49.0,981,13,3,2
113653,Meitantei Conan: Hiiro no Dangan,2021-04-16,1.0,110.0,77.0,8267,159,1,2
131475,Shi Yi Chang'an: Mingyue Ji Shi You 2,2021-04-15,13.0,15.0,69.0,1689,33,3,2
125867,Cestvs: The Roman Fighter,2021-04-15,11.0,23.0,52.0,6017,54,6,2
143553,AISOUZE!,2021-04-14,1.0,3.0,46.0,212,2,2,2
135381,Blue Reflection Ray!,2021-04-14,24.0,1.0,51.0,532,2,3,2
124675,Osananajimi ga Zettai ni Makenai Love Come,2021-04-14,12.0,24.0,58.0,86722,1035,6,2
139397,Moshi Juexing: Suyuan Part 2,2021-04-13,13.0,23.0,,61,1,3,2
132692,GHOST,2021-04-13,1.0,5.0,77.0,2695,83,2,2
188825,Mini Teukgongdae Super Gongnyong Power: Super Dino 7,2021-04-12,4.0,11.0,,22,0,5,2
136135,ColoColo Animal Otogibanashi,2021-04-12,12.0,5.0,,92,0,7,2
133849,Ensemble Stars!! 5th Anniversary ANIMATION PV,2021-04-12,1.0,5.0,69.0,1212,12,3,2
132467,Tokyo Revengers: Chibi Reve,2021-04-12,24.0,2.0,73.0,8273,156,3,2
131650,Menghuan Shuyuan: Keyue Xiao Jizhe,2021-04-12,12.0,2.0,,48,0,3,2
128369,Itazura Guma no Gloomy,2021-04-12,12.0,1.0,48.0,3541,32,7,2
114535,Fumetsu no Anata e,2021-04-12,20.0,25.0,81.0,315428,10677,6,2
131649,Ruguo Lishi Shi Yi Qun Miao 6,2021-04-11,13.0,6.0,,63,0,3,2
130777,Mewkledreamy Mix!,2021-04-11,50.0,24.0,62.0,1449,13,6,2
125038,Shadows House,2021-04-11,13.0,24.0,77.0,101194,2493,6,2
120697,"Ijiranaide, Nagatoro-san",2021-04-11,12.0,24.0,69.0,266194,5982,6,2
120534,Battle Athletess Daiundoukai: ReSTART!,2021-04-11,12.0,24.0,46.0,3197,29,6,2
120120,Tokyo Revengers,2021-04-11,24.0,24.0,77.0,442949,17541,6,2
119683,EDENS ZERO,2021-04-11,25.0,23.0,70.0,89588,1589,6,2
116589,86: Eighty Six,2021-04-11,11.0,24.0,83.0,320229,18997,6,2
113428,Bishounen Tanteidan,2021-04-11,12.0,24.0,69.0,48688,592,6,2
149086,IIZUNA FAIR,2021-04-10,1.0,12.0,,128,7,1,2
129814,BLUE REFLECTION RAY,2021-04-10,24.0,25.0,53.0,12175,123,6,2
120376,Subarashiki Kono Sekai The Animation,2021-04-10,12.0,24.0,58.0,27388,312,6,2
119042,Yuuki Yuuna wa Yuusha de Aru Churutto!,2021-04-10,12.0,1.0,59.0,2506,12,7,2
112608,"Slime Taoshite 300-nen, Shiranai Uchi ni Level MAX ni Nattemashita",2021-04-10,12.0,24.0,68.0,138624,2419,6,2
131675,AOTU Shijie Fan Wai Pian,2021-04-09,5.0,15.0,,72,1,3,2
130445,Youkai Watch ♪,2021-04-09,98.0,25.0,58.0,1030,23,6,2
128737,Shinkansen Henkei Robo Shinkalion Z,2021-04-09,41.0,24.0,55.0,915,14,6,2
125839,Bakuten!!,2021-04-09,12.0,23.0,74.0,41101,759,6,2
117448,Isekai Maou to Shoukan Shoujo no Dorei Majutsu Ω,2021-04-09,10.0,24.0,66.0,128109,2039,6,2
128399,Fairy Ranmaru: Anata no Kokoro Otasuke Shimasu,2021-04-08,12.0,24.0,53.0,9146,147,6,2
126664,SD Gundam World Heroes,2021-04-08,24.0,24.0,50.0,1104,8,3,2
125426,Gokushufudou,2021-04-08,5.0,17.0,71.0,158744,3153,3,2
110733,Zombie Land Saga: Revenge,2021-04-08,12.0,24.0,79.0,71457,1734,6,2
136141,Hajimari wa Kimi no Sora,2021-04-07,1.0,6.0,68.0,1181,4,2,2
132096,Kobayashi-san Chi no Maidragon S: Mini Dra,2021-04-07,16.0,2.0,73.0,27486,305,3,2
130516,Uchuu Nanchara Kotetsu-kun,2021-04-07,64.0,10.0,,302,1,7,2
126791,Kyuukyoku Shinka Shita Full Dive RPG ga Genjitsu yori mo Kusogee Dattara,2021-04-07,12.0,24.0,62.0,82987,1171,6,2
113418,Super Cub,2021-04-07,12.0,24.0,72.0,47883,1272,6,2
131929,Wan Jie Duzun,2021-04-06,50.0,,65.0,1082,48,3,2
130514,iii icecrin,2021-04-06,12.0,2.0,50.0,277,1,7,2
128547,Odd Taxi,2021-04-06,13.0,24.0,85.0,149339,7166,6,2
124194,Fruits Basket: The Final,2021-04-06,13.0,24.0,89.0,175807,11942,6,2
123802,Seijo no Maryoku wa Bannou desu,2021-04-06,12.0,24.0,72.0,78677,1492,6,2
116741,Tensei Shitara Slime Datta Ken: Tensura Nikki,2021-04-06,12.0,24.0,74.0,99898,1695,6,2
115183,MARS RED,2021-04-06,13.0,24.0,63.0,44847,430,6,2
129801,Kuro Gal ni Natta kara Shinyuu to Shitemita.,2021-04-05,8.0,5.0,57.0,9123,157,3,2
129386,Seven Knights Revolution: Eiyuu no Keishousha,2021-04-05,12.0,24.0,60.0,17213,190,6,2
114232,Hige wo Soru. Soshite Joshikousei wo Hirou.,2021-04-05,13.0,24.0,70.0,186844,4253,6,2
130584,DUEL MASTERS King!,2021-04-04,43.0,24.0,57.0,536,4,6,2
130515,Dinosaur Biyori,2021-04-04,26.0,2.0,49.0,611,5,7,2
130512,MAZICA PARTY,2021-04-04,51.0,25.0,46.0,815,8,6,2
124858,Yuukoku no Moriarty Part 2,2021-04-04,13.0,24.0,82.0,84428,2755,6,2
123494,Sayonara Watashi no Cramer,2021-04-04,13.0,24.0,56.0,16922,246,6,2
122562,Daomu Biji: Qinling Shen Shu,2021-04-04,12.0,23.0,58.0,1635,22,3,2
116588,"Sentouin, Hakenshimasu!",2021-04-04,12.0,25.0,68.0,123070,1996,6,2
113359,NOMAD: Megalo Box 2,2021-04-04,13.0,24.0,81.0,58231,1590,6,2
112376,"Dragon, Ie wo Kau.",2021-04-04,12.0,24.0,59.0,21427,237,6,2
132697,Oshiri Tantei 5,2021-04-03,13.0,20.0,,174,0,6,2
131648,Fatchi Baike 2,2021-04-03,13.0,6.0,,34,0,3,2
130442,Dosukoi Sushi-Zumou,2021-04-03,52.0,5.0,48.0,392,1,3,2
128546,Vivy: Fluorite Eye’s Song,2021-04-03,13.0,23.0,82.0,179614,7534,6,2
122348,Mashiro no Oto,2021-04-03,12.0,24.0,73.0,46854,733,6,2
122148,Yakunara Mug Cup Mo,2021-04-03,12.0,15.0,64.0,19622,145,7,2
121962,Cardfight!! Vanguard: overDress,2021-04-03,12.0,25.0,58.0,6357,68,6,2
120859,Shakunetsu Kabaddi,2021-04-03,12.0,24.0,67.0,36530,464,6,2
119806,Thunderbolt Fantasy: Touriken Yuuki 3,2021-04-03,13.0,24.0,79.0,2167,85,6,2
139682,Obey Me! Special Anime: Makai Dai Ryokou!,2021-04-02,1.0,4.0,69.0,3048,32,5,2
131866,Tenchi Souzou Design-bu: Tokubetsu-hen,2021-04-02,1.0,24.0,71.0,5815,42,3,2
130253,Beyblade Burst DB,2021-04-02,52.0,12.0,60.0,2541,48,3,2
127126,JK Fuuzoku Gakuensai,2021-04-02,2.0,20.0,69.0,4635,155,4,2
126835,Motto! Majime ni Fumajime Kaiketsu Zorori 2nd Season,2021-04-02,25.0,24.0,50.0,338,0,6,2
122322,Utau Soccer Panda Mifanda,2021-04-02,12.0,7.0,,137,0,7,2
122039,Xi You Ji: Zai Shi Yao Wang,2021-04-02,1.0,95.0,54.0,332,5,1,2
113950,SSSS.DYNAZENON,2021-04-02,12.0,24.0,74.0,51611,1251,6,2
138182,Oretachi Majikou Destroy,2021-04-01,1.0,3.0,51.0,571,6,2,2
133136,Children Record (Re:boot),2021-04-01,1.0,3.0,66.0,499,14,2,2
132516,"Shixiong, Qing An Juben Lai!",2021-04-01,24.0,8.0,,88,1,3,2
131867,Fate/Grand Order x Thunderbolt Fantasy 3,2021-04-01,1.0,6.0,60.0,849,9,3,2
125351,Hetalia World★Stars,2021-04-01,12.0,5.0,65.0,6750,91,3,2
119675,SHAMAN KING (2021),2021-04-01,52.0,24.0,64.0,78409,1053,6,2
142049,smile smile ship Start!,2021-03-31,1.0,5.0,64.0,867,3,2,2
129664,Jouran: THE PRINCESS OF SNOW AND BLOOD,2021-03-31,12.0,23.0,57.0,30390,180,3,2
134060,Sangenshoku,2021-03-30,1.0,3.0,66.0,565,5,2,2
131927,wasimo 9,2021-03-30,40.0,10.0,,85,0,7,2
131764,Amakamisama,2021-03-30,1.0,4.0,55.0,292,4,2,2
131755,Kan Saete Kuyashii wa,2021-03-30,1.0,4.0,67.0,899,20,2,2
130513,Aka-chan Honbuchou,2021-03-29,8.0,5.0,,266,1,7,2
114840,Koi to Yobu ni wa Kimochi Warui,2021-03-29,12.0,24.0,68.0,66285,1160,3,2
131047,BATEN KAITOS,2021-03-28,2.0,4.0,66.0,1516,16,2,2
122639,Dou Po Cangqiong 4,2021-03-28,24.0,24.0,80.0,2608,131,3,2
131991,Huaguo Shan Zhuan,2021-03-27,2.0,7.0,,57,0,3,2
117193,Boku no Hero Academia 5,2021-03-27,25.0,24.0,73.0,411906,8162,6,2
136140,Ryuusatsu no Kyoukotsu,2021-03-26,1.0,10.0,45.0,210,0,3,2
136139,DELIVER POLICE: Nishitokyo-shi Deliver Keisatsutai,2021-03-26,1.0,10.0,47.0,397,0,3,2
136138,Hachimitsu Suicide Machine,2021-03-26,1.0,10.0,45.0,641,0,3,2
131708,Doki Doki! Mini Mini! Kakushi Dungeon Gekijou Artist Collab,2021-03-26,2.0,1.0,49.0,367,3,3,2
130846,HOME!,2021-03-26,1.0,8.0,65.0,3064,27,3,2
130323,Huyao Xiao Hongniang: Liang Sheng Hua,2021-03-26,12.0,19.0,58.0,630,8,3,2
128516,"Tooi Kimi ni, Boku wa Todokanai",2021-03-26,2.0,21.0,52.0,1889,66,4,2
124115,Girls und Panzer: Saishuushou 3,2021-03-26,1.0,48.0,81.0,13009,256,1,2
163803,Supyeongseon,2021-03-25,1.0,,,333,11,5,2
131568,Yasashii Suisei,2021-03-25,1.0,4.0,74.0,2157,26,2,2
124786,Godzilla: Singular Point,2021-03-25,13.0,24.0,65.0,23340,367,3,2
122043,Huanji 45 Miao,2021-03-25,13.0,20.0,,116,0,3,2
149040,Ooya-san to Boku 3,2021-03-24,5.0,5.0,,53,0,7,2
131476,Candy Caries,2021-03-24,1.0,1.0,54.0,641,0,3,2
128394,Shikaruneko,2021-03-22,,1.0,,526,2,7,4
136019,Ginga Dento,2021-03-20,1.0,3.0,49.0,209,0,2,2
131118,Powerful Pro Yakyuu: Powerful Koukou-hen,2021-03-20,4.0,13.0,50.0,291,1,3,2
131045,Tropical-Rouge! Precure Petit Tobikome! Collabo♡Dance Party!,2021-03-20,1.0,4.0,64.0,1192,10,1,2
129046,6 LOVERS,2021-03-20,6.0,4.0,52.0,4908,81,4,2
121026,Healin' Good♥Precure: Yume no Machi de Kyun! Tto GoGo! Dai Henshin!!,2021-03-20,1.0,72.0,71.0,1931,26,1,2
145847,Ed to Lilly,2021-03-19,1.0,6.0,,62,0,1,2
131142,Palette,2021-03-18,1.0,4.0,73.0,1616,43,2,2
102498,B: The Beginning Succession,2021-03-18,6.0,24.0,61.0,28592,189,3,2
132418,Ikinuke! Bakusou! Kusohamu-chan!,2021-03-17,24.0,3.0,,97,1,3,2
131053,Musician,2021-03-17,1.0,4.0,67.0,717,15,2,2
122690,Wan Jie Shenzhu 3,2021-03-17,208.0,9.0,59.0,350,20,3,2
133103,Tandemoon Rendezvous,2021-03-16,1.0,3.0,51.0,205,1,2,2
132061,Sayonara Watashi no Cramer Mini Anime,2021-03-16,24.0,1.0,44.0,354,4,3,2
136163,Lianai Shang Shang Qian,2021-03-14,20.0,8.0,,98,3,3,2
131944,Isekai Maou to Shoukan Shoujo no Dorei Majutsu Ω Mini Anime,2021-03-14,18.0,1.0,52.0,2012,15,3,2
137106,Chocomatsu-san: White Day-hen,2021-03-13,3.0,4.0,49.0,443,2,3,2
133146,Monogatari wo kimi e. #2 - Fukakai 2 Q2 Ending Animation,2021-03-13,1.0,1.0,55.0,509,15,3,2
154978,Ichiban Kuji Natsume Yuujinchou: Nyanko-sensei to Hana Shirabe,2021-03-12,1.0,2.0,58.0,787,5,3,2
150201,Ojamajo Doremi: Honobono Gekijou,2021-03-12,5.0,5.0,60.0,439,4,4,2
132821,Semantic Error Special,2021-03-12,4.0,3.0,72.0,5871,125,3,2
130921,S-ke ni Totsuida M-jou no Nichijou,2021-03-12,2.0,16.0,51.0,985,32,3,2
130781,Shimajirou to Sora Tobu Fune,2021-03-12,1.0,80.0,,117,2,1,2
130911,Yuusei Koukou Tenmon-bu,2021-03-11,20.0,2.0,,130,1,3,2
133138,Shichigahama de Mitsuketa,2021-03-10,1.0,20.0,50.0,412,2,3,2
130714,Boy,2021-03-10,1.0,5.0,66.0,945,15,2,2
140107,Amemiya-san,2021-03-09,3.0,1.0,62.0,642,3,3,2
133514,Koe Dake ga,2021-03-09,1.0,4.0,56.0,710,3,2,2
162744,Ryuukyuu Timeline: Mirai Shoujo to Inishie no Ou,2021-03-08,1.0,9.0,49.0,430,1,3,2
135538,Gradations,2021-03-08,1.0,8.0,,53,0,1,2
3786,Shin Evangelion Movie:||,2021-03-08,1.0,155.0,85.0,116887,7144,1,2
130841,Deep Blue,2021-03-07,1.0,5.0,,224,2,2,2
130707,Oshiete Hokusai! THE ANIMATION,2021-03-07,10.0,10.0,50.0,326,0,3,2
132634,Initial D BATTLE STAGE 3,2021-03-05,1.0,93.0,72.0,3553,47,4,2
130568,Kaijuu Iro no Shima PV,2021-03-05,1.0,2.0,60.0,633,5,5,2
117556,ARIA The CREPUSCOLO,2021-03-05,1.0,60.0,78.0,7901,91,1,2
145800,Fudanshi Shoukan: Isekai de Shinjuu ni Hameraremashita Mini Anime Tokubetsu-hen,2021-03-04,1.0,2.0,,139,0,3,2
132234,Akogare Ranraran,2021-03-04,1.0,4.0,64.0,866,4,2,2
132615,Kimi wa Tennenshoku,2021-03-03,1.0,5.0,57.0,750,6,2,2
132460,Gebi You Zhi Taohua Yao,2021-03-03,22.0,6.0,,91,1,3,2
130619,Shouxi Yu Ling Shi 2,2021-03-03,60.0,12.0,,235,9,3,2
21569,Alice in Deadly School,2021-03-03,1.0,42.0,50.0,7121,43,4,2
115567,Saezuru Tori wa Habatakanai: Don't stay gold,2021-03-01,1.0,24.0,69.0,4850,63,4,2
126905,Tropical-Rouge! Precure,2021-02-28,46.0,24.0,74.0,7847,233,6,2
132569,Kagirinaku Hai Iro e,2021-02-26,1.0,5.0,56.0,221,2,2,2
130620,Meijou,2021-02-26,1.0,12.0,47.0,849,35,3,2
126820,Toilet no Hanako-san VS Kukkyou Taimashi,2021-02-26,4.0,17.0,63.0,3305,134,4,2
126571,Real Eroge Situation! 2 The Animation,2021-02-26,2.0,26.0,67.0,2945,87,4,2
126531,Rikujoubu Joshi wa Ore no Nama Onaho!!! The Animation,2021-02-26,2.0,20.0,59.0,2326,90,4,2
116069,Tokyo 7th Sisters: Bokura wa Aozora ni Naru,2021-02-26,1.0,86.0,59.0,2281,21,1,2
132192,Kamiari Algorithm,2021-02-25,1.0,4.0,68.0,1053,14,2,2
130354,Wo Shi Da Shenxian 2,2021-02-25,16.0,20.0,61.0,400,15,3,2
125428,Tenkuu Shinpan,2021-02-25,12.0,25.0,66.0,135500,2310,3,2
117067,Maiko-san Chi no Makanai-san,2021-02-25,12.0,25.0,67.0,7769,104,6,2
137821,Shiawase nara Niku wo Morou! The Animation,2021-02-24,1.0,14.0,51.0,1304,34,3,2
130318,MOGU MOGU YUMMY!,2021-02-23,1.0,3.0,72.0,1581,39,2,2
145897,OneroomWorldTour,2021-02-20,1.0,4.0,,47,0,1,2
129946,Douluo Dalu: Haishen Zhi Guang,2021-02-20,13.0,20.0,80.0,1929,92,3,2
124472,Himote House: Dai Panic! Minna de Gokiburi Taiji,2021-02-20,1.0,16.0,53.0,586,3,4,2
158701,Yume no Tsuzuki,2021-02-19,1.0,4.0,,103,1,2,2
148289,Bloody Mary,2021-02-19,1.0,4.0,53.0,145,3,2,2
132466,Antenna,2021-02-18,1.0,4.0,52.0,184,1,2,2
135889,niconiconnect!,2021-02-17,1.0,2.0,58.0,500,1,2,2
131015,Ashuai 4,2021-02-17,34.0,3.0,,52,0,3,2
130303,Wan Jie Qi Yuan,2021-02-17,40.0,7.0,56.0,434,12,3,2
133078,FAKE LAND,2021-02-16,1.0,4.0,54.0,197,2,2,2
130979,Chongsheng Xiangfeng: Gei Ni Wo De Dujia Chong Ni,2021-02-16,20.0,4.0,,150,3,3,2
126356,Tian Guan Ci Fu Special,2021-02-16,1.0,22.0,84.0,22466,874,3,2
132459,Huangshang Jixiang,2021-02-15,12.0,4.0,,36,0,3,2
130974,Xiuluo Jian Zun,2021-02-15,156.0,10.0,,128,8,3,2
148151,Purple Hype,2021-02-14,1.0,4.0,,92,2,2,2
132903,Chocotto no Answer,2021-02-14,1.0,4.0,62.0,468,9,2,2
132468,Over!,2021-02-14,1.0,4.0,,146,3,2,2
130040,Heart Challenger,2021-02-14,1.0,5.0,65.0,1048,13,2,2
129627,Chuukou Ikkan!! Kimetsu Gakuen Monogatari: Valentine-hen,2021-02-14,4.0,3.0,68.0,18657,217,3,2
129540,Ai Zai Xi Yuan Qian 2,2021-02-14,16.0,,,323,4,3,2
127691,Okashi na Sabaku no Suna to Manu,2021-02-14,50.0,1.0,47.0,480,1,7,2
110200,Vlad Love,2021-02-14,12.0,24.0,56.0,14268,116,3,2
137097,Chocomatsu-san: Valentine's Day-hen,2021-02-13,3.0,4.0,51.0,500,2,3,2
130296,Inou no AICis - ESP & HIGH SCHOOL DETECTIVE,2021-02-13,15.0,14.0,47.0,1117,12,3,2
123476,Shin Tennis no Ouji-sama: Hyoutei vs Rikkai - Game of Future,2021-02-13,2.0,48.0,65.0,2055,24,3,2
140363,Shinya Haikai,2021-02-12,1.0,3.0,47.0,145,1,2,2
129872,URVAN,2021-02-12,1.0,6.0,54.0,777,8,3,2
122695,Lie Yang Tiandao II,2021-02-12,1.0,67.0,,137,3,3,2
116982,Xin Shen Bang: Nezha Chonsheng,2021-02-12,1.0,117.0,71.0,2649,66,1,2
131770,Meitantei Conan: Hiiro no Fuzai Shoumei,2021-02-11,1.0,94.0,70.0,2578,33,1,2
130188,Nüwushen de Canzhuo: Xinchun SP,2021-02-11,1.0,10.0,68.0,1433,19,3,2
103712,Bishoujo Senshi Sailor Moon: Eternal - Kouhen,2021-02-11,1.0,80.0,76.0,10315,230,1,2
101595,Princess Principal: Crown Handler - Chapter 1,2021-02-11,1.0,53.0,75.0,18076,148,1,2
150502,Ni Tian Jian Shen 2,2021-02-10,26.0,12.0,,86,2,3,2
148686,Doctorine,2021-02-10,1.0,3.0,,96,0,2,2
139006,TheEarnestGame,2021-02-10,1.0,3.0,,69,0,2,2
137893,Diamond City,2021-02-10,1.0,3.0,,114,0,2,2
130307,Motto ne!,2021-02-10,1.0,4.0,66.0,869,7,2,2
129706,Mune no Kemuri,2021-02-10,1.0,4.0,63.0,441,1,2,2
135576,Zongyou Yaoguai Xiang Hai Zhen,2021-02-08,24.0,7.0,,74,0,3,2
135571,Tie Jie Gang Bing,2021-02-08,24.0,7.0,,272,8,3,2
120213,Shanhe Jian Xin,2021-02-08,16.0,26.0,75.0,4050,178,3,2
129789,Ichinichi ni Shite Narazu,2021-02-07,1.0,7.0,44.0,380,1,3,2
148567,Sekai ga Horobiru Mae ni Kimi ni Aitai,2021-02-06,1.0,31.0,41.0,1123,5,4,2
130529,Cosmo Samurai,2021-02-06,4.0,3.0,47.0,210,3,7,2
122527,Jueding,2021-02-06,26.0,,,217,0,3,2
148280,Clover Game,2021-02-05,1.0,4.0,,92,1,2,2
132479,Wei Jin Xiao Juchang,2021-02-05,12.0,2.0,,42,0,3,2
132470,Jidao Zongshi,2021-02-05,24.0,11.0,,63,1,3,2
131078,Nitian Xie Shen 2,2021-02-05,118.0,12.0,,256,13,3,4
129832,Zhen Dao Ge,2021-02-05,12.0,16.0,60.0,663,10,3,2
129462,Heikousen,2021-02-05,1.0,5.0,75.0,3168,49,2,2
128563,♪D4DJ Petit Mix,2021-02-05,26.0,3.0,67.0,3599,40,7,2
122954,Ijirare: Fukushuu Saimin,2021-02-05,4.0,17.0,71.0,8019,361,4,2
129571,Bingxue Zhi Yue,2021-02-04,10.0,1.0,,57,0,3,2
129208,Wei Wo Du Shen,2021-02-04,50.0,10.0,53.0,405,8,3,2
143552,Haru Matsu Waltz,2021-02-03,1.0,2.0,,97,0,2,2
132461,Jueshi Zhan Hun (2021),2021-02-03,25.0,8.0,,351,9,3,2
130447,Fei Ren Zai: Xianzhi Pian,2021-02-03,12.0,5.0,59.0,375,3,3,2
148264,Error Suisei,2021-02-02,1.0,4.0,,107,2,2,2
139694,Hibi,2021-02-02,1.0,5.0,,77,1,2,2
129628,Yueqiu Shou,2021-02-02,1.0,3.0,51.0,350,3,3,2
157417,BBOONG-UH CAFE,2021-02-01,20.0,1.0,,101,0,3,2
132417,Bessatsu Kamen Rider Saber: Tanpen Katsudou Mangashuu,2021-02-01,6.0,6.0,,146,2,3,2
130439,Zannen na Ikimono Jiten (2021),2021-01-31,5.0,5.0,,91,0,7,2
188077,Luna-ui Mabeobdogam,2021-01-30,6.0,2.0,,27,0,5,2
129202,Fanren Xiu Xian Zhuan: Yanjiabao Pu Zhan,2021-01-30,4.0,19.0,71.0,1239,34,3,2
128417,Doushi Miao Qitan,2021-01-30,20.0,,,144,0,3,2
151053,Kizu to Mitsu,2021-01-29,1.0,3.0,,64,0,2,2
134222,Tasuuketsu Judgement Assizes: THE ORIGINAL ANIMATION,2021-01-29,1.0,7.0,41.0,395,2,4,2
132471,Qiang Huo Tian Ling,2021-01-29,30.0,8.0,,51,0,3,2
125516,Kimi ga Suki. THE ANIMATION,2021-01-29,2.0,26.0,65.0,4215,107,4,2
125515,Haitoku no Kyoukai,2021-01-29,2.0,21.0,60.0,1796,50,4,2
129342,Boku wa Boku wo Suki ni Naru,2021-01-28,1.0,5.0,52.0,260,4,2,2
129203,Xing Wu Shen Jue,2021-01-28,40.0,8.0,62.0,925,26,3,2
129123,Santa Company: Manatsu no Merry Christmas,2021-01-28,1.0,27.0,46.0,1001,3,1,2
129037,Liuxing Huan Jian,2021-01-28,60.0,12.0,46.0,309,9,3,2
127863,Bear Bear Bear Kuma! Kumadam-hen,2021-01-27,3.0,1.0,59.0,2289,35,5,2
127595,Wu Liuqi: Xuanwu Guo Pian,2021-01-27,10.0,15.0,83.0,28397,945,3,2
131329,Micchiri Neko March Deluxe!,2021-01-26,1.0,3.0,58.0,209,2,2,2
131017,Huangdi Bixia de Tianjia Baobei,2021-01-26,26.0,11.0,,79,1,3,2
129048,Fondant Step,2021-01-26,1.0,4.0,56.0,256,2,2,2
138416,Blue Archive Anime PVs,2021-01-25,,1.0,69.0,2288,42,5,4
132166,Nani mo Kowakunai,2021-01-24,1.0,2.0,,176,4,2,2
131598,"Tokimeki wa, Sugu Soba ni.",2021-01-24,3.0,2.0,57.0,908,7,5,2
131096,Bakugan: Geogan Rising,2021-01-24,26.0,22.0,60.0,1038,10,6,2
126392,Chang Jian Fengyun,2021-01-22,10.0,15.0,56.0,376,8,3,2
131971,Gudetama: Muhоu Chitai de Jiyuu mo Fujiyuu,2021-01-21,18.0,3.0,,245,2,3,2
131732,Xi Yangyang Yu Hui Tailang: Kuang Chu Shengli,2021-01-21,60.0,15.0,,105,0,7,2
131664,Shouji Li de Huanxiong Xiaozhen,2021-01-21,26.0,5.0,,93,1,3,2
128752,Kuraku Kuroku,2021-01-20,1.0,4.0,76.0,2275,60,2,2
117085,Majutsushi Orphen Hagure Tabi: Kimluck-hen,2021-01-20,11.0,24.0,61.0,8441,75,6,2
113595,planetarian: Snow Globe,2021-01-20,1.0,37.0,70.0,5852,61,4,2
104329,BEAN BANDIT,2021-01-20,1.0,8.0,46.0,2393,5,4,2
130257,Encore,2021-01-18,1.0,5.0,66.0,768,9,2,2
120159,Kuiba: Shu Tu,2021-01-17,7.0,23.0,,321,6,3,2
124132,Natsume Yuujinchou: Ishi Okoshi to Ayashiki Raihousha,2021-01-16,1.0,51.0,80.0,11566,148,1,2
128675,Mashiro no Oto Mini,2021-01-15,33.0,1.0,47.0,490,3,3,2
127689,Kintamani Dog,2021-01-15,50.0,1.0,,115,0,7,2
126819,Gintama: THE SEMI-FINAL,2021-01-15,2.0,24.0,83.0,31601,559,5,2
132472,Xianwu Dizun,2021-01-14,,9.0,,176,10,3,4
113936,Dr. STONE: STONE WARS,2021-01-14,11.0,24.0,81.0,333261,8192,6,2
124845,Wonder Egg Priority,2021-01-13,12.0,23.0,74.0,283669,8070,6,2
121681,World Witches Hasshin Shimasu!,2021-01-13,12.0,14.0,61.0,4129,41,7,2
120150,Bungou Stray Dogs Wan!,2021-01-13,12.0,12.0,80.0,37829,1228,7,2
116752,Nanatsu no Taizai: Funnu no Shinpan,2021-01-13,24.0,24.0,65.0,138553,2070,6,2
114862,Log Horizon: Entaku Houkai,2021-01-13,12.0,25.0,69.0,71134,852,6,2
113425,Kaifuku Jutsushi no Yarinaoshi,2021-01-13,12.0,24.0,58.0,147539,3363,6,2
130402,WAVE!! Surfing Yappe!! (TV),2021-01-12,12.0,24.0,57.0,11399,71,6,2
128419,PEKORANDOMBRAIN!,2021-01-12,1.0,2.0,66.0,1156,29,2,2
124612,Dogeza de Tanondemita: Isekai-hen,2021-01-12,1.0,4.0,53.0,9313,126,5,2
114473,Azur Lane: Bisoku Zenshin!,2021-01-12,12.0,9.0,67.0,15821,270,7,2
114304,Shin Chuuka Ichiban! 2,2021-01-12,12.0,24.0,63.0,1920,10,6,2
108511,Tensei Shitara Slime Datta Ken 2nd Season,2021-01-12,12.0,24.0,83.0,318458,11088,6,2
129001,Menghuan Shuyuan: Huxi Jiankang Kepu,2021-01-11,13.0,3.0,,47,0,3,2
126678,Yami Shibai 8,2021-01-11,13.0,5.0,53.0,4724,30,7,2
109403,Non Non Biyori: Nonstop,2021-01-11,12.0,24.0,83.0,40714,938,6,2
108465,Mushoku Tensei: Isekai Ittara Honki Dasu,2021-01-11,11.0,24.0,82.0,452518,26341,6,2
106503,EX-ARM,2021-01-11,12.0,24.0,21.0,25471,201,6,2
128872,Aikatsu Planet!,2021-01-10,25.0,24.0,59.0,2352,38,6,2
124394,Yatogame-chan Kansatsu Nikki Sansatsume,2021-01-10,12.0,4.0,62.0,4709,39,7,2
124153,SK∞,2021-01-10,12.0,24.0,80.0,234161,12051,6,2
124080,Horimiya,2021-01-10,13.0,24.0,81.0,536062,33524,6,2
123779,Kai Byoui Ramune,2021-01-10,12.0,24.0,69.0,28502,546,6,2
114087,World Trigger 2nd Season,2021-01-10,12.0,23.0,80.0,45740,923,6,2
114085,Kemono Jihen,2021-01-10,12.0,24.0,72.0,126132,2363,6,2
113814,IDOLY PRIDE,2021-01-10,12.0,24.0,71.0,25170,450,6,2
131967,End Like This,2021-01-09,1.0,2.0,63.0,578,13,2,2
131964,Rakka-sei,2021-01-09,1.0,2.0,56.0,1104,6,1,2
131701,Haru Dorobou,2021-01-09,1.0,5.0,67.0,867,15,2,2
128526,2.43 Mini Anime: inside story,2021-01-09,10.0,1.0,43.0,460,2,3,2
128367,Doki Doki! Mini Mini! Kakushi Dungeon Gekijou,2021-01-09,12.0,1.0,53.0,1460,7,3,2
123785,Praeter no Kizu,2021-01-09,13.0,24.0,52.0,11348,108,6,2
118375,Ore dake Haireru Kakushi Dungeon,2021-01-09,12.0,24.0,61.0,127300,1926,6,2
116944,WIXOSS DIVA(A)LIVE,2021-01-09,12.0,24.0,51.0,4577,41,6,2
114307,Back Arrow,2021-01-09,24.0,24.0,58.0,16237,170,6,2
131923,ID: INDEED,2021-01-08,12.0,2.0,50.0,1640,11,3,2
130941,Shao Shuai Mei Tian Dou Zai Chicu,2021-01-08,30.0,6.0,,161,7,3,2
129600,Seer 11,2021-01-08,30.0,14.0,,68,0,3,2
128390,Enen no Shouboutai Mini Anime,2021-01-08,30.0,1.0,57.0,3754,54,3,2
128306,Re:Zero kara Hajimeru Kyuukei Jikan (Break Time) 2nd Season Part 2,2021-01-08,12.0,3.0,69.0,5774,91,3,2
124555,Idolls!,2021-01-08,10.0,8.0,47.0,2622,17,7,2
117696,Tenchi Souzou Design-bu,2021-01-08,12.0,24.0,69.0,26843,388,6,2
117533,Hataraku Saibou BLACK,2021-01-08,13.0,24.0,73.0,65877,651,6,2
114129,Gintama: THE FINAL,2021-01-08,1.0,104.0,91.0,55099,3356,1,2
113231,2.43: Seiin Koukou Danshi Volley-bu,2021-01-08,12.0,23.0,60.0,46148,413,6,2
112443,Jaku-Chara Tomozaki-kun,2021-01-08,12.0,24.0,70.0,141332,2375,6,2
109261,Go-toubun no Hanayome ∬,2021-01-08,12.0,24.0,80.0,231085,8692,6,2
108725,Yakusoku no Neverland 2,2021-01-08,11.0,23.0,52.0,320335,4675,6,2
108631,Hataraku Saibou!!,2021-01-08,8.0,24.0,72.0,91514,850,6,2
103713,Bishoujo Senshi Sailor Moon: Eternal - Zenpen,2021-01-08,1.0,80.0,74.0,11635,225,1,2
103632,"Kumo desu ga, Nani ka?",2021-01-08,24.0,24.0,72.0,152431,4420,6,2
131926,Jin Guang Yu Jiu Jie: Xian Gu Kuang Tao,2021-01-07,32.0,80.0,,72,2,3,2
128527,2.43 Mini Anime: Fukui-ben Kouza,2021-01-07,8.0,1.0,42.0,446,3,3,2
127692,ABCiee Shuugyou Nikki,2021-01-07,12.0,3.0,49.0,1257,4,7,2
119123,Soukou Musume Senki,2021-01-07,12.0,24.0,53.0,5695,51,6,2
114301,Hortensia Saga,2021-01-07,12.0,24.0,55.0,24387,383,6,2
114194,BEASTARS 2nd Season,2021-01-07,12.0,23.0,78.0,139828,2532,6,2
113476,SHOW BY ROCK!! STARS!!,2021-01-07,12.0,24.0,71.0,5404,94,6,2
104459,Yuru Camp△ SEASON 2,2021-01-07,13.0,24.0,84.0,78510,2916,6,2
132238,With All Our Hearts,2021-01-06,1.0,4.0,62.0,772,7,3,2
122530,Shui Tun Tang Guan,2021-01-06,20.0,,,57,0,3,2
119661,Re:Zero kara Hajimeru Isekai Seikatsu 2nd Season Part 2,2021-01-06,12.0,30.0,84.0,304318,11157,6,2
109010,I★CHU: HALFWAY THROUGH THE IDOL,2021-01-06,12.0,24.0,62.0,6249,88,6,2
127690,PUI PUI Molcar,2021-01-05,12.0,3.0,78.0,9390,420,7,2
125068,Himawari wa Yoru ni Saku,2021-01-05,1.0,17.0,66.0,4383,301,3,2
125067,Ajisai no Chiru Koro ni,2021-01-05,1.0,17.0,62.0,4171,198,3,2
124223,Uma Musume: Pretty Derby Season 2,2021-01-05,13.0,24.0,83.0,46650,3111,6,2
124131,Gekidol,2021-01-05,12.0,23.0,51.0,7548,62,6,2
126242,Jimihen!!: Jimiko wo Kaechau Jun Isei Kouyuu,2021-01-04,8.0,7.0,60.0,8720,182,3,2
116287,Ura Sekai Picnic,2021-01-04,12.0,24.0,64.0,48333,720,6,2
112649,Tatoeba Last Dungeon Mae no Mura no Shounen ga Joban no Machi de Kurasu Youna Monogatari,2021-01-04,12.0,24.0,62.0,95132,1359,6,2
148623,Darling Klaxon Baby,2021-01-02,1.0,3.0,,78,0,2,2
131044,Mugen Shougatsu,2021-01-02,1.0,3.0,56.0,789,3,2,2
124136,Otona no Bouguya-san II,2021-01-02,12.0,10.0,50.0,5625,62,3,2
206733,Oboete Ite,2021-01-01,1.0,9.0,,28,1,1,2
132469,Laogong Wo Yao Chi Kua Ni,2021-01-01,50.0,1.0,,101,7,3,2
131668,D5 Xiaodui 2,2021-01-01,12.0,5.0,,46,0,3,2
130930,Shanliang de Adai,2021-01-01,42.0,8.0,,189,11,3,2
129276,Perfect SEKAI,2021-01-01,1.0,5.0,67.0,1036,7,2,2
127536,Youjo Shachou,2021-01-01,13.0,2.0,62.0,2270,17,3,2
113692,Seitokai Yakuindomo Movie 2,2021-01-01,1.0,80.0,76.0,11626,139,1,2
136642,Taiban!,2020-12-31,7.0,25.0,50.0,586,6,3,2
127984,Changan Huan Jie,2020-12-31,40.0,14.0,53.0,293,4,3,2
122654,Xue Ying Lingzhu 2,2020-12-31,22.0,19.0,68.0,697,24,3,2
120194,Xing Hai Qishi,2020-12-30,7.0,20.0,58.0,551,12,3,2
119321,Aya to Majo,2020-12-30,1.0,82.0,51.0,8154,68,1,2
131999,Kindan Joshi,2020-12-29,5.0,5.0,41.0,272,0,7,2
127908,Feel Free!,2020-12-27,1.0,4.0,,185,4,2,2
113585,Skate-Leading☆Stars,2020-12-27,12.0,24.0,62.0,15338,162,6,2
132319,PUNISHMENT,2020-12-26,1.0,3.0,53.0,195,3,2,2
131660,Dou Jiang Meng Ya de Shui Qian Xiao Gushi,2020-12-26,100.0,1.0,,35,0,3,2
127716,HOLOGRAM CIRCUS,2020-12-26,1.0,5.0,67.0,1006,12,2,2
145553,Atsumare! Minna no Contematsu-san!,2020-12-25,6.0,1.0,,137,0,5,2
127957,Holy Knight Light,2020-12-25,1.0,10.0,70.0,3003,48,5,2
123434,Kono Sekai no Tanoshimikata: Secret Story Film,2020-12-25,1.0,66.0,69.0,1842,34,1,2
115830,An Jie Shen Shi,2020-12-25,22.0,20.0,,273,12,3,2
114564,Pocket Monsters: Coco,2020-12-25,1.0,100.0,72.0,11904,129,1,2
113596,Josee to Tora to Sakanatachi,2020-12-25,1.0,98.0,83.0,184169,7755,1,2
98776,Entotsu-machi no Poupelle,2020-12-25,1.0,100.0,61.0,3552,22,1,2
128535,Gekidan Nanatsu no Taizai,2020-12-24,13.0,2.0,53.0,1948,18,3,2
127686,Takusareta Omoi-hen,2020-12-24,1.0,1.0,55.0,288,0,5,2
157172,Munou na Nana Mini Anime: Yaminabe Party,2020-12-23,1.0,4.0,51.0,911,2,5,2
145903,Komaneko Short Movie 2021,2020-12-23,1.0,1.0,,88,0,5,2
122691,Moshi Juexing: Suyuan,2020-12-22,13.0,23.0,,140,4,3,2
142730,Shen Wu Tianzun 2,2020-12-21,227.0,10.0,,146,16,3,2
128541,Jiu Ye Shen Zhuan,2020-12-21,13.0,20.0,,259,4,3,2
127991,Wan Jie Fa Shen,2020-12-21,54.0,6.0,67.0,828,30,3,2
142964,TITLE IDOL,2020-12-20,1.0,2.0,59.0,489,2,2,2
145752,Aigatari na Itte,2020-12-18,1.0,5.0,51.0,155,1,2,2
127402,Haruka,2020-12-18,1.0,4.0,64.0,734,7,2,2
125183,Ano Ko no Kawari ni Suki na Dake,2020-12-18,2.0,21.0,61.0,2110,83,4,2
131702,Tadashiku Narenai,2020-12-17,1.0,4.0,62.0,572,10,2,2
183799,Haru no Hi,2020-12-16,1.0,4.0,,59,0,2,2
179778,Zetsumetsu Kigu-shun. (2020),2020-12-16,4.0,6.0,,63,0,3,2
176863,Tales of Crestoria Off Shot Movie,2020-12-15,1.0,5.0,,131,1,3,2
200641,Haruzora to Akizora,2020-12-14,1.0,22.0,,58,0,1,2
127977,Anime Kaisha de Hanasu Koto ka yo,2020-12-14,,3.0,,58,0,3,4
139736,HOWL,2020-12-13,1.0,3.0,53.0,189,5,2,2
127546,Hakushi,2020-12-13,1.0,3.0,47.0,184,2,2,2
130251,Uzattaina,2020-12-12,1.0,3.0,,143,0,2,2
127245,Robomi,2020-12-12,1.0,2.0,49.0,304,3,2,2
127225,Slimetachi no Idobata Kaigi: Slime Tsukai to Slime no Maou,2020-12-11,1.0,2.0,63.0,4395,87,3,2
122672,Huyao Xiao Hongniang: Mu Tiancheng,2020-12-11,12.0,19.0,61.0,723,9,3,2
118936,Marudase Kintarou,2020-12-11,1.0,9.0,34.0,3123,20,1,2
115846,Xie Wang Zhui Qi: Yishi Qingcheng,2020-12-11,12.0,23.0,71.0,3240,78,3,2
112930,Yes ka No ka Hanbun ka,2020-12-11,1.0,53.0,69.0,21125,399,1,2
188076,Madeob Bus Tayo,2020-12-10,10.0,12.0,,31,0,7,2
133353,Chinzei Hachirou Tametomo,2020-12-10,1.0,5.0,50.0,232,0,2,2
157418,BBOONG-UH CAFE Pilot,2020-12-08,4.0,1.0,,68,0,3,2
126898,Shinkai,2020-12-07,1.0,4.0,74.0,3285,96,2,2
123474,Toutotsu ni Egypt Shin,2020-12-07,10.0,5.0,63.0,3789,43,3,2
110277,Shingeki no Kyojin: The Final Season,2020-12-07,16.0,24.0,87.0,638216,30872,6,2
126896,CONNECTED...,2020-12-06,1.0,2.0,46.0,741,1,5,2
103276,Fate/Grand Order: Shinsei Entaku Ryouiki Camelot - Wandering; Agateram,2020-12-05,1.0,89.0,68.0,36946,413,1,2
127180,Lengxue Kuang Yan,2020-12-04,1.0,129.0,,184,3,1,2
116697,Hajimete no Orusuban,2020-12-04,2.0,18.0,59.0,2626,82,4,2
130283,Yume ja Nai,2020-12-03,1.0,4.0,55.0,387,11,2,2
128019,Tadaima! Chibigodzilla Season 2,2020-12-02,13.0,1.0,48.0,252,0,3,2
126506,Pont Qiao Booth,2020-12-02,22.0,5.0,,227,1,7,2
128539,#Aqua Iro Palette,2020-12-01,1.0,5.0,69.0,1356,42,2,2
127044,Gunjou,2020-12-01,1.0,4.0,71.0,1150,18,2,2
126706,Kangurei,2020-12-01,1.0,4.0,68.0,761,16,2,2
114721,OBSOLETE Part II,2020-12-01,6.0,13.0,57.0,840,7,3,2
136716,Sugar Foot,2020-11-29,1.0,4.0,46.0,125,0,2,2
128398,2.43 Mini Anime: Volleyball Kouza-hen,2020-11-29,10.0,2.0,44.0,493,2,3,2
117012,Tunshi Xingkong,2020-11-29,26.0,20.0,77.0,3942,190,3,2
142967,First Step,2020-11-28,1.0,3.0,67.0,772,21,2,2
104749,Kud Wafter,2020-11-28,1.0,51.0,69.0,7444,86,1,2
130104,Neo-Neon,2020-11-27,1.0,3.0,58.0,358,4,2,2
123383,White Blue,2020-11-27,4.0,25.0,53.0,1976,50,4,2
123360,One → Shota ← One THE ANIMATION,2020-11-27,1.0,28.0,65.0,4279,153,4,2
120892,Grisaia: Phantom Trigger THE ANIMATION - Stargazer,2020-11-27,1.0,60.0,67.0,11849,111,1,2
116226,Kimi wa Kanata,2020-11-27,1.0,95.0,57.0,25919,274,1,2
131414,Chong Qi Chengyin: Lu Shao de Xinjian Chong 2,2020-11-26,19.0,8.0,,113,2,3,2
126874,MARS RED Mini Anime: Zero Kikan Nippou,2020-11-24,5.0,1.0,52.0,1241,6,3,2
176084,Bborongbborong Bbororo 7,2020-11-23,26.0,11.0,,43,0,7,2
126831,Tokyo Gambo,2020-11-22,5.0,2.0,44.0,1010,1,7,2
129351,Douluo Dalu: Hanhai Qiankun,2020-11-21,13.0,20.0,80.0,1935,80,3,2
126287,PUPARIA,2020-11-20,1.0,3.0,75.0,28898,711,3,2
123845,Shikoyaka naru Toki mo Hameru Toki mo,2020-11-20,2.0,20.0,60.0,2243,64,4,2
122575,STAND BY ME Doraemon 2,2020-11-20,1.0,96.0,79.0,7712,182,1,2
129466,Xiurong Zhen,2020-11-19,1.0,27.0,,132,0,3,2
139039,Liberty,2020-11-18,1.0,4.0,,52,0,2,2
129330,Heliotrope,2020-11-18,1.0,5.0,,114,1,2,2
126315,Kaoru no Taisetsu na Mono,2020-11-18,50.0,1.0,,197,1,7,2
122520,Tian Huang Zhan Shen,2020-11-18,80.0,8.0,57.0,526,14,3,2
99659,Chu Feng: Eden Zhi Zi,2020-11-18,12.0,28.0,51.0,688,13,3,2
176878,Stella,2020-11-16,1.0,5.0,,65,1,2,2
126676,PekoMiko Daisensou!!,2020-11-16,1.0,4.0,68.0,1447,31,2,2
121679,Hanhua Riji 2,2020-11-15,12.0,10.0,72.0,1393,28,3,2
126662,Gundam Build Divers Battlogue,2020-11-13,1.0,11.0,61.0,1438,11,3,2
121034,Date A Bullet: Nightmare or Queen,2020-11-13,1.0,29.0,74.0,28003,586,1,2
117758,Soukyuu no Fafner: Dead Aggressor - THE BEYOND Part 3,2020-11-13,3.0,30.0,71.0,1812,16,1,2
108630,Majo Minarai wo Sagashite,2020-11-13,1.0,92.0,76.0,5639,105,1,2
120203,Wo Shi Da Shenxian,2020-11-12,16.0,20.0,61.0,624,19,3,2
133610,Yummy Yummy Yummy,2020-11-11,1.0,3.0,55.0,234,2,2,2
120268,Hua Jianghu: Gui Yexing,2020-11-10,20.0,18.0,,167,6,3,2
126907,Keshin,2020-11-08,1.0,4.0,53.0,306,4,2,2
125491,Gebaude=Baude,2020-11-08,10.0,3.0,58.0,775,6,7,2
125647,"Eiyuu-ou, Bu wo Kiwameru Tame Tenseisu: Soshite, Sekai Saikyou no Minarai Kishi♀ Mini",2020-11-07,2.0,2.0,50.0,764,4,3,2
98875,Hizukuri,2020-11-07,1.0,26.0,50.0,2610,8,3,2
156907,OTMGirls no YOKIYOKI Channel: Birthday special story,2020-11-06,2.0,2.0,48.0,333,2,3,2
132013,Kimi ga Tobioriru no Naraba,2020-11-06,1.0,3.0,56.0,258,4,2,2
116962,Monster Strike THE MOVIE: Lucifer - Zetsubou no Yoake,2020-11-06,1.0,127.0,61.0,1274,22,1,2
130255,Chuchuru,2020-11-05,1.0,3.0,,82,0,2,2
125308,Hakumei no Tsubasa EXPANSION: Hoshi no Matsuri,2020-11-05,1.0,6.0,68.0,3896,12,3,2
136451,Sphere,2020-11-04,1.0,4.0,51.0,184,1,2,2
123769,Dokyuu Hentai HxEros OVA,2020-11-04,2.0,25.0,60.0,7907,123,4,2
125785,Evangelion x KATE CM,2020-11-03,1.0,1.0,57.0,4495,39,5,2
125796,Evangelion × Attack ZERO,2020-11-02,1.0,1.0,55.0,4233,43,3,2
128397,2.43 Mini Anime,2020-11-01,8.0,1.0,44.0,505,1,3,2
128540,Koyoi wa Halloween Night!,2020-10-31,1.0,2.0,66.0,998,14,2,2
113260,Tian Guan Ci Fu,2020-10-31,11.0,25.0,83.0,61988,4543,3,2
112612,Precure Miracle Leap: Minna to no Fushigi na Ichinichi,2020-10-31,1.0,71.0,71.0,1945,26,1,2
125517,Star Smash PV,2020-10-30,1.0,1.0,50.0,242,4,3,2
125425,Toromitsu Musume no Hitou Service: Torottoro Churu Churu Gohoushi Sasete Kudasai,2020-10-30,1.0,15.0,65.0,2341,94,3,2
124600,Taimanin Asagi: Toraware no Niku Ningyou,2020-10-30,1.0,19.0,56.0,1324,30,4,2
122442,Knight of Erin,2020-10-30,4.0,17.0,62.0,2886,81,4,2
122201,Toshoshitsu no Kanojo: Seiso na Kimi ga Ochiru made THE ANIMATION,2020-10-30,6.0,19.0,58.0,3618,174,4,2
122199,Kaa-chan no Tomodachi ni Shikotteru Tokoro Mirareta. THE ANIMATION,2020-10-30,1.0,28.0,67.0,3046,142,4,2
116400,Yuutousei Ayaka no Uraomote,2020-10-30,2.0,17.0,65.0,2945,94,4,2
115069,D4DJ First Mix,2020-10-30,13.0,24.0,74.0,19834,533,6,2
115907,Wo Jia Da Shixiong Shi Ge Fanpai,2020-10-29,13.0,15.0,61.0,1129,19,3,2
127996,Shu Ling Ji 2,2020-10-28,40.0,11.0,,147,1,3,2
114117,Shi Yi Chang'an: Mingyue Ji Shi You,2020-10-28,12.0,16.0,66.0,3966,66,3,2
124338,Zhan Shuang Panini,2020-10-27,12.0,6.0,61.0,336,17,3,2
127040,Tounen-bun no Watashi e,2020-10-25,1.0,2.0,60.0,1141,9,1,2
122521,Jueshi Wu Hun,2020-10-25,440.0,11.0,61.0,943,52,3,2
114030,Toji no Miko: Kizamishi Issen no Tomoshibi,2020-10-25,2.0,24.0,63.0,2661,33,4,2
132320,BE ALL LIE,2020-10-24,1.0,5.0,55.0,215,1,2,2
123379,Jian Wang 3: Xia Gan Yi Dan Shen Jianxin - Chang Piao,2020-10-24,20.0,7.0,,230,3,3,2
148302,Cocoon,2020-10-23,1.0,4.0,,94,1,2,2
134786,Ontology,2020-10-23,1.0,6.0,56.0,242,4,2,2
126641,Imaginary Express,2020-10-23,1.0,4.0,61.0,426,3,2,2
125321,Yakusoku,2020-10-23,1.0,5.0,68.0,1586,26,2,2
113416,Dounika Naru Hibi,2020-10-23,1.0,54.0,51.0,10124,65,1,2
124339,Fatchi Baike,2020-10-22,12.0,6.0,,67,0,3,2
142962,ONE OF US,2020-10-19,1.0,2.0,63.0,489,3,2,2
125870,Kusoge-tte Iuna! Animation,2020-10-19,12.0,3.0,47.0,1110,6,3,2
125208,TALES OF CRESTORIA: Toga Waga wo Shoite Kare wa Tatsu,2020-10-18,1.0,15.0,60.0,1409,11,5,2
120193,Yingxiong Zailin,2020-10-18,12.0,15.0,67.0,14257,272,3,2
147764,Zoids Wild Senki,2020-10-17,4.0,6.0,,243,3,3,2
126619,Loveit,2020-10-16,1.0,4.0,62.0,393,4,2,2
120270,Qin Xia,2020-10-16,12.0,20.0,56.0,670,12,3,2
112151,Kimetsu no Yaiba: Mugen Ressha-hen,2020-10-16,1.0,117.0,84.0,505006,15061,1,2
158561,Butta ni Natte yeah yeah,2020-10-15,1.0,3.0,,91,1,2,2
139182,POCARI SWEAT CM: SWEAT FOR DREAM!,2020-10-15,1.0,1.0,51.0,341,2,3,2
139064,Yowishigure,2020-10-15,1.0,4.0,,68,0,2,2
126640,Magic,2020-10-14,1.0,4.0,53.0,312,3,2,2
126170,Bouken-tai: Mori no Yuusha,2020-10-14,1.0,4.0,56.0,314,3,2,2
122497,Wan Sheng Jie 2,2020-10-14,12.0,5.0,79.0,6054,162,3,2
122137,Dogeza de Tanondemita,2020-10-14,12.0,4.0,51.0,26033,253,7,2
124028,Sore dake ga Neck,2020-10-13,12.0,4.0,53.0,2558,9,7,2
120851,Osomatsu-san 3rd Season,2020-10-13,25.0,24.0,73.0,7429,143,6,2
120405,Xin Jue,2020-10-13,13.0,,52.0,388,11,3,2
117755,Magatsu Wahrheit: ZUERST,2020-10-13,12.0,24.0,61.0,11655,89,6,2
111145,A3! SEASON AUTUMN & WINTER,2020-10-13,12.0,24.0,71.0,8442,169,6,2
124397,Menghuan Shuyuan 4,2020-10-12,14.0,2.0,,65,0,3,2
108713,Ochikobore Fruit Tart,2020-10-12,12.0,24.0,65.0,17741,186,6,2
125887,Onegai Patron-sama!,2020-10-11,41.0,7.0,,351,3,3,2
124703,Boukyaku Battery,2020-10-11,1.0,20.0,61.0,2541,25,4,2
124204,Ruguo Lishi Shi Yi Qun Miao 5,2020-10-11,13.0,7.0,,65,0,3,2
122807,Taisou Zamurai,2020-10-11,11.0,23.0,69.0,23353,378,6,2
118419,Kamisama ni Natta Hi,2020-10-11,12.0,24.0,65.0,95767,1479,6,2
114124,Yuukoku no Moriarty,2020-10-11,11.0,24.0,80.0,155863,6270,6,2
110632,Maesetsu!,2020-10-11,12.0,24.0,53.0,5658,37,6,2
127041,Monogatari wo kimi e. - Fukakai 2 Q1 Ending Animation,2020-10-10,1.0,2.0,56.0,599,10,3,2
124896,Bear Bear Bear Kuma!,2020-10-10,12.0,1.0,63.0,3947,36,3,2
104198,Gochuumon wa Usagi desu ka? BLOOM,2020-10-10,12.0,25.0,78.0,22480,506,6,2
129839,Haiiro no Saga,2020-10-09,1.0,3.0,61.0,814,8,2,2
126650,Cap Kakumei Bottleman,2020-10-09,25.0,5.0,46.0,557,4,3,2
123803,Munou na Nana: Mini Anime,2020-10-09,12.0,3.0,56.0,2223,17,3,2
121799,Anime Kapibara-san,2020-10-09,24.0,1.0,61.0,1785,29,7,2
109287,Adachi to Shimamura,2020-10-09,12.0,24.0,70.0,77314,1603,6,2
128392,Maou-jou de Oyasumi Mini Anime,2020-10-08,12.0,2.0,55.0,1239,9,3,2
117086,Guraburu!,2020-10-08,12.0,3.0,54.0,6167,34,7,2
116566,Akudama Drive,2020-10-08,12.0,24.0,75.0,163367,4128,6,2
116005,NOBLESSE,2020-10-08,13.0,24.0,66.0,96872,1733,6,2
109940,Qin Shi Mingyue: Canghai Hengliu,2020-10-08,23.0,22.0,,295,2,3,2
103119,Strike Witches: Dai-501 Tougou Sentou Koukuudan ROAD to BERLIN,2020-10-08,12.0,24.0,72.0,10075,174,6,2
142051,!NVADE SHOW!,2020-10-07,1.0,2.0,58.0,719,3,2,2
126656,Tsukiusa. Gekijou,2020-10-07,12.0,1.0,,123,1,3,2
124833,Sore Yuke! Gakkyuu Iinchou,2020-10-07,1.0,5.0,55.0,252,6,2,2
124230,Shaonü Qianxian: Renxing Xiaojuchang 2,2020-10-07,12.0,6.0,65.0,1103,24,3,2
121567,Seizei Ganbare! Mahou Shoujo Kurumi 3,2020-10-07,25.0,4.0,51.0,609,3,7,2
114340,Kuma Kuma Kuma Bear,2020-10-07,12.0,24.0,70.0,60192,1353,6,2
112667,"Kimi to Boku no Saigo no Senjo, Arui wa Sekai ga Hajimaru Seisen",2020-10-07,12.0,24.0,66.0,111089,2100,6,2
105244,Tsukiuta. THE ANIMATION 2,2020-10-07,13.0,24.0,63.0,2582,33,6,2
157171,Doushitemo Eto ni Hairitai 2,2020-10-06,13.0,6.0,,105,0,7,2
116147,One Room: Third Season,2020-10-06,12.0,4.0,61.0,12130,115,7,2
111428,Maou-jou de Oyasumi,2020-10-06,12.0,24.0,78.0,78856,2795,6,2
111324,Ikebukuro West Gate Park,2020-10-06,12.0,24.0,65.0,42549,479,6,2
142729,Shen Wu Tianzun,2020-10-05,26.0,10.0,,285,13,3,2
126271,Awajishima no Shichifukujin,2020-10-05,25.0,5.0,,111,0,7,2
125153,Himitsukessha Taka no Tsume: Golden Spell,2020-10-05,12.0,15.0,52.0,581,4,7,2
124340,Su Shen Xiaoren,2020-10-05,12.0,5.0,,94,0,3,2
123081,Otona nya Koi no Shikata ga Wakaranee!,2020-10-05,8.0,7.0,52.0,3143,24,3,2
121645,Eternity: Shinya no Nurekoi Channel♡,2020-10-05,12.0,16.0,50.0,1670,29,6,2
110355,Golden Kamuy 3rd Season,2020-10-05,12.0,24.0,83.0,53631,1546,6,2
125274,DiSCOVER THE FUTURE,2020-10-04,1.0,3.0,62.0,587,1,2,2
125264,Kaeru no Pickles: Kimochi no Iro,2020-10-04,12.0,5.0,45.0,445,2,7,2
117757,Iwa Kakeru!: Sport Climbing Girls,2020-10-04,12.0,24.0,62.0,34163,313,6,2
117343,Munou na Nana,2020-10-04,13.0,24.0,70.0,121698,2348,6,2
115740,Kamitachi ni Hirowareta Otoko,2020-10-04,12.0,24.0,68.0,79143,1769,6,2
112300,Mahouka Koukou no Rettousei: Raihousha-hen,2020-10-04,13.0,24.0,72.0,114307,1976,6,2
131517,Wangu Shen Wang,2020-10-03,52.0,10.0,,153,11,3,2
124114,Mulan: Hengkong Chushi,2020-10-03,1.0,98.0,,510,1,1,2
118399,Hanyou no Yashahime,2020-10-03,24.0,24.0,65.0,35940,568,6,2
118376,King's Raid: Ishi wo Tsugumonotachi,2020-10-03,26.0,24.0,55.0,23652,270,6,2
116700,Inu to Neko Docchi mo Katteru to Mainichi Tanoshii,2020-10-03,24.0,1.0,68.0,5735,61,7,2
116267,Tonikaku Kawaii,2020-10-03,12.0,24.0,77.0,244562,8491,6,2
116173,Senyoku no Sigrdrifa,2020-10-03,12.0,24.0,61.0,18582,164,6,2
114263,Rail Romanesque,2020-10-03,12.0,4.0,47.0,11528,68,7,2
114099,Dragon Quest: Dai no Daibouken (2020),2020-10-03,100.0,24.0,73.0,23838,708,6,2
113970,Love Live! Nijigasaki Gakuen School Idol Doukoukai,2020-10-03,13.0,24.0,73.0,32690,963,6,2
113652,Hypnosis Mic -Division Rap Battle- Rhyme Anima,2020-10-03,13.0,24.0,64.0,25349,605,6,2
113538,Haikyuu!! TO THE TOP 2,2020-10-03,12.0,24.0,85.0,253623,8385,6,2
113415,Jujutsu Kaisen,2020-10-03,24.0,24.0,84.0,963920,70096,6,2
112124,Dungeon ni Deai wo Motomeru no wa Machigatteiru Darou ka III,2020-10-03,12.0,24.0,74.0,198432,3882,6,2
119350,Aku no Onna Kanbu: Full Moon Night R,2020-10-02,2.0,16.0,65.0,2635,73,4,2
119258,BEM: BECOME HUMAN,2020-10-02,1.0,90.0,64.0,4697,42,1,2
116673,BURN THE WITCH,2020-10-02,3.0,21.0,70.0,101994,1344,3,2
116242,100-man no Inochi no Ue ni Ore wa Tatteiru,2020-10-02,12.0,24.0,63.0,99687,1358,6,2
115836,Wo Wei Ge Kuang: Xuanlu Chongqi,2020-10-02,12.0,23.0,,228,2,3,2
112609,Majo no Tabitabi,2020-10-02,12.0,24.0,74.0,151864,4340,6,2
112479,Assault Lily: BOUQUET,2020-10-02,12.0,24.0,62.0,35399,483,6,2
111137,WAVE!! Surfing Yappe!!,2020-10-02,3.0,90.0,60.0,14955,136,1,2
187055,Sylvanian Families: Mini Story Peony,2020-10-01,12.0,3.0,,37,0,7,2
132658,Philip,2020-10-01,1.0,4.0,58.0,271,3,2,2
126201,Gekka Bijin,2020-10-01,1.0,5.0,,126,0,2,2
114446,Higurashi no Naku Koro ni Gou,2020-10-01,24.0,24.0,69.0,82273,1328,6,2
114120,Jiang Ziya,2020-10-01,1.0,110.0,70.0,2412,41,1,2
188824,Mini Teukgongdae: Haembeogeogoemurui Seupgyeok,2020-09-30,1.0,86.0,,24,0,1,2
141950,Jiyi Guanli Ju,2020-09-30,1.0,18.0,75.0,6687,113,3,2
127403,Laundry,2020-09-30,1.0,4.0,53.0,189,2,2,2
124561,GOTCHA!,2020-09-29,1.0,3.0,82.0,11606,369,2,2
124345,Hallelujah - Unmei no Sentaku,2020-09-28,1.0,54.0,47.0,444,0,3,2
122632,Saikyou Kamizmode!,2020-09-28,52.0,13.0,49.0,521,3,3,2
154197,Hawk no Onayami Soudanshitsu Special,2020-09-25,1.0,1.0,46.0,413,4,5,2
143917,Wish You Luck,2020-09-25,1.0,2.0,67.0,738,8,2,2
129692,Benghuai 3: Guilai,2020-09-25,1.0,2.0,71.0,942,18,3,2
126909,Kamonegi no Kazoe Uta,2020-09-25,1.0,3.0,51.0,384,3,2,2
120506,Uwaki to Honki THE ANIMATION,2020-09-25,1.0,17.0,63.0,2939,72,4,2
102997,Quanzhi Gaoshou 2,2020-09-25,12.0,27.0,77.0,31747,626,3,2
126166,Wasurenai yo ni,2020-09-24,1.0,1.0,,46,0,2,2
136546,Balala Xiao Moxian: Mofa Hai Ying Bao 2,2020-09-21,26.0,,,142,0,6,2
127508,Oshi to Tsunagare Nakute Yamu Onnanoko no Kyoku,2020-09-20,1.0,2.0,58.0,331,3,2,2
126611,Cotton Candy Ei-Ei-Oh!,2020-09-20,1.0,5.0,66.0,1065,16,2,2
133397,Fall in Sunset,2020-09-19,1.0,5.0,,96,0,2,2
125331,Sirotsumekusa,2020-09-19,1.0,112.0,,198,0,1,2
109125,"Omoi, Omoware, Furi, Furare",2020-09-18,1.0,103.0,71.0,30673,402,1,2
103047,Violet Evergarden Movie,2020-09-18,1.0,140.0,87.0,199426,8426,1,2
128418,The IDOLM@STER Cinderella Girls: Starlight Stage CMs,2020-09-17,10.0,1.0,53.0,475,3,5,2
108356,Dragon’s Dogma,2020-09-17,7.0,26.0,54.0,8353,73,3,2
114249,22/7: 8+3=?,2020-09-16,1.0,24.0,62.0,3910,23,4,2
193907,Azur Lane: 3 Shuunen Kinen Anime PV,2020-09-15,1.0,2.0,,172,1,5,2
122689,Wan Jie Xian Zong 4,2020-09-14,48.0,8.0,66.0,710,15,3,2
125293,Telecaster B-Boy,2020-09-12,1.0,3.0,62.0,498,14,2,2
127465,Adachi to Shimamura Mini Anime,2020-09-11,30.0,1.0,53.0,1128,8,3,2
123948,Sakugasaku,2020-09-11,1.0,4.0,61.0,496,3,2,2
120272,Ling Jian Zun 4,2020-09-11,560.0,11.0,66.0,936,41,3,2
115082,Kouya no Kotobuki Hikoutai: Kanzenban,2020-09-11,1.0,119.0,52.0,1045,6,1,2
112788,Umibe no Étranger,2020-09-11,1.0,59.0,78.0,80536,3569,1,2
111312,Crayon Shin-chan: Gekitotsu! Rakuga Kingdom to Hobo Yonin no Yuusha,2020-09-11,1.0,104.0,68.0,1255,14,1,2
123903,Fudanshi Shoukan: Isekai de Shinjuu ni Hameraremashita Mini Anime,2020-09-10,4.0,2.0,52.0,1020,12,3,2
123198,Xin Yu Gong Yu Shan,2020-09-10,1.0,83.0,,178,3,1,2
108978,Chuan Shu Zijiu Zhinan,2020-09-10,10.0,20.0,76.0,8205,488,3,2
154196,Tsugu Tsugumomo Mini Anime Specials,2020-09-09,8.0,1.0,45.0,347,3,5,2
119978,Gigigoegoe: Sunghyungsoo,2020-09-09,1.0,85.0,57.0,1372,18,1,2
120325,Fushigi Dagashiya: Zenitendou,2020-09-08,148.0,9.0,51.0,994,16,7,2
136044,Kanzen Houki Sengen,2020-09-07,1.0,4.0,59.0,256,4,2,2
121797,Ookami-san wa Taberaretai,2020-09-06,3.0,6.0,56.0,6124,90,3,2
130939,Kesshouban: Eigakan e Iku,2020-09-05,1.0,3.0,51.0,989,1,5,2
127213,Tensei mae no Ryouma to Tabuchi,2020-09-05,20.0,2.0,47.0,272,1,3,2
120404,Jingzhong Baoguo,2020-09-03,1.0,18.0,,62,0,3,2
124960,OTMGirls no YOKIYOKI Channel,2020-09-02,13.0,2.0,54.0,671,3,3,2
123994,Go Just Go!,2020-09-02,1.0,3.0,63.0,681,4,2,2
123612,Sakura Kakumei: Hanasaku Otome-tachi,2020-09-02,1.0,24.0,54.0,936,5,3,2
114195,Ore wo Suki nano wa Omae dake ka yo: Oretachi no Game Set,2020-09-02,1.0,70.0,74.0,43744,739,4,2
138261,because,2020-09-01,1.0,4.0,47.0,132,0,2,2
124963,Aggressive Girl,2020-09-01,1.0,3.0,63.0,701,6,2,2
126940,Wanderer,2020-08-29,1.0,3.0,58.0,319,4,2,2
130473,LIP×LIP FILM×LIVE Mini Anime,2020-08-28,2.0,3.0,47.0,285,0,3,2
123436,Kako ni Torawareteiru,2020-08-28,1.0,4.0,71.0,662,20,2,2
119491,Oujo & Onna Kishi W Dogehin Roshutsu: Chijoku no Misemono Dorei,2020-08-28,2.0,19.0,54.0,2214,70,4,2
119484,Shikiyoku INFINITE,2020-08-28,2.0,21.0,63.0,3880,169,4,2
119254,Kanojo ga Yatsu ni Dakareta hi,2020-08-28,4.0,25.0,57.0,2039,96,4,2
118860,Succubus Stayed Life The Animation,2020-08-28,2.0,26.0,68.0,4418,172,4,2
114943,Battle Spirits: Kakumei no Gallet,2020-08-28,5.0,24.0,55.0,649,7,3,2
188822,Mini Teukgongdae: Super Gongnyong Power Part 2,2020-08-27,26.0,11.0,,29,0,7,2
110857,Aggressive Retsuko Season 3,2020-08-27,10.0,15.0,77.0,28566,456,3,2
154541,Chuukou Ikkan!! Kimetsu Gakuen Monogatari: Kimetsu no Utage Tokubetsu-hen,2020-08-26,3.0,2.0,67.0,4596,62,5,2
150491,Ni Tian Jian Shen,2020-08-26,26.0,12.0,,232,7,3,2
117532,Kabukichou Sherlock OVA,2020-08-26,6.0,5.0,63.0,2470,22,4,2
120419,Renlei Bowuguan,2020-08-25,36.0,1.0,,139,2,3,2
184576,Tell Me Answer,2020-08-23,1.0,3.0,,94,2,2,2
148284,Inside Night Looper,2020-08-23,1.0,3.0,,106,0,2,2
140362,Mister Jewel Box,2020-08-22,1.0,3.0,63.0,325,4,2,2
129350,Douluo Dalu: Xingdou Xianji,2020-08-22,13.0,20.0,80.0,1993,69,3,2
111734,Given Movie,2020-08-22,1.0,60.0,81.0,95169,4704,1,2
155918,Yichang Shengwu Jianwen Lu Special,2020-08-21,1.0,21.0,,105,3,3,2
126165,Eien Hanahadashii,2020-08-21,1.0,4.0,60.0,261,10,2,2
124668,Slimetachi no Idobata Kaigi,2020-08-21,12.0,1.0,51.0,1231,14,3,2
123885,Rebirth: Virtual to no Souguu,2020-08-21,1.0,3.0,53.0,808,10,5,2
123464,"Kanojo, Okarishimasu Collab Mini Animation",2020-08-21,3.0,2.0,53.0,1626,18,3,2
123952,Dazzling White Town,2020-08-19,1.0,10.0,70.0,1459,14,2,2
118637,Tteotda Keunyeo!! another step,2020-08-18,1.0,8.0,56.0,242,5,3,2
122349,Boku no Hero Academia: Ikinokore! Kesshi no Survival Kunren,2020-08-16,2.0,24.0,70.0,55198,592,3,2
122875,Sore wo Ai to Yobu Dake,2020-08-15,1.0,4.0,67.0,1001,24,2,2
121215,Dahua: Shaonian You,2020-08-15,16.0,18.0,,227,4,3,2
115834,Jing: Shuang Cheng - Feng Qi Pian,2020-08-15,4.0,21.0,57.0,371,10,3,2
21719,Fate/stay night [Heaven's Feel] III. spring song,2020-08-15,1.0,122.0,85.0,118450,6210,1,2
156063,Fushigi Dagashiya: Zenitendou - Tsuri Taiyaki,2020-08-14,1.0,9.0,,202,0,1,2
148351,cynthia,2020-08-14,1.0,4.0,,95,1,2,2
140029,Kata no Ato,2020-08-14,1.0,4.0,52.0,399,2,1,2
116224,Oshiri Tantei: Tentou Mushi Iseki no Nazo,2020-08-14,1.0,40.0,,117,1,1,2
111852,Date A Bullet: Dead or Bullet,2020-08-14,1.0,25.0,73.0,33483,615,1,2
110595,Yi Nian Yongheng,2020-08-12,52.0,19.0,77.0,6892,222,3,2
122735,Ham,2020-08-11,1.0,4.0,63.0,737,9,2,2
180742,Fate/Grand Order: Haishin 5 Shuunen Kinen Animation PV,2020-08-10,1.0,2.0,61.0,427,4,5,2
137803,Renzhe Bixu Si: Yue Hu Zhi Zhan,2020-08-10,1.0,5.0,,42,0,3,2
130379,Kimi to Boku no Resonance,2020-08-08,1.0,4.0,,141,1,2,2
121684,Kyoshin to Hyouka no Shiro,2020-08-08,4.0,1.0,53.0,1579,8,3,2
136532,Natsu wo Ikiru,2020-08-07,1.0,4.0,52.0,181,0,2,2
123746,Hukakumei Zenya,2020-08-07,1.0,4.0,57.0,199,10,2,2
113669,Doraemon: Nobita no Shin Kyoryuu,2020-08-07,1.0,110.0,74.0,2469,52,1,2
113023,Shoujo☆Kageki Revue Starlight: Rondo Rondo Rondo,2020-08-07,1.0,119.0,76.0,5801,100,1,2
110699,Mindiao Ju Yi Wen Lu,2020-08-07,12.0,24.0,60.0,2871,49,3,2
124243,Miao Qiansui de Chengnian Li,2020-08-06,7.0,2.0,,120,0,3,2
120126,Lie Yang Tiandao,2020-08-06,1.0,,,159,5,3,2
136866,DERO,2020-08-05,1.0,3.0,51.0,184,3,2,2
120046,Ani ni Tsukeru Kusuri wa Nai! 4,2020-08-05,12.0,4.0,74.0,9334,105,3,2
129227,Renwu Dashi,2020-08-03,6.0,13.0,,113,0,3,2
169772,Matatabi Movie Labo,2020-08-01,13.0,10.0,,49,0,3,2
140881,Neputa no Mondoriko,2020-08-01,1.0,3.0,,65,0,2,2
138401,Carol (Music),2020-08-01,1.0,4.0,56.0,300,4,2,2
131781,Zhiqu Yang Xuetang: Yangyang Qu Maoxian,2020-08-01,26.0,12.0,,51,0,3,2
126172,Never Giving Up!,2020-08-01,1.0,4.0,62.0,1044,3,2,2
124698,Ekaki Uta,2020-08-01,1.0,3.0,59.0,450,8,2,2
131367,Jintai no Survival!,2020-07-31,1.0,46.0,,325,2,1,2
120343,Modao Zushi Q,2020-07-31,30.0,5.0,81.0,7383,281,3,2
120300,Ling Long Part 2,2020-07-31,6.0,30.0,73.0,1295,37,3,2
118166,Isekai Harem Monogatari,2020-07-31,4.0,17.0,71.0,8928,418,4,2
117773,Kohakuiro no Hunter THE ANIMATION,2020-07-31,2.0,30.0,58.0,2716,94,4,2
117761,Natsu ga Owaru made The Animation,2020-07-31,2.0,18.0,59.0,2840,107,4,2
114333,Miao Xiansheng,2020-07-31,1.0,89.0,,448,4,1,2
200643,"Kanojo wa Utau, Dakara Boku wa.",2020-07-30,1.0,6.0,,68,0,3,2
126663,Ahoy!! Warera Houshou Kaizoku-dan☆,2020-07-30,1.0,2.0,75.0,3034,71,2,2
120521,Sansan De Ezuoju Chufang,2020-07-30,10.0,1.0,,66,0,3,2
139283,Showtime,2020-07-29,1.0,4.0,50.0,141,1,2,2
123155,Mirai Harmony,2020-07-29,1.0,2.0,69.0,940,13,2,2
122979,Muteki-kyuu*Believer,2020-07-29,1.0,4.0,73.0,2734,17,2,2
125330,Jouyatou,2020-07-27,1.0,4.0,52.0,284,3,2,2
131969,Last Of Me,2020-07-26,1.0,2.0,63.0,568,8,2,2
107069,Wu Shan Wu Xing: Zhuo Yuan Shen Huo,2020-07-26,3.0,26.0,77.0,22190,443,3,2
122536,Rick and Morty vs. Genocider,2020-07-25,1.0,9.0,60.0,1977,24,5,2
115844,Fanren Xiu Xian Zhuan,2020-07-25,17.0,18.0,73.0,2599,113,3,2
121956,Chen Feng Gui,2020-07-24,1.0,10.0,69.0,890,21,3,2
148279,Anthracite,2020-07-23,1.0,4.0,,95,0,2,2
129548,AOTU Xueyuan 2,2020-07-23,20.0,,,56,0,3,2
121867,Teiketsu Bolt,2020-07-23,1.0,3.0,62.0,516,3,2,2
121592,Kamen Rider Zero-One: EVERYONE'S DAILY LIFE,2020-07-23,5.0,6.0,54.0,347,7,3,2
204399,Aisarenakute mo Kimi ga Iru feat. Hatsune Miku,2020-07-22,1.0,5.0,56.0,144,3,2,2
149074,Asi Yu Xiao Liangdang,2020-07-22,,2.0,,84,1,3,4
130249,Keshiki,2020-07-22,1.0,5.0,60.0,337,8,2,2
120486,Liu Yi Chuanqi,2020-07-22,26.0,13.0,,181,2,3,2
117014,Dawang Bu Gaoxing 2,2020-07-21,12.0,15.0,56.0,744,15,3,2
144827,A lot of life,2020-07-20,1.0,2.0,63.0,599,1,2,2
128859,Tabun,2020-07-20,1.0,4.0,70.0,923,18,2,2
123406,Yuusei,2020-07-19,1.0,3.0,,106,2,2,2
122030,Kakkoyoku Naritai,2020-07-18,1.0,4.0,59.0,499,7,2,2
131731,Xi Yangyang Yu Hui Tailang: Yiguo Da Yingjiu,2020-07-17,60.0,15.0,,75,0,7,2
123901,"Kanojo, Okarishimasu Petit",2020-07-17,11.0,1.0,58.0,7263,52,3,2
119696,Valkyrie no Shokutaku II,2020-07-17,8.0,8.0,70.0,3974,67,3,2
119113,Shingeki no Kyojin: Chronicle,2020-07-17,1.0,120.0,77.0,34583,476,1,2
118656,Muramata-san no Himitsu,2020-07-17,2.0,20.0,63.0,3599,114,4,2
118167,Soukou Seiki Ysphere: Ingyaku no Sennou Kaizou,2020-07-17,2.0,30.0,54.0,1270,31,4,2
139809,Lagtrain,2020-07-16,1.0,4.0,77.0,1553,55,2,2
114116,Shi Zhi Ge - Hua Yu Yan De Kuangxiang Shi,2020-07-16,13.0,20.0,51.0,539,10,3,2
110371,Koi to Producer: EVOL×LOVE,2020-07-16,12.0,24.0,59.0,21452,275,6,2
136950,XPICE,2020-07-15,1.0,5.0,52.0,245,2,3,2
126661,Boku no Hero Academia THE MOVIE: Heroes:Rising - Epilogue Plus: Yume wo Genjitsu ni,2020-07-15,1.0,10.0,74.0,21602,317,5,2
122248,Tadaima! Chibigodzilla,2020-07-15,12.0,1.0,47.0,411,2,3,2
120519,Mei Chuxi De Yinyangshi Yijia 2,2020-07-15,12.0,5.0,,258,0,3,2
110446,Gibiate,2020-07-15,12.0,25.0,32.0,20999,136,6,2
121236,TOKYO-STATION,2020-07-13,1.0,4.0,,141,3,2,2
121234,MILABO,2020-07-13,1.0,4.0,66.0,713,9,2,2
120180,Ninja Collection,2020-07-13,13.0,5.0,32.0,5018,15,7,2
117034,ARP Backstage Pass: Paradise,2020-07-13,1.0,24.0,49.0,529,7,4,2
121177,Wu Dong Qiankun 2,2020-07-12,12.0,25.0,73.0,1565,62,3,2
114308,Sword Art Online: Alicization - War of Underworld Part 2,2020-07-12,11.0,24.0,74.0,195727,5027,6,2
113286,Monster Musume no Oisha-san,2020-07-12,12.0,24.0,62.0,67006,949,6,2
148661,Candy Alien,2020-07-11,1.0,4.0,,115,0,2,2
131014,Ashuai 3,2020-07-11,34.0,3.0,,48,0,3,2
122247,Mabuta,2020-07-11,1.0,3.0,,93,0,2,2
120320,Yuan Long,2020-07-11,16.0,18.0,68.0,1299,50,3,2
120301,Xian Feng Jian Yu Lu,2020-07-11,70.0,8.0,54.0,400,11,3,2
117150,GET UP! GET LIVE! #Geragera,2020-07-11,10.0,2.0,42.0,404,5,7,2
113813,"Kanojo, Okarishimasu",2020-07-11,12.0,24.0,65.0,307171,6873,6,2
111965,Peter Grill to Kenja no Jikan,2020-07-11,12.0,12.0,53.0,60956,789,7,2
120700,Re:Zero kara Hajimeru Kyuukei Jikan (Break Time) 2nd Season,2020-07-10,13.0,3.0,69.0,12634,135,3,2
119923,Qing Chi Hong Xiaodou Ba! 4,2020-07-10,12.0,5.0,,89,0,3,2
115901,You Yao,2020-07-10,12.0,,61.0,1334,26,3,2
115113,Uzaki-chan wa Asobitai!,2020-07-10,12.0,24.0,67.0,149647,2832,6,2
112803,No Guns Life 2,2020-07-10,12.0,24.0,69.0,23713,234,6,2
108489,Yahari Ore no Seishun Love Come wa Machigatteiru. Kan,2020-07-10,12.0,24.0,82.0,222932,9857,6,2
122742,Love,2020-07-09,1.0,1.0,57.0,390,7,2,2
112357,Nihon Chinbotsu: 2020,2020-07-09,10.0,25.0,64.0,53734,595,3,2
149345,Gon De Hanta: Tata Turan Xiangdao,2020-07-08,12.0,3.0,,65,0,3,2
110353,Deca-Dence,2020-07-08,12.0,24.0,71.0,100426,1422,6,2
108632,Re:Zero kara Hajimeru Isekai Seikatsu 2nd Season,2020-07-08,13.0,26.0,83.0,376099,12970,6,2
110028,Muhyo to Rouji no Mahouritsu Soudan Jimusho 2,2020-07-07,12.0,24.0,65.0,7977,63,6,2
108941,Umayon,2020-07-07,12.0,3.0,67.0,10559,98,7,2
120522,Mengyou Dunhuang,2020-07-06,5.0,3.0,,70,0,3,2
116648,Kyojinzoku no Hanayome,2020-07-06,9.0,6.0,49.0,7351,98,3,2
116006,THE GOD OF HIGH SCHOOL,2020-07-06,13.0,24.0,70.0,297490,6678,6,2
112258,Chou Futsuu Toshi Kashiwa Densetsu R,2020-07-06,10.0,5.0,41.0,1753,8,7,2
116182,Tianbao Fuyao Lu,2020-07-05,13.0,18.0,73.0,3038,99,3,2
131008,Chunqiu Feng Shen: Luanshi Chang Ge,2020-07-04,12.0,11.0,,64,3,3,2
123490,Mr.Fixer,2020-07-04,1.0,4.0,69.0,1326,17,2,2
114236,Enen no Shouboutai: Ni no Shou,2020-07-04,24.0,24.0,78.0,299046,6316,6,2
112818,Dokyuu Hentai HxEros,2020-07-04,12.0,24.0,54.0,49196,621,6,2
112301,"Maou Gakuin no Futekigousha: Shijou Saikyou no Maou no Shiso, Tensei shite Shison-tachi no Gakkou e Kayou",2020-07-04,13.0,24.0,72.0,265086,6499,6,2
104937,Lapis Re:LiGHTs,2020-07-04,12.0,24.0,64.0,19559,357,6,2
119812,Murenase! Seton Gakuen EX: Juu Joshi-tachi no Yuzame Chuuihou,2020-07-03,1.0,6.0,62.0,4465,30,5,2
145904,Untitled World,2020-07-01,1.0,1.0,66.0,781,10,2,2
116259,Obake Zukan,2020-07-01,39.0,3.0,44.0,554,1,7,2
130448,Wasureta Furi wo Shite,2020-06-30,1.0,13.0,53.0,552,4,1,2
120607,"Ame wo Matsu,",2020-06-30,1.0,5.0,75.0,3614,77,2,2
139535,Tunshi Yongheng,2020-06-26,30.0,12.0,,149,3,3,2
116946,Kutsujoku 2 The Animation,2020-06-26,2.0,20.0,58.0,2022,42,4,2
154156,Feng Huan Chao,2020-06-25,20.0,7.0,,82,2,3,2
143477,Xian Zun Naiba Dang Zhuixu,2020-06-25,132.0,10.0,,311,4,3,2
120339,Shisouhan,2020-06-24,1.0,4.0,66.0,527,8,2,2
123778,Ninjala Cartoon Anime,2020-06-23,5.0,11.0,48.0,373,1,3,2
139044,Jongtama PV,2020-06-22,5.0,1.0,50.0,385,3,5,2
130248,Yokubari,2020-06-22,1.0,3.0,48.0,138,0,2,2
120326,Fengyu Lang Qiao,2020-06-20,1.0,22.0,,84,1,3,2
119928,Shouxi Yu Ling Shi,2020-06-20,40.0,12.0,54.0,428,11,3,2
117572,Huyao Xiao Hongniang: Jin Chenxi,2020-06-19,10.0,19.0,63.0,905,14,3,2
140160,Suisei ni Nareta Nara,2020-06-18,1.0,4.0,55.0,232,2,2,2
119927,Dubu Xiaoyao,2020-06-18,480.0,12.0,63.0,1087,55,3,2
114963,Nakitai Watashi wa Neko wo Kaburu,2020-06-18,1.0,104.0,73.0,189500,3896,1,2
120055,Fei Ren Zai: Lichun Pian,2020-06-17,12.0,5.0,62.0,436,4,3,2
114622,Dorohedoro: Ma no Omake,2020-06-17,1.0,25.0,71.0,24426,243,4,2
138729,Oshimai no Mirai Yori,2020-06-15,1.0,4.0,50.0,157,1,2,2
120757,ATRI -My Dear Moments- Special Animation PV,2020-06-14,3.0,1.0,60.0,848,25,3,2
162800,"Kanojo, Okarishimasu: Date Movie",2020-06-13,32.0,2.0,54.0,1682,24,3,2
126665,Douse Nakunaru Dake,2020-06-13,1.0,3.0,68.0,936,12,2,2
143491,BAKEYO,2020-06-12,1.0,3.0,44.0,108,1,2,2
136855,Tokimeki,2020-06-12,1.0,3.0,,105,0,2,2
120211,Hulaing Babies Aratame: Staying Babies,2020-06-10,5.0,5.0,44.0,448,1,7,2
149039,Ooya-san to Boku 2,2020-06-08,5.0,5.0,,46,0,7,2
133132,Yoakemade,2020-06-08,1.0,5.0,,99,2,2,2
138161,Erase,2020-06-06,1.0,4.0,59.0,424,8,2,2
137126,Alba,2020-06-05,1.0,4.0,50.0,164,0,2,2
115138,Ane wa Yanmama Junyuu-chuu,2020-06-05,2.0,17.0,74.0,12281,831,4,2
126168,Mottainai Baasan,2020-06-04,4.0,6.0,,118,0,3,2
119964,POKÉTOON,2020-06-04,8.0,10.0,71.0,4870,58,3,2
108522,Baki: Dai Raitaisai-hen,2020-06-04,13.0,24.0,75.0,55690,718,3,2
120079,Haru Hisagi,2020-06-03,1.0,4.0,60.0,411,7,2,2
110349,GREAT PRETENDER,2020-06-02,23.0,23.0,81.0,229578,9459,3,2
120485,Dai Luan - Zhou Enlai Tongnian Dushu de Gushi,2020-06-01,1.0,16.0,,47,1,3,2
153521,Gu Xiong: Huo Qi,2020-05-31,1.0,27.0,,104,0,3,2
138474,Super Secret,2020-05-30,22.0,10.0,62.0,996,12,3,2
115656,Cardfight!! Vanguard Gaiden: if,2020-05-30,25.0,24.0,63.0,1982,18,6,2
152181,Koguma no Yuugo,2020-05-29,,1.0,,57,1,3,4
132348,Maeumuisori Season 2,2020-05-29,20.0,24.0,,49,0,6,2
116251,Shihai no Kyoudan,2020-05-29,4.0,24.0,60.0,2125,60,4,2
116181,Sex Friend Osananajimi: Shojo to Doutei wa Hazukashii tte Minna ga Iu kara - The Animation,2020-05-29,1.0,29.0,64.0,2365,88,4,2
115136,Yarichin Kateikyoushi Netori Houkoku: Dosukebe Kyonyuu Oyakodon,2020-05-29,2.0,17.0,68.0,5151,281,4,2
177513,Arawi Keiichi Tanpen,2020-05-28,1.0,2.0,53.0,448,1,3,2
115800,Quanzhi Fashi 4,2020-05-27,12.0,18.0,71.0,12767,191,3,2
118971,Zetsubou Funsai Shoujo ∞ Amida,2020-05-25,1.0,4.0,60.0,852,8,2,2
129349,Douluo Dalu: Xiaowu Juebie,2020-05-23,13.0,20.0,80.0,2121,70,3,2
119884,Since 1998.,2020-05-23,1.0,4.0,56.0,192,3,2,2
120771,Minegishi-san wa Ootsu-kun ni Tabesasetai Mini Anime,2020-05-22,4.0,2.0,57.0,1230,11,3,2
118857,Inochi no Tabekata,2020-05-22,1.0,4.0,78.0,4787,146,2,2
113947,Hajimete no Hitozuma,2020-05-22,6.0,17.0,66.0,4149,267,4,2
120324,Bai Gui Youeryuan 3,2020-05-21,12.0,5.0,,159,1,3,2
119086,Mamoru: Hikitsugu - Watashitachi no Kurashi,2020-05-20,1.0,4.0,49.0,152,0,1,2
118856,Anemone,2020-05-20,1.0,3.0,54.0,215,2,2,2
119925,Dou Hun Wei Zhi Xuan Yue Qi Yuan 4,2020-05-19,13.0,,,126,5,3,2
119924,Wu Shang Shen Di,2020-05-18,64.0,7.0,66.0,1120,39,3,2
128862,MILGRAM,2020-05-15,11.0,4.0,81.0,6825,298,2,2
121888,Kaze wa Fuiteru ka?,2020-05-15,1.0,2.0,57.0,444,4,2,2
118609,Obenkyou Shitoiteyo,2020-05-14,1.0,5.0,76.0,2440,47,2,2
130156,Halzion,2020-05-11,1.0,3.0,71.0,1299,16,2,2
118448,Final Fantasy Brave Exvius - Gen'ei Sensou Animated PV,2020-05-11,1.0,2.0,,352,7,5,2
121593,Mabushigariya,2020-05-10,1.0,4.0,,131,3,2,2
138956,Mukashi Keiba Nashi 2,2020-05-09,4.0,5.0,,85,0,7,2
138481,Curry to Ieba,2020-05-09,1.0,6.0,47.0,109,0,2,2
136639,"Hana ni Ame wo, Kimi ni Uta wo",2020-05-09,1.0,4.0,,172,6,2,2
119960,Katarina to Manabou,2020-05-09,9.0,1.0,53.0,1868,9,3,2
119929,Yi Shijie Zhongyao Pu,2020-05-08,40.0,10.0,52.0,279,3,3,2
113906,BanG Dream! Garupa☆Pico: Oomori,2020-05-07,26.0,3.0,75.0,5811,78,7,2
109148,Li Shi,2020-05-07,16.0,24.0,53.0,1185,19,3,2
121856,Xi Xing Ji: Zaijian Wu Kong,2020-05-04,1.0,65.0,58.0,370,9,1,2
147957,Flopnik,2020-05-03,1.0,3.0,52.0,156,1,2,2
119938,Xingchen Bian: Yuli Canghai,2020-05-03,12.0,25.0,70.0,1509,48,3,2
139771,Penguin Minna Kyou Dai 2020,2020-04-30,1.0,4.0,,117,0,2,2
122041,Toaru Kagaku no Railgun T: Motto Marutto Railgun,2020-04-30,2.0,10.0,66.0,5004,51,5,2
118131,Kurayukaba Pilot,2020-04-30,1.0,4.0,53.0,570,2,5,2
118125,Jashin-chan Dropkick’: Chitose-hen,2020-04-30,1.0,24.0,70.0,5956,66,5,2
114981,Heya Camp△: Sauna to Gohan to Sanrin Bike,2020-04-29,1.0,11.0,74.0,9392,51,4,2
163259,Watashi to Isshoni Tobu,2020-04-28,1.0,5.0,48.0,209,2,2,2
131413,Chong Qi Chengyin: Lu Shao de Xinjian Chong,2020-04-28,20.0,9.0,,187,5,3,2
127114,Wakusei,2020-04-28,1.0,5.0,54.0,266,3,2,2
148288,Karma,2020-04-27,1.0,4.0,,73,0,2,2
139843,Himitsu,2020-04-26,2.0,5.0,57.0,322,3,2,2
117000,Guan Hai Ce 2nd Season,2020-04-26,16.0,,,101,1,3,2
114136,Bai Yao Pu,2020-04-25,12.0,24.0,69.0,6469,91,3,2
126171,MUG,2020-04-24,1.0,3.0,51.0,229,0,2,2
115671,"Tenioha! 2: Limit Over - Mada Mada Ippai, Ecchi Shiyo? THE ANIMATION",2020-04-24,1.0,26.0,64.0,2136,45,4,2
115405,Haritsuke,2020-04-24,2.0,20.0,51.0,1550,43,4,2
115115,Chiisana Tsubomi no Sono Oku ni...,2020-04-24,4.0,25.0,61.0,3571,117,4,2
115114,Sotsugyou Chikan Densha,2020-04-24,4.0,17.0,47.0,1285,32,4,2
115077,Suketto Sanjou!! THE ANIMATION,2020-04-24,2.0,18.0,65.0,3467,117,4,2
105401,Yi Ren Zhi Xia 3,2020-04-24,8.0,20.0,66.0,11525,163,3,2
104040,Sexfriend Gakuen,2020-04-24,1.0,22.0,49.0,1698,43,4,2
124341,Arad: Gyakuten no Wa,2020-04-23,16.0,24.0,48.0,772,9,3,2
106154,Koukaku Kidoutai: SAC_2045,2020-04-23,12.0,24.0,62.0,13155,165,3,2
115186,Bessatsu Olympia Kyklos,2020-04-20,24.0,5.0,67.0,7141,85,7,2
185528,Sekai wa Mada Hajimatte sura Inai,2020-04-17,1.0,4.0,,120,2,2,2
144822,Happy Music♪,2020-04-17,1.0,2.0,61.0,510,1,2,2
124082,Azur Lane Anime PVs,2020-04-17,,1.0,62.0,1776,40,5,4
116965,Wangu Xian Qiong 4,2020-04-16,12.0,,,256,6,3,2
116320,TV Yarou Nanaana: Kaibutsu Kraken wo Oe!,2020-04-16,24.0,5.0,53.0,483,5,7,2
118168,Youkoso Japari Park 2,2020-04-15,12.0,4.0,48.0,292,2,3,2
133391,INSIDE MY CORE,2020-04-14,1.0,4.0,58.0,193,5,2,2
135722,Mela!,2020-04-13,1.0,4.0,58.0,300,1,2,2
119926,Wan Jie Chun Qiu,2020-04-13,56.0,8.0,54.0,453,9,3,2
108629,Kitsutsuki Tantei Dokoro,2020-04-13,12.0,24.0,57.0,9651,80,6,2
114402,Hakushon Daimaou 2020,2020-04-11,20.0,24.0,51.0,545,4,6,2
114043,Shokugeki no Souma: Gou no Sara,2020-04-11,13.0,24.0,72.0,148655,2281,6,2
113051,ARGONAVIS from BanG Dream!,2020-04-11,13.0,24.0,62.0,5512,95,6,2
112641,Kaguya-sama wa Kokurasetai?: Tensaitachi no Renai Zunousen,2020-04-11,12.0,25.0,85.0,431938,18047,6,2
114891,Zashiki-Warashi no Tatami-chan,2020-04-10,12.0,4.0,46.0,2330,10,3,2
114888,Fugou Keiji: Balance:UNLIMITED,2020-04-10,11.0,23.0,74.0,163117,3843,6,2
114119,Dali Si Rizhi,2020-04-10,12.0,18.0,63.0,2419,36,3,2
112534,Mashin Eiyuuden Wataru: Shichi Kon no Ryuujinmaru,2020-04-10,9.0,20.0,55.0,575,4,3,2
112444,Appare-Ranman!,2020-04-10,13.0,24.0,70.0,44522,549,6,2
114233,Gundam Build Divers Re:RISE 2nd Season,2020-04-09,13.0,25.0,72.0,4475,110,3,2
116964,Yao Shen Ji: Hei Yu Pian,2020-04-08,52.0,5.0,69.0,1934,39,3,2
116791,Neko Neko Nihonshi 5th Season,2020-04-08,32.0,9.0,,215,1,7,2
115892,Komatta Jii-san,2020-04-08,13.0,1.0,58.0,1541,10,7,2
115845,Wuxian Shaonü 48,2020-04-08,12.0,18.0,,360,5,3,2
112296,Strike the Blood IV,2020-04-08,12.0,30.0,67.0,28360,371,4,2
117325,Puso Ni Comi: Okawari,2020-04-07,26.0,4.0,57.0,450,5,3,2
116848,Mala Nüpei,2020-04-07,32.0,10.0,62.0,1944,26,3,2
116787,Origami Ninja Koyan @ KinTele,2020-04-07,,,,123,0,7,4
116408,"Anoyo no Subete wa, Obakegumi!",2020-04-07,34.0,4.0,44.0,486,1,7,2
115651,Majutsushi Orphen Hagure Tabi: Tenjin no Isan,2020-04-07,1.0,24.0,58.0,4086,40,4,2
114105,Wang Gu Shenhua Zhi Tian Xuanzhe,2020-04-07,12.0,21.0,47.0,556,6,3,2
112325,Shadowverse,2020-04-07,48.0,24.0,52.0,7312,209,6,2
111762,Fruits Basket: 2nd Season,2020-04-07,25.0,24.0,85.0,185384,6594,6,2
109019,Houkago Teibou Nisshi,2020-04-07,12.0,24.0,72.0,26128,380,6,2
107871,Princess Connect! Re:Dive,2020-04-07,13.0,24.0,69.0,97006,1595,6,2
116999,Menghuan Shuyuan 3,2020-04-06,14.0,2.0,,67,0,3,2
116248,Garugaku.: Sei Girls Square Gakuin,2020-04-06,50.0,3.0,48.0,1314,8,7,2
115821,Ore no Yubi de Midarero.: Heitengo Futarikiri no Salon de…,2020-04-06,8.0,6.0,56.0,6480,80,3,2
115654,Watanuki-san Chi to,2020-04-06,12.0,23.0,47.0,726,5,6,2
115199,Poccolies,2020-04-06,50.0,1.0,,178,0,7,2
113108,Kingdom 3rd Season,2020-04-06,26.0,25.0,86.0,26628,1067,6,2
110458,Shironeko Project: ZERO CHRONICLE,2020-04-06,12.0,23.0,52.0,30787,417,6,2
107294,Jashin-chan Dropkick’,2020-04-06,11.0,24.0,73.0,18389,279,3,2
118630,Duel Masters King,2020-04-05,47.0,24.0,47.0,556,2,6,2
117496,Yesterday wo Utatte Extras,2020-04-05,6.0,2.0,65.0,10224,73,3,2
116793,Motto! Majime ni Fumajime Kaiketsu Zorori,2020-04-05,25.0,25.0,52.0,589,1,6,2
114811,Digimon Adventure:,2020-04-05,67.0,23.0,63.0,22021,339,6,2
114717,Tomica Kizuna Gattai: Earth Granner,2020-04-05,51.0,25.0,53.0,802,11,6,2
113990,Kiratto Pri☆Chan Season 3,2020-04-05,51.0,24.0,70.0,1559,35,6,2
113693,Honzuki no Gekokujou: Shisho ni Naru Tame ni wa Shudan wo Erandeiraremasen 2nd Season,2020-04-05,12.0,24.0,79.0,74772,1502,6,2
113570,"Shachou, Battle no Jikan desu!",2020-04-05,12.0,24.0,53.0,12754,80,6,2
111323,Gal to Kyouryuu,2020-04-05,12.0,24.0,60.0,14933,145,6,2
111310,Mewkledreamy,2020-04-05,48.0,24.0,68.0,5566,105,6,2
109020,Yesterday wo Utatte,2020-04-05,12.0,23.0,67.0,98667,1528,6,2
108266,Tsugu Tsugumomo,2020-04-05,12.0,24.0,72.0,29904,438,6,2
108241,Gleipnir,2020-04-05,13.0,24.0,66.0,151618,2506,6,2
107911,Wo Kai Dongwuyuan Naxie Nian,2020-04-05,13.0,13.0,59.0,1714,22,3,2
104647,Otome Game no Hametsu Flag shika Nai Akuyaku Reijou ni Tensei shiteshimatta…,2020-04-05,12.0,25.0,73.0,146840,3673,6,2
103110,IDOLiSH7: Second BEAT!,2020-04-05,15.0,24.0,81.0,11514,422,6,2
132696,Oshiri Tantei 4,2020-04-04,13.0,20.0,,147,0,6,2
118136,Tonikaku nani ka o hajimeyou,2020-04-04,1.0,2.0,,133,2,2,2
117096,Asatir: Mirai no Mukashibanashi,2020-04-04,13.0,25.0,49.0,1504,12,3,2
114411,Bungou to Alchemist: Shinpan no Haguruma,2020-04-04,13.0,24.0,60.0,17624,210,6,2
114072,Yu☆Gi☆Oh! SEVENS,2020-04-04,92.0,24.0,57.0,6027,93,6,2
112353,Nami yo Kiitekure,2020-04-04,12.0,24.0,70.0,30501,290,6,2
112302,Major 2nd Season 2,2020-04-04,25.0,24.0,74.0,6805,98,6,2
110547,Arte,2020-04-04,12.0,24.0,69.0,43635,602,6,2
109856,LISTENERS,2020-04-04,12.0,24.0,49.0,23927,245,6,2
126643,Zo Zo Zo Zombie-kun (2020),2020-04-03,102.0,4.0,,235,0,3,2
116786,Beyblade Burst Sparking,2020-04-03,52.0,12.0,66.0,3616,73,3,2
116415,Bakugan Armored Alliance,2020-04-03,52.0,23.0,57.0,1445,14,6,2
113705,Kyonyuu Princess Saimin,2020-04-03,2.0,17.0,65.0,4050,175,4,2
111500,Shin Sakura Taisen the Animation,2020-04-03,12.0,24.0,54.0,7373,50,6,2
148258,Namida Time Capsule,2020-04-02,1.0,5.0,,90,0,2,2
139097,Kite,2020-04-02,1.0,2.0,49.0,317,0,2,2
116384,Sol Levante,2020-04-02,1.0,4.0,45.0,9112,41,3,2
116258,Norimono Man: Mobile Land no Car-kun,2020-04-02,104.0,5.0,49.0,406,2,7,2
115230,Kami no Tou: Tower of God,2020-04-02,13.0,25.0,74.0,333773,8307,6,2
113311,Kakushigoto,2020-04-02,12.0,24.0,78.0,106372,2484,6,2
106319,"Hachi-nan tte, Sore wa Nai deshou!",2020-04-02,12.0,24.0,61.0,82204,1170,6,2
116789,Micchiri Wanko! Animation,2020-04-01,24.0,5.0,,384,4,7,2
114555,Wan Sheng Jie,2020-04-01,12.0,5.0,78.0,13377,671,3,2
110130,Tamayomi,2020-04-01,12.0,24.0,52.0,13279,105,6,2
109150,Shi Huang Zhi Shen,2020-04-01,13.0,18.0,54.0,1693,18,3,2
131459,wasimo 8,2020-03-30,40.0,10.0,,101,0,7,2
118200,Semi wa Magic Cube Season 2,2020-03-30,26.0,13.0,,333,6,7,2
177466,Gyakusou Shoujo,2020-03-29,1.0,4.0,,56,0,2,2
123382,Ninjala Episode 0: Ninja-Gum Tanjou,2020-03-29,1.0,10.0,52.0,365,0,3,2
119344,Ogaki Matsuri ni Ikou yo!,2020-03-29,1.0,9.0,48.0,353,3,3,2
119342,Gakitabi!: Seishun Oshiro-hen,2020-03-29,1.0,8.0,,145,0,3,2
123407,Tenetene,2020-03-28,1.0,2.0,,104,1,2,2
116979,Aikatsu on Parade! (ONA),2020-03-28,6.0,12.0,65.0,1669,13,3,2
116968,GRANBLUE FANTASY The Animation Season 2 Specials,2020-03-28,2.0,24.0,63.0,4376,37,5,2
116966,Xing You Ji: Fengbao Famila 2,2020-03-28,1.0,,,122,1,3,2
206074,Hua Qian Gu: Hua Hun Zhi Lu,2020-03-27,1.0,68.0,,32,1,1,2
114948,Ometeotl≠HERO,2020-03-27,1.0,24.0,,321,5,1,2
114946,Michiru Rescue!,2020-03-27,1.0,24.0,,276,4,1,2
114945,Rebecca,2020-03-27,1.0,24.0,60.0,910,8,1,2
114243,Jitaku Keibiin 2,2020-03-27,8.0,17.0,59.0,2525,71,4,2
114242,Inmou,2020-03-27,2.0,20.0,55.0,2114,74,4,2
113917,PSYCHO-PASS 3: FIRST INSPECTOR,2020-03-27,3.0,45.0,77.0,32619,387,3,2
112686,7SEEDS 2,2020-03-26,12.0,25.0,69.0,20594,198,3,2
117574,A song for You! You? You!!,2020-03-25,1.0,11.0,70.0,1852,16,2,2
112166,Chuubyou Gekihatsu Boy: Otoko ni Umareta Shukumei Dakara,2020-03-25,1.0,24.0,65.0,2655,22,4,2
110445,Tsuujou Kougeki ga Zentai Kougeki de Ni-kai Kougeki no Okaasan wa Suki desu ka? OVA,2020-03-25,1.0,24.0,58.0,17795,240,4,2
121201,Jingju Mao: Jiaotashidi Part 1,2020-03-24,26.0,12.0,,68,1,3,2
115519,Cinderella Girls Gekijou: Extra Stage,2020-03-24,48.0,2.0,58.0,1190,7,3,2
138605,Noudouteki Sanpunkan,2020-03-21,1.0,3.0,,73,1,2,2
110354,BNA,2020-03-21,12.0,23.0,72.0,129341,3253,3,2
125600,Taisei Kensetsu: Myanmar,2020-03-20,1.0,1.0,53.0,502,1,5,2
116246,ARP Backstage Pass: Celebrate Good Time - Short Stories,2020-03-20,1.0,20.0,47.0,404,0,5,2
115794,Kyouryuu Shoujo Gauko Season 2,2020-03-20,19.0,7.0,58.0,485,6,3,2
145560,Arifureta Shokugyou de Sekai Saikyou Prologue,2020-03-19,1.0,7.0,66.0,14239,229,3,2
132034,Catch! Tiniping,2020-03-19,52.0,11.0,55.0,372,6,7,2
115715,Altered Carbon: Resleeved,2020-03-19,1.0,73.0,61.0,3370,33,3,2
139677,Sarashimono,2020-03-18,1.0,4.0,48.0,141,1,2,2
136292,Number Nine,2020-03-18,1.0,3.0,,112,0,2,2
119592,MAN WITH A MISSION THE ANIMATION,2020-03-16,6.0,4.0,47.0,507,0,3,2
115839,Ze Tian Ji 5,2020-03-16,12.0,20.0,64.0,653,11,3,2
132345,Amhaengeosa Byeol☆Ko,2020-03-13,10.0,7.0,,32,0,3,2
118127,Giant Killing,2020-03-13,1.0,3.0,52.0,284,3,2,2
123417,Xiang Shi Chuanshuo,2020-03-12,13.0,7.0,,73,0,3,2
117647,Ushichichi Tabehoudai! The Animation,2020-03-11,1.0,22.0,51.0,1399,38,3,2
113811,Honzuki no Gekokujou: Shisho ni Naru Tame ni wa Shudan wo Erandeiraremasen OVA,2020-03-10,1.0,23.0,74.0,18704,149,4,2
141326,Tululu feat. TAKU INOUE,2020-03-09,1.0,4.0,51.0,150,1,2,2
143391,Chiyuki no Fashion Check,2020-03-08,9.0,1.0,48.0,1120,16,3,2
117168,Wushen Zhuzai,2020-03-08,272.0,7.0,69.0,1826,96,3,2
113220,Shikijou Kyoudan,2020-03-06,2.0,17.0,66.0,3062,138,4,2
110337,"Onii-chan, Asa made Zutto Gyutte Shite!",2020-03-06,4.0,17.0,65.0,3710,125,4,2
177122,Sinbi Apateu: Ghost Ball Double X,2020-03-05,26.0,8.0,,83,0,7,2
116780,Yakou,2020-03-04,1.0,4.0,60.0,504,8,2,2
115217,Haikyuu!! Ningyou Anime,2020-03-04,10.0,2.0,65.0,4973,37,4,2
166048,Junky Night Town Orchestra,2020-03-03,1.0,4.0,,75,0,2,2
117280,Ooya-san to Boku,2020-03-02,5.0,5.0,45.0,267,0,7,2
116210,Daylight,2020-03-01,1.0,2.0,63.0,510,3,2,2
116922,Katarina Nounai Kaigi,2020-02-29,26.0,1.0,53.0,1781,15,3,2
101574,SHIROBAKO Movie,2020-02-29,1.0,120.0,76.0,20379,143,1,2
154119,Marco to Ginga Ryuu,2020-02-28,1.0,24.0,,158,1,4,2
118036,Gon,2020-02-28,1.0,28.0,59.0,498,12,1,2
116409,Hakugin,2020-02-28,1.0,4.0,64.0,1046,5,2,2
114442,Tenchi Muyou! Ryououki Dai 5-ki,2020-02-28,6.0,30.0,60.0,1897,25,4,2
113621,Aisei Tenshi Love Mary: Akusei Jutai THE ANIMATION,2020-02-28,2.0,25.0,54.0,2352,57,4,2
148257,Sensei no Iutoori,2020-02-27,1.0,4.0,,79,0,2,2
114052,Girls und Panzer: Taiyaki War!,2020-02-27,1.0,11.0,72.0,5407,70,4,2
112177,Naka no Hito Genome [Jikkyouchuu]: KNOTS OF MEMORIES,2020-02-27,1.0,25.0,66.0,7018,81,4,2
114196,Urashimasakatasen no Nichijou OVA,2020-02-26,1.0,4.0,48.0,392,2,4,2
122750,hand,2020-02-25,1.0,2.0,53.0,238,3,2,2
118042,KILLING ME/KILLING YOU PV,2020-02-23,1.0,2.0,,272,6,3,2
188053,Spookiz 4,2020-02-22,12.0,3.0,,26,0,3,2
129348,Douluo Dalu: Qian Hua Xi Jin,2020-02-22,13.0,20.0,79.0,2084,65,3,2
115685,Meltys Quest,2020-02-21,2.0,16.0,55.0,1254,25,4,2
114334,Gundam: G no Reconguista II - Bellri Gekishin,2020-02-21,1.0,94.0,66.0,1957,15,1,2
111305,Sekaiichi Hatsukoi: Propose-hen,2020-02-21,1.0,21.0,71.0,6977,124,1,2
108260,Digimon Adventure: LAST EVOLUTION Kizuna,2020-02-21,1.0,94.0,80.0,13639,423,1,2
125355,Kanashimi no Kodomo-tachi,2020-02-15,1.0,3.0,50.0,232,2,2,2
116044,Hikari no Akuma,2020-02-15,1.0,2.0,57.0,504,6,2,2
115511,LEO,2020-02-15,1.0,4.0,69.0,1359,20,2,2
109171,Saezuru Tori wa Habatakanai: The clouds gather,2020-02-15,1.0,85.0,71.0,12854,333,1,2
134047,BLUE: line・step・brush,2020-02-14,1.0,2.0,56.0,1354,7,3,2
108714,ACCA: 13-ku Kansatsu-ka - Regards,2020-02-14,1.0,45.0,70.0,7321,47,4,2
145865,Boku wa Kyou mo,2020-02-07,1.0,5.0,51.0,128,1,2,2
112375,Youma Shoukan e Youkoso!,2020-02-07,2.0,17.0,64.0,3782,127,4,2
188823,Mini Teukgongdae Gongnyong-wang Dino,2020-02-06,1.0,73.0,,30,0,1,2
109586,Mushikago no Cagaster,2020-02-06,12.0,28.0,62.0,13256,146,3,2
112748,Healin' Good♥Precure,2020-02-02,45.0,24.0,66.0,6769,110,6,2
115178,Wan Jie Shenzhu 2,2020-02-01,48.0,9.0,61.0,389,15,3,2
115107,Digimon Adventure: 20th Memorial Story,2020-02-01,5.0,6.0,64.0,2923,30,3,2
108623,Goblin Slayer: GOBLIN'S CROWN,2020-02-01,1.0,60.0,71.0,99436,1314,1,2
113187,Null Peta: Doki♥ Nullnull Petapeta! Mizugi Darake no Onee-chan Taikai!,2020-01-31,1.0,6.0,53.0,2201,13,4,2
112936,Enjo Kouhai,2020-01-31,,17.0,70.0,4885,219,4,4
112908,Tonari no Ie no Anette-san THE ANIMATION,2020-01-31,3.0,26.0,65.0,3047,101,4,2
112374,Chii-chan Kaihatsu Nikki,2020-01-31,2.0,16.0,61.0,2812,95,4,2
112033,Zenonzard: THE ANIMATION,2020-01-31,9.0,15.0,55.0,7287,81,3,2
115036,Kokoro Yohou,2020-01-30,1.0,4.0,75.0,3732,71,2,2
112324,Strike the Blood: Kieta Seisou-hen,2020-01-29,1.0,26.0,66.0,10642,138,4,2
112125,Dungeon ni Deai wo Motomeru no wa Machigatteiru Darou ka II: Mujintou ni Yakusou wo Motomeru no wa Machigatteiru Darou ka,2020-01-29,1.0,26.0,63.0,38383,386,4,2
144848,Mai Mai Mai,2020-01-28,1.0,4.0,58.0,282,3,2,2
130225,Nagisa no Brazilian,2020-01-28,1.0,3.0,57.0,862,17,2,2
114958,Crescent rise,2020-01-27,1.0,6.0,66.0,1375,13,2,2
115905,Ruguo Lishi Shi Yi Qun Miao 4,2020-01-26,13.0,6.0,,61,0,3,2
114949,Niplheim no Karyuudo,2020-01-25,2.0,16.0,45.0,773,8,4,2
177432,Magical Love Potion!,2020-01-24,1.0,2.0,,103,0,2,2
148253,Koushin Suru Kaibutsu,2020-01-24,1.0,3.0,,87,0,2,2
138687,"""RabbiTube"" Creator ni Chousen!",2020-01-24,16.0,10.0,63.0,581,4,3,2
127506,Dream,2020-01-24,1.0,6.0,51.0,312,1,3,2
117913,Tokyo Autumn Session,2020-01-24,1.0,6.0,73.0,6057,90,2,2
114947,Fukai ni Nemuru Oujo no Abaddon THE ANIMATION,2020-01-24,1.0,25.0,50.0,902,11,4,2
114926,Kandagawa JET GIRLS OVA,2020-01-24,1.0,22.0,51.0,3281,42,4,2
113864,Keishicho Tokumu-bu Tokushu Kyoaku-han Taisaku-Shitsu Dai-Nana-ka: Tokunana OVA File 0.5,2020-01-24,1.0,23.0,55.0,1468,6,4,2
114448,Saint Seiya: Knights of the Zodiac Part 2,2020-01-23,6.0,23.0,53.0,1634,19,3,2
101634,BanG Dream! 3rd Season,2020-01-23,13.0,24.0,78.0,16540,563,6,2
137182,Citrus (Music),2020-01-22,1.0,6.0,50.0,212,0,2,2
120510,Gonfu Tu Yu Cai Bao Gou 2,2020-01-22,10.0,,,50,1,3,2
108267,Tsugumomo OVA,2020-01-22,1.0,22.0,67.0,7527,91,4,2
123028,Wo de San Ti: Zhang Beihai Zhuan,2020-01-21,9.0,,,81,4,3,2
114987,Re-raise,2020-01-20,1.0,4.0,66.0,912,13,2,2
130246,Ano Yume wo Nazotte,2020-01-18,1.0,4.0,72.0,1149,20,2,2
114121,Xian Wang De Richang Shenghuo,2020-01-18,15.0,18.0,73.0,140903,3041,3,2
101499,High School Fleet Movie,2020-01-18,1.0,105.0,73.0,6998,125,1,2
139726,Shibing Shunliu: Bing Wang Zhengfeng,2020-01-17,1.0,83.0,,44,0,1,2
127797,27th,2020-01-17,1.0,4.0,50.0,198,0,2,2
122238,Kyokou Uranai,2020-01-17,12.0,1.0,56.0,2841,22,3,2
121392,Xiao Cangshu Didi de  Chibo Richang,2020-01-17,119.0,1.0,,75,0,3,2
119662,QUI,2020-01-17,1.0,4.0,51.0,222,0,2,2
116978,PIANOMAN,2020-01-17,1.0,5.0,56.0,569,2,3,2
114959,Yaojing Zhongzhi Shouce,2020-01-17,14.0,15.0,60.0,7251,111,3,2
114760,Mobile Suit Gakuen: Kaette Kita G-Reco Koushien,2020-01-17,15.0,1.0,,314,0,5,2
114744,Marulk-chan no Nichijou,2020-01-17,4.0,4.0,66.0,11328,71,5,2
100643,Made in Abyss: Fukaki Tamashii no Reimei,2020-01-17,1.0,105.0,85.0,162154,5177,1,2
118077,Pachislot Eureka Seven 3,2020-01-16,3.0,5.0,54.0,655,11,3,2
113932,Hakumei no Tsubasa,2020-01-15,7.0,6.0,74.0,12116,182,3,2
110178,Isekai Quartet 2,2020-01-15,12.0,12.0,72.0,67737,691,7,2
107651,A3! SEASON SPRING ＆ SUMMER,2020-01-14,12.0,24.0,69.0,12289,227,6,2
110615,ARP Backstage Pass,2020-01-13,10.0,24.0,48.0,2520,13,6,2
105228,Dorohedoro,2020-01-13,12.0,24.0,79.0,188994,8357,6,2
116060,Banzai RIZING!!!,2020-01-12,1.0,2.0,54.0,339,1,2,2
114558,Qing Chi Hong Xiaodou Ba! 3,2020-01-12,12.0,6.0,,101,0,3,2
107201,Kyokou Suiri,2020-01-12,12.0,24.0,68.0,161246,2306,6,2
163696,Dongwu Tegong Ju,2020-01-11,1.0,,,50,0,1,2
115835,Wu Sheng Guan Gong,2020-01-11,1.0,91.0,,82,2,1,2
111944,Ongaku,2020-01-11,1.0,70.0,76.0,10015,353,1,2
111501,Runway de Waratte,2020-01-11,12.0,25.0,73.0,40339,577,6,2
110613,Oda Cinnamon Nobunaga,2020-01-11,12.0,24.0,59.0,6668,50,6,2
110495,Microphone Soul Spinners: Kotodama Shoujo,2020-01-11,24.0,9.0,44.0,782,9,3,2
110270,Ishuzoku Reviewers,2020-01-11,12.0,24.0,72.0,108749,2813,6,2
107067,Rikei ga Koi ni Ochita no de Shoumei shitemita.,2020-01-11,12.0,24.0,72.0,121412,1844,3,2
106625,Haikyuu!! TO THE TOP,2020-01-11,13.0,24.0,83.0,292290,7881,6,2
104936,Boku no Tonari ni Ankoku Hakaishin ga Imasu.,2020-01-11,12.0,24.0,62.0,21017,336,6,2
99807,22/7,2020-01-11,12.0,24.0,64.0,19947,282,6,2
131729,Xi Yangyang Yu Hui Tailang: Qiqu Waixing Ke,2020-01-10,60.0,15.0,,74,0,7,2
112480,KING OF PRISM ALL STARS: Prism Show☆Best Ten,2020-01-10,1.0,65.0,57.0,786,7,1,2
111790,Haikyuu!! Riku VS Kuu,2020-01-10,2.0,23.0,79.0,125609,1893,4,2
109964,Uchitama?! Uchi no Tama Shirimasen ka?,2020-01-10,11.0,23.0,66.0,7958,105,6,2
108617,Somali to Mori no Kamisama,2020-01-10,12.0,24.0,76.0,97563,2311,6,2
108463,Jibaku Shounen Hanako-kun,2020-01-10,12.0,24.0,78.0,237419,10997,6,2
107880,Kyochuu Rettou Movie,2020-01-10,1.0,76.0,40.0,10183,84,1,2
104462,Toaru Kagaku no Railgun T,2020-01-10,25.0,24.0,81.0,70674,2019,6,2
104391,Oshi ga Budoukan Ittekuretara Shinu,2020-01-10,12.0,24.0,72.0,19480,396,6,2
128713,Shiny Smily Story,2020-01-09,1.0,3.0,69.0,1027,23,2,2
114113,Jieyao,2020-01-09,13.0,18.0,68.0,5909,112,3,2
113470,SHOW BY ROCK!! Mashumairesh!!,2020-01-09,12.0,24.0,69.0,6965,129,6,2
111951,Housekishou Richard-shi no Nazo Kantei,2020-01-09,12.0,24.0,69.0,21958,322,6,2
108450,Kuutei Dragons,2020-01-09,12.0,22.0,67.0,16471,326,3,2
107420,Infinite Dendrogram,2020-01-09,13.0,24.0,59.0,58414,628,6,2
106863,Nekopara,2020-01-09,12.0,23.0,64.0,58614,989,6,2
101168,Plunderer,2020-01-09,24.0,23.0,63.0,140091,2482,6,2
98515,Hatena☆Illusion,2020-01-09,12.0,24.0,50.0,15322,117,6,2
116923,Eizouken Mini Anime,2020-01-08,12.0,2.0,51.0,1600,5,3,2
115516,Ruru-chan no Jisatsu Haishin,2020-01-08,1.0,4.0,75.0,2620,82,2,2
114557,Fei Ren Zai Part 2,2020-01-08,12.0,5.0,63.0,552,4,3,2
113463,Hulaing Babies☆Petit,2020-01-08,12.0,1.0,43.0,461,1,7,2
108628,number24,2020-01-08,12.0,24.0,64.0,22034,271,6,2
106479,Itai no wa Iya nano de Bougyoryoku ni Kyokufuri Shitai to Omoimasu.,2020-01-08,12.0,24.0,73.0,180613,4725,6,2
119080,Arknights Anime PVs,2020-01-07,,1.0,71.0,2653,64,5,4
114656,LALALACOCO,2020-01-07,13.0,5.0,,130,0,7,2
113851,Breakers,2020-01-07,16.0,9.0,57.0,3912,16,7,2
113397,Natsunagu!,2020-01-07,12.0,4.0,56.0,9622,35,7,2
112293,Murenase! Seton Gakuen,2020-01-07,12.0,24.0,67.0,57943,866,6,2
101367,Majutsushi Orphen Hagure Tabi,2020-01-07,13.0,24.0,55.0,22766,183,6,2
114657,Marumaru Manul,2020-01-06,50.0,1.0,,215,0,7,2
113417,Overflow,2020-01-06,8.0,7.0,68.0,36920,1084,3,2
110350,ID: INVADED,2020-01-06,13.0,25.0,77.0,126080,3161,6,2
109298,Eizouken ni wa Te wo Dasu na!,2020-01-06,12.0,25.0,80.0,115642,4268,6,2
104461,Heya Camp△,2020-01-06,12.0,3.0,72.0,33647,241,7,2
101350,pet,2020-01-06,13.0,24.0,60.0,32113,286,6,2
113469,Rebirth,2020-01-05,48.0,3.0,49.0,1799,7,7,2
110090,Yatogame-chan Kansatsu Nikki Nisatsume,2020-01-05,12.0,4.0,62.0,6189,35,7,2
104051,Magia Record: Mahou Shoujo Madoka☆Magica Gaiden,2020-01-05,13.0,24.0,65.0,56570,637,6,2
114761,A-RA-SHI : Reborn,2020-01-04,1.0,4.0,56.0,834,5,2,2
114424,Koisuru Asteroid: KiraKira Zoukangou,2020-01-04,12.0,1.0,55.0,1128,3,3,2
114417,Hentatsu (TV Short),2020-01-04,12.0,2.0,49.0,2242,8,7,2
105190,Darwin's Game,2020-01-04,11.0,24.0,70.0,173061,3139,6,2
108092,Koisuru Asteroid,2020-01-03,12.0,24.0,67.0,37219,430,6,2
114562,Xue Ying Lingzhu: Qiyu Pian,2020-01-02,4.0,18.0,67.0,682,15,3,2
114841,Kidou Senshi Gundam G40,2020-01-01,1.0,11.0,54.0,1958,6,3,2
114109,Dawang Bu Gaoxing,2020-01-01,12.0,7.0,56.0,1957,32,3,2
114389,Fate/strange Fake TVCM,2019-12-31,1.0,1.0,64.0,6321,53,5,2
112625,Saiki Kusuo no Ψ-nan: Ψ-shidou-hen,2019-12-30,6.0,23.0,81.0,97708,1438,3,2
114561,Zhen Hun Jie 2,2019-12-28,5.0,23.0,66.0,2668,45,3,2
115877,Jintian Kaishi Zuo Mingxing,2019-12-27,13.0,24.0,64.0,1643,32,3,2
113907,Jian Wang 3: Xia Gan Yi Dan Shen Jianxin 2,2019-12-27,12.0,20.0,55.0,364,6,3,2
113472,Youkai Watch Jam: Youkai Gakuen Y - N to no Souguu,2019-12-27,63.0,24.0,61.0,1104,14,6,2
112356,Kiss Hug,2019-12-27,2.0,20.0,64.0,3660,89,4,2
112190,Nozoki Kanojo,2019-12-27,4.0,25.0,55.0,2013,46,4,2
110131,Shinkansen Henkei Robo Shinkalion: Mirai kara Kita Shinsoku no ALFA-X,2019-12-27,1.0,79.0,59.0,907,13,1,2
109638,Haishin Yuusha,2019-12-27,12.0,2.0,,423,4,3,2
104038,Valkyrie Hazard,2019-12-27,1.0,20.0,46.0,851,11,4,2
112472,Kono Yo no Hate de Koi wo Utau Shoujo YU-NO: Mugen no Heiretsu Sekai,2019-12-26,1.0,14.0,62.0,4304,69,4,2
139012,SQUEEZE,2019-12-25,1.0,4.0,,58,0,2,2
124662,Kirameki Inokori Daisensou,2019-12-25,1.0,5.0,65.0,527,9,2,2
111729,Arifureta Shokugyou de Sekai Saikyou Specials,2019-12-25,2.0,9.0,65.0,26060,365,5,2
116138,Ling Jian Zun 3,2019-12-24,40.0,10.0,64.0,857,14,3,2
113863,Gaina Tamager,2019-12-24,,4.0,,198,1,3,4
129050,Poka Poka no Hoshi,2019-12-21,1.0,4.0,56.0,317,8,2,2
116996,Xiagu Zhong An Zu 4th Season,2019-12-20,12.0,12.0,,37,0,3,2
112233,Boku to Joi no Shinsatsu Nisshi The Animation,2019-12-20,1.0,24.0,67.0,3450,124,4,2
112135,Kono Sekai no (Sara ni Ikutsumono) Katasumi ni,2019-12-20,1.0,168.0,80.0,6212,146,1,2
108553,Boku no Hero Academia THE MOVIE: Heroes:Rising,2019-12-20,1.0,104.0,79.0,173843,3457,1,2
104868,Wu Geng Ji 3,2019-12-20,42.0,16.0,67.0,750,22,3,2
206855,Sinbi Apateu: Haneuldokkaebi Dae Yoleumungandeu,2019-12-19,1.0,97.0,,48,1,1,2
128215,from North Field,2019-12-19,2.0,13.0,,166,2,3,2
114765,Saezuru Doubutsu wa Yarushikanai!,2019-12-19,30.0,1.0,57.0,514,10,3,2
154175,Tsugu Tsugumomo Mini Anime,2019-12-16,59.0,1.0,49.0,579,7,3,2
121388,Zhandou Wang: Jufeng Zhan Hun 5 - Heit Fan Wai Pian,2019-12-16,10.0,13.0,,96,2,7,2
114922,Bang!Bang!Bang!,2019-12-16,1.0,3.0,64.0,1055,11,2,2
114434,Mr.AFFECTiON,2019-12-16,1.0,4.0,65.0,848,4,2,2
119922,Qiang Shen Ji: Xuezu Mishi Pian,2019-12-15,12.0,20.0,,160,5,3,2
116620,Ni Zai Xingguang Shenchu,2019-12-15,12.0,19.0,48.0,589,9,3,2
122736,Inori wa Karappo,2019-12-13,1.0,4.0,55.0,289,2,2,2
113273,Youkai Watch: Youkai Gakuen Y - Neko wa HERO ni Nareru ka,2019-12-13,1.0,99.0,54.0,740,8,1,2
101610,Bokura no Nanokakan Sensou,2019-12-13,1.0,88.0,64.0,12269,122,1,2
114915,Aisu,2019-12-11,1.0,4.0,44.0,166,2,2,2
113924,Nande Koko ni Sensei ga!? Special,2019-12-11,1.0,12.0,66.0,26024,360,5,2
139040,Sagashimono (ONA),2019-12-10,1.0,2.0,47.0,173,1,3,2
145283,Vanilla,2019-12-09,1.0,3.0,49.0,126,2,2,2
119529,Shinkai no Niji,2019-12-08,1.0,11.0,,83,0,1,2
129544,Toutiao Dou Shi Ta,2019-12-06,26.0,2.0,,95,0,3,2
110413,Lupin III: THE FIRST,2019-12-06,1.0,93.0,77.0,14463,364,1,2
117408,Code Geass: Fukkatsu no Lelouch Picture Drama,2019-12-05,2.0,9.0,63.0,4176,25,5,2
113348,Senki Zesshou Symphogear XV: Senki Zesshou Shinai Symphogear,2019-12-04,4.0,7.0,70.0,3098,27,5,2
140370,Doggie Corgi 2,2019-12-03,16.0,1.0,,81,1,3,2
113668,"Attakai tte, go Houbi da.",2019-12-03,1.0,1.0,55.0,902,7,3,2
111964,OBSOLETE,2019-12-03,6.0,13.0,55.0,3698,35,3,2
178645,Udon Pan,2019-12-02,1.0,2.0,,34,0,2,2
178644,Ameagari,2019-12-02,1.0,2.0,,38,0,2,2
138953,Mukashi Keiba Nashi,2019-11-30,4.0,5.0,,103,0,7,2
126876,Santa Company: Christmas no Himitsu,2019-11-29,1.0,65.0,47.0,516,1,1,2
112658,Lupin III: Prison of the Past,2019-11-29,1.0,92.0,67.0,2472,13,5,2
111656,"Hitozuma, Mitsu to Niku",2019-11-29,4.0,20.0,58.0,1900,70,4,2
111320,Love x Holic: Miwaku no Otome to Hakudaku Kankei The Animation,2019-11-29,2.0,19.0,68.0,2905,82,4,2
111319,Aibeya THE ANIMATION,2019-11-29,1.0,28.0,68.0,4992,162,4,2
105596,Gundam: G no Reconguista I - Ike! Core Fighter,2019-11-29,1.0,96.0,66.0,2565,23,1,2
108598,Levius,2019-11-28,12.0,25.0,67.0,8049,79,3,2
138103,Dumbbell Nan Kilo Moteru?: Silverman Gym Oni Tore Kouza,2019-11-27,2.0,18.0,62.0,5669,70,5,2
121035,Saga Jihen,2019-11-27,1.0,6.0,68.0,2054,20,2,2
154532,Seijuu Kirin Creative Relay,2019-11-26,4.0,1.0,,60,0,3,2
124965,Eoneu Nal Jameseo Kkaeeoboni Bagelyeoga Doeeo Isseotda,2019-11-25,15.0,14.0,57.0,4775,82,7,2
129347,Douluo Dalu: Haotian Yang Wei,2019-11-23,13.0,20.0,78.0,2201,75,3,2
104979,Iya na Kao sare nagara Opantsu Misete Moraitai 2,2019-11-23,6.0,5.0,55.0,15106,186,3,2
115499,otogi theater,2019-11-22,1.0,2.0,53.0,300,1,2,2
113722,Huyao Xiao Hongniang: Wei Sheng,2019-11-22,10.0,19.0,62.0,961,10,3,2
109639,Kyouryuu Shoujo Gauko,2019-11-22,20.0,9.0,58.0,976,17,3,2
108487,Fragtime,2019-11-22,1.0,60.0,64.0,23833,280,1,2
118202,Mu Wang Zhi Wang: You Du Zhan,2019-11-21,26.0,,,150,6,3,2
119591,Gravity (Vertical Video),2019-11-20,1.0,4.0,51.0,174,0,2,2
131992,Long Xin Shaonü: Zhuiluo,2019-11-18,1.0,2.0,,195,2,3,2
126832,Ling Long Middle Chapter,2019-11-17,1.0,47.0,70.0,1104,29,3,2
112153,Pocket Monsters (2019),2019-11-17,136.0,24.0,73.0,36404,995,6,2
126914,Yoru ni Kakeru,2019-11-16,1.0,5.0,81.0,6869,149,2,2
146859,DUEL MASTERS PLAY'S: Sekai-kan Movie,2019-11-15,1.0,2.0,,144,3,3,2
138412,Kagome,2019-11-15,1.0,4.0,,119,1,2,2
113828,Kyokou Suiri Mini Anime,2019-11-15,38.0,1.0,54.0,2540,21,3,2
113654,Bakutsuri Hunters,2019-11-15,1.0,3.0,,113,1,3,2
113655,Shiohi Girls Vongole Bianco,2019-11-13,48.0,2.0,47.0,422,0,3,2
113221,THE IDOLM@STER CINDERELLA GIRLS: Spin-off!,2019-11-10,1.0,6.0,57.0,1300,7,3,2
123394,Zhong Jia Ji Shen: Shen Jianglin,2019-11-08,1.0,110.0,,156,4,1,2
112308,Soukyuu no Fafner: Dead Aggressor - THE BEYOND Part 2,2019-11-08,3.0,24.0,70.0,1876,14,1,2
111905,Sumikko Gurashi Movie: Tobidasu Ehon to Himitsu no Ko,2019-11-08,1.0,65.0,62.0,932,11,1,2
110336,Lovely ♡,2019-11-08,2.0,15.0,68.0,5109,155,4,2
129546,Jingjing Lai Ledao 2,2019-11-05,6.0,2.0,,32,0,3,2
116328,Runway de Waratte Mini,2019-11-05,42.0,1.0,47.0,840,5,3,2
114604,Nizhuan Ciyuan: AI Jueqi,2019-11-05,12.0,20.0,52.0,313,5,3,2
177434,Captain Tsubasa (2018) Special,2019-11-03,1.0,3.0,51.0,269,2,5,2
112010,Baja no Studio: Baja no Mita Umi,2019-11-03,1.0,28.0,67.0,1476,8,4,2
127105,START,2019-11-02,1.0,5.0,44.0,352,1,5,2
113308,Kinen Satsuei,2019-11-02,1.0,5.0,76.0,3684,75,2,2
110347,Kutsujoku,2019-11-01,2.0,16.0,64.0,3281,100,4,2
109492,Bokutachi wa Benkyou ga Dekinai OVAs,2019-11-01,2.0,25.0,71.0,23947,315,4,2
111048,Kengan Ashura Part 2,2019-10-31,12.0,25.0,76.0,32603,638,3,2
119422,"KOKORO Magic ""A to Z""",2019-10-30,1.0,5.0,67.0,1497,6,2,2
112031,Toaru Kagaku no Accelerator: Tobidase Ippou-san Hachamecha Kaishingeki,2019-10-30,1.0,8.0,63.0,4764,44,5,2
139325,"Dear. Mr ""F""",2019-10-29,1.0,5.0,57.0,303,2,2,2
119949,Mawangui Ttal Ireesha,2019-10-26,1.0,88.0,,110,1,1,2
108581,Hi Score Girl II,2019-10-26,9.0,24.0,78.0,37963,986,6,2
100675,Saenai Heroine no Sodatekata Fine,2019-10-26,1.0,114.0,83.0,58841,2179,1,2
188054,Spookiz: Bimilgwaoe,2019-10-25,1.0,89.0,,31,0,1,2
123115,Zhuzhu Xia: Jingsu Xiao Yingxiong,2019-10-25,104.0,15.0,,68,0,7,2
114317,Thunderbolt Fantasy: Seiyuu Genka,2019-10-25,1.0,90.0,80.0,1750,79,1,2
111290,Kimi dake ni Motetainda.,2019-10-25,1.0,54.0,48.0,3393,20,1,2
110730,Shigokare: Ecchi na Joshi Daisei to Doki x2 Love Lesson!! THE ANIMATION,2019-10-25,1.0,27.0,62.0,2721,75,4,2
108945,One Punch Man 2 OVA,2019-10-25,6.0,12.0,72.0,44202,436,4,2
116222,Ninja Box 2nd Season,2019-10-24,16.0,15.0,,92,0,3,2
114559,Si Hai Jing Qi 2,2019-10-24,24.0,14.0,,181,2,3,2
108307,PSYCHO-PASS 3,2019-10-24,8.0,45.0,73.0,73274,770,6,2
113290,Wu Liuqi: Zui Qiang Faxingshi,2019-10-23,10.0,15.0,81.0,31302,894,3,2
112454,Ano Hi no Kokoro wo Toraete,2019-10-23,1.0,7.0,54.0,1228,2,3,2
101215,Chihayafuru 3,2019-10-23,24.0,23.0,85.0,44987,1765,6,2
108626,HUMAN LOST,2019-10-22,1.0,110.0,54.0,7470,64,1,2
113419,Wan Jie Xian Zong 3,2019-10-21,48.0,7.0,67.0,755,12,3,2
142044,Ye Che,2019-10-20,1.0,19.0,,138,0,1,2
109737,Star☆Twinkle Precure: Hoshi no Uta ni Omoi wo Komete,2019-10-19,1.0,71.0,79.0,2882,97,1,2
129688,Benghuai 3: Bronya,2019-10-18,1.0,3.0,68.0,909,11,3,2
126870,Haze Haseru Hateru Made,2019-10-18,1.0,4.0,62.0,466,9,2,2
124027,"Jikai Yokoku ""No Guns Life""",2019-10-16,23.0,1.0,,228,6,3,2
112793,Ultimate Senpai,2019-10-16,1.0,4.0,59.0,302,7,2,2
107993,SUPER SHIRO,2019-10-14,48.0,6.0,54.0,1460,5,7,2
111400,Tenka Hyakken: Meiji-kan e Youkoso!,2019-10-13,12.0,3.0,45.0,3255,37,7,2
108759,Sword Art Online: Alicization - War of Underworld,2019-10-13,12.0,24.0,75.0,220215,5001,6,2
104679,Rifle Is Beautiful,2019-10-13,12.0,24.0,57.0,13889,81,6,2
109963,Shokugeki no Souma: Shin no Sara,2019-10-12,12.0,24.0,76.0,175677,2775,6,2
107666,Shin Chuuka Ichiban!,2019-10-12,12.0,24.0,60.0,4321,40,6,2
104276,Boku no Hero Academia 4,2019-10-12,25.0,24.0,79.0,529271,12163,6,2
103638,Kabukichou Sherlock,2019-10-12,24.0,24.0,64.0,25532,380,6,2
140391,Princess♂,2019-10-11,1.0,3.0,63.0,398,7,2,2
118858,CULT,2019-10-11,1.0,3.0,52.0,220,1,2,2
112455,Sora no Method: Mou Hitotsu no Negai,2019-10-11,1.0,30.0,68.0,2085,20,3,2
108577,Sora no Aosa wo Shiru Hito yo,2019-10-11,1.0,108.0,73.0,48741,698,1,2
108478,No Guns Life,2019-10-11,12.0,24.0,66.0,60150,730,6,2
104052,Hoshiai no Sora,2019-10-11,12.0,24.0,76.0,79452,2627,6,2
126760,Gudetama Tango,2019-10-10,1.0,2.0,,139,1,2,2
124430,HUMAN LOST (Music),2019-10-10,1.0,3.0,47.0,204,0,2,2
112381,raison d'etre,2019-10-10,1.0,4.0,75.0,4229,78,2,2
110786,Gundam Build Divers Re:RISE,2019-10-10,13.0,25.0,68.0,6309,135,3,2
109616,Mugen no Juunin: IMMORTAL,2019-10-10,24.0,24.0,70.0,26849,491,3,2
107660,BEASTARS,2019-10-10,12.0,23.0,77.0,257209,8230,6,2
104722,Assassins Pride,2019-10-10,12.0,24.0,57.0,110765,1444,6,2
177229,Ponkotsu Quest: Maou to Haken no Mamono-tachi Season 6,2019-10-09,12.0,4.0,,51,0,3,2
108928,Nanatsu no Taizai: Kamigami no Gekirin,2019-10-09,24.0,24.0,63.0,201730,2572,6,2
131763,Konna Koto Soudou,2019-10-08,1.0,5.0,60.0,452,1,2,2
131741,Eily wa Ou-sama!,2019-10-08,10.0,4.0,,213,1,7,2
110810,Kandagawa JET GIRLS,2019-10-08,12.0,24.0,53.0,16258,160,6,2
100246,Z/X: Code reunion,2019-10-08,12.0,24.0,55.0,5013,57,6,2
136854,Kaitai Shita Inu no Blues,2019-10-07,1.0,5.0,48.0,134,0,2,2
124014,No Guns Life Mini,2019-10-07,11.0,1.0,,260,3,3,2
116998,Menghuan Shuyuan 2,2019-10-07,14.0,2.0,,70,0,3,2
111001,XL Joushi.,2019-10-07,8.0,7.0,57.0,7694,98,3,2
110867,Africa no Salaryman (TV),2019-10-07,12.0,24.0,59.0,9431,75,6,2
109562,Fairy Gone 2,2019-10-07,12.0,24.0,60.0,13998,112,6,2
108358,PHANTASY STAR ONLINE 2: EPISODE ORACLE,2019-10-07,25.0,24.0,61.0,7934,108,6,2
104158,Stand My Heroes: PIECE OF TRUTH,2019-10-07,12.0,24.0,50.0,8393,84,6,2
101349,Babylon,2019-10-07,12.0,23.0,64.0,53761,747,6,2
101227,"Watashi, Nouryoku wa Heikinchi de tte Itta yo ne!",2019-10-07,12.0,24.0,66.0,68733,944,6,2
129815,Ousu no Buu-chan,2019-10-06,3.0,8.0,,233,1,5,2
111728,Taeko no Nichijou,2019-10-06,26.0,5.0,,265,0,7,2
110229,Bokutachi wa Benkyou ga Dekinai!,2019-10-06,13.0,24.0,72.0,83273,1268,6,2
108891,Kono Oto Tomare! 2,2019-10-06,13.0,24.0,83.0,53779,1800,6,2
108554,Keishicho Tokumu-bu Tokushu Kyoaku-han Taisaku-Shitsu Dai-Nana-ka: Tokunana,2019-10-06,12.0,24.0,56.0,14000,73,6,2
105246,ACTORS: Songs Connection,2019-10-06,12.0,24.0,57.0,6563,75,6,2
111082,Aikatsu on Parade!,2019-10-05,25.0,24.0,70.0,3344,58,6,2
109321,Val x Love,2019-10-05,12.0,24.0,54.0,30474,410,6,2
107693,Mairimashita! Iruma-kun,2019-10-05,23.0,25.0,77.0,166960,5629,6,2
107346,GRANBLUE FANTASY The Animation Season 2,2019-10-05,12.0,24.0,66.0,19332,203,6,2
103275,Fate/Grand Order: Zettai Majuu Sensen Babylonia,2019-10-05,21.0,24.0,78.0,83464,2336,6,2
101317,BLACKFOX,2019-10-05,1.0,90.0,64.0,31110,309,1,2
112732,Strike Witches: 501 Butai Hasshin Shimasu! Movie,2019-10-04,1.0,32.0,63.0,2686,29,1,2
110789,Null Peta,2019-10-04,12.0,6.0,62.0,10028,86,3,2
110788,Zoids Wild ZERO,2019-10-04,50.0,24.0,66.0,1653,29,6,2
109089,Chuubyou Gekihatsu Boy (TV),2019-10-04,11.0,24.0,63.0,14661,176,6,2
187054,Sylvanian Families: Mini Story Clover,2019-10-03,12.0,3.0,,36,0,7,2
154006,Curry Meshi × Zombie Land Saga,2019-10-03,1.0,1.0,54.0,1260,3,3,2
114234,Egg Car,2019-10-03,52.0,11.0,,154,2,7,2
